id,single_alphabet,di-graph,Dwell_time,Interval_time,Latency_time,Flight_time,Uptoup_time
5e3640413a40c,a,an,69,728,833,797,764
5e3640413a40c,n,no,36,314,454,350,418
5e3640413a40c,o,oa,104,378,522,482,418
5e3640413a40c,a,an,40,331,456,371,416
5e3640413a40c,n,no,85,211,366,296,281
5e3640413a40c,o,ot,70,331,473,401,403
5e3640413a40c,t,tt,72,128,253,200,181
5e3640413a40c,t,tshift,53,1182,1305,1235,1252
5e3640413a40c,shift,shiftmeta1,70,827,1002,897,932
5e3640413a40c,meta1,meta1@,105,631,821,736,716
5e3640413a40c,@,@normal,85,361,553,446,468
5e3640413a40c,normal,normalg,107,1024,1208,1131,1101
5e3640413a40c,g,gm,77,340,477,417,400
5e3640413a40c,m,ma,60,360,477,420,417
5e3640413a40c,a,ai,57,312,459,369,402
5e3640413a40c,i,il,90,559,704,649,614
5e3640413a40c,l,lmeta1,55,1191,1321,1246,1266
5e3640413a40c,meta1,meta1.,75,498,660,573,585
5e3640413a40c,.,.normal,87,212,367,299,280
5e3640413a40c,normal,normalc,68,469,634,537,566
5e3640413a40c,c,co,97,314,501,411,404
5e3640413a40c,o,om,90,226,387,316,297
5e3640413a40c,m,ma,71,34881,35028,34952,34957
5e3640413a40c,a,an,76,392,573,468,497
5e3640413a40c,n,na,105,595,769,700,664
5e3640413a40c,a,an,69,301,441,370,372
5e3640413a40c,n,no,71,177,339,248,268
5e3640413a40c,o,ot,91,309,509,400,418
5e3640413a40c,t,tt,109,154,354,263,245
5e3640413a40c,t,tmeta1,91,270,438,361,347
5e3640413a40c,meta1,meta1@,77,448,615,525,538
5e3640413a40c,@,@normal,90,893,1057,983,967
5e3640413a40c,normal,normalg,74,794,940,868,866
5e3640413a40c,g,gm,72,260,423,332,351
5e3640413a40c,m,mi,91,777,947,868,856
5e3640413a40c,i,il,79,192,369,271,290
5e3640413a40c,l,l.,98,340,519,438,421
5e3640413a40c,.,.c,81,447,594,528,513
5e3640413a40c,c,co,66,299,434,365,368
5e3640413a40c,o,om,69,246,369,315,300
5e3640413a40c,m,ma,54,31063,31207,31117,31153
5e3640413a40c,a,an,90,346,523,436,433
5e3640413a40c,n,no,87,1394,1553,1481,1466
5e3640413a40c,o,oa,72,441,623,513,551
5e3640413a40c,a,ao,110,777,995,887,885
5e3640413a40c,o,ot,108,593,790,701,682
5e3640413a40c,t,tt,89,145,305,234,216
5e3640413a40c,t,tmeta1,71,391,537,462,466
5e3640413a40c,meta1,meta1@,75,547,728,622,653
5e3640413a40c,@,@normal,106,342,536,448,430
5e3640413a40c,normal,normalg,88,713,877,801,789
5e3640413a40c,g,ga,76,756,943,832,867
5e3640413a40c,a,ai,111,671,840,782,729
5e3640413a40c,i,il,58,211,372,269,314
5e3640413a40c,l,l.,103,436,640,539,537
5e3640413a40c,.,.c,101,578,749,679,648
5e3640413a40c,c,co,70,261,406,331,336
5e3640413a40c,o,om,75,226,390,301,315
5e3640413a40c,m,ma,89,39019,39175,39108,39086
5e3640413a40c,a,am,67,382,517,449,450
5e3640413a40c,m,mo,68,233,351,301,283
5e3640413a40c,o,oa,50,325,412,375,362
5e3640413a40c,a,an,37,286,422,323,385
5e3640413a40c,n,no,99,176,386,275,287
5e3640413a40c,o,ot,111,378,577,489,466
5e3640413a40c,t,tt,88,143,272,231,184
5e3640413a40c,t,tmeta1,41,1427,1539,1468,1498
5e3640413a40c,meta1,meta1@,71,512,691,583,620
5e3640413a40c,@,@normal,108,409,605,517,497
5e3640413a40c,normal,normalg,88,631,806,719,718
5e3640413a40c,g,gm,87,312,455,399,368
5e3640413a40c,m,ma,56,326,456,382,400
5e3640413a40c,a,ai,74,345,489,419,415
5e3640413a40c,i,il,70,211,404,281,334
5e3640413a40c,l,l.,123,651,907,774,784
5e3640413a40c,.,.c,133,544,732,677,599
5e3640413a40c,c,co,55,237,422,292,367
5e3640413a40c,o,om,130,195,394,325,264
5e3640413a40c,m,ma,69,34684,34808,34753,34739
5e3640413a40c,a,an,55,344,485,399,430
5e3640413a40c,n,no,86,232,406,318,320
5e3640413a40c,o,oa,88,429,604,517,516
5e3640413a40c,a,an,87,577,754,664,667
5e3640413a40c,n,no,90,210,405,300,315
5e3640413a40c,o,ot,105,1079,1257,1184,1152
5e3640413a40c,t,tt,73,163,288,236,215
5e3640413a40c,t,tmeta1,52,384,519,436,467
5e3640413a40c,meta1,meta1@,83,513,684,596,601
5e3640413a40c,@,@normal,88,397,542,485,454
5e3640413a40c,normal,normalg,57,526,620,583,563
5e3640413a40c,g,gm,37,380,520,417,483
5e3640413a40c,m,ma,103,595,787,698,684
5e3640413a40c,a,ao,89,527,650,616,561
5e3640413a40c,o,ol,34,648,791,682,757
5e3640413a40c,l,lbksp,109,488,705,597,596
5e3640413a40c,bksp,bkspbksp,108,112,310,220,202
5e3640413a40c,bksp,bkspi,90,547,721,637,631
5e3640413a40c,i,il,84,197,368,281,284
5e3640413a40c,l,l.,87,465,673,552,586
5e3640413a40c,.,.c,121,579,769,700,648
5e3640413a40c,c,co,69,276,435,345,366
5e3640413a40c,o,om,90,264,440,354,350
5e3640413a40c,m,ma,86,34830,34991,34916,34905
5e3640413a40c,a,an,75,379,507,454,432
5e3640413a40c,n,no,53,197,370,250,317
5e3640413a40c,o,oa,120,361,573,481,453
5e3640413a40c,a,an,92,340,524,432,432
5e3640413a40c,n,no,92,281,491,373,399
5e3640413a40c,o,ot,118,378,584,496,466
5e3640413a40c,t,tt,88,179,354,267,266
5e3640413a40c,t,tmeta1,87,596,754,683,667
5e3640413a40c,meta1,meta1@,71,479,639,550,568
5e3640413a40c,@,@normal,89,428,589,517,500
5e3640413a40c,normal,normalg,72,496,622,568,550
5e3640413a40c,g,gm,54,375,538,429,484
5e3640413a40c,m,ma,109,377,575,486,466
5e3640413a40c,a,ai,89,329,489,418,400
5e3640413a40c,i,il,71,211,405,282,334
5e3640413a40c,l,l.,123,433,673,556,550
5e3640413a40c,.,.c,117,545,749,662,632
5e3640413a40c,c,co,87,294,487,381,400
5e3640413a40c,o,om,106,344,540,450,434
5e3640413a40c,m,ma,90,27549,27707,27639,27617
5e3640413a40c,a,an,68,417,565,485,497
5e3640413a40c,n,no,80,204,381,284,301
5e3640413a40c,o,oa,97,347,516,444,419
5e3640413a40c,a,an,72,345,508,417,436
5e3640413a40c,n,no,91,202,385,293,294
5e3640413a40c,o,ot,92,398,579,490,487
5e3640413a40c,t,tt,89,161,304,250,215
5e3640413a40c,t,tmeta1,54,346,489,400,435
5e3640413a40c,meta1,meta1@,89,479,658,568,569
5e3640413a40c,@,@normal,90,361,523,451,433
5e3640413a40c,normal,normalg,72,577,707,649,635
5e3640413a40c,g,gm,58,363,534,421,476
5e3640413a40c,m,ma,113,409,618,522,505
5e3640413a40c,a,ai,96,330,494,426,398
5e3640413a40c,i,il,68,245,436,313,368
5e3640413a40c,l,l.,123,395,641,518,518
5e3640413a40c,.,.c,123,777,971,900,848
5e3640413a40c,c,co,71,411,524,482,453
5e3640413a40c,o,om,42,308,425,350,383
5e3640413a40c,m,ma,75,27666,27806,27741,27731
5e3640413a40c,a,an,65,346,503,411,438
5e3640413a40c,n,no,92,163,356,255,264
5e3640413a40c,o,oa,101,346,536,447,435
5e3640413a40c,a,an,89,312,455,401,366
5e3640413a40c,n,no,54,195,337,249,283
5e3640413a40c,o,ot,88,378,556,466,468
5e3640413a40c,t,tt,90,127,288,217,198
5e3640413a40c,t,tmeta1,71,268,455,339,384
5e3640413a40c,meta1,meta1normal,116,809,1014,925,898
5e3640413a40c,normal,normalg,89,448,593,537,504
5e3640413a40c,g,ga,56,1375,1505,1431,1449
5e3640413a40c,a,ai,74,327,474,401,400
5e3640413a40c,i,il,73,227,405,300,332
5e3640413a40c,l,l.,105,394,574,499,469
5e3640413a40c,.,.c,75,413,573,488,498
5e3640413a40c,c,co,85,323,500,408,415
5e3640413a40c,o,om,92,253,443,345,351
5e3640413a40c,m,ma,98,32032,32200,32130,32102
5e3640413a40c,a,an,70,330,485,400,415
5e3640413a40c,n,no,85,163,336,248,251
5e3640413a40c,o,oa,88,324,488,412,400
5e3640413a40c,a,an,76,262,426,338,350
5e3640413a40c,n,no,88,195,354,283,266
5e3640413a40c,o,ot,71,379,540,450,469
5e3640413a40c,t,tt,90,163,338,253,248
5e3640413a40c,t,tmeta1,85,2079,2253,2164,2168
5e3640413a40c,meta1,meta1@,89,546,723,635,634
5e3640413a40c,@,@normal,88,313,473,401,385
5e3640413a40c,normal,normalg,72,815,952,887,880
5e3640413a40c,g,gm,65,274,416,339,351
5e3640413a40c,m,ma,77,361,496,438,419
5e3640413a40c,a,ai,58,343,475,401,417
5e3640413a40c,i,il,74,208,372,282,298
5e3640413a40c,l,l.,90,296,475,386,385
5e3640413a40c,.,.c,89,444,604,533,515
5e3640413a40c,c,co,71,277,422,348,351
5e3640413a40c,o,om,74,245,389,319,315
5e3640413a40c,m,ma,70,37354,37475,37424,37405
5e3640413a40c,a,an,51,379,483,430,432
5e3640413a40c,n,na,53,676,788,729,735
5e3640413a40c,a,an,59,273,426,332,367
5e3640413a40c,n,no,94,218,407,312,313
5e3640413a40c,o,oo,95,2793,2962,2888,2867
5e3640413a40c,o,oa,74,730,862,804,788
5e3640413a40c,a,an,58,356,490,414,432
5e3640413a40c,n,no,76,560,724,636,648
5e3640413a40c,o,ot,88,864,1021,952,933
5e3640413a40c,t,tt,69,161,284,230,215
5e3640413a40c,t,tmeta1,54,347,506,401,452
5e3640413a40c,meta1,meta1@,105,513,691,618,586
5e3640413a40c,@,@normal,73,509,644,582,571
5e3640413a40c,normal,normalg,62,520,671,582,609
5e3640413a40c,g,ga,89,1279,1409,1368,1320
5e3640413a40c,a,ai,41,327,457,368,416
5e3640413a40c,i,il,89,226,403,315,314
5e3640413a40c,l,l.,88,379,560,467,472
5e3640413a40c,.,.c,93,475,638,568,545
5e3640413a40c,c,co,70,280,424,350,354
5e3640413a40c,o,om,74,294,473,368,399
5e3640413a40c,m,ma,105,82522,82703,82627,82598
5e36422296180,a,an,76,297,426,373,350
5e36422296180,n,no,53,194,337,247,284
5e36422296180,o,oa,90,109,309,199,219
5e36422296180,a,an,110,123,343,233,233
5e36422296180,n,no,110,141,396,251,286
5e36422296180,o,ot,145,291,509,436,364
5e36422296180,t,tt,73,124,271,197,198
5e36422296180,t,tmeta1,74,846,1007,920,933
5e36422296180,meta1,meta1@,87,499,670,586,583
5e36422296180,@,@normal,84,144,319,228,235
5e36422296180,normal,normalg,91,761,924,852,833
5e36422296180,g,gm,72,279,456,351,384
5e36422296180,m,mi,105,326,538,431,433
5e36422296180,i,il,107,255,457,362,350
5e36422296180,l,l.,95,796,1012,891,917
5e36422296180,.,.c,121,595,787,716,666
5e36422296180,c,co,71,262,405,333,334
5e36422296180,o,om,72,428,556,500,484
5e36422296180,m,ma,56,27981,28142,28037,28086
5e36422296180,a,an,105,127,324,232,219
5e36422296180,n,no,92,158,342,250,250
5e36422296180,o,on,92,323,492,415,400
5e36422296180,n,no,77,157,325,234,248
5e36422296180,o,ot,91,379,527,470,436
5e36422296180,t,tt,57,140,237,197,180
5e36422296180,t,tmeta1,40,997,1091,1037,1051
5e36422296180,meta1,meta1@,54,395,503,449,449
5e36422296180,@,@normal,54,128,255,182,201
5e36422296180,normal,normalg,73,628,756,701,683
5e36422296180,g,gm,55,346,490,401,435
5e36422296180,m,mi,89,375,538,464,449
5e36422296180,i,il,74,210,357,284,283
5e36422296180,l,l.,73,340,509,413,436
5e36422296180,.,.c,96,453,627,549,531
5e36422296180,c,co,78,245,395,323,317
5e36422296180,o,om,72,209,356,281,284
5e36422296180,m,ma,75,44851,45013,44926,44938
5e36422296180,a,an,87,352,505,439,418
5e36422296180,n,no,66,177,348,243,282
5e36422296180,o,oa,105,345,523,450,418
5e36422296180,a,an,73,328,440,401,367
5e36422296180,n,no,39,355,490,394,451
5e36422296180,o,ot,96,377,546,473,450
5e36422296180,t,tt,73,141,272,214,199
5e36422296180,t,tmeta1,58,294,424,352,366
5e36422296180,meta1,meta1@,72,461,638,533,566
5e36422296180,@,@normal,105,344,521,449,416
5e36422296180,normal,normalg,72,447,590,519,518
5e36422296180,g,gm,71,279,455,350,384
5e36422296180,m,ma,105,329,488,434,383
5e36422296180,a,ai,54,313,438,367,384
5e36422296180,i,il,71,220,387,291,316
5e36422296180,l,l.,96,447,647,543,551
5e36422296180,.,.c,104,578,754,682,650
5e36422296180,c,co,72,293,489,365,417
5e36422296180,o,om,124,244,456,368,332
5e36422296180,m,ma,88,28950,29108,29038,29020
5e36422296180,a,an,70,364,522,434,452
5e36422296180,n,no,88,194,353,282,265
5e36422296180,o,oa,71,379,539,450,468
5e36422296180,a,an,89,277,456,366,367
5e36422296180,n,no,90,208,390,298,300
5e36422296180,o,ot,92,394,558,486,466
5e36422296180,t,tt,72,125,271,197,199
5e36422296180,t,tmeta1,74,396,522,470,448
5e36422296180,meta1,meta1@,52,1014,1172,1066,1120
5e36422296180,@,@normal,106,361,537,467,431
5e36422296180,normal,normalg,70,429,572,499,502
5e36422296180,g,gm,73,312,475,385,402
5e36422296180,m,ma,90,359,521,449,431
5e36422296180,a,ai,72,312,472,384,400
5e36422296180,i,il,88,211,388,299,300
5e36422296180,l,l.,89,427,624,516,535
5e36422296180,.,.c,108,628,824,736,716
5e36422296180,c,co,88,394,554,482,466
5e36422296180,o,om,72,278,424,350,352
5e36422296180,m,ma,74,28364,28510,28438,28436
5e36422296180,a,an,72,312,471,384,399
5e36422296180,n,no,87,177,355,264,268
5e36422296180,o,oa,91,360,509,451,418
5e36422296180,a,an,58,309,473,367,415
5e36422296180,n,no,106,193,424,299,318
5e36422296180,o,ot,125,310,523,435,398
5e36422296180,t,tt,88,160,288,248,200
5e36422296180,t,tmeta1,40,379,474,419,434
5e36422296180,meta1,meta1@,55,661,822,716,767
5e36422296180,@,@normal,106,344,504,450,398
5e36422296180,normal,normalg,54,447,590,501,536
5e36422296180,g,gm,89,344,505,433,416
5e36422296180,m,ma,72,394,570,466,498
5e36422296180,a,ai,104,292,489,396,385
5e36422296180,i,il,93,193,376,286,283
5e36422296180,l,l.,90,645,826,735,736
5e36422296180,.,.c,91,543,706,634,615
5e36422296180,c,co,72,260,422,332,350
5e36422296180,o,om,90,228,406,318,316
5e36422296180,m,ma,88,29434,29592,29522,29504
5e36422296180,a,an,70,297,486,367,416
5e36422296180,n,no,119,178,370,297,251
5e36422296180,o,oa,73,361,506,434,433
5e36422296180,a,am,72,313,474,385,402
5e36422296180,m,mt,89,677,871,766,782
5e36422296180,t,tt,105,125,288,230,183
5e36422296180,t,tmeta1,58,329,474,387,416
5e36422296180,meta1,meta1@,87,479,656,566,569
5e36422296180,@,@normal,90,341,506,431,416
5e36422296180,normal,normalg,75,511,658,586,583
5e36422296180,g,gm,72,311,455,383,383
5e36422296180,m,ma,72,428,572,500,500
5e36422296180,a,ai,72,362,505,434,433
5e36422296180,i,il,71,211,388,282,317
5e36422296180,l,l.,106,373,576,479,470
5e36422296180,.,.c,97,609,745,706,648
5e36422296180,c,co,39,1109,1239,1148,1200
5e36422296180,o,om,91,277,457,368,366
5e36422296180,m,ma,89,27533,27692,27622,27603
5e36422296180,a,an,70,314,487,384,417
5e36422296180,n,no,103,211,388,314,285
5e36422296180,o,oa,74,510,673,584,599
5e36422296180,a,an,89,611,806,700,717
5e36422296180,n,no,106,210,406,316,300
5e36422296180,o,ot,90,462,608,552,518
5e36422296180,t,tt,56,141,254,197,198
5e36422296180,t,tmeta1,57,329,456,386,399
5e36422296180,meta1,meta1@,70,412,556,482,486
5e36422296180,@,@normal,74,305,456,379,382
5e36422296180,normal,normalg,77,430,560,507,483
5e36422296180,g,gm,53,397,591,450,538
5e36422296180,m,ma,141,320,571,461,430
5e36422296180,a,ai,110,276,463,386,353
5e36422296180,i,il,77,274,440,351,363
5e36422296180,l,l.,89,330,507,419,418
5e36422296180,.,.c,88,745,889,833,801
5e36422296180,c,co,56,276,421,332,365
5e36422296180,o,om,89,245,405,334,316
5e36422296180,m,ma,71,27851,28008,27922,27937
5e36422296180,a,an,86,379,570,465,484
5e36422296180,n,no,105,210,405,315,300
5e36422296180,o,oa,90,328,491,418,401
5e36422296180,a,an,73,327,507,400,434
5e36422296180,n,no,107,227,439,334,332
5e36422296180,o,ot,105,362,555,467,450
5e36422296180,t,tt,88,125,272,213,184
5e36422296180,t,tmeta1,59,378,509,437,450
5e36422296180,meta1,meta1@,72,444,623,516,551
5e36422296180,@,@normal,107,394,555,501,448
5e36422296180,normal,normalg,54,445,606,499,552
5e36422296180,g,gm,107,327,505,434,398
5e36422296180,m,ma,71,362,487,433,416
5e36422296180,a,ai,54,330,455,384,401
5e36422296180,i,il,71,279,438,350,367
5e36422296180,l,l.,88,362,572,450,484
5e36422296180,.,.c,122,378,571,500,449
5e36422296180,c,co,71,262,422,333,351
5e36422296180,o,om,89,209,406,298,317
5e36422296180,m,ma,108,27332,27511,27440,27403
5e36422296180,a,an,71,518,670,589,599
5e36422296180,n,no,81,162,349,243,268
5e36422296180,o,oa,106,328,505,434,399
5e36422296180,a,an,71,311,488,382,417
5e36422296180,n,no,106,177,390,283,284
5e36422296180,o,ot,107,312,490,419,383
5e36422296180,t,tt,71,143,254,214,183
5e36422296180,t,tmeta1,40,247,390,287,350
5e36422296180,meta1,meta1@,103,756,953,859,850
5e36422296180,@,@normal,94,496,677,590,583
5e36422296180,normal,normalbksp,87,1230,1405,1317,1318
5e36422296180,bksp,bkspg,88,595,771,683,683
5e36422296180,g,gm,88,413,589,501,501
5e36422296180,m,ma,88,395,571,483,483
5e36422296180,a,ai,88,264,438,352,350
5e36422296180,i,il,86,210,386,296,300
5e36422296180,l,l.,90,326,508,416,418
5e36422296180,.,.c,92,377,574,469,482
5e36422296180,c,co,105,244,477,349,372
5e36422296180,o,om,128,305,507,433,379
5e36422296180,m,ma,74,27865,28027,27939,27953
5e36422296180,a,an,88,361,505,449,417
5e36422296180,n,no,56,226,355,282,299
5e36422296180,o,oa,73,362,523,435,450
5e36422296180,a,an,88,278,489,366,401
5e36422296180,n,no,123,175,423,298,300
5e36422296180,o,ot,125,295,491,420,366
5e36422296180,t,tt,71,126,254,197,183
5e36422296180,t,tmeta1,57,311,458,368,401
5e36422296180,meta1,meta1@,90,377,556,467,466
5e36422296180,@,@normal,89,346,488,435,399
5e36422296180,normal,normalg,53,512,589,565,536
5e36422296180,g,gm,24,370,505,394,481
5e36422296180,m,ma,111,355,544,466,433
5e36422296180,a,ai,78,306,478,384,400
5e36422296180,i,il,94,239,428,333,334
5e36422296180,l,l.,95,456,645,551,550
5e36422296180,.,.c,94,413,578,507,484
5e36422296180,c,co,71,278,439,349,368
5e36422296180,o,om,90,244,408,334,318
5e36422296180,m,mp,74,182222375,182222576,182222449,182222502
5e390b60a5cd0,p,p.,127,927,1090,1054,963
5e390b60a5cd0,.,.s,36,646,768,682,732
5e390b60a5cd0,s,smeta1,86,482,642,568,556
5e390b60a5cd0,meta1,meta13,74,363,578,437,504
5e390b60a5cd0,3,3normal,141,704,936,845,795
5e390b60a5cd0,normal,normalx,91,464,657,555,566
5e390b60a5cd0,x,xy,102,197,368,299,266
5e390b60a5cd0,y,yy,69,122,236,191,167
5e390b60a5cd0,y,ymeta1,45,1895,2014,1940,1969
5e390b60a5cd0,meta1,meta1@,74,663,769,737,695
5e390b60a5cd0,@,@normal,32,250,352,282,320
5e390b60a5cd0,normal,normalg,70,531,657,601,587
5e390b60a5cd0,g,gm,56,463,599,519,543
5e390b60a5cd0,m,ma,80,71,268,151,188
5e390b60a5cd0,a,ai,117,464,617,581,500
5e390b60a5cd0,i,il,36,180,253,216,217
5e390b60a5cd0,l,l.,37,537,651,574,614
5e390b60a5cd0,.,.c,77,164,328,241,251
5e390b60a5cd0,c,co,87,36,185,123,98
5e390b60a5cd0,o,om,62,124,265,186,203
5e390b60a5cd0,m,mp,79,69715,69850,69794,69771
5e390b60a5cd0,p,p.,56,692,839,748,783
5e390b60a5cd0,.,.s,91,264,440,355,349
5e390b60a5cd0,s,smeta1,85,278,434,363,349
5e390b60a5cd0,meta1,meta13,71,429,609,500,538
5e390b60a5cd0,3,3meta2,109,524,697,633,588
5e390b60a5cd0,meta2,meta2normal,64,703,839,767,775
5e390b60a5cd0,normal,normalx,72,433,619,505,547
5e390b60a5cd0,x,xy,114,176,333,290,219
5e390b60a5cd0,y,yy,43,105,192,148,149
5e390b60a5cd0,y,ymeta1,44,945,1061,989,1017
5e390b60a5cd0,meta1,meta1@,72,932,1059,1004,987
5e390b60a5cd0,@,@normal,55,177,317,232,262
5e390b60a5cd0,normal,normalg,85,443,603,528,518
5e390b60a5cd0,g,gm,75,329,493,404,418
5e390b60a5cd0,m,ma,89,86,291,175,202
5e390b60a5cd0,a,ai,116,-13,177,103,61
5e390b60a5cd0,i,il,74,144,277,218,203
5e390b60a5cd0,l,l.,59,481,630,540,571
5e390b60a5cd0,.,.c,90,94,269,184,179
5e390b60a5cd0,c,co,85,37,185,122,100
5e390b60a5cd0,o,om,63,131,266,194,203
5e390b60a5cd0,m,mp,72,36895,37056,36967,36984
5e390b60a5cd0,p,p.,89,949,1119,1038,1030
5e390b60a5cd0,.,.s,81,140,314,221,233
5e390b60a5cd0,s,smeta1,93,285,445,378,352
5e390b60a5cd0,meta1,meta13,67,385,533,452,466
5e390b60a5cd0,3,3normal,81,509,683,590,602
5e390b60a5cd0,normal,normalx,93,395,592,488,499
5e390b60a5cd0,x,xy,104,164,337,268,233
5e390b60a5cd0,y,yy,69,112,235,181,166
5e390b60a5cd0,y,ymeta1,54,1364,1490,1418,1436
5e390b60a5cd0,meta1,meta1@,72,642,773,714,701
5e390b60a5cd0,@,@normal,59,105,241,164,182
5e390b60a5cd0,normal,normalg,77,428,575,505,498
5e390b60a5cd0,g,gm,70,316,444,386,374
5e390b60a5cd0,m,ma,58,156,302,214,244
5e390b60a5cd0,a,ai,88,57,189,145,101
5e390b60a5cd0,i,ip,44,189,295,233,251
5e390b60a5cd0,p,p.,62,259,380,321,318
5e390b60a5cd0,.,.bksp,59,692,807,751,748
5e390b60a5cd0,bksp,bkspbksp,56,399,519,455,463
5e390b60a5cd0,bksp,bkspl,64,249,351,313,287
5e390b60a5cd0,l,l.,38,425,522,463,484
5e390b60a5cd0,.,.c,59,210,373,269,314
5e390b60a5cd0,c,co,104,75,254,179,150
5e390b60a5cd0,o,om,75,108,275,183,200
5e390b60a5cd0,m,mp,92,46590,46793,46682,46701
5e390b60a5cd0,p,p.,111,697,899,808,788
5e390b60a5cd0,.,.meta1,91,727,888,818,797
5e390b60a5cd0,meta1,meta13,70,566,737,636,667
5e390b60a5cd0,3,3meta2,101,295,469,396,368
5e390b60a5cd0,meta2,meta2.,73,390,555,463,482
5e390b60a5cd0,.,.normal,92,381,560,473,468
5e390b60a5cd0,normal,normalbksp,87,694,857,781,770
5e390b60a5cd0,bksp,bkspx,76,1607,1790,1683,1714
5e390b60a5cd0,x,xy,107,142,305,249,198
5e390b60a5cd0,y,yy,56,88,225,144,169
5e390b60a5cd0,y,ymeta1,81,1724,1896,1805,1815
5e390b60a5cd0,meta1,meta1@,91,677,862,768,771
5e390b60a5cd0,@,@normal,94,72,257,166,163
5e390b60a5cd0,normal,normalg,91,381,529,472,438
5e390b60a5cd0,g,gm,57,293,420,350,363
5e390b60a5cd0,m,ma,70,112,270,182,200
5e390b60a5cd0,a,ai,88,217,390,305,302
5e390b60a5cd0,i,il,85,145,266,230,181
5e390b60a5cd0,l,l.,36,446,540,482,504
5e390b60a5cd0,.,.c,58,161,302,219,244
5e390b60a5cd0,c,co,83,347,485,430,402
5e390b60a5cd0,o,om,55,146,272,201,217
5e390b60a5cd0,m,mp,71,44464,44605,44535,44534
5e390b60a5cd0,p,p.,70,261,405,331,335
5e390b60a5cd0,.,.s,74,232,392,306,318
5e390b60a5cd0,s,smeta1,86,247,400,333,314
5e390b60a5cd0,meta1,meta13,67,309,435,376,368
5e390b60a5cd0,3,3normal,59,394,541,453,482
5e390b60a5cd0,normal,normalz,88,316,507,404,419
5e390b60a5cd0,z,zx,103,339,532,442,429
5e390b60a5cd0,x,xbksp,90,652,827,742,737
5e390b60a5cd0,bksp,bkspbksp,85,91,251,176,166
5e390b60a5cd0,bksp,bkspx,75,73,225,148,150
5e390b60a5cd0,x,xy,77,862,979,939,902
5e390b60a5cd0,y,yy,40,109,205,149,165
5e390b60a5cd0,y,ymeta1,56,920,1087,976,1031
5e390b60a5cd0,meta1,meta1@,111,569,762,680,651
5e390b60a5cd0,@,@normal,82,120,298,202,216
5e390b60a5cd0,normal,normalg,96,346,516,442,420
5e390b60a5cd0,g,gm,74,276,406,350,332
5e390b60a5cd0,m,ma,56,95,239,151,183
5e390b60a5cd0,a,ai,88,57,205,145,117
5e390b60a5cd0,i,il,60,194,311,254,251
5e390b60a5cd0,l,l.,57,225,369,282,312
5e390b60a5cd0,.,.c,87,70,271,157,184
5e390b60a5cd0,c,co,114,54,248,168,134
5e390b60a5cd0,o,om,80,140,283,220,203
5e390b60a5cd0,m,mp,63,61999,62118,62062,62055
5e390b60a5cd0,p,p.,56,578,707,634,651
5e390b60a5cd0,.,.s,73,371,554,444,481
5e390b60a5cd0,s,smeta1,110,211,423,321,313
5e390b60a5cd0,meta1,meta13,102,317,473,419,371
5e390b60a5cd0,3,3normal,54,247,418,301,364
5e390b60a5cd0,normal,normalx,117,332,569,449,452
5e390b60a5cd0,x,xy,120,148,318,268,198
5e390b60a5cd0,y,yy,50,61,185,111,135
5e390b60a5cd0,y,ymeta1,74,1459,1655,1533,1581
5e390b60a5cd0,meta1,meta1@,122,447,643,569,521
5e390b60a5cd0,@,@normal,74,91,254,165,180
5e390b60a5cd0,normal,normalg,89,932,1079,1021,990
5e390b60a5cd0,g,gm,58,356,486,414,428
5e390b60a5cd0,m,mi,72,220,353,292,281
5e390b60a5cd0,i,il,61,184,296,245,235
5e390b60a5cd0,l,l.,51,313,450,364,399
5e390b60a5cd0,.,.bksp,86,683,822,769,736
5e390b60a5cd0,bksp,bkspbksp,53,314,436,367,383
5e390b60a5cd0,bksp,bkspbksp,69,1193,1333,1262,1264
5e390b60a5cd0,bksp,bkspa,71,181,322,252,251
5e390b60a5cd0,a,ai,70,397,576,467,506
5e390b60a5cd0,i,il,109,310,456,419,347
5e390b60a5cd0,l,l.,37,512,604,549,567
5e390b60a5cd0,.,.c,55,177,320,232,265
5e390b60a5cd0,c,co,88,53,222,141,134
5e390b60a5cd0,o,om,81,147,265,228,184
5e390b60a5cd0,m,mp,37,30515,30606,30552,30569
5e390b60a5cd0,p,p.,54,245,404,299,350
5e390b60a5cd0,.,.s,105,245,385,350,280
5e390b60a5cd0,s,smeta1,35,247,384,282,349
5e390b60a5cd0,meta1,meta13,102,366,536,468,434
5e390b60a5cd0,3,3normal,68,846,1005,914,937
5e390b60a5cd0,normal,normalx,91,408,624,499,533
5e390b60a5cd0,x,xy,125,107,306,232,181
5e390b60a5cd0,y,yy,74,111,240,185,166
5e390b60a5cd0,y,ymeta1,55,724,857,779,802
5e390b60a5cd0,meta1,meta1@,78,594,748,672,670
5e390b60a5cd0,@,@normal,76,174,337,250,261
5e390b60a5cd0,normal,normalg,87,495,672,582,585
5e390b60a5cd0,g,gm,90,329,492,419,402
5e390b60a5cd0,m,mi,73,345,486,418,413
5e390b60a5cd0,i,il,68,214,351,282,283
5e390b60a5cd0,l,l.,69,280,454,349,385
5e390b60a5cd0,.,.c,105,96,305,201,200
5e390b60a5cd0,c,co,104,74,253,178,149
5e390b60a5cd0,o,om,75,165,311,240,236
5e390b60a5cd0,m,mbksp,71,861,992,932,921
5e390b60a5cd0,bksp,bkspbksp,60,122,257,182,197
5e390b60a5cd0,bksp,bkspbksp,75,91,240,166,165
5e390b60a5cd0,bksp,bkspbksp,74,113,257,187,183
5e390b60a5cd0,bksp,bkspbksp,70,211,386,281,316
5e390b60a5cd0,bksp,bkspbksp,105,328,507,433,402
5e390b60a5cd0,bksp,bkspa,74,195,356,269,282
5e390b60a5cd0,a,ai,87,431,552,518,465
5e390b60a5cd0,i,il,34,193,284,227,250
5e390b60a5cd0,l,l.,57,265,426,322,369
5e390b60a5cd0,.,.c,104,73,306,177,202
5e390b60a5cd0,c,co,129,18,224,147,95
5e390b60a5cd0,o,om,77,182,313,259,236
5e390b60a5cd0,m,mp,54,52199,52323,52253,52269
5e390b60a5cd0,p,p.,70,279,388,349,318
5e390b60a5cd0,.,.meta1,39,732,833,771,794
5e390b60a5cd0,meta1,meta1normal,62,906,1042,968,980
5e390b60a5cd0,normal,normalmeta1,74,304,450,378,376
5e390b60a5cd0,meta1,meta1normal,72,278,439,350,367
5e390b60a5cd0,normal,normals,89,230,386,319,297
5e390b60a5cd0,s,smeta1,67,296,452,363,385
5e390b60a5cd0,meta1,meta13,89,312,489,401,400
5e390b60a5cd0,3,3normal,88,234,436,322,348
5e390b60a5cd0,normal,normalx,114,383,597,497,483
5e390b60a5cd0,x,xy,100,199,368,299,268
5e390b60a5cd0,y,yy,69,112,235,181,166
5e390b60a5cd0,y,ymeta1,54,683,806,737,752
5e390b60a5cd0,meta1,meta1@,69,663,789,732,720
5e390b60a5cd0,@,@normal,57,142,254,199,197
5e390b60a5cd0,normal,normalg,55,546,639,601,584
5e390b60a5cd0,g,gm,38,344,454,382,416
5e390b60a5cd0,m,mi,72,752,905,824,833
5e390b60a5cd0,i,il,81,145,282,226,201
5e390b60a5cd0,l,l.,56,7043,7172,7099,7116
5e390b60a5cd0,.,.c,73,542,705,615,632
5e390b60a5cd0,c,co,90,279,409,369,319
5e390b60a5cd0,o,om,40,789,875,829,835
5e390b60a5cd0,m,mp,46,52650,52778,52696,52732
5e390b60a5cd0,p,p.,82,587,765,669,683
5e390b60a5cd0,.,.s,96,209,417,305,321
5e390b60a5cd0,s,smeta1,112,226,410,338,298
5e390b60a5cd0,meta1,meta13,72,264,455,336,383
5e390b60a5cd0,3,3normal,119,245,468,364,349
5e390b60a5cd0,normal,normalx,104,278,546,382,442
5e390b60a5cd0,x,xy,164,867,1075,1031,911
5e390b60a5cd0,y,yy,44,659,733,703,689
5e390b60a5cd0,y,ymeta1,30,642,809,672,779
5e390b60a5cd0,meta1,meta1@,137,549,769,686,632
5e390b60a5cd0,@,@normal,83,136,331,219,248
5e390b60a5cd0,normal,normalg,112,533,702,645,590
5e390b60a5cd0,g,gm,57,311,422,368,365
5e390b60a5cd0,m,mi,54,379,484,433,430
5e390b60a5cd0,i,il,51,232,322,283,271
5e390b60a5cd0,l,l.,39,378,478,417,439
5e390b60a5cd0,.,.bksp,61,403,553,464,492
5e390b60a5cd0,bksp,bkspbksp,89,279,439,368,350
5e390b60a5cd0,bksp,bkspa,71,444,606,515,535
5e390b60a5cd0,a,ai,91,344,507,435,416
5e390b60a5cd0,i,ibksp,72,580,723,652,651
5e390b60a5cd0,bksp,bkspbksp,71,483,621,554,550
5e390b60a5cd0,bksp,bkspbksp,67,105,232,172,165
5e390b60a5cd0,bksp,bkspa,60,499,646,559,586
5e390b60a5cd0,a,ai,87,108,253,195,166
5e390b60a5cd0,i,il,58,188,306,246,248
5e390b60a5cd0,l,l.,60,412,527,472,467
5e390b60a5cd0,.,.c,55,156,323,211,268
5e390b60a5cd0,c,co,112,41,228,153,116
5e390b60a5cd0,o,om,75,176,307,251,232
5e390b60a5cd0,m,mp,56,43293,43378,43349,43322
5e390b60a5cd0,p,p.,29,1100,1169,1129,1140
5e390b60a5cd0,.,.s,40,174,268,214,228
5e390b60a5cd0,s,smeta1,54,564,691,618,637
5e390b60a5cd0,meta1,meta13,73,309,457,382,384
5e390b60a5cd0,3,3normal,75,239,388,314,313
5e390b60a5cd0,normal,normalx,74,494,659,568,585
5e390b60a5cd0,x,xy,91,146,276,237,185
5e390b60a5cd0,y,yy,39,68,169,107,130
5e390b60a5cd0,y,ymeta1,62,754,913,816,851
5e390b60a5cd0,meta1,meta1@,97,516,649,613,552
5e390b60a5cd0,@,@normal,36,145,250,181,214
5e390b60a5cd0,normal,normalh,69,352,487,421,418
5e390b60a5cd0,h,hbksp,66,263,368,329,302
5e390b60a5cd0,bksp,bkspg,39,72,201,111,162
5e390b60a5cd0,g,gm,90,482,609,572,519
5e390b60a5cd0,m,ma,37,71,278,108,241
5e390b60a5cd0,a,al,170,235,447,405,277
5e390b60a5cd0,l,lbksp,42,425,541,467,499
5e390b60a5cd0,bksp,bkspi,74,357,505,431,431
5e390b60a5cd0,i,ibksp,74,532,643,606,569
5e390b60a5cd0,bksp,bkspi,37,1026,1119,1063,1082
5e390b60a5cd0,i,il,56,163,257,219,201
5e390b60a5cd0,l,l.,38,489,556,527,518
5e390b60a5cd0,.,.c,29,113,243,142,214
5e390b60a5cd0,c,co,101,36,201,137,100
5e390b60a5cd0,o,om,64,141,247,205,183
5e390b60a5cd0,m,mc,42,-534109,-533983,-534067,-534025
5e390b84833af,c,ch,84,244,386,328,302
5e390b84833af,h,ho,58,611,780,669,722
5e390b84833af,o,ot,111,4,201,115,90
5e390b84833af,t,tmeta1,86,429,623,515,537
5e390b84833af,meta1,meta11,108,282,487,390,379
5e390b84833af,1,10,97,103,298,200,201
5e390b84833af,0,01,98,100,315,198,217
5e390b84833af,1,1@,117,1195,1371,1312,1254
5e390b84833af,@,@normal,59,243,406,302,347
5e390b84833af,normal,normalh,104,497,671,601,567
5e390b84833af,h,ho,70,226,370,296,300
5e390b84833af,o,ot,74,180,341,254,267
5e390b84833af,t,tm,87,149,318,236,231
5e390b84833af,m,ma,82,283,488,365,406
5e390b84833af,a,ai,123,178,385,301,262
5e390b84833af,i,il,84,485,667,569,583
5e390b84833af,l,l.,98,328,498,426,400
5e390b84833af,.,.c,72,163,324,235,252
5e390b84833af,c,co,89,191,369,280,280
5e390b84833af,o,om,89,189,358,278,269
5e390b84833af,m,mbksp,80,4927,5380,5007,5300
5e390b84833af,bksp,bksph,373,1235,1672,1608,1299
5e390b84833af,h,ha,64,1977,2152,2041,2088
5e390b84833af,a,al,111,843,1009,954,898
5e390b84833af,l,li,55,377,504,432,449
5e390b84833af,i,it,72,224,406,296,334
5e390b84833af,t,tmeta1,110,3326,3512,3436,3402
5e390b84833af,meta1,meta11,76,327,509,403,433
5e390b84833af,1,10,106,460,654,566,548
5e390b84833af,0,01,88,220,439,308,351
5e390b84833af,1,1c,131,54386,54570,54517,54439
5e390b84833af,c,ch,53,293,418,346,365
5e390b84833af,h,hl,72,792,937,864,865
5e390b84833af,l,li,73,252,420,325,347
5e390b84833af,i,it,95,155,348,250,253
5e390b84833af,t,tmeta1,98,699,884,797,786
5e390b84833af,meta1,meta11,87,325,551,412,464
5e390b84833af,1,10,139,181,422,320,283
5e390b84833af,0,01,102,195,401,297,299
5e390b84833af,1,1@,104,448,623,552,519
5e390b84833af,@,@normal,71,431,606,502,535
5e390b84833af,normal,normalh,104,375,553,479,449
5e390b84833af,h,ho,74,264,426,338,352
5e390b84833af,o,ot,88,243,420,331,332
5e390b84833af,t,tm,89,188,354,277,265
5e390b84833af,m,ma,77,213,414,290,337
5e390b84833af,a,ai,124,327,522,451,398
5e390b84833af,i,il,71,292,440,363,369
5e390b84833af,l,l.,77,260,409,337,332
5e390b84833af,.,.c,72,210,370,282,298
5e390b84833af,c,co,88,112,287,200,199
5e390b84833af,o,om,87,180,336,267,249
5e390b84833af,m,mc,69,37883,38022,37952,37953
5e390b84833af,c,ch,70,246,387,316,317
5e390b84833af,h,ha,71,146,305,217,234
5e390b84833af,a,al,88,444,589,532,501
5e390b84833af,l,li,57,239,389,296,332
5e390b84833af,i,it,93,157,324,250,231
5e390b84833af,t,tmeta1,74,516,676,590,602
5e390b84833af,meta1,meta11,86,323,522,409,436
5e390b84833af,1,10,113,228,411,341,298
5e390b84833af,0,01,70,162,353,232,283
5e390b84833af,1,1@,121,760,954,881,833
5e390b84833af,@,@normal,73,474,642,547,569
5e390b84833af,normal,normalh,95,348,507,443,412
5e390b84833af,h,ho,64,272,416,336,352
5e390b84833af,o,ot,80,209,364,289,284
5e390b84833af,t,tm,75,311,445,386,370
5e390b84833af,m,ma,59,154,323,213,264
5e390b84833af,a,ai,110,158,327,268,217
5e390b84833af,i,i.,59,593,727,652,668
5e390b84833af,.,.c,75,242,392,317,317
5e390b84833af,c,co,75,157,289,232,214
5e390b84833af,o,om,57,160,275,217,218
5e390b84833af,m,mc,58,32246,32394,32304,32336
5e390b84833af,c,ch,90,445,604,535,514
5e390b84833af,h,ha,69,1399,1574,1468,1505
5e390b84833af,a,al,106,511,703,617,597
5e390b84833af,l,li,86,310,467,396,381
5e390b84833af,i,it,71,293,437,364,366
5e390b84833af,t,tmeta1,73,521,691,594,618
5e390b84833af,meta1,meta11,97,332,539,429,442
5e390b84833af,1,10,110,372,570,482,460
5e390b84833af,0,01,88,225,428,313,340
5e390b84833af,1,1@,115,590,790,705,675
5e390b84833af,@,@normal,85,464,636,549,551
5e390b84833af,normal,normalh,87,413,573,500,486
5e390b84833af,h,ho,73,277,419,350,346
5e390b84833af,o,ot,69,550,703,619,634
5e390b84833af,t,tm,84,280,434,364,350
5e390b84833af,m,ma,70,478,641,548,571
5e390b84833af,a,ai,93,190,323,283,230
5e390b84833af,i,il,40,316,422,356,382
5e390b84833af,l,l.,66,260,400,326,334
5e390b84833af,.,.c,74,140,322,214,248
5e390b84833af,c,co,108,118,327,226,219
5e390b84833af,o,om,101,180,334,281,233
5e390b84833af,m,mc,53,31346,31473,31399,31420
5e390b84833af,c,ch,74,122,271,196,197
5e390b84833af,h,hl,75,325,476,400,401
5e390b84833af,l,la,76,1181,1364,1257,1288
5e390b84833af,a,al,107,338,520,445,413
5e390b84833af,l,li,75,244,394,319,319
5e390b84833af,i,it,75,262,394,337,319
5e390b84833af,t,tmeta1,57,443,602,500,545
5e390b84833af,meta1,meta11,102,261,457,363,355
5e390b84833af,1,10,94,148,341,242,247
5e390b84833af,0,01,99,126,348,225,249
5e390b84833af,1,1@,123,463,658,586,535
5e390b84833af,@,@normal,72,225,404,297,332
5e390b84833af,normal,normalh,107,474,672,581,565
5e390b84833af,h,ho,91,208,375,299,284
5e390b84833af,o,ot,76,212,361,288,285
5e390b84833af,t,tm,73,146,287,219,214
5e390b84833af,m,ma,68,224,371,292,303
5e390b84833af,a,ai,79,128,279,207,200
5e390b84833af,i,il,72,541,689,613,617
5e390b84833af,l,l.,76,243,407,319,331
5e390b84833af,.,.c,88,163,353,251,265
5e390b84833af,c,co,102,90,272,192,170
5e390b84833af,o,om,80,195,344,275,264
5e390b84833af,m,mc,69,35430,35558,35499,35489
5e390b84833af,c,ch,59,214,323,273,264
5e390b84833af,h,ha,50,157,317,207,267
5e390b84833af,a,al,110,381,580,491,470
5e390b84833af,l,li,89,225,385,314,296
5e390b84833af,i,it,71,261,391,332,320
5e390b84833af,t,tmeta1,59,509,658,568,599
5e390b84833af,meta1,meta11,90,305,507,395,417
5e390b84833af,1,10,112,161,393,273,281
5e390b84833af,0,01,120,161,388,281,268
5e390b84833af,1,1normal,107,540,760,647,653
5e390b84833af,normal,normalmeta1,113,422,642,535,529
5e390b84833af,meta1,meta1@,107,245,439,352,332
5e390b84833af,@,@normal,87,262,455,349,368
5e390b84833af,normal,normalh,106,561,740,667,634
5e390b84833af,h,ho,73,247,392,320,319
5e390b84833af,o,ot,72,208,352,280,280
5e390b84833af,t,tm,72,480,623,552,551
5e390b84833af,m,ma,71,277,440,348,369
5e390b84833af,a,ai,92,176,339,268,247
5e390b84833af,i,il,71,311,473,382,402
5e390b84833af,l,l.,91,210,372,301,281
5e390b84833af,.,.c,71,215,373,286,302
5e390b84833af,c,co,87,105,268,192,181
5e390b84833af,o,om,76,182,326,258,250
5e390b84833af,m,mc,68,30848,31022,30916,30954
5e390b84833af,c,ch,106,153,339,259,233
5e390b84833af,h,hl,80,624,866,704,786
5e390b84833af,l,la,162,587,859,749,697
5e390b84833af,a,al,110,195,392,305,282
5e390b84833af,l,li,87,450,590,537,503
5e390b84833af,i,it,53,228,335,281,282
5e390b84833af,t,tmeta1,54,410,554,464,500
5e390b84833af,meta1,meta11,90,271,474,361,384
5e390b84833af,1,10,113,144,347,257,234
5e390b84833af,0,01,90,101,321,191,231
5e390b84833af,1,1@,130,529,732,659,602
5e390b84833af,@,@normal,73,195,355,268,282
5e390b84833af,normal,normalh,87,459,607,546,520
5e390b84833af,h,ho,61,240,375,301,314
5e390b84833af,o,ot,74,245,390,319,316
5e390b84833af,t,tm,71,155,305,226,234
5e390b84833af,m,ma,79,248,433,327,354
5e390b84833af,a,ai,106,253,435,359,329
5e390b84833af,i,il,76,260,428,336,352
5e390b84833af,l,lc,92,553,723,645,631
5e390b84833af,c,co,78,105,281,183,203
5e390b84833af,o,o.,98,1544,1714,1642,1616
5e390b84833af,.,.c,72,488,654,560,582
5e390b84833af,c,co,94,158,327,252,233
5e390b84833af,o,om,75,211,357,286,282
5e390b84833af,m,mc,71,36361,36560,36432,36489
5e390b84833af,c,ch,128,546,761,674,633
5e390b84833af,h,ha,87,1758,1940,1845,1853
5e390b84833af,a,al,95,492,673,587,578
5e390b84833af,l,li,86,246,403,332,317
5e390b84833af,i,it,71,165,287,236,216
5e390b84833af,t,tmeta1,51,513,652,564,601
5e390b84833af,meta1,meta11,88,290,489,378,401
5e390b84833af,1,10,111,200,409,311,298
5e390b84833af,0,01,98,138,334,236,236
5e390b84833af,1,1@,98,576,766,674,668
5e390b84833af,@,@normal,92,309,474,401,382
5e390b84833af,normal,normalh,73,476,621,549,548
5e390b84833af,h,ho,72,141,306,213,234
5e390b84833af,o,ot,93,144,309,237,216
5e390b84833af,t,tm,72,165,307,237,235
5e390b84833af,m,ma,70,212,371,282,301
5e390b84833af,a,ai,89,175,319,264,230
5e390b84833af,i,il,55,306,439,361,384
5e390b84833af,l,l.,78,214,381,292,303
5e390b84833af,.,.c,89,175,337,264,248
5e390b84833af,c,co,73,162,275,235,202
5e390b84833af,o,om,40,275,390,315,350
5e390b84833af,m,mc,75,37698,37827,37773,37752
5e390b84833af,c,ch,54,176,302,230,248
5e390b84833af,h,ha,72,128,288,200,216
5e390b84833af,a,al,88,88,238,176,150
5e390b84833af,l,li,62,499,614,561,552
5e390b84833af,i,it,53,193,317,246,264
5e390b84833af,t,tmeta1,71,356,541,427,470
5e390b84833af,meta1,meta11,114,295,498,409,384
5e390b84833af,1,10,89,119,319,208,230
5e390b84833af,0,01,111,90,297,201,186
5e390b84833af,1,1@,96,526,713,622,617
5e390b84833af,@,@normal,91,139,355,230,264
5e390b84833af,normal,normalh,125,276,475,401,350
5e390b84833af,h,ho,74,221,391,295,317
5e390b84833af,o,ot,96,140,347,236,251
5e390b84833af,t,tm,111,106,309,217,198
5e390b84833af,m,ma,92,183,380,275,288
5e390b84833af,a,ai,105,50,234,155,129
5e390b84833af,i,il,79,199,346,278,267
5e390b84833af,l,l.,68,195,334,263,266
5e390b84833af,.,.c,71,141,323,212,252
5e390b84833af,c,co,111,37,243,148,132
5e390b84833af,o,om,95,142,295,237,200
5e390b84833af,m,mc,58,31983,32112,32041,32054
5e390b84833af,c,ch,71,178,319,249,248
5e390b84833af,h,ha,70,148,302,218,232
5e390b84833af,a,al,84,149,320,233,236
5e390b84833af,l,li,87,162,353,249,266
5e390b84833af,i,it,104,114,270,218,166
5e390b84833af,t,tmeta1,52,615,738,667,686
5e390b84833af,meta1,meta11,71,313,440,384,369
5e390b84833af,1,10,56,211,351,267,295
5e390b84833af,0,01,84,134,317,218,233
5e390b84833af,1,1normal,99,321,534,420,435
5e390b84833af,normal,normalmeta1,114,574,816,688,702
5e390b84833af,meta1,meta1@,128,559,815,687,687
5e390b84833af,@,@normal,128,291,491,419,363
5e390b84833af,normal,normalh,72,427,589,499,517
5e390b84833af,h,ho,90,243,404,333,314
5e390b84833af,o,ot,71,150,319,221,248
5e390b84833af,t,tm,98,288,466,386,368
5e390b84833af,m,ma,80,157,371,237,291
5e390b84833af,a,ai,134,121,331,255,197
5e390b84833af,i,i.,76,493,639,569,563
5e390b84833af,.,.c,70,180,303,250,233
5e390b84833af,c,co,53,87,220,140,167
5e390b84833af,o,om,80,161,314,241,234
5e390b84833af,m,mm,73,-409741,-409599,-409668,-409672
5e390b90d6e7f,m,me,69,149,284,218,215
5e390b90d6e7f,e,em,66,40,182,106,116
5e390b90d6e7f,m,my,76,182,343,258,267
5e390b90d6e7f,y,ym,85,40,186,125,101
5e390b90d6e7f,m,me,61,549,711,610,650
5e390b90d6e7f,e,ei,101,59,218,160,117
5e390b90d6e7f,i,ij,58,133,242,191,184
5e390b90d6e7f,j,ji,51,71,200,122,149
5e390b90d6e7f,i,ishift,78,1500,1648,1578,1570
5e390b90d6e7f,shift,shiftshift,70,743,902,813,832
5e390b90d6e7f,shift,shiftmeta1,89,381,554,470,465
5e390b90d6e7f,meta1,meta1meta2,84,665,816,749,732
5e390b90d6e7f,meta2,meta2_,67,334,457,401,390
5e390b90d6e7f,_,_normal,56,725,831,781,775
5e390b90d6e7f,normal,normalr,50,567,705,617,655
5e390b90d6e7f,r,re,88,112,255,200,167
5e390b90d6e7f,e,ed,55,246,371,301,316
5e390b90d6e7f,d,dd,70,74,202,144,132
5e390b90d6e7f,d,dshift,58,797,911,855,853
5e390b90d6e7f,shift,shiftmeta1,56,344,460,400,404
5e390b90d6e7f,meta1,meta1@,60,908,1023,968,963
5e390b90d6e7f,@,@normal,55,160,284,215,229
5e390b90d6e7f,normal,normalh,69,448,605,517,536
5e390b90d6e7f,h,ho,88,177,319,265,231
5e390b90d6e7f,o,ot,54,232,356,286,302
5e390b90d6e7f,t,tm,70,698,822,768,752
5e390b90d6e7f,m,ma,54,346,503,400,449
5e390b90d6e7f,a,ai,103,210,384,313,281
5e390b90d6e7f,i,il,71,166,268,237,197
5e390b90d6e7f,l,lmeta1,31,750,884,781,853
5e390b90d6e7f,meta1,meta1.,103,880,1057,983,954
5e390b90d6e7f,.,.normal,74,279,439,353,365
5e390b90d6e7f,normal,normalc,86,429,619,515,533
5e390b90d6e7f,c,co,104,95,284,199,180
5e390b90d6e7f,o,om,85,179,305,264,220
5e390b90d6e7f,m,mm,41,65513,65613,65554,65572
5e390b90d6e7f,m,mm,59,317,423,376,364
5e390b90d6e7f,m,mm,47,4661,4765,4708,4718
5e390b90d6e7f,m,my,57,248,371,305,314
5e390b90d6e7f,y,ym,66,164,283,230,217
5e390b90d6e7f,m,me,53,5997,6107,6050,6054
5e390b90d6e7f,e,ei,57,1044,1156,1101,1099
5e390b90d6e7f,i,ij,55,144,253,199,198
5e390b90d6e7f,j,ji,54,87,204,141,150
5e390b90d6e7f,i,imeta1,63,1160,1329,1223,1266
5e390b90d6e7f,meta1,meta1meta2,106,480,643,586,537
5e390b90d6e7f,meta2,meta2_,57,375,491,432,434
5e390b90d6e7f,_,_normal,59,327,474,386,415
5e390b90d6e7f,normal,normalr,88,501,658,589,570
5e390b90d6e7f,r,re,69,94,245,163,176
5e390b90d6e7f,e,ed,82,120,266,202,184
5e390b90d6e7f,d,dd,64,71,180,135,116
5e390b90d6e7f,d,dmeta1,45,247,398,292,353
5e390b90d6e7f,meta1,meta1@,106,352,489,458,383
5e390b90d6e7f,@,@normal,31,662,781,693,750
5e390b90d6e7f,normal,normalh,88,312,475,400,387
5e390b90d6e7f,h,ht,75,407,555,482,480
5e390b90d6e7f,t,tm,73,513,643,586,570
5e390b90d6e7f,m,ma,57,143,286,200,229
5e390b90d6e7f,a,ai,86,71,219,157,133
5e390b90d6e7f,i,il,62,182,283,244,221
5e390b90d6e7f,l,l.,39,724,823,763,784
5e390b90d6e7f,.,.c,60,324,458,384,398
5e390b90d6e7f,c,co,74,88,227,162,153
5e390b90d6e7f,o,om,65,43342,43468,43407,43403
5e390b90d6e7f,m,me,61,113,255,174,194
5e390b90d6e7f,e,em,81,54,181,135,100
5e390b90d6e7f,m,my,46,3494,3599,3540,3553
5e390b90d6e7f,y,ym,59,561,690,620,631
5e390b90d6e7f,m,me,70,196,322,266,252
5e390b90d6e7f,e,ei,56,163,271,219,215
5e390b90d6e7f,i,ij,52,129,219,181,167
5e390b90d6e7f,j,ji,38,89,188,127,150
5e390b90d6e7f,i,imeta1,61,1280,1399,1341,1338
5e390b90d6e7f,meta1,meta1meta2,58,556,673,614,615
5e390b90d6e7f,meta2,meta2_,59,137,271,196,212
5e390b90d6e7f,_,_normal,75,228,392,303,317
5e390b90d6e7f,normal,normalr,89,330,475,419,386
5e390b90d6e7f,r,re,56,107,220,163,164
5e390b90d6e7f,e,ed,57,149,242,206,185
5e390b90d6e7f,d,dd,36,69,151,105,115
5e390b90d6e7f,d,dmeta1,46,267,371,313,325
5e390b90d6e7f,meta1,meta1normal,58,1023,1157,1081,1099
5e390b90d6e7f,normal,normalh,76,389,538,465,462
5e390b90d6e7f,h,ho,73,137,304,210,231
5e390b90d6e7f,o,ot,94,164,327,258,233
5e390b90d6e7f,t,tm,69,612,722,681,653
5e390b90d6e7f,m,ma,41,146,290,187,249
5e390b90d6e7f,a,ai,103,56,234,159,131
5e390b90d6e7f,i,il,75,133,259,208,184
5e390b90d6e7f,l,l.,51,548,655,599,604
5e390b90d6e7f,.,.c,56,228,337,284,281
5e390b90d6e7f,c,co,53,36,186,89,133
5e390b90d6e7f,o,om,97,180,330,277,233
5e390b90d6e7f,m,mbksp,53,1044,1172,1097,1119
5e390b90d6e7f,bksp,bkspo,75,461,639,536,564
5e390b90d6e7f,o,om,103,180,353,283,250
5e390b90d6e7f,m,mm,70,33770,33922,33840,33852
5e390b90d6e7f,m,me,82,120,285,202,203
5e390b90d6e7f,e,em,83,3,178,86,95
5e390b90d6e7f,m,my,92,271,444,363,352
5e390b90d6e7f,y,ym,81,54,182,135,101
5e390b90d6e7f,m,mbksp,47,2177,2300,2224,2253
5e390b90d6e7f,bksp,bkspm,76,514,687,590,611
5e390b90d6e7f,m,my,97,206,401,303,304
5e390b90d6e7f,y,ym,98,38,195,136,97
5e390b90d6e7f,m,me,59,566,712,625,653
5e390b90d6e7f,e,ei,87,55,219,142,132
5e390b90d6e7f,i,ij,77,127,259,204,182
5e390b90d6e7f,j,ji,55,113,224,168,169
5e390b90d6e7f,i,imeta1,56,1277,1405,1333,1349
5e390b90d6e7f,meta1,meta1meta2,72,545,689,617,617
5e390b90d6e7f,meta2,meta2_,72,228,357,300,285
5e390b90d6e7f,_,_normal,57,262,407,319,350
5e390b90d6e7f,normal,normalr,88,445,604,533,516
5e390b90d6e7f,r,re,71,119,270,190,199
5e390b90d6e7f,e,ed,80,762,913,842,833
5e390b90d6e7f,d,dd,71,79,204,150,133
5e390b90d6e7f,d,dmeta1,54,395,589,449,535
5e390b90d6e7f,meta1,meta1@,140,296,523,436,383
5e390b90d6e7f,@,@normal,87,214,340,301,253
5e390b90d6e7f,normal,normalh,39,342,453,381,414
5e390b90d6e7f,h,ho,72,180,319,252,247
5e390b90d6e7f,o,ot,67,109,301,176,234
5e390b90d6e7f,t,tm,125,148,342,273,217
5e390b90d6e7f,m,ma,69,131,270,200,201
5e390b90d6e7f,a,ai,70,447,589,517,519
5e390b90d6e7f,i,il,72,124,268,196,196
5e390b90d6e7f,l,l.,72,583,741,655,669
5e390b90d6e7f,.,.c,86,196,356,282,270
5e390b90d6e7f,c,co,74,5,153,79,79
5e390b90d6e7f,o,om,74,178,340,252,266
5e390b90d6e7f,m,mbksp,88,829,991,917,903
5e390b90d6e7f,bksp,bkspo,74,459,605,533,531
5e390b90d6e7f,o,om,72,296,439,368,367
5e390b90d6e7f,m,mm,71,32422,32582,32493,32511
5e390b90d6e7f,m,me,89,230,388,319,299
5e390b90d6e7f,e,em,69,20,169,89,100
5e390b90d6e7f,m,my,80,211,363,291,283
5e390b90d6e7f,y,ym,72,1097,1261,1169,1189
5e390b90d6e7f,m,my,92,276,439,368,347
5e390b90d6e7f,y,ym,71,179,305,250,234
5e390b90d6e7f,m,me,55,107,252,162,197
5e390b90d6e7f,e,ei,90,449,627,539,537
5e390b90d6e7f,i,ij,88,112,269,200,181
5e390b90d6e7f,j,ji,69,88,220,157,151
5e390b90d6e7f,i,ishift,63,1648,1786,1711,1723
5e390b90d6e7f,shift,shiftmeta1,75,458,639,533,564
5e390b90d6e7f,meta1,meta1meta2,106,463,623,569,517
5e390b90d6e7f,meta2,meta2_,54,227,311,281,257
5e390b90d6e7f,_,_normal,30,239,355,269,325
5e390b90d6e7f,normal,normalr,86,396,540,482,454
5e390b90d6e7f,r,re,58,106,221,164,163
5e390b90d6e7f,e,ed,57,148,233,205,176
5e390b90d6e7f,d,dd,28,60,152,88,124
5e390b90d6e7f,d,dd,64,649,767,713,703
5e390b90d6e7f,d,dmeta1,54,286,451,340,397
5e390b90d6e7f,meta1,meta1@,111,313,512,424,401
5e390b90d6e7f,@,@normal,88,129,289,217,201
5e390b90d6e7f,normal,normalh,72,340,490,412,418
5e390b90d6e7f,h,ho,78,197,344,275,266
5e390b90d6e7f,o,ot,69,181,282,250,213
5e390b90d6e7f,t,tm,32,782,887,814,855
5e390b90d6e7f,m,ma,73,177,321,250,248
5e390b90d6e7f,a,ai,71,91,238,162,167
5e390b90d6e7f,i,il,76,140,275,216,199
5e390b90d6e7f,l,l.,59,214,327,273,268
5e390b90d6e7f,.,.c,54,565,707,619,653
5e390b90d6e7f,c,co,88,54,219,142,131
5e390b90d6e7f,o,om,77,162,309,239,232
5e390b90d6e7f,m,mm,70,25156,25280,25226,25210
5e390b90d6e7f,m,me,54,101,235,155,181
5e390b90d6e7f,e,em,80,19,196,99,116
5e390b90d6e7f,m,my,97,146,313,243,216
5e390b90d6e7f,y,ym,70,151,271,221,201
5e390b90d6e7f,m,me,50,88,201,138,151
5e390b90d6e7f,e,em,63,1061,1197,1124,1134
5e390b90d6e7f,m,my,73,245,372,318,299
5e390b90d6e7f,y,ym,54,213,322,267,268
5e390b90d6e7f,m,me,55,160,302,215,247
5e390b90d6e7f,e,ei,87,414,572,501,485
5e390b90d6e7f,i,ij,71,97,220,168,149
5e390b90d6e7f,j,ji,52,71,205,123,153
5e390b90d6e7f,i,imeta1,82,429,598,511,516
5e390b90d6e7f,meta1,meta1meta2,87,297,456,384,369
5e390b90d6e7f,meta2,meta2_,72,109,252,181,180
5e390b90d6e7f,_,_normal,71,167,318,238,247
5e390b90d6e7f,normal,normalr,80,364,503,444,423
5e390b90d6e7f,r,re,59,91,220,150,161
5e390b90d6e7f,e,ed,70,125,224,195,154
5e390b90d6e7f,d,dd,29,84,178,113,149
5e390b90d6e7f,d,dmeta1,65,245,384,310,319
5e390b90d6e7f,meta1,meta1@,74,494,626,568,552
5e390b90d6e7f,@,@normal,58,179,352,237,294
5e390b90d6e7f,normal,normalh,115,305,502,420,387
5e390b90d6e7f,h,ho,82,126,297,208,215
5e390b90d6e7f,o,ot,89,179,355,268,266
5e390b90d6e7f,t,tm,87,799,955,886,868
5e390b90d6e7f,m,ma,69,227,369,296,300
5e390b90d6e7f,a,abksp,73,367,539,440,466
5e390b90d6e7f,bksp,bkspbksp,99,295,467,394,368
5e390b90d6e7f,bksp,bkspbksp,73,221,388,294,315
5e390b90d6e7f,bksp,bkspm,94,477,658,571,564
5e390b90d6e7f,m,ma,87,399,557,486,470
5e390b90d6e7f,a,au,71,444,572,515,501
5e390b90d6e7f,u,ul,57,169,304,226,247
5e390b90d6e7f,l,lbksp,78,563,728,641,650
5e390b90d6e7f,bksp,bkspbksp,87,195,372,282,285
5e390b90d6e7f,bksp,bkspi,90,378,541,468,451
5e390b90d6e7f,i,il,73,246,373,319,300
5e390b90d6e7f,l,l.,54,542,670,596,616
5e390b90d6e7f,.,.c,74,194,356,268,282
5e390b90d6e7f,c,co,88,19,204,107,116
5e390b90d6e7f,o,om,97,126,298,223,201
5e390b90d6e7f,m,mm,75,25276,25462,25351,25387
5e390b90d6e7f,m,me,111,147,327,258,216
5e390b90d6e7f,e,em,69,20,169,89,100
5e390b90d6e7f,m,my,80,179,313,259,233
5e390b90d6e7f,y,ybksp,54,510,620,564,566
5e390b90d6e7f,bksp,bkspbksp,56,53,208,109,152
5e390b90d6e7f,bksp,bkspm,99,428,616,527,517
5e390b90d6e7f,m,my,89,275,405,364,316
5e390b90d6e7f,y,ym,41,877,991,918,950
5e390b90d6e7f,m,me,73,209,374,282,301
5e390b90d6e7f,e,ei,92,71,241,163,149
5e390b90d6e7f,i,ij,78,128,260,206,182
5e390b90d6e7f,j,ji,54,801,952,855,898
5e390b90d6e7f,i,imeta1,97,633,818,730,721
5e390b90d6e7f,meta1,meta1meta2,88,545,720,633,632
5e390b90d6e7f,meta2,meta2_,87,212,372,299,285
5e390b90d6e7f,_,_normal,73,327,488,400,415
5e390b90d6e7f,normal,normalr,88,327,489,415,401
5e390b90d6e7f,r,re,74,112,242,186,168
5e390b90d6e7f,e,ed,56,141,254,197,198
5e390b90d6e7f,d,dd,57,53,174,110,117
5e390b90d6e7f,d,dmeta1,64,295,464,359,400
5e390b90d6e7f,meta1,meta1@,105,392,571,497,466
5e390b90d6e7f,@,@normal,74,331,527,405,453
5e390b90d6e7f,normal,normalh,122,443,653,565,531
5e390b90d6e7f,h,ho,88,197,339,285,251
5e390b90d6e7f,o,or,54,228,335,282,281
5e390b90d6e7f,r,rbksp,53,663,788,716,735
5e390b90d6e7f,bksp,bkspt,72,745,887,817,815
5e390b90d6e7f,t,tm,70,346,472,416,402
5e390b90d6e7f,m,ma,56,127,254,183,198
5e390b90d6e7f,a,ai,71,478,623,549,552
5e390b90d6e7f,i,il,74,145,289,219,215
5e390b90d6e7f,l,l.,70,1900,2071,1970,2001
5e390b90d6e7f,.,.c,101,761,950,862,849
5e390b90d6e7f,c,co,88,180,339,268,251
5e390b90d6e7f,o,om,71,140,286,211,215
5e390b90d6e7f,m,mm,75,24599,24745,24674,24670
5e390b90d6e7f,m,me,71,183,339,254,268
5e390b90d6e7f,e,em,85,19,183,104,98
5e390b90d6e7f,m,my,79,530,679,609,600
5e390b90d6e7f,y,ym,70,197,336,267,266
5e390b90d6e7f,m,me,69,180,370,249,301
5e390b90d6e7f,e,ei,121,38,239,159,118
5e390b90d6e7f,i,ij,80,145,278,225,198
5e390b90d6e7f,j,ji,53,105,219,158,166
5e390b90d6e7f,i,imeta1,61,744,912,805,851
5e390b90d6e7f,meta1,meta1meta2,107,448,642,555,535
5e390b90d6e7f,meta2,meta2_,87,145,303,232,216
5e390b90d6e7f,_,_normal,71,161,286,232,215
5e390b90d6e7f,normal,normalr,54,431,541,485,487
5e390b90d6e7f,r,re,56,90,220,146,164
5e390b90d6e7f,e,ed,74,145,258,219,184
5e390b90d6e7f,d,dd,39,69,157,108,118
5e390b90d6e7f,d,dmeta1,49,293,431,342,382
5e390b90d6e7f,meta1,meta1@,89,964,1141,1053,1052
5e390b90d6e7f,@,@normal,88,1144,1289,1232,1201
5e390b90d6e7f,normal,normalh,57,434,554,491,497
5e390b90d6e7f,h,ho,63,210,345,273,282
5e390b90d6e7f,o,ot,72,197,374,269,302
5e390b90d6e7f,t,tm,105,578,754,683,649
5e390b90d6e7f,m,ma,71,195,355,266,284
5e390b90d6e7f,a,ai,89,250,388,339,299
5e390b90d6e7f,i,il,49,152,248,201,199
5e390b90d6e7f,l,l.,47,714,865,761,818
5e390b90d6e7f,.,.c,104,232,423,336,319
5e390b90d6e7f,c,co,87,16,200,103,113
5e390b90d6e7f,o,om,97,128,281,225,184
5e390b90d6e7f,m,mm,56,31114,31258,31170,31202
5e390b90d6e7f,m,me,88,148,304,236,216
5e390b90d6e7f,e,em,68,89,253,157,185
5e390b90d6e7f,m,my,96,146,295,242,199
5e390b90d6e7f,y,ym,53,432,569,485,516
5e390b90d6e7f,m,me,84,185,355,269,271
5e390b90d6e7f,e,ei,86,4,181,90,95
5e390b90d6e7f,i,ij,91,142,293,233,202
5e390b90d6e7f,j,ji,60,106,210,166,150
5e390b90d6e7f,i,ibksp,44,474,594,518,550
5e390b90d6e7f,bksp,bkspbksp,76,89,212,165,136
5e390b90d6e7f,bksp,bkspi,47,511,628,558,581
5e390b90d6e7f,i,ij,70,134,284,204,214
5e390b90d6e7f,j,ji,80,104,265,184,185
5e390b90d6e7f,i,imeta1,81,531,686,612,605
5e390b90d6e7f,meta1,meta1-,74,406,522,480,448
5e390b90d6e7f,-,-bksp,42,450,589,492,547
5e390b90d6e7f,bksp,bkspmeta2,97,87,280,184,183
5e390b90d6e7f,meta2,meta2_,96,287,449,383,353
5e390b90d6e7f,_,_normal,66,283,448,349,382
5e390b90d6e7f,normal,normalr,99,511,683,610,584
5e390b90d6e7f,r,re,73,102,240,175,167
5e390b90d6e7f,e,ed,65,133,262,198,197
5e390b90d6e7f,d,dd,64,119,215,183,151
5e390b90d6e7f,d,dmeta1,32,340,466,372,434
5e390b90d6e7f,meta1,meta1&,94,314,444,408,350
5e390b90d6e7f,&,&@,36,420,536,456,500
5e390b90d6e7f,@,@bksp,80,546,667,626,587
5e390b90d6e7f,bksp,bkspbksp,41,86,205,127,164
5e390b90d6e7f,bksp,bksp@,78,394,546,472,468
5e390b90d6e7f,@,@normal,74,148,305,222,231
5e390b90d6e7f,normal,normalh,83,415,567,498,484
5e390b90d6e7f,h,ho,69,144,286,213,217
5e390b90d6e7f,o,ot,73,209,354,282,281
5e390b90d6e7f,t,tm,72,500,642,572,570
5e390b90d6e7f,m,ma,70,144,319,214,249
5e390b90d6e7f,a,ai,105,53,255,158,150
5e390b90d6e7f,i,il,97,195,363,292,266
5e390b90d6e7f,l,l.,71,298,423,369,352
5e390b90d6e7f,.,.v,54,577,721,631,667
5e390b90d6e7f,v,vo,90,53,221,143,131
5e390b90d6e7f,o,om,78,128,294,206,216
5e390b90d6e7f,m,mm,88,35997,36158,36085,36070
5e390b90d6e7f,m,me,73,164,265,237,192
5e390b90d6e7f,e,em,28,62,137,90,109
5e390b90d6e7f,m,mm,47,828,946,875,899
5e390b90d6e7f,m,my,71,482,638,553,567
5e390b90d6e7f,y,ym,85,277,420,362,335
5e390b90d6e7f,m,me,58,121,273,179,215
5e390b90d6e7f,e,ei,94,56,227,150,133
5e390b90d6e7f,i,ij,77,132,260,209,183
5e390b90d6e7f,j,ji,51,88,218,139,167
5e390b90d6e7f,i,imeta1,79,662,815,741,736
5e390b90d6e7f,meta1,meta1meta2,74,1445,1591,1519,1517
5e390b90d6e7f,meta2,meta2_,72,141,254,213,182
5e390b90d6e7f,_,_normal,41,159,271,200,230
5e390b90d6e7f,normal,normalr,71,352,490,423,419
5e390b90d6e7f,r,re,67,87,217,154,150
5e390b90d6e7f,e,ed,63,161,279,224,216
5e390b90d6e7f,d,dd,55,74,173,129,118
5e390b90d6e7f,d,d@,44,1895,2011,1939,1967
5e390b90d6e7f,@,@normal,72,195,353,267,281
5e390b90d6e7f,normal,normalh,86,478,637,564,551
5e390b90d6e7f,h,ho,73,147,290,220,217
5e390b90d6e7f,o,ot,70,179,336,249,266
5e390b90d6e7f,t,tm,87,476,689,563,602
5e390b90d6e7f,m,ma,126,72,291,198,165
5e390b90d6e7f,a,ai,93,54,227,147,134
5e390b90d6e7f,i,il,80,130,263,210,183
5e390b90d6e7f,l,l.,53,161,269,214,216
5e390b90d6e7f,.,.c,55,495,642,550,587
5e390b90d6e7f,c,co,92,48,219,140,127
5e390b90d6e7f,o,om,79,153,314,232,235
5e390b90d6e7f,m,mk,82,-457373,-457237,-457291,-457319
5e390ba17d9fd,k,ku,54,89,217,143,163
5e390ba17d9fd,u,up,74,75,225,149,151
5e390ba17d9fd,p,pt,76,599,729,675,653
5e390ba17d9fd,t,ti,54,142,287,196,233
5e390ba17d9fd,i,ip,91,162,321,253,230
5e390ba17d9fd,p,po,68,109,251,177,183
5e390ba17d9fd,o,on,74,232,374,306,300
5e390ba17d9fd,n,ng,68,57,184,125,116
5e390ba17d9fd,g,gmeta1,59,884,1014,943,955
5e390ba17d9fd,meta1,meta1.,71,791,941,862,870
5e390ba17d9fd,.,.normal,79,239,406,318,327
5e390ba17d9fd,normal,normalp,88,388,587,476,499
5e390ba17d9fd,p,pa,111,18,210,129,99
5e390ba17d9fd,a,ar,81,202,363,283,282
5e390ba17d9fd,r,rk,80,35,230,115,150
5e390ba17d9fd,k,kmeta1,115,1150,1337,1265,1222
5e390ba17d9fd,meta1,meta1@,72,660,824,732,752
5e390ba17d9fd,@,@normal,92,357,524,449,432
5e390ba17d9fd,normal,normalg,75,425,577,500,502
5e390ba17d9fd,g,gm,77,87,239,164,162
5e390ba17d9fd,m,ma,75,50,240,125,165
5e390ba17d9fd,a,ai,115,18,198,133,83
5e390ba17d9fd,i,il,65,85,248,150,183
5e390ba17d9fd,l,l.,98,600,785,698,687
5e390ba17d9fd,.,.c,87,56,252,143,165
5e390ba17d9fd,c,co,109,27,208,136,99
5e390ba17d9fd,o,om,72,87,239,159,167
5e390ba17d9fd,m,mk,80,58367,58519,58447,58439
5e390ba17d9fd,k,ku,72,127,270,199,198
5e390ba17d9fd,u,up,71,146,305,217,234
5e390ba17d9fd,p,pt,88,67,219,155,131
5e390ba17d9fd,t,ti,64,104,249,168,185
5e390ba17d9fd,i,ip,81,278,435,359,354
5e390ba17d9fd,p,po,76,142,289,218,213
5e390ba17d9fd,o,on,71,649,774,720,703
5e390ba17d9fd,n,ng,54,52,171,106,117
5e390ba17d9fd,g,g.,65,1441,1566,1506,1501
5e390ba17d9fd,.,.p,60,228,358,288,298
5e390ba17d9fd,p,pr,70,362,469,432,399
5e390ba17d9fd,r,rk,37,52,188,89,151
5e390ba17d9fd,k,kbksp,99,647,833,746,734
5e390ba17d9fd,bksp,bkspa,87,508,669,595,582
5e390ba17d9fd,a,ar,74,212,374,286,300
5e390ba17d9fd,r,rk,88,38,187,126,99
5e390ba17d9fd,k,kmeta1,61,1264,1396,1325,1335
5e390ba17d9fd,meta1,meta1@,71,529,688,600,617
5e390ba17d9fd,@,@normal,88,212,385,300,297
5e390ba17d9fd,normal,normalg,85,814,975,899,890
5e390ba17d9fd,g,gm,76,66,238,142,162
5e390ba17d9fd,m,mi,96,187,347,283,251
5e390ba17d9fd,i,il,64,106,232,170,168
5e390ba17d9fd,l,lbksp,62,557,695,619,633
5e390ba17d9fd,bksp,bkspbksp,76,642,793,718,717
5e390ba17d9fd,bksp,bkspa,75,51,209,126,134
5e390ba17d9fd,a,ai,83,641,799,724,716
5e390ba17d9fd,i,ibksp,75,993,1124,1068,1049
5e390ba17d9fd,bksp,bkspl,56,196,320,252,264
5e390ba17d9fd,l,l.,68,494,636,562,568
5e390ba17d9fd,.,.c,74,145,273,219,199
5e390ba17d9fd,c,co,54,57,186,111,132
5e390ba17d9fd,o,ok,75,55567,55700,55642,55625
5e390ba17d9fd,k,ku,58,161,305,219,247
5e390ba17d9fd,u,up,86,162,339,248,253
5e390ba17d9fd,p,pt,91,159,306,250,215
5e390ba17d9fd,t,ti,56,132,255,188,199
5e390ba17d9fd,i,ip,67,145,268,212,201
5e390ba17d9fd,p,po,56,107,223,163,167
5e390ba17d9fd,o,on,60,827,980,887,920
5e390ba17d9fd,n,ng,93,54,206,147,113
5e390ba17d9fd,g,g.,59,962,1078,1021,1019
5e390ba17d9fd,.,.p,57,262,405,319,348
5e390ba17d9fd,p,pa,86,57,236,143,150
5e390ba17d9fd,a,ar,93,1395,1545,1488,1452
5e390ba17d9fd,r,rj,57,112,236,169,179
5e390ba17d9fd,j,jbksp,67,546,688,613,621
5e390ba17d9fd,bksp,bkspk,75,543,689,618,614
5e390ba17d9fd,k,kmeta1,71,599,739,670,668
5e390ba17d9fd,meta1,meta1@,69,361,504,430,435
5e390ba17d9fd,@,@normal,74,163,303,237,229
5e390ba17d9fd,normal,normalg,66,1042,1186,1108,1120
5e390ba17d9fd,g,gm,78,97,228,175,150
5e390ba17d9fd,m,ma,53,129,251,182,198
5e390ba17d9fd,a,ai,69,54,202,123,133
5e390ba17d9fd,i,ibksp,79,878,1030,957,951
5e390ba17d9fd,bksp,bkspl,73,484,620,557,547
5e390ba17d9fd,l,l.,63,390,518,453,455
5e390ba17d9fd,.,.c,65,176,331,241,266
5e390ba17d9fd,c,co,90,51,222,141,132
5e390ba17d9fd,o,om,81,245,400,326,319
5e390ba17d9fd,m,mk,74,33948,34092,34022,34018
5e390ba17d9fd,k,ku,70,143,283,213,213
5e390ba17d9fd,u,up,70,184,322,254,252
5e390ba17d9fd,p,pt,68,92,218,160,150
5e390ba17d9fd,t,ti,58,126,257,184,199
5e390ba17d9fd,i,ip,73,145,275,218,202
5e390ba17d9fd,p,po,57,132,238,189,181
5e390ba17d9fd,o,on,49,664,806,713,757
5e390ba17d9fd,n,ng,93,125,304,218,211
5e390ba17d9fd,g,g.,86,1494,1654,1580,1568
5e390ba17d9fd,.,.p,74,641,790,715,716
5e390ba17d9fd,p,pa,75,166,275,241,200
5e390ba17d9fd,a,ar,34,229,333,263,299
5e390ba17d9fd,r,rk,70,81,221,151,151
5e390ba17d9fd,k,kmeta1,70,780,923,850,853
5e390ba17d9fd,meta1,meta1@,73,426,555,499,482
5e390ba17d9fd,@,@normal,56,181,337,237,281
5e390ba17d9fd,normal,normalg,100,331,519,431,419
5e390ba17d9fd,g,gm,88,39,220,127,132
5e390ba17d9fd,m,ma,93,90,294,183,201
5e390ba17d9fd,a,ai,111,36,226,147,115
5e390ba17d9fd,i,il,79,128,279,207,200
5e390ba17d9fd,l,l.,72,514,655,586,583
5e390ba17d9fd,.,.c,69,146,287,215,218
5e390ba17d9fd,c,co,72,53,222,125,150
5e390ba17d9fd,o,om,97,163,330,260,233
5e390ba17d9fd,m,mk,70,32496,32654,32566,32584
5e390ba17d9fd,k,ku,88,248,373,336,285
5e390ba17d9fd,u,up,37,94,205,131,168
5e390ba17d9fd,p,pt,74,295,406,369,332
5e390ba17d9fd,t,ti,37,163,286,200,249
5e390ba17d9fd,i,ip,86,145,322,231,236
5e390ba17d9fd,p,po,91,109,257,200,166
5e390ba17d9fd,o,on,57,175,307,232,250
5e390ba17d9fd,n,ng,75,69,223,144,148
5e390ba17d9fd,g,g.,79,135,248,214,169
5e390ba17d9fd,.,.p,34,307,433,341,399
5e390ba17d9fd,p,pr,92,277,480,369,388
5e390ba17d9fd,r,rbksp,111,639,808,750,697
5e390ba17d9fd,bksp,bkspk,58,512,640,570,582
5e390ba17d9fd,k,kmeta1,70,879,1020,949,950
5e390ba17d9fd,meta1,meta1@,71,547,688,618,617
5e390ba17d9fd,@,@normal,70,475,605,545,535
5e390ba17d9fd,normal,normalg,60,476,631,536,571
5e390ba17d9fd,g,gm,95,105,288,200,193
5e390ba17d9fd,m,ma,88,112,271,200,183
5e390ba17d9fd,a,ai,71,92,254,163,183
5e390ba17d9fd,i,il,91,107,274,198,183
5e390ba17d9fd,l,l.,76,494,662,570,586
5e390ba17d9fd,.,.c,92,128,274,220,182
5e390ba17d9fd,c,co,54,114,238,168,184
5e390ba17d9fd,o,om,70,143,302,213,232
5e390ba17d9fd,m,mk,89,31713,31874,31802,31785
5e390ba17d9fd,k,ku,72,72,205,144,133
5e390ba17d9fd,u,up,61,108,263,169,202
5e390ba17d9fd,p,pt,94,94,243,188,149
5e390ba17d9fd,t,ti,55,124,255,179,200
5e390ba17d9fd,i,ip,76,142,291,218,215
5e390ba17d9fd,p,po,73,134,278,207,205
5e390ba17d9fd,o,on,71,161,318,232,247
5e390ba17d9fd,n,ng,86,54,220,140,134
5e390ba17d9fd,g,g.,80,960,1097,1040,1017
5e390ba17d9fd,.,.p,57,193,336,250,279
5e390ba17d9fd,p,pa,86,36,236,122,150
5e390ba17d9fd,a,ar,114,483,652,597,538
5e390ba17d9fd,r,rk,55,108,237,163,182
5e390ba17d9fd,k,kmeta1,74,633,791,707,717
5e390ba17d9fd,meta1,meta1@,84,427,587,511,503
5e390ba17d9fd,@,@normal,76,54,221,130,145
5e390ba17d9fd,normal,normalg,91,879,1026,970,935
5e390ba17d9fd,g,gm,56,115,237,171,181
5e390ba17d9fd,m,ma,66,108,235,174,169
5e390ba17d9fd,a,ai,61,87,227,148,166
5e390ba17d9fd,i,il,79,179,347,258,268
5e390ba17d9fd,l,l.,89,579,739,668,650
5e390ba17d9fd,.,.c,71,73,236,144,165
5e390ba17d9fd,c,co,92,74,261,166,169
5e390ba17d9fd,o,om,95,176,328,271,233
5e390ba17d9fd,m,mk,57,35396,35494,35453,35437
5e390ba17d9fd,k,ku,41,208,289,249,248
5e390ba17d9fd,u,up,40,88,189,128,149
5e390ba17d9fd,p,pt,61,149,296,210,235
5e390ba17d9fd,t,ti,86,179,351,265,265
5e390ba17d9fd,i,ip,86,761,923,847,837
5e390ba17d9fd,p,po,76,142,274,218,198
5e390ba17d9fd,o,on,56,195,322,251,266
5e390ba17d9fd,n,ng,71,74,236,145,165
5e390ba17d9fd,g,g.,91,92,258,183,167
5e390ba17d9fd,.,.p,75,214,357,289,282
5e390ba17d9fd,p,pA,68,1065,1206,1133,1138
5e390ba17d9fd,A,AR,73,402,554,475,481
5e390ba17d9fd,R,Rshift,79,1415,1549,1494,1470
5e390ba17d9fd,shift,shifta,55,444,554,499,499
5e390ba17d9fd,a,ar,55,277,390,332,335
5e390ba17d9fd,r,rk,58,53,187,111,129
5e390ba17d9fd,k,kmeta1,76,1112,1277,1188,1201
5e390ba17d9fd,meta1,meta1@,89,492,691,581,602
5e390ba17d9fd,@,@normal,110,159,338,269,228
5e390ba17d9fd,normal,normalg,69,413,525,482,456
5e390ba17d9fd,g,gm,43,102,239,145,196
5e390ba17d9fd,m,mi,94,255,445,349,351
5e390ba17d9fd,i,ia,96,569,762,665,666
5e390ba17d9fd,a,aa,97,762,949,859,852
5e390ba17d9fd,a,ai,90,584,771,674,681
5e390ba17d9fd,i,il,97,167,380,264,283
5e390ba17d9fd,l,l.,116,578,769,694,653
5e390ba17d9fd,.,.c,75,89,273,164,198
5e390ba17d9fd,c,co,109,96,293,205,184
5e390ba17d9fd,o,om,88,261,423,349,335
5e390ba17d9fd,m,mj,74,34921,35061,34995,34987
5e390ba17d9fd,j,ju,66,110,227,176,161
5e390ba17d9fd,u,up,51,200,319,251,268
5e390ba17d9fd,p,pt,68,76,236,144,168
5e390ba17d9fd,t,ti,92,134,322,226,230
5e390ba17d9fd,i,ip,96,190,366,286,270
5e390ba17d9fd,p,pbksp,80,304,446,384,366
5e390ba17d9fd,bksp,bkspbksp,62,54,197,116,135
5e390ba17d9fd,bksp,bkspbksp,81,72,230,153,149
5e390ba17d9fd,bksp,bkspbksp,77,70,212,147,135
5e390ba17d9fd,bksp,bkspbksp,65,76,219,141,154
5e390ba17d9fd,bksp,bkspbksp,78,31,173,109,95
5e390ba17d9fd,bksp,bkspk,64,660,796,724,732
5e390ba17d9fd,k,ku,72,214,354,286,282
5e390ba17d9fd,u,up,68,114,253,182,185
5e390ba17d9fd,p,pt,71,597,739,668,668
5e390ba17d9fd,t,ti,71,229,354,300,283
5e390ba17d9fd,i,ip,54,178,302,232,248
5e390ba17d9fd,p,po,70,180,340,250,270
5e390ba17d9fd,o,on,90,230,405,320,315
5e390ba17d9fd,n,ng,85,54,219,139,134
5e390ba17d9fd,g,g.,80,583,745,663,665
5e390ba17d9fd,.,.p,82,196,385,278,303
5e390ba17d9fd,p,pa,107,72,254,179,147
5e390ba17d9fd,a,ar,75,228,392,303,317
5e390ba17d9fd,r,rk,89,97,272,186,183
5e390ba17d9fd,k,kmeta1,86,877,1056,963,970
5e390ba17d9fd,meta1,meta1@,93,375,561,468,468
5e390ba17d9fd,@,@normal,93,157,320,250,227
5e390ba17d9fd,normal,normalg,70,349,492,419,422
5e390ba17d9fd,g,gm,73,126,254,199,181
5e390ba17d9fd,m,ma,55,105,255,160,200
5e390ba17d9fd,a,ai,95,86,276,181,181
5e390ba17d9fd,i,il,95,229,414,324,319
5e390ba17d9fd,l,l.,90,627,809,717,719
5e390ba17d9fd,.,.c,92,109,304,201,212
5e390ba17d9fd,c,co,103,115,305,218,202
5e390ba17d9fd,o,om,87,162,338,249,251
5e390ba17d9fd,m,mk,89,29086,29272,29175,29183
5e390ba17d9fd,k,ku,97,110,278,207,181
5e390ba17d9fd,u,up,71,248,391,319,320
5e390ba17d9fd,p,pt,72,131,285,203,213
5e390ba17d9fd,t,ti,82,783,950,865,868
5e390ba17d9fd,i,ip,85,165,338,250,253
5e390ba17d9fd,p,po,88,205,369,293,281
5e390ba17d9fd,o,on,76,231,362,307,286
5e390ba17d9fd,n,ng,55,68,203,123,148
5e390ba17d9fd,g,g.,80,778,932,858,852
5e390ba17d9fd,.,.p,74,213,340,287,266
5e390ba17d9fd,p,pa,53,110,234,163,181
5e390ba17d9fd,a,ar,71,191,354,262,283
5e390ba17d9fd,r,rj,92,114,294,206,202
5e390ba17d9fd,j,jbksp,88,545,723,633,635
5e390ba17d9fd,bksp,bkspk,90,191,338,281,248
5e390ba17d9fd,k,kmeta1,57,530,673,587,616
5e390ba17d9fd,meta1,meta1@,86,313,454,399,368
5e390ba17d9fd,@,@normal,55,127,253,182,198
5e390ba17d9fd,normal,normalg,71,378,525,449,454
5e390ba17d9fd,g,gm,76,87,256,163,180
5e390ba17d9fd,m,mi,93,287,476,380,383
5e390ba17d9fd,i,il,96,162,330,258,234
5e390ba17d9fd,l,l.,72,559,704,631,632
5e390ba17d9fd,.,.c,73,165,325,238,252
5e390ba17d9fd,c,co,87,112,285,199,198
5e390ba17d9fd,o,om,86,196,371,282,285
5e390ba17d9fd,m,mk,89,27733,27907,27822,27818
5e390ba17d9fd,k,ku,85,132,268,217,183
5e390ba17d9fd,u,up,51,149,252,200,201
5e390ba17d9fd,p,pt,52,166,319,218,267
5e390ba17d9fd,t,ti,101,162,368,263,267
5e390ba17d9fd,i,ip,105,482,637,587,532
5e390ba17d9fd,p,po,50,131,263,181,213
5e390ba17d9fd,o,on,82,532,719,614,637
5e390ba17d9fd,n,ng,105,74,270,179,165
5e390ba17d9fd,g,gmeta1,91,904,1075,995,984
5e390ba17d9fd,meta1,meta1.,80,237,399,317,319
5e390ba17d9fd,.,.normal,82,195,345,277,263
5e390ba17d9fd,normal,normalp,68,713,869,781,801
5e390ba17d9fd,p,pa,88,67,220,155,132
5e390ba17d9fd,a,ar,65,230,368,295,303
5e390ba17d9fd,r,rk,73,95,257,168,184
5e390ba17d9fd,k,kmeta1,89,592,775,681,686
5e390ba17d9fd,meta1,meta1@,94,305,489,399,395
5e390ba17d9fd,@,@normal,90,75,258,165,168
5e390ba17d9fd,normal,normalg,93,362,512,455,419
5e390ba17d9fd,g,gm,57,144,290,201,233
5e390ba17d9fd,m,mi,89,331,521,420,432
5e390ba17d9fd,i,i.,101,829,1002,930,901
5e390ba17d9fd,.,.c,72,125,272,197,200
5e390ba17d9fd,c,co,75,140,291,215,216
5e390ba17d9fd,o,om,76,193,340,269,264
5e390ba17d9fd,m,mc,71,-410487,-410321,-410416,-410392
5e390bc710e3f,c,cbksp,95,346,508,441,413
5e390bc710e3f,bksp,bkspt,67,314,471,381,404
5e390bc710e3f,t,th,90,161,320,251,230
5e390bc710e3f,h,ha,69,265,439,334,370
5e390bc710e3f,a,an,105,192,370,297,265
5e390bc710e3f,n,nu,73,231,356,304,283
5e390bc710e3f,u,ut,52,262,406,314,354
5e390bc710e3f,t,t.,92,422,604,514,512
5e390bc710e3f,.,.p,90,264,461,354,371
5e390bc710e3f,p,pi,107,257,455,364,348
5e390bc710e3f,i,iy,91,728,906,819,815
5e390bc710e3f,y,ya,87,244,456,331,369
5e390bc710e3f,a,av,125,311,526,436,401
5e390bc710e3f,v,va,90,176,356,266,266
5e390bc710e3f,a,at,90,898,1086,988,996
5e390bc710e3f,t,tmeta1,98,1094,1280,1192,1182
5e390bc710e3f,meta1,meta1normal,88,1466,1626,1554,1538
5e390bc710e3f,normal,normalg,72,392,572,464,500
5e390bc710e3f,g,gm,108,210,439,318,331
5e390bc710e3f,m,ma,121,146,372,267,251
5e390bc710e3f,a,ai,105,160,320,265,215
5e390bc710e3f,i,il,55,248,376,303,321
5e390bc710e3f,l,l.,73,342,506,415,433
5e390bc710e3f,.,.c,91,227,406,318,315
5e390bc710e3f,c,co,88,106,303,194,215
5e390bc710e3f,o,om,109,264,463,373,354
5e390bc710e3f,m,mt,90,39297,39493,39387,39403
5e390bc710e3f,t,th,106,101,302,207,196
5e390bc710e3f,h,ha,95,364,566,459,471
5e390bc710e3f,a,an,107,76,270,183,163
5e390bc710e3f,n,nu,87,163,319,250,232
5e390bc710e3f,u,ut,69,203,388,272,319
5e390bc710e3f,t,t.,116,779,985,895,869
5e390bc710e3f,.,.p,90,220,421,310,331
5e390bc710e3f,p,pi,111,211,409,322,298
5e390bc710e3f,i,iy,87,632,823,719,736
5e390bc710e3f,y,yv,104,596,737,700,633
5e390bc710e3f,v,va,37,104,220,141,183
5e390bc710e3f,a,at,79,377,560,456,481
5e390bc710e3f,t,tmeta1,104,1193,1406,1297,1302
5e390bc710e3f,meta1,meta1@,109,1138,1346,1247,1237
5e390bc710e3f,@,@normal,99,491,680,590,581
5e390bc710e3f,normal,normalg,90,396,592,486,502
5e390bc710e3f,g,gm,106,478,687,584,581
5e390bc710e3f,m,ma,103,83,302,186,199
5e390bc710e3f,a,ai,116,78,280,194,164
5e390bc710e3f,i,il,86,220,403,306,317
5e390bc710e3f,l,l.,97,196,418,293,321
5e390bc710e3f,.,.c,125,212,389,337,264
5e390bc710e3f,c,co,52,113,270,165,218
5e390bc710e3f,o,om,105,194,389,299,284
5e390bc710e3f,m,mt,90,31285,31425,31375,31335
5e390bc710e3f,t,th,50,115,262,165,212
5e390bc710e3f,h,hn,97,536,732,633,635
5e390bc710e3f,n,nu,99,188,367,287,268
5e390bc710e3f,u,ut,80,351,499,431,419
5e390bc710e3f,t,t.,68,461,635,529,567
5e390bc710e3f,.,.p,106,1225,1441,1331,1335
5e390bc710e3f,p,pi,110,195,391,305,281
5e390bc710e3f,i,iy,86,210,385,296,299
5e390bc710e3f,y,ya,89,179,374,268,285
5e390bc710e3f,a,av,106,179,355,285,249
5e390bc710e3f,v,va,70,71,238,141,168
5e390bc710e3f,a,at,97,258,446,355,349
5e390bc710e3f,t,tmeta1,91,452,621,543,530
5e390bc710e3f,meta1,meta1@,78,561,714,639,636
5e390bc710e3f,@,@normal,75,261,441,336,366
5e390bc710e3f,normal,normalg,105,432,623,537,518
5e390bc710e3f,g,gm,86,147,319,233,233
5e390bc710e3f,m,ma,86,195,368,281,282
5e390bc710e3f,a,ai,87,111,255,198,168
5e390bc710e3f,i,il,57,231,340,288,283
5e390bc710e3f,l,l.,52,261,387,313,335
5e390bc710e3f,.,.c,74,162,305,236,231
5e390bc710e3f,c,co,69,133,287,202,218
5e390bc710e3f,o,om,85,178,335,263,250
5e390bc710e3f,m,mt,72,26967,27141,27039,27069
5e390bc710e3f,t,th,102,130,316,232,214
5e390bc710e3f,h,hn,84,536,717,620,633
5e390bc710e3f,n,nu,97,167,378,264,281
5e390bc710e3f,u,ut,114,263,507,377,393
5e390bc710e3f,t,t.,130,257,459,387,329
5e390bc710e3f,.,.p,72,161,355,233,283
5e390bc710e3f,p,pi,122,178,387,300,265
5e390bc710e3f,i,iy,87,199,371,286,284
5e390bc710e3f,y,ya,85,178,370,263,285
5e390bc710e3f,a,av,107,212,405,319,298
5e390bc710e3f,v,va,86,163,371,249,285
5e390bc710e3f,a,at,122,182,436,304,314
5e390bc710e3f,t,tmeta1,132,203,449,335,317
5e390bc710e3f,meta1,meta1@,114,711,917,825,803
5e390bc710e3f,@,@normal,92,145,322,237,230
5e390bc710e3f,normal,normalg,85,428,586,513,501
5e390bc710e3f,g,gm,73,145,290,218,217
5e390bc710e3f,m,ma,72,159,324,231,252
5e390bc710e3f,a,al,93,395,575,488,482
5e390bc710e3f,l,l.,87,276,456,363,369
5e390bc710e3f,.,.c,93,194,390,287,297
5e390bc710e3f,c,co,103,110,304,213,201
5e390bc710e3f,o,om,91,245,411,336,320
5e390bc710e3f,m,mbksp,75,2425,2605,2500,2530
5e390bc710e3f,bksp,bkspbksp,105,277,454,382,349
5e390bc710e3f,bksp,bkspa,72,996,1158,1068,1086
5e390bc710e3f,a,ai,90,111,288,201,198
5e390bc710e3f,i,il,87,175,355,262,268
5e390bc710e3f,l,lt,93,30297,30458,30390,30365
5e390bc710e3f,t,th,68,153,286,221,218
5e390bc710e3f,h,ha,65,155,316,220,251
5e390bc710e3f,a,an,96,71,247,167,151
5e390bc710e3f,n,nu,80,193,364,273,284
5e390bc710e3f,u,ut,91,311,528,402,437
5e390bc710e3f,t,t.,126,158,355,284,229
5e390bc710e3f,.,.i,71,547,721,618,650
5e390bc710e3f,i,iy,103,390,606,493,503
5e390bc710e3f,y,ya,113,163,364,276,251
5e390bc710e3f,a,av,88,257,415,345,327
5e390bc710e3f,v,va,70,115,289,185,219
5e390bc710e3f,a,at,104,193,371,297,267
5e390bc710e3f,t,tmeta1,74,562,706,636,632
5e390bc710e3f,meta1,meta1normal,70,1629,1787,1699,1717
5e390bc710e3f,normal,normalg,88,413,608,501,520
5e390bc710e3f,g,gm,107,144,337,251,230
5e390bc710e3f,m,ma,86,130,303,216,217
5e390bc710e3f,a,ai,87,120,320,207,233
5e390bc710e3f,i,il,113,195,380,308,267
5e390bc710e3f,l,l.,72,245,405,317,333
5e390bc710e3f,.,.c,88,163,322,251,234
5e390bc710e3f,c,co,71,123,253,194,182
5e390bc710e3f,o,om,59,178,327,237,268
5e390bc710e3f,m,mc,90,23351,23492,23441,23402
5e390bc710e3f,c,cbksp,51,1218,1351,1269,1300
5e390bc710e3f,bksp,bkspt,82,565,734,647,652
5e390bc710e3f,t,th,87,127,283,214,196
5e390bc710e3f,h,hn,69,495,619,564,550
5e390bc710e3f,n,nu,55,181,339,236,284
5e390bc710e3f,u,ut,103,214,403,317,300
5e390bc710e3f,t,t.,86,146,319,232,233
5e390bc710e3f,.,.p,87,200,420,287,333
5e390bc710e3f,p,pi,133,254,485,387,352
5e390bc710e3f,i,iy,98,397,582,495,484
5e390bc710e3f,y,ya,87,112,287,199,200
5e390bc710e3f,a,av,88,126,287,214,199
5e390bc710e3f,v,va,73,21,208,94,135
5e390bc710e3f,a,at,114,278,466,392,352
5e390bc710e3f,t,tmeta1,74,208,352,282,278
5e390bc710e3f,meta1,meta1@,70,548,673,618,603
5e390bc710e3f,@,@normal,55,145,302,200,247
5e390bc710e3f,normal,normalg,102,312,486,414,384
5e390bc710e3f,g,gm,72,182,322,254,250
5e390bc710e3f,m,mi,68,346,519,414,451
5e390bc710e3f,i,il,105,163,339,268,234
5e390bc710e3f,l,l.,71,229,371,300,300
5e390bc710e3f,.,.c,71,161,303,232,232
5e390bc710e3f,c,co,71,97,270,168,199
5e390bc710e3f,o,om,102,198,405,300,303
5e390bc710e3f,m,ma,105,2750,2938,2855,2833
5e390bc710e3f,a,abksp,83,862,1052,945,969
5e390bc710e3f,bksp,bkspbksp,107,74,252,181,145
5e390bc710e3f,bksp,bkspa,71,111,257,182,186
5e390bc710e3f,a,at,75,294,459,369,384
5e390bc710e3f,t,tt,90,22932,23109,23022,23019
5e390bc710e3f,t,th,87,113,285,200,198
5e390bc710e3f,h,hn,85,477,652,562,567
5e390bc710e3f,n,nu,90,177,372,267,282
5e390bc710e3f,u,ut,105,231,424,336,319
5e390bc710e3f,t,t.,88,314,489,402,401
5e390bc710e3f,.,.p,87,158,352,245,265
5e390bc710e3f,p,pi,107,219,438,326,331
5e390bc710e3f,i,iy,112,366,566,478,454
5e390bc710e3f,y,yv,88,437,602,525,514
5e390bc710e3f,v,va,77,161,329,238,252
5e390bc710e3f,a,at,91,469,674,560,583
5e390bc710e3f,t,tbksp,114,613,816,727,702
5e390bc710e3f,bksp,bkspbksp,89,90,283,179,194
5e390bc710e3f,bksp,bkspbksp,104,86,289,190,185
5e390bc710e3f,bksp,bkspbksp,99,482,687,581,588
5e390bc710e3f,bksp,bkspa,106,310,510,416,404
5e390bc710e3f,a,av,94,607,771,701,677
5e390bc710e3f,v,va,70,71,238,141,168
5e390bc710e3f,a,at,97,290,477,387,380
5e390bc710e3f,t,ta,90,3096,3278,3186,3188
5e390bc710e3f,a,ameta1,92,4658,4840,4750,4748
5e390bc710e3f,meta1,meta1@,90,705,872,795,782
5e390bc710e3f,@,@normal,77,129,263,206,186
5e390bc710e3f,normal,normalg,57,411,540,468,483
5e390bc710e3f,g,gm,72,105,271,177,199
5e390bc710e3f,m,mi,94,289,459,383,365
5e390bc710e3f,i,il,76,164,326,240,250
5e390bc710e3f,l,l.,86,263,436,349,350
5e390bc710e3f,.,.c,87,178,355,265,268
5e390bc710e3f,c,co,90,129,306,219,216
5e390bc710e3f,o,om,87,212,387,299,300
5e390bc710e3f,m,mt,88,25782,25956,25870,25868
5e390bc710e3f,t,th,86,195,368,281,282
5e390bc710e3f,h,ha,87,191,389,278,302
5e390bc710e3f,a,an,111,111,327,222,216
5e390bc710e3f,n,nu,105,159,372,264,267
5e390bc710e3f,u,ut,108,346,557,454,449
5e390bc710e3f,t,t.,103,761,954,864,851
5e390bc710e3f,.,.p,90,147,358,237,268
5e390bc710e3f,p,pi,121,193,404,314,283
5e390bc710e3f,i,iy,90,864,1040,954,950
5e390bc710e3f,y,yv,86,886,1090,972,1004
5e390bc710e3f,v,vt,118,592,799,710,681
5e390bc710e3f,t,tmeta1,89,810,970,899,881
5e390bc710e3f,meta1,meta1@,71,521,671,592,600
5e390bc710e3f,@,@normal,79,129,311,208,232
5e390bc710e3f,normal,normalg,103,397,574,500,471
5e390bc710e3f,g,gm,74,145,304,219,230
5e390bc710e3f,m,ma,85,72,235,157,150
5e390bc710e3f,a,ai,78,131,295,209,217
5e390bc710e3f,i,il,86,147,320,233,234
5e390bc710e3f,l,l.,87,589,754,676,667
5e390bc710e3f,.,.c,78,214,362,292,284
5e390bc710e3f,c,cm,70,429,587,499,517
5e390bc710e3f,m,mbksp,88,1395,1589,1483,1501
5e390bc710e3f,bksp,bkspm,106,676,873,782,767
5e390bc710e3f,m,mt,91,23479,23640,23570,23549
5e390bc710e3f,t,th,70,181,336,251,266
5e390bc710e3f,h,ha,85,146,338,231,253
5e390bc710e3f,a,an,107,512,719,619,612
5e390bc710e3f,n,nu,100,280,485,380,385
5e390bc710e3f,u,ut,105,254,491,359,386
5e390bc710e3f,t,t.,132,478,698,610,566
5e390bc710e3f,.,.p,88,195,404,283,316
5e390bc710e3f,p,pi,121,196,388,317,267
5e390bc710e3f,i,iy,71,211,371,282,300
5e390bc710e3f,y,ya,89,260,457,349,368
5e390bc710e3f,a,av,108,279,472,387,364
5e390bc710e3f,v,va,85,102,271,187,186
5e390bc710e3f,a,at,84,192,365,276,281
5e390bc710e3f,t,tmeta1,89,511,674,600,585
5e390bc710e3f,meta1,meta1@,74,494,642,568,568
5e390bc710e3f,@,@normal,74,195,353,269,279
5e390bc710e3f,normal,normalg,84,365,538,449,454
5e390bc710e3f,g,gm,89,125,303,214,214
5e390bc710e3f,m,ma,89,479,644,568,555
5e390bc710e3f,a,ai,76,174,337,250,261
5e390bc710e3f,i,il,87,233,389,320,302
5e390bc710e3f,l,l.,69,228,403,297,334
5e390bc710e3f,.,.c,106,178,373,284,267
5e390bc710e3f,c,co,89,179,354,268,265
5e390bc710e3f,o,ot,86,23398,23555,23484,23469
5e390bc710e3f,t,th,71,198,337,269,266
5e390bc710e3f,h,ha,68,331,503,399,435
5e390bc710e3f,a,an,104,146,337,250,233
5e390bc710e3f,n,nu,87,231,384,318,297
5e390bc710e3f,u,ut,66,315,470,381,404
5e390bc710e3f,t,t.,89,993,1173,1082,1084
5e390bc710e3f,.,.p,91,196,389,287,298
5e390bc710e3f,p,pi,102,230,418,332,316
5e390bc710e3f,i,iy,86,245,435,331,349
5e390bc710e3f,y,ya,104,313,523,417,419
5e390bc710e3f,a,av,106,235,453,341,347
5e390bc710e3f,v,va,112,94,312,206,200
5e390bc710e3f,a,at,106,159,358,265,252
5e390bc710e3f,t,tmeta1,93,478,658,571,565
5e390bc710e3f,meta1,meta1&,87,495,621,582,534
5e390bc710e3f,&,&bksp,39,748,858,787,819
5e390bc710e3f,bksp,bksp@,71,262,401,333,330
5e390bc710e3f,@,@normal,68,287,467,355,399
5e390bc710e3f,normal,normalg,112,396,635,508,523
5e390bc710e3f,g,gm,127,208,457,335,330
5e390bc710e3f,m,ma,122,262,472,384,350
5e390bc710e3f,a,ai,88,205,369,293,281
5e390bc710e3f,i,il,76,248,393,324,317
5e390bc710e3f,l,l.,69,480,579,549,510
5e390bc710e3f,.,.bksp,30,1015,1141,1045,1111
5e390bc710e3f,bksp,bksp.,96,258,461,354,365
5e390bc710e3f,.,.c,107,1339,1526,1446,1419
5e390bc710e3f,c,co,80,125,309,205,229
5e390bc710e3f,o,om,104,214,421,318,317
5e390bc710e3f,m,mm,103,-340133,-339944,-340030,-340047
5e390bd4ac264,m,mbksp,86,1511,1703,1597,1617
5e390bd4ac264,bksp,bkspmeta1,106,180,354,286,248
5e390bd4ac264,meta1,meta12,68,422,553,490,485
5e390bd4ac264,2,2normal,63,261,386,324,323
5e390bd4ac264,normal,normalb,62,478,654,540,592
5e390bd4ac264,b,by,114,225,418,339,304
5e390bd4ac264,y,yt,79,192,327,271,248
5e390bd4ac264,t,te,56,244,355,300,299
5e390bd4ac264,e,emeta1,55,362,490,417,435
5e390bd4ac264,meta1,meta1@,73,927,1075,1000,1002
5e390bd4ac264,@,@normal,75,207,369,282,294
5e390bd4ac264,normal,normalg,87,583,757,670,670
5e390bd4ac264,g,gm,87,375,523,462,436
5e390bd4ac264,m,ma,61,209,345,270,284
5e390bd4ac264,a,ai,75,224,372,299,297
5e390bd4ac264,i,il,73,195,358,268,285
5e390bd4ac264,l,l.,90,392,557,482,467
5e390bd4ac264,.,.c,75,293,456,368,381
5e390bd4ac264,c,co,88,262,441,350,353
5e390bd4ac264,o,om,91,303,473,394,382
5e390bd4ac264,m,mm,79,55350,55518,55429,55439
5e390bd4ac264,m,mmeta1,89,179,317,268,228
5e390bd4ac264,meta1,meta12,49,337,448,386,399
5e390bd4ac264,2,2normal,62,271,368,333,306
5e390bd4ac264,normal,normalb,35,513,646,548,611
5e390bd4ac264,b,by,98,264,434,362,336
5e390bd4ac264,y,yt,72,173,323,245,251
5e390bd4ac264,t,te,78,242,396,320,318
5e390bd4ac264,e,emeta1,76,609,756,685,680
5e390bd4ac264,meta1,meta1@,71,448,577,519,506
5e390bd4ac264,@,@normal,58,190,287,248,229
5e390bd4ac264,normal,normalg,39,644,744,683,705
5e390bd4ac264,g,gm,61,357,489,418,428
5e390bd4ac264,m,ma,71,180,290,251,219
5e390bd4ac264,a,ai,39,324,435,363,396
5e390bd4ac264,i,il,72,196,324,268,252
5e390bd4ac264,l,l.,56,314,427,370,371
5e390bd4ac264,.,.c,57,411,521,468,464
5e390bd4ac264,c,co,53,228,367,281,314
5e390bd4ac264,o,om,86,245,387,331,301
5e390bd4ac264,m,mm,56,38668,38762,38724,38706
5e390bd4ac264,m,mmeta1,38,240,382,278,344
5e390bd4ac264,meta1,meta12,104,368,552,472,448
5e390bd4ac264,2,2normal,80,286,418,366,338
5e390bd4ac264,normal,normalb,52,446,602,498,550
5e390bd4ac264,b,by,104,260,453,364,349
5e390bd4ac264,y,yt,89,193,340,282,251
5e390bd4ac264,t,te,58,179,305,237,247
5e390bd4ac264,e,emeta1,68,281,437,349,369
5e390bd4ac264,meta1,meta1@,88,547,738,635,650
5e390bd4ac264,@,@normal,103,111,300,214,197
5e390bd4ac264,normal,normalg,86,533,690,619,604
5e390bd4ac264,g,gm,71,279,439,350,368
5e390bd4ac264,m,ma,89,212,387,301,298
5e390bd4ac264,a,ai,86,414,557,500,471
5e390bd4ac264,i,il,57,306,405,363,348
5e390bd4ac264,l,l.,42,326,461,368,419
5e390bd4ac264,.,.c,93,294,457,387,364
5e390bd4ac264,c,co,70,312,440,382,370
5e390bd4ac264,o,om,58,337,471,395,413
5e390bd4ac264,m,mm,76,31662,31844,31738,31768
5e390bd4ac264,m,mmeta1,106,136,337,242,231
5e390bd4ac264,meta1,meta12,95,283,431,378,336
5e390bd4ac264,2,2normal,53,345,468,398,415
5e390bd4ac264,normal,normalb,70,448,621,518,551
5e390bd4ac264,b,by,103,247,436,350,333
5e390bd4ac264,y,yt,86,128,319,214,233
5e390bd4ac264,t,te,105,145,336,250,231
5e390bd4ac264,e,enormal,86,945,1119,1031,1033
5e390bd4ac264,normal,normalf,88,466,658,554,570
5e390bd4ac264,f,fg,104,539,737,643,633
5e390bd4ac264,g,gm,94,195,378,289,284
5e390bd4ac264,m,ma,89,89,254,178,165
5e390bd4ac264,a,ai,76,265,398,341,322
5e390bd4ac264,i,il,57,175,300,232,243
5e390bd4ac264,l,l.,68,264,405,332,337
5e390bd4ac264,.,.c,73,295,454,368,381
5e390bd4ac264,c,co,86,296,471,382,385
5e390bd4ac264,o,om,89,210,374,299,285
5e390bd4ac264,m,mbksp,75,2594,2757,2669,2682
5e390bd4ac264,bksp,bkspbksp,88,361,544,449,456
5e390bd4ac264,bksp,bkspbksp,95,255,423,350,328
5e390bd4ac264,bksp,bkspg,73,578,743,651,670
5e390bd4ac264,g,gm,92,29142,29322,29234,29230
5e390bd4ac264,m,mmeta1,88,111,288,199,200
5e390bd4ac264,meta1,meta12,89,311,458,400,369
5e390bd4ac264,2,2normal,58,210,337,268,279
5e390bd4ac264,normal,normalb,69,349,505,418,436
5e390bd4ac264,b,by,87,245,404,332,317
5e390bd4ac264,y,yt,72,164,338,236,266
5e390bd4ac264,t,te,102,162,353,264,251
5e390bd4ac264,e,emeta1,89,799,970,888,881
5e390bd4ac264,meta1,meta1@,82,220,415,302,333
5e390bd4ac264,@,@normal,113,108,313,221,200
5e390bd4ac264,normal,normalg,92,447,613,539,521
5e390bd4ac264,g,gm,74,249,437,323,363
5e390bd4ac264,m,ma,114,162,351,276,237
5e390bd4ac264,a,ai,75,226,371,301,296
5e390bd4ac264,i,il,70,229,372,299,302
5e390bd4ac264,l,l.,73,328,490,401,417
5e390bd4ac264,.,.c,89,229,406,318,317
5e390bd4ac264,c,co,88,263,421,351,333
5e390bd4ac264,o,om,70,172,302,242,232
5e390bd4ac264,m,mm,60,30031,30197,30091,30137
5e390bd4ac264,m,mmeta1,106,111,320,217,214
5e390bd4ac264,meta1,meta12,103,230,438,333,335
5e390bd4ac264,2,2normal,105,198,404,303,299
5e390bd4ac264,normal,normalb,101,277,488,378,387
5e390bd4ac264,b,by,110,262,442,372,332
5e390bd4ac264,y,yt,70,163,318,233,248
5e390bd4ac264,t,te,85,165,321,250,236
5e390bd4ac264,e,emeta1,71,961,1120,1032,1049
5e390bd4ac264,meta1,meta1@,88,351,538,439,450
5e390bd4ac264,@,@normal,99,146,313,245,214
5e390bd4ac264,normal,normalg,68,698,855,766,787
5e390bd4ac264,g,gm,89,260,455,349,366
5e390bd4ac264,m,ma,106,145,321,251,215
5e390bd4ac264,a,ai,70,280,388,350,318
5e390bd4ac264,i,il,38,230,353,268,315
5e390bd4ac264,l,lc,85,746,939,831,854
5e390bd4ac264,c,co,108,279,456,387,348
5e390bd4ac264,o,om,69,298,420,367,351
5e390bd4ac264,m,mbksp,53,580,702,633,649
5e390bd4ac264,bksp,bkspbksp,69,129,237,198,168
5e390bd4ac264,bksp,bkspbksp,39,412,534,451,495
5e390bd4ac264,bksp,bksp.,83,849,1006,932,923
5e390bd4ac264,.,.c,74,509,677,583,603
5e390bd4ac264,c,co,94,191,372,285,278
5e390bd4ac264,o,om,87,163,336,250,249
5e390bd4ac264,m,mm,86,33927,34120,34013,34034
5e390bd4ac264,m,mmeta1,107,183,373,290,266
5e390bd4ac264,meta1,meta12,83,266,441,349,358
5e390bd4ac264,2,2normal,92,272,452,364,360
5e390bd4ac264,normal,normalb,88,380,556,468,468
5e390bd4ac264,b,by,88,247,405,335,317
5e390bd4ac264,y,yt,70,164,303,234,233
5e390bd4ac264,t,te,69,180,334,249,265
5e390bd4ac264,e,emeta1,85,1028,1187,1113,1102
5e390bd4ac264,meta1,meta1@,74,226,408,300,334
5e390bd4ac264,@,@normal,108,229,406,337,298
5e390bd4ac264,normal,normalg,69,407,585,476,516
5e390bd4ac264,g,gm,109,235,441,344,332
5e390bd4ac264,m,ma,97,136,316,233,219
5e390bd4ac264,a,ai,83,221,387,304,304
5e390bd4ac264,i,il,83,174,348,257,265
5e390bd4ac264,l,l.,91,327,521,418,430
5e390bd4ac264,.,.c,103,266,470,369,367
5e390bd4ac264,c,co,101,230,421,331,320
5e390bd4ac264,o,om,90,278,406,368,316
5e390bd4ac264,m,mm,38,32460,32572,32498,32534
5e390bd4ac264,m,mmeta1,74,240,392,314,318
5e390bd4ac264,meta1,meta12,78,394,565,472,487
5e390bd4ac264,2,2normal,93,188,369,281,276
5e390bd4ac264,normal,normalb,88,366,527,454,439
5e390bd4ac264,b,by,73,197,383,270,310
5e390bd4ac264,y,yt,113,154,316,267,203
5e390bd4ac264,t,te,49,188,333,237,284
5e390bd4ac264,e,emeta1,96,330,499,426,403
5e390bd4ac264,meta1,meta1@,73,509,672,582,599
5e390bd4ac264,@,@normal,90,159,305,249,215
5e390bd4ac264,normal,normalg,56,456,574,512,518
5e390bd4ac264,g,gm,62,259,411,321,349
5e390bd4ac264,m,ma,90,161,323,251,233
5e390bd4ac264,a,ai,72,209,358,281,286
5e390bd4ac264,i,il,77,209,375,286,298
5e390bd4ac264,l,l.,89,293,457,382,368
5e390bd4ac264,.,.c,75,281,442,356,367
5e390bd4ac264,c,co,86,277,434,363,348
5e390bd4ac264,o,om,71,210,335,281,264
5e390bd4ac264,m,mshift,54,29065,29223,29119,29169
5e390bd4ac264,shift,shiftshift,104,265,427,369,323
5e390bd4ac264,shift,shiftm,58,260,389,318,331
5e390bd4ac264,m,mmeta1,71,279,451,350,380
5e390bd4ac264,meta1,meta12,101,313,473,414,372
5e390bd4ac264,2,2normal,59,209,322,268,263
5e390bd4ac264,normal,normaly,54,845,988,899,934
5e390bd4ac264,y,yb,89,1212,1403,1301,1314
5e390bd4ac264,b,by,102,188,385,290,283
5e390bd4ac264,y,yt,95,125,315,220,220
5e390bd4ac264,t,te,95,207,395,302,300
5e390bd4ac264,e,ebksp,93,2627,2808,2720,2715
5e390bd4ac264,bksp,bkspbksp,88,360,546,448,458
5e390bd4ac264,bksp,bkspbksp,98,385,558,483,460
5e390bd4ac264,bksp,bkspmeta1,75,1075,1241,1150,1166
5e390bd4ac264,meta1,meta12,91,313,494,404,403
5e390bd4ac264,2,2bksp,90,1262,1454,1352,1364
5e390bd4ac264,bksp,bksp@,102,1696,1884,1798,1782
5e390bd4ac264,@,@normal,86,428,588,514,502
5e390bd4ac264,normal,normalg,74,495,657,569,583
5e390bd4ac264,g,gm,88,193,388,281,300
5e390bd4ac264,m,mi,107,412,588,519,481
5e390bd4ac264,i,il,69,213,356,282,287
5e390bd4ac264,l,l.,74,276,440,350,366
5e390bd4ac264,.,.c,90,268,471,358,381
5e390bd4ac264,c,co,113,215,398,328,285
5e390bd4ac264,o,om,70,260,404,330,334
5e390bd4ac264,m,mm,74,30080,30277,30154,30203
5e390bd4ac264,m,mmeta1,123,92,287,215,164
5e390bd4ac264,meta1,meta12,72,247,423,319,351
5e390bd4ac264,2,2normal,104,211,384,315,280
5e390bd4ac264,normal,normalb,69,367,522,436,453
5e390bd4ac264,b,by,86,248,436,334,350
5e390bd4ac264,y,yt,102,178,337,280,235
5e390bd4ac264,t,te,57,230,371,287,314
5e390bd4ac264,e,emeta1,84,465,636,549,552
5e390bd4ac264,meta1,meta1@,87,359,554,446,467
5e390bd4ac264,@,@normal,108,160,323,268,215
5e390bd4ac264,normal,normalg,55,445,573,500,518
5e390bd4ac264,g,gm,73,245,407,318,334
5e390bd4ac264,m,ma,89,134,354,223,265
5e390bd4ac264,a,ai,131,210,414,341,283
5e390bd4ac264,i,il,73,245,390,318,317
5e390bd4ac264,l,l.,72,314,459,386,387
5e390bd4ac264,.,.c,73,477,607,550,534
5e390bd4ac264,c,co,57,294,423,351,366
5e390bd4ac264,o,om,72,223,354,295,282
5e390bd4ac264,m,mp,59,-405523,-405360,-405464,-405419
5e390bddcfeff,p,pr,104,646,857,750,753
5e390bddcfeff,r,ra,107,242,436,349,329
5e390bddcfeff,a,aw,87,277,441,364,354
5e390bddcfeff,w,wi,77,1054,1205,1131,1128
5e390bddcfeff,i,in,74,713,894,787,820
5e390bddcfeff,n,n.,107,2911,3124,3018,3017
5e390bddcfeff,.,.a,106,793,972,899,866
5e390bddcfeff,a,ak,73,508,672,581,599
5e390bddcfeff,k,ks,91,637,792,728,701
5e390bddcfeff,s,sh,64,495,669,559,605
5e390bddcfeff,h,ha,110,372,558,482,448
5e390bddcfeff,a,ar,76,302,471,378,395
5e390bddcfeff,r,ra,93,362,530,455,437
5e390bddcfeff,a,am,75,643,825,718,750
5e390bddcfeff,m,ma,107,456,640,563,533
5e390bddcfeff,a,at,77,542,693,619,616
5e390bddcfeff,t,tmeta1,74,764,896,838,822
5e390bddcfeff,meta1,meta1@,58,1103,1257,1161,1199
5e390bddcfeff,@,@normal,96,523,691,619,595
5e390bddcfeff,normal,normalg,72,678,810,750,738
5e390bddcfeff,g,gm,60,453,604,513,544
5e390bddcfeff,m,ma,91,509,660,600,569
5e390bddcfeff,a,ai,60,509,643,569,583
5e390bddcfeff,i,il,74,1076,1224,1150,1150
5e390bddcfeff,l,l.,74,625,809,699,735
5e390bddcfeff,.,.c,110,541,743,651,633
5e390bddcfeff,c,co,92,427,628,519,536
5e390bddcfeff,o,om,109,257,440,366,331
5e390bddcfeff,m,mp,74,48430,48576,48504,48502
5e390bddcfeff,p,pr,72,644,840,716,768
5e390bddcfeff,r,ra,124,225,438,349,314
5e390bddcfeff,a,aw,89,145,288,234,199
5e390bddcfeff,w,wi,54,596,723,650,669
5e390bddcfeff,i,in,73,427,573,500,500
5e390bddcfeff,n,n.,73,876,1039,949,966
5e390bddcfeff,.,.a,90,542,707,632,617
5e390bddcfeff,a,ak,75,695,806,770,731
5e390bddcfeff,k,ks,36,545,638,581,602
5e390bddcfeff,s,sh,57,574,738,631,681
5e390bddcfeff,h,ha,107,296,479,403,372
5e390bddcfeff,a,ar,76,358,524,434,448
5e390bddcfeff,r,ra,90,159,305,249,215
5e390bddcfeff,a,am,56,527,690,583,634
5e390bddcfeff,m,ma,107,373,543,480,436
5e390bddcfeff,a,at,63,1056,1176,1119,1113
5e390bddcfeff,t,tmeta1,57,661,791,718,734
5e390bddcfeff,meta1,meta1@,73,827,993,900,920
5e390bddcfeff,@,@normal,93,389,573,482,480
5e390bddcfeff,normal,normalg,91,559,741,650,650
5e390bddcfeff,g,gbksp,91,328,513,419,422
5e390bddcfeff,bksp,bkspg,94,1338,1526,1432,1432
5e390bddcfeff,g,gm,94,222,456,316,362
5e390bddcfeff,m,ma,140,375,588,515,448
5e390bddcfeff,a,ai,73,437,591,510,518
5e390bddcfeff,i,i.,81,929,1103,1010,1022
5e390bddcfeff,.,.c,93,474,639,567,546
5e390bddcfeff,c,co,72,392,539,464,467
5e390bddcfeff,o,om,75,294,462,369,387
5e390bddcfeff,m,mp,93,38776,38940,38869,38847
5e390bddcfeff,p,pr,71,664,841,735,770
5e390bddcfeff,r,ra,106,242,421,348,315
5e390bddcfeff,a,aw,73,465,571,538,498
5e390bddcfeff,w,wi,33,695,818,728,785
5e390bddcfeff,i,in,90,210,355,300,265
5e390bddcfeff,n,n.,55,3794,3942,3849,3887
5e390bddcfeff,.,.a,93,675,844,768,751
5e390bddcfeff,a,ak,76,489,657,565,581
5e390bddcfeff,k,ks,92,759,943,851,851
5e390bddcfeff,s,sh,92,407,629,499,537
5e390bddcfeff,h,ha,130,237,461,367,331
5e390bddcfeff,a,ar,94,306,477,400,383
5e390bddcfeff,r,ra,77,223,356,300,279
5e390bddcfeff,a,am,56,529,709,585,653
5e390bddcfeff,m,ma,124,341,543,465,419
5e390bddcfeff,a,at,78,373,543,451,465
5e390bddcfeff,t,tmeta1,92,489,658,581,566
5e390bddcfeff,meta1,meta1normal,77,1592,1743,1669,1666
5e390bddcfeff,normal,normalg,74,627,778,701,704
5e390bddcfeff,g,gm,77,303,491,380,414
5e390bddcfeff,m,ma,111,439,597,550,486
5e390bddcfeff,a,ai,47,472,594,519,547
5e390bddcfeff,i,i.,75,837,1007,912,932
5e390bddcfeff,.,.c,95,525,697,620,602
5e390bddcfeff,c,co,77,373,510,450,433
5e390bddcfeff,o,om,60,232,391,292,331
5e390bddcfeff,m,mp,99,34947,35135,35046,35036
5e390bddcfeff,p,pr,89,610,814,699,725
5e390bddcfeff,r,ra,115,185,391,300,276
5e390bddcfeff,a,aw,91,127,271,218,180
5e390bddcfeff,w,wi,53,529,673,582,620
5e390bddcfeff,i,in,91,227,407,318,316
5e390bddcfeff,n,n.,89,728,891,817,802
5e390bddcfeff,.,.a,74,440,575,514,501
5e390bddcfeff,a,ak,61,390,560,451,499
5e390bddcfeff,k,ks,109,559,743,668,634
5e390bddcfeff,s,sh,75,389,556,464,481
5e390bddcfeff,h,ha,92,293,460,385,368
5e390bddcfeff,a,ar,75,257,405,332,330
5e390bddcfeff,r,ra,73,209,342,282,269
5e390bddcfeff,a,am,60,559,710,619,650
5e390bddcfeff,m,ma,91,358,509,449,418
5e390bddcfeff,a,at,60,313,426,373,366
5e390bddcfeff,t,tmeta1,53,575,687,628,634
5e390bddcfeff,meta1,meta1@,59,1890,2045,1949,1986
5e390bddcfeff,@,@normal,96,407,575,503,479
5e390bddcfeff,normal,normalg,72,1425,1589,1497,1517
5e390bddcfeff,g,gm,92,190,390,282,298
5e390bddcfeff,m,ma,108,347,528,455,420
5e390bddcfeff,a,ai,73,576,739,649,666
5e390bddcfeff,i,il,90,125,307,215,217
5e390bddcfeff,l,l.,92,408,597,500,505
5e390bddcfeff,.,.c,97,621,792,718,695
5e390bddcfeff,c,co,74,358,523,432,449
5e390bddcfeff,o,om,91,177,356,268,265
5e390bddcfeff,m,mp,88,34996,35192,35084,35104
5e390bddcfeff,p,pr,108,544,757,652,649
5e390bddcfeff,r,ra,105,210,421,315,316
5e390bddcfeff,a,aw,106,212,372,318,266
5e390bddcfeff,w,wi,54,496,643,550,589
5e390bddcfeff,i,in,93,189,371,282,278
5e390bddcfeff,n,n.,89,161,342,250,253
5e390bddcfeff,.,.a,92,507,658,599,566
5e390bddcfeff,a,ak,59,428,575,487,516
5e390bddcfeff,k,ks,88,426,588,514,500
5e390bddcfeff,s,sh,74,368,541,442,467
5e390bddcfeff,h,ha,99,293,481,392,382
5e390bddcfeff,a,ar,89,294,455,383,366
5e390bddcfeff,r,ra,72,178,305,250,233
5e390bddcfeff,a,am,55,380,545,435,490
5e390bddcfeff,m,ma,110,314,506,424,396
5e390bddcfeff,a,at,82,277,413,359,331
5e390bddcfeff,t,tmeta1,54,760,871,814,817
5e390bddcfeff,meta1,meta1@,57,1060,1226,1117,1169
5e390bddcfeff,@,@normal,109,306,508,415,399
5e390bddcfeff,normal,normalg,93,428,612,521,519
5e390bddcfeff,g,gm,91,174,355,265,264
5e390bddcfeff,m,ma,90,392,556,482,466
5e390bddcfeff,a,ai,74,814,928,888,854
5e390bddcfeff,i,i.,40,440,571,480,531
5e390bddcfeff,.,.v,91,460,639,551,548
5e390bddcfeff,v,vo,88,329,527,417,439
5e390bddcfeff,o,om,110,186,388,296,278
5e390bddcfeff,m,mc,92,4446,4628,4538,4536
5e390bddcfeff,c,cp,90,360,537,450,447
5e390bddcfeff,p,po,87,1712,1889,1799,1802
5e390bddcfeff,o,om,90,473,671,563,581
5e390bddcfeff,m,mp,108,41597,41797,41705,41689
5e390bddcfeff,p,pr,92,610,791,702,699
5e390bddcfeff,r,ra,89,224,424,313,335
5e390bddcfeff,a,aw,111,194,374,305,263
5e390bddcfeff,w,wi,69,497,659,566,590
5e390bddcfeff,i,in,93,298,472,391,379
5e390bddcfeff,n,n.,81,675,848,756,767
5e390bddcfeff,.,.s,92,1147,1325,1239,1233
5e390bddcfeff,s,sbksp,86,2076,2253,2162,2167
5e390bddcfeff,bksp,bkspa,91,758,908,849,817
5e390bddcfeff,a,ak,59,678,828,737,769
5e390bddcfeff,k,ks,91,460,590,551,499
5e390bddcfeff,s,sh,39,442,589,481,550
5e390bddcfeff,h,ha,108,241,424,349,316
5e390bddcfeff,a,ar,75,543,707,618,632
5e390bddcfeff,r,ra,89,175,338,264,249
5e390bddcfeff,a,am,74,597,775,671,701
5e390bddcfeff,m,ma,104,393,556,497,452
5e390bddcfeff,a,at,59,342,491,401,432
5e390bddcfeff,t,tmeta1,90,942,1089,1032,999
5e390bddcfeff,meta1,meta1@,57,710,861,767,804
5e390bddcfeff,@,@normal,94,324,508,418,414
5e390bddcfeff,normal,normalg,90,693,841,783,751
5e390bddcfeff,g,gbksp,58,241,390,299,332
5e390bddcfeff,bksp,bkspg,91,1251,1427,1342,1336
5e390bddcfeff,g,gm,85,307,482,392,397
5e390bddcfeff,m,ma,90,395,560,485,470
5e390bddcfeff,a,ai,75,574,742,649,667
5e390bddcfeff,i,il,93,208,387,301,294
5e390bddcfeff,l,l.,86,579,760,665,674
5e390bddcfeff,.,.c,95,504,672,599,577
5e390bddcfeff,c,co,73,463,610,536,537
5e390bddcfeff,o,om,74,292,425,366,351
5e390bddcfeff,m,mp,59,39080,39192,39139,39133
5e390bddcfeff,p,pr,53,656,789,709,736
5e390bddcfeff,r,ra,80,193,361,273,281
5e390bddcfeff,a,aw,88,108,269,196,181
5e390bddcfeff,w,wi,73,622,775,695,702
5e390bddcfeff,i,in,80,244,380,324,300
5e390bddcfeff,n,n.,56,611,738,667,682
5e390bddcfeff,.,.a,71,461,623,532,552
5e390bddcfeff,a,ak,91,536,726,627,635
5e390bddcfeff,k,ks,99,344,513,443,414
5e390bddcfeff,s,sh,70,396,555,466,485
5e390bddcfeff,h,ha,89,275,419,364,330
5e390bddcfeff,a,ar,55,212,377,267,322
5e390bddcfeff,r,ra,110,172,338,282,228
5e390bddcfeff,a,am,56,580,743,636,687
5e390bddcfeff,m,ma,107,343,522,450,415
5e390bddcfeff,a,at,72,311,445,383,373
5e390bddcfeff,t,tmeta1,62,571,690,633,628
5e390bddcfeff,meta1,meta1normal,57,1374,1505,1431,1448
5e390bddcfeff,normal,normalg,74,594,725,668,651
5e390bddcfeff,g,gm,57,343,491,400,434
5e390bddcfeff,m,ma,91,393,559,484,468
5e390bddcfeff,a,ai,75,375,525,450,450
5e390bddcfeff,i,i.,75,859,1025,934,950
5e390bddcfeff,.,.c,91,542,709,633,618
5e390bddcfeff,c,co,76,408,574,484,498
5e390bddcfeff,o,om,90,194,370,284,280
5e390bddcfeff,m,mp,86,35885,36039,35971,35953
5e390bddcfeff,p,pr,68,494,653,562,585
5e390bddcfeff,r,ra,91,190,389,281,298
5e390bddcfeff,a,aw,108,111,275,219,167
5e390bddcfeff,w,wi,56,527,694,583,638
5e390bddcfeff,i,in,111,242,408,353,297
5e390bddcfeff,n,n.,55,294,423,349,368
5e390bddcfeff,.,.a,74,526,689,600,615
5e390bddcfeff,a,ak,89,411,608,500,519
5e390bddcfeff,k,ks,108,442,639,550,531
5e390bddcfeff,s,sh,89,443,607,532,518
5e390bddcfeff,h,ha,75,274,439,349,364
5e390bddcfeff,a,ar,90,261,424,351,334
5e390bddcfeff,r,ra,73,158,290,231,217
5e390bddcfeff,a,am,59,379,549,438,490
5e390bddcfeff,m,ma,111,388,575,499,464
5e390bddcfeff,a,at,76,257,406,333,330
5e390bddcfeff,t,tmeta1,73,576,709,649,636
5e390bddcfeff,meta1,meta1@,60,1039,1174,1099,1114
5e390bddcfeff,@,@normal,75,426,577,501,502
5e390bddcfeff,normal,normalg,76,424,558,500,482
5e390bddcfeff,g,ga,58,876,1008,934,950
5e390bddcfeff,a,ai,74,443,607,517,533
5e390bddcfeff,i,i.,90,1093,1222,1183,1132
5e390bddcfeff,.,.c,39,559,689,598,650
5e390bddcfeff,c,co,91,578,746,669,655
5e390bddcfeff,o,om,77,190,356,267,279
5e390bddcfeff,m,mp,89,31814,31958,31903,31869
5e390bddcfeff,p,pr,55,612,755,667,700
5e390bddcfeff,r,ra,88,243,421,331,333
5e390bddcfeff,a,aw,90,143,291,233,201
5e390bddcfeff,w,wi,58,523,672,581,614
5e390bddcfeff,i,in,91,259,407,350,316
5e390bddcfeff,n,n.,57,347,462,404,405
5e390bddcfeff,.,.a,58,632,740,690,682
5e390bddcfeff,a,ak,50,411,534,461,484
5e390bddcfeff,k,ks,73,396,521,469,448
5e390bddcfeff,s,sa,52,1159,1304,1211,1252
5e390bddcfeff,a,ar,93,272,458,365,365
5e390bddcfeff,r,ra,93,143,276,236,183
5e390bddcfeff,a,am,40,357,458,397,418
5e390bddcfeff,m,ma,61,628,734,689,673
5e390bddcfeff,a,at,45,1202,1324,1247,1279
5e390bddcfeff,t,tmeta1,77,608,748,685,671
5e390bddcfeff,meta1,meta1@,63,1061,1185,1124,1122
5e390bddcfeff,@,@normal,61,355,495,416,434
5e390bddcfeff,normal,normalg,79,434,599,513,520
5e390bddcfeff,g,gm,86,275,453,361,367
5e390bddcfeff,m,ma,92,461,626,553,534
5e390bddcfeff,a,ai,73,342,510,415,437
5e390bddcfeff,i,il,95,273,457,368,362
5e390bddcfeff,l,l.,89,493,656,582,567
5e390bddcfeff,.,.c,74,394,542,468,468
5e390bddcfeff,c,co,74,409,559,483,485
5e390bddcfeff,o,om,76,173,340,249,264
5e390bddcfeff,m,mp,91,39862,40041,39953,39950
5e390bddcfeff,p,pr,88,511,709,599,621
5e390bddcfeff,r,ra,110,175,358,285,248
5e390bddcfeff,a,aw,73,109,237,182,164
5e390bddcfeff,w,wn,55,931,1056,986,1001
5e390bddcfeff,n,n.,70,494,638,564,568
5e390bddcfeff,.,.a,74,405,558,479,484
5e390bddcfeff,a,ak,79,592,780,671,701
5e390bddcfeff,k,ks,109,510,677,619,568
5e390bddcfeff,s,sh,58,374,521,432,463
5e390bddcfeff,h,ha,89,260,441,349,352
5e390bddcfeff,a,ar,92,208,372,300,280
5e390bddcfeff,r,ra,72,162,291,234,219
5e390bddcfeff,a,am,57,360,509,417,452
5e390bddcfeff,m,ma,92,358,541,450,449
5e390bddcfeff,a,at,91,227,406,318,315
5e390bddcfeff,t,tmeta1,88,376,538,464,450
5e390bddcfeff,meta1,meta1@,74,1061,1262,1135,1188
5e390bddcfeff,@,@normal,127,305,522,432,395
5e390bddcfeff,normal,normalg,90,392,558,482,468
5e390bddcfeff,g,gm,76,227,392,303,316
5e390bddcfeff,m,ma,89,394,575,483,486
5e390bddcfeff,a,ai,92,559,741,651,649
5e390bddcfeff,i,il,90,160,336,250,246
5e390bddcfeff,l,l.,86,795,941,881,855
5e390bddcfeff,.,.c,60,526,643,586,583
5e390bddcfeff,c,co,57,408,542,465,485
5e390bddcfeff,o,om,77,257,425,334,348
5e390bddcfeff,m,mn,91,-114488,-114325,-114397,-114416
5e390d77af5fb,n,ny,72,291,453,363,381
5e390d77af5fb,y,yx,90,183,325,273,235
5e390d77af5fb,x,x.,52,198,319,250,267
5e390d77af5fb,.,.n,69,345,504,414,435
5e390d77af5fb,n,nu,90,693,839,783,749
5e390d77af5fb,u,ut,56,310,441,366,385
5e390d77af5fb,t,tt,75,89,238,164,163
5e390d77af5fb,t,th,74,291,457,365,383
5e390d77af5fb,h,ha,92,108,310,200,218
5e390d77af5fb,a,ap,110,633,840,743,730
5e390d77af5fb,p,po,97,255,451,352,354
5e390d77af5fb,o,on,99,195,364,294,265
5e390d77af5fb,n,nmeta1,70,430,557,500,487
5e390d77af5fb,meta1,meta1@,57,943,1055,1000,998
5e390d77af5fb,@,@normal,55,164,287,219,232
5e390d77af5fb,normal,normalg,68,395,538,463,470
5e390d77af5fb,g,gm,75,325,490,400,415
5e390d77af5fb,m,ma,90,92,275,182,185
5e390d77af5fb,a,ai,93,112,241,205,148
5e390d77af5fb,i,il,36,163,237,199,201
5e390d77af5fb,l,l.,38,1125,1240,1163,1202
5e390d77af5fb,.,.v,77,375,527,452,450
5e390d77af5fb,v,vo,75,83,223,158,148
5e390d77af5fb,o,om,65,142,247,207,182
5e390d77af5fb,m,mbksp,40,1423,1556,1463,1516
5e390d77af5fb,bksp,bkspc,93,849,1011,942,918
5e390d77af5fb,c,co,69,146,284,215,215
5e390d77af5fb,o,om,69,163,286,232,217
5e390d77af5fb,m,mn,54,34540,34672,34594,34618
5e390d77af5fb,n,ny,78,213,362,291,284
5e390d77af5fb,y,yx,71,197,338,268,267
5e390d77af5fb,x,x.,70,193,337,263,267
5e390d77af5fb,.,.n,74,323,477,397,403
5e390d77af5fb,n,ny,80,308,480,388,400
5e390d77af5fb,y,yu,92,978,1159,1070,1067
5e390d77af5fb,u,ubksp,89,992,1152,1081,1063
5e390d77af5fb,bksp,bkspbksp,71,179,306,250,235
5e390d77af5fb,bksp,bkspy,56,562,655,618,599
5e390d77af5fb,y,ybksp,37,513,621,550,584
5e390d77af5fb,bksp,bkspu,71,329,473,400,402
5e390d77af5fb,u,ut,73,210,352,283,279
5e390d77af5fb,t,tt,69,92,237,161,168
5e390d77af5fb,t,th,76,130,260,206,184
5e390d77af5fb,h,ha,54,215,372,269,318
5e390d77af5fb,a,ap,103,110,301,213,198
5e390d77af5fb,p,po,88,107,271,195,183
5e390d77af5fb,o,on,76,179,326,255,250
5e390d77af5fb,n,nmeta1,71,429,572,500,501
5e390d77af5fb,meta1,meta1@,72,1014,1157,1086,1085
5e390d77af5fb,@,@normal,71,93,252,164,181
5e390d77af5fb,normal,normalg,88,498,641,586,553
5e390d77af5fb,g,gm,55,309,439,364,384
5e390d77af5fb,m,ma,75,67,240,142,165
5e390d77af5fb,a,ai,98,89,281,187,183
5e390d77af5fb,i,il,94,165,325,259,231
5e390d77af5fb,l,l.,66,483,635,549,569
5e390d77af5fb,.,.c,86,146,335,232,249
5e390d77af5fb,c,co,103,73,254,176,151
5e390d77af5fb,o,om,78,177,345,255,267
5e390d77af5fb,m,mn,90,27480,27657,27570,27567
5e390d77af5fb,n,ny,87,245,403,332,316
5e390d77af5fb,y,yx,71,229,372,300,301
5e390d77af5fb,x,x.,72,159,325,231,253
5e390d77af5fb,.,.n,94,310,494,404,400
5e390d77af5fb,n,nu,90,329,504,419,414
5e390d77af5fb,u,ut,85,211,350,296,265
5e390d77af5fb,t,tt,54,113,223,167,169
5e390d77af5fb,t,th,56,295,440,351,384
5e390d77af5fb,h,ha,89,280,473,369,384
5e390d77af5fb,a,ap,104,309,505,413,401
5e390d77af5fb,p,po,92,126,288,218,196
5e390d77af5fb,o,on,70,214,372,284,302
5e390d77af5fb,n,nmeta1,88,746,892,834,804
5e390d77af5fb,meta1,meta1@,58,692,822,750,764
5e390d77af5fb,@,@normal,72,130,270,202,198
5e390d77af5fb,normal,normalg,68,612,754,680,686
5e390d77af5fb,g,gm,74,358,503,432,429
5e390d77af5fb,m,ma,71,110,273,181,202
5e390d77af5fb,a,ai,92,123,290,215,198
5e390d77af5fb,i,il,75,147,292,222,217
5e390d77af5fb,l,l.,70,505,674,575,604
5e390d77af5fb,.,.c,99,276,466,375,367
5e390d77af5fb,c,co,91,109,270,200,179
5e390d77af5fb,o,om,70,215,324,285,254
5e390d77af5fb,m,mn,39,26742,26838,26781,26799
5e390d77af5fb,n,ny,57,207,339,264,282
5e390d77af5fb,y,yx,75,197,343,272,268
5e390d77af5fb,x,x.,71,165,337,236,266
5e390d77af5fb,.,.n,101,330,501,431,400
5e390d77af5fb,n,nu,70,412,556,482,486
5e390d77af5fb,u,ut,74,166,303,240,229
5e390d77af5fb,t,tt,63,104,233,167,170
5e390d77af5fb,t,th,66,153,300,219,234
5e390d77af5fb,h,ha,81,144,331,225,250
5e390d77af5fb,a,ap,106,155,354,261,248
5e390d77af5fb,p,po,93,114,276,207,183
5e390d77af5fb,o,on,69,211,353,280,284
5e390d77af5fb,n,nmeta1,73,278,408,351,335
5e390d77af5fb,meta1,meta1@,57,975,1105,1032,1048
5e390d77af5fb,@,@normal,73,113,255,186,182
5e390d77af5fb,normal,normalg,69,499,637,568,568
5e390d77af5fb,g,gm,69,277,418,346,349
5e390d77af5fb,m,ma,72,91,275,163,203
5e390d77af5fb,a,ai,112,111,310,223,198
5e390d77af5fb,i,il,87,127,288,214,201
5e390d77af5fb,l,l.,74,184,356,258,282
5e390d77af5fb,.,.o,98,372,550,470,452
5e390d77af5fb,o,om,80,178,311,258,231
5e390d77af5fb,m,mo,53,1160,1304,1213,1251
5e390d77af5fb,o,om,91,164,324,255,233
5e390d77af5fb,m,mn,69,33218,33358,33287,33289
5e390d77af5fb,n,ny,71,225,352,296,281
5e390d77af5fb,y,yx,56,645,793,701,737
5e390d77af5fb,x,x.,92,125,306,217,214
5e390d77af5fb,.,.n,89,179,355,268,266
5e390d77af5fb,n,nu,87,196,351,283,264
5e390d77af5fb,u,ut,68,432,557,500,489
5e390d77af5fb,t,tt,57,110,236,167,179
5e390d77af5fb,t,th,69,183,319,252,250
5e390d77af5fb,h,ha,67,196,351,263,284
5e390d77af5fb,a,ap,88,180,339,268,251
5e390d77af5fb,p,po,71,106,252,177,181
5e390d77af5fb,o,on,75,197,327,272,252
5e390d77af5fb,n,nmeta1,55,928,1035,983,980
5e390d77af5fb,meta1,meta1@,52,466,574,518,522
5e390d77af5fb,@,@normal,56,134,270,190,214
5e390d77af5fb,normal,normalg,80,511,663,591,583
5e390d77af5fb,g,gm,72,247,409,319,337
5e390d77af5fb,m,ma,90,105,285,195,195
5e390d77af5fb,a,ai,90,69,241,159,151
5e390d77af5fb,i,i.,82,614,752,696,670
5e390d77af5fb,.,.o,56,785,920,841,864
5e390d77af5fb,o,om,79,143,278,222,199
5e390d77af5fb,m,mn,56,26231,26374,26287,26318
5e390d77af5fb,n,ny,87,194,353,281,266
5e390d77af5fb,y,yx,72,179,323,251,251
5e390d77af5fb,x,x.,72,177,354,249,282
5e390d77af5fb,.,.n,105,183,374,288,269
5e390d77af5fb,n,nu,86,245,401,331,315
5e390d77af5fb,u,ut,70,166,287,236,217
5e390d77af5fb,t,tt,51,102,217,153,166
5e390d77af5fb,t,th,64,146,298,210,234
5e390d77af5fb,h,ha,88,212,406,300,318
5e390d77af5fb,a,ap,106,144,323,250,217
5e390d77af5fb,p,po,73,113,254,186,181
5e390d77af5fb,o,on,68,215,368,283,300
5e390d77af5fb,n,nmeta1,85,271,421,356,336
5e390d77af5fb,meta1,meta1normal,65,1204,1345,1269,1280
5e390d77af5fb,normal,normalg,76,430,563,506,487
5e390d77af5fb,g,gm,57,244,388,301,331
5e390d77af5fb,m,ma,87,73,256,160,169
5e390d77af5fb,a,ai,96,105,259,201,163
5e390d77af5fb,i,il,58,166,276,224,218
5e390d77af5fb,l,l.,52,229,338,281,286
5e390d77af5fb,.,.c,57,358,487,415,430
5e390d77af5fb,c,co,72,133,272,205,200
5e390d77af5fb,o,om,67,164,300,231,233
5e390d77af5fb,m,mn,69,33546,33703,33615,33634
5e390d77af5fb,n,ny,88,241,406,329,318
5e390d77af5fb,y,yx,77,217,360,294,283
5e390d77af5fb,x,x.,66,149,283,215,217
5e390d77af5fb,.,.n,68,198,352,266,284
5e390d77af5fb,n,nu,86,246,402,332,316
5e390d77af5fb,u,ut,70,149,271,219,201
5e390d77af5fb,t,tt,52,105,235,157,183
5e390d77af5fb,t,th,78,125,294,203,216
5e390d77af5fb,h,ha,91,129,311,220,220
5e390d77af5fb,a,ap,91,121,306,212,215
5e390d77af5fb,p,po,94,96,258,190,164
5e390d77af5fb,o,on,68,189,320,257,252
5e390d77af5fb,n,nmeta1,63,256,395,319,332
5e390d77af5fb,meta1,meta1@,76,1201,1375,1277,1299
5e390d77af5fb,@,@normal,98,120,300,218,202
5e390d77af5fb,normal,normalg,82,490,632,572,550
5e390d77af5fb,g,gm,60,314,444,374,384
5e390d77af5fb,m,ma,70,161,321,231,251
5e390d77af5fb,a,ai,90,139,323,229,233
5e390d77af5fb,i,il,94,177,327,271,233
5e390d77af5fb,l,l.,56,212,323,268,267
5e390d77af5fb,.,.v,55,246,372,301,317
5e390d77af5fb,v,vo,71,128,255,199,184
5e390d77af5fb,o,om,56,162,255,218,199
5e390d77af5fb,m,mc,37,1747,1853,1784,1816
5e390d77af5fb,c,co,69,129,252,198,183
5e390d77af5fb,o,om,54,156,286,210,232
5e390d77af5fb,m,mn,76,24418,24561,24494,24485
5e390d77af5fb,n,ny,67,213,335,280,268
5e390d77af5fb,y,yx,55,201,353,256,298
5e390d77af5fb,x,x.,97,138,334,235,237
5e390d77af5fb,.,.n,99,171,366,270,267
5e390d77af5fb,n,nu,96,260,431,356,335
5e390d77af5fb,u,ut,75,544,689,619,614
5e390d77af5fb,t,tt,70,80,218,150,148
5e390d77af5fb,t,th,68,146,285,214,217
5e390d77af5fb,h,ha,71,265,425,336,354
5e390d77af5fb,a,ap,89,124,304,213,215
5e390d77af5fb,p,po,91,109,273,200,182
5e390d77af5fb,o,on,73,145,289,218,216
5e390d77af5fb,n,nmeta1,71,498,639,569,568
5e390d77af5fb,meta1,meta1@,70,593,737,663,667
5e390d77af5fb,@,@normal,74,122,271,196,197
5e390d77af5fb,normal,normalg,75,479,647,554,572
5e390d77af5fb,g,gm,93,276,442,369,349
5e390d77af5fb,m,ma,73,112,238,185,165
5e390d77af5fb,a,ai,53,162,270,215,217
5e390d77af5fb,i,il,55,176,286,231,231
5e390d77af5fb,l,l.,55,663,792,718,737
5e390d77af5fb,.,.c,74,359,490,433,416
5e390d77af5fb,c,co,57,124,257,181,200
5e390d77af5fb,o,om,76,195,340,271,264
5e390d77af5fb,m,mn,69,25199,25338,25268,25269
5e390d77af5fb,n,ny,70,193,320,263,250
5e390d77af5fb,y,yx,57,261,393,318,336
5e390d77af5fb,x,x.,75,143,308,218,233
5e390d77af5fb,.,.n,90,660,842,750,752
5e390d77af5fb,n,nu,92,240,405,332,313
5e390d77af5fb,u,ut,73,145,272,218,199
5e390d77af5fb,t,tt,54,91,206,145,152
5e390d77af5fb,t,th,61,162,293,223,232
5e390d77af5fb,h,hp,70,230,387,300,317
5e390d77af5fb,p,pa,87,615,787,702,700
5e390d77af5fb,a,abksp,85,437,636,522,551
5e390d77af5fb,bksp,bkspa,114,513,713,627,599
5e390d77af5fb,a,ap,86,413,586,499,500
5e390d77af5fb,p,po,87,114,270,201,183
5e390d77af5fb,o,on,69,147,286,216,217
5e390d77af5fb,n,nmeta1,70,981,1122,1051,1052
5e390d77af5fb,meta1,meta1@,71,479,637,550,566
5e390d77af5fb,@,@normal,87,145,302,232,215
5e390d77af5fb,normal,normalg,70,580,708,650,638
5e390d77af5fb,g,gm,58,210,338,268,280
5e390d77af5fb,m,ma,70,106,270,176,200
5e390d77af5fb,a,ai,94,113,259,207,165
5e390d77af5fb,i,il,52,129,237,181,185
5e390d77af5fb,l,l.,56,194,322,250,266
5e390d77af5fb,.,.c,72,128,289,200,217
5e390d77af5fb,c,co,89,93,240,182,151
5e390d77af5fb,o,om,58,161,273,219,215
5e390d77af5fb,m,mn,54,26534,26656,26588,26602
5e390d77af5fb,n,ny,68,163,301,231,233
5e390d77af5fb,y,yx,70,205,353,275,283
5e390d77af5fb,x,x.,78,108,279,186,201
5e390d77af5fb,.,.n,93,295,480,388,387
5e390d77af5fb,n,nu,92,227,387,319,295
5e390d77af5fb,u,ut,68,164,303,232,235
5e390d77af5fb,t,tt,71,110,236,181,165
5e390d77af5fb,t,th,55,146,273,201,218
5e390d77af5fb,h,ha,72,165,322,237,250
5e390d77af5fb,a,ap,85,146,318,231,233
5e390d77af5fb,p,po,87,94,253,181,166
5e390d77af5fb,o,on,72,184,291,256,219
5e390d77af5fb,n,nmeta1,35,513,619,548,584
5e390d77af5fb,meta1,meta1@,71,789,935,860,864
5e390d77af5fb,@,@normal,75,129,274,204,199
5e390d77af5fb,normal,normalg,70,731,872,801,802
5e390d77af5fb,g,gm,71,1111,1271,1182,1200
5e390d77af5fb,m,ma,89,97,273,186,184
5e390d77af5fb,a,ai,87,94,234,181,147
5e390d77af5fb,i,il,53,125,239,178,186
5e390d77af5fb,l,l.,61,197,328,258,267
5e390d77af5fb,.,.c,70,173,335,243,265
5e390d77af5fb,c,co,92,74,226,166,134
5e390d77af5fb,o,om,60,131,259,191,199
5e390d77af5fb,m,mw,68,-321861,-321721,-321793,-321789
5e390d88e0d6d,w,wa,72,195,387,267,315
5e390d88e0d6d,a,ai,120,344,554,464,434
5e390d88e0d6d,i,iy,90,199,386,289,296
5e390d88e0d6d,y,ya,97,135,332,232,235
5e390d88e0d6d,a,ak,100,238,404,338,304
5e390d88e0d6d,k,ko,66,115,279,181,213
5e390d88e0d6d,o,or,98,262,430,360,332
5e390d88e0d6d,r,rn,70,252,403,322,333
5e390d88e0d6d,n,n.,81,274,454,355,373
5e390d88e0d6d,.,.p,99,278,464,377,365
5e390d88e0d6d,p,ph,87,379,555,466,468
5e390d88e0d6d,h,ho,89,210,387,299,298
5e390d88e0d6d,o,oo,88,124,287,212,199
5e390d88e0d6d,o,om,75,1082,1224,1157,1149
5e390d88e0d6d,m,mj,67,749,886,816,819
5e390d88e0d6d,j,jr,70,757,936,827,866
5e390d88e0d6d,r,ro,109,146,326,255,217
5e390d88e0d6d,o,oe,71,229,403,300,332
5e390d88e0d6d,e,en,103,313,506,416,403
5e390d88e0d6d,n,nw,90,175,371,265,281
5e390d88e0d6d,w,wa,106,158,390,264,284
5e390d88e0d6d,a,at,126,220,441,346,315
5e390d88e0d6d,t,tmeta1,95,2496,2681,2591,2586
5e390d88e0d6d,meta1,meta1@,90,460,639,550,549
5e390d88e0d6d,@,@normal,89,161,370,250,281
5e390d88e0d6d,normal,normalg,120,1648,1841,1768,1721
5e390d88e0d6d,g,gm,73,444,606,517,533
5e390d88e0d6d,m,mi,89,376,554,465,465
5e390d88e0d6d,i,il,89,296,473,385,384
5e390d88e0d6d,l,l.,88,676,873,764,785
5e390d88e0d6d,.,.c,109,143,372,252,263
5e390d88e0d6d,c,co,120,129,338,249,218
5e390d88e0d6d,o,om,89,247,423,336,334
5e390d88e0d6d,m,mw,87,45768,45970,45855,45883
5e390d88e0d6d,w,wi,115,714,900,829,785
5e390d88e0d6d,i,iy,71,247,373,318,302
5e390d88e0d6d,y,yk,55,577,673,632,618
5e390d88e0d6d,k,ko,41,159,290,200,249
5e390d88e0d6d,o,or,90,292,488,382,398
5e390d88e0d6d,r,rn,106,262,441,368,335
5e390d88e0d6d,n,n.,73,695,853,768,780
5e390d88e0d6d,.,.p,85,229,404,314,319
5e390d88e0d6d,p,ph,90,410,608,500,518
5e390d88e0d6d,h,ho,108,159,341,267,233
5e390d88e0d6d,o,oo,74,194,373,268,299
5e390d88e0d6d,o,om,105,314,511,419,406
5e390d88e0d6d,m,mj,92,222,436,314,344
5e390d88e0d6d,j,jr,122,597,842,719,720
5e390d88e0d6d,r,ro,123,139,388,262,265
5e390d88e0d6d,o,oe,126,243,460,369,334
5e390d88e0d6d,e,en,91,240,422,331,331
5e390d88e0d6d,n,nw,91,127,343,218,252
5e390d88e0d6d,w,wt,125,576,790,701,665
5e390d88e0d6d,t,tmeta1,89,479,639,568,550
5e390d88e0d6d,meta1,meta1@,71,528,670,599,599
5e390d88e0d6d,@,@normal,71,247,440,318,369
5e390d88e0d6d,normal,normalg,122,629,806,751,684
5e390d88e0d6d,g,gm,55,759,922,814,867
5e390d88e0d6d,m,ma,108,610,840,718,732
5e390d88e0d6d,a,ai,122,227,421,349,299
5e390d88e0d6d,i,il,72,361,489,433,417
5e390d88e0d6d,l,l.,56,562,706,618,650
5e390d88e0d6d,.,.c,88,344,594,432,506
5e390d88e0d6d,c,co,162,240,488,402,326
5e390d88e0d6d,o,om,86,261,459,347,373
5e390d88e0d6d,m,mw,112,42169,42361,42281,42249
5e390d88e0d6d,w,wa,80,230,380,310,300
5e390d88e0d6d,a,ai,70,799,936,869,866
5e390d88e0d6d,i,iy,67,200,382,267,315
5e390d88e0d6d,y,ya,115,170,418,285,303
5e390d88e0d6d,a,ak,133,201,429,334,296
5e390d88e0d6d,k,ko,95,125,316,220,221
5e390d88e0d6d,o,or,96,279,462,375,366
5e390d88e0d6d,r,rn,87,226,385,313,298
5e390d88e0d6d,n,n.,72,265,442,337,370
5e390d88e0d6d,.,.p,105,227,419,332,314
5e390d88e0d6d,p,ph,87,262,458,349,371
5e390d88e0d6d,h,ho,109,213,419,322,310
5e390d88e0d6d,o,oo,97,141,332,238,235
5e390d88e0d6d,o,om,94,278,465,372,371
5e390d88e0d6d,m,mj,93,176,372,269,279
5e390d88e0d6d,j,jr,103,564,774,667,671
5e390d88e0d6d,r,ro,107,174,370,281,263
5e390d88e0d6d,o,oe,89,144,438,233,349
5e390d88e0d6d,e,en,205,209,507,414,302
5e390d88e0d6d,n,nw,93,175,373,268,280
5e390d88e0d6d,w,wa,105,148,339,253,234
5e390d88e0d6d,a,at,86,235,406,321,320
5e390d88e0d6d,t,tmeta1,85,1759,1935,1844,1850
5e390d88e0d6d,meta1,meta1@,91,414,592,505,501
5e390d88e0d6d,@,@normal,87,463,637,550,550
5e390d88e0d6d,normal,normalg,87,794,921,881,834
5e390d88e0d6d,g,gm,40,492,622,532,582
5e390d88e0d6d,m,ma,90,195,407,285,317
5e390d88e0d6d,a,ai,122,244,436,366,314
5e390d88e0d6d,i,il,70,311,457,381,387
5e390d88e0d6d,l,l.,76,510,661,586,585
5e390d88e0d6d,.,.c,75,558,723,633,648
5e390d88e0d6d,c,co,90,141,305,231,215
5e390d88e0d6d,o,om,74,313,495,387,421
5e390d88e0d6d,m,mw,108,38863,39056,38971,38948
5e390d88e0d6d,w,wa,85,145,336,230,251
5e390d88e0d6d,a,ai,106,253,454,359,348
5e390d88e0d6d,i,iy,95,196,380,291,285
5e390d88e0d6d,y,ya,89,161,355,250,266
5e390d88e0d6d,a,ak,105,177,354,282,249
5e390d88e0d6d,k,ko,72,678,857,750,785
5e390d88e0d6d,o,or,107,261,474,368,367
5e390d88e0d6d,r,rn,106,244,440,350,334
5e390d88e0d6d,n,n.,90,372,574,462,484
5e390d88e0d6d,.,.p,112,244,442,356,330
5e390d88e0d6d,p,ph,86,264,455,350,369
5e390d88e0d6d,h,ho,105,262,455,367,350
5e390d88e0d6d,o,oo,88,176,353,264,265
5e390d88e0d6d,o,om,89,249,463,338,374
5e390d88e0d6d,m,mj,125,188,420,313,295
5e390d88e0d6d,j,ja,107,134,339,241,232
5e390d88e0d6d,a,ao,98,1129,1336,1227,1238
5e390d88e0d6d,o,oe,109,273,506,382,397
5e390d88e0d6d,e,en,124,201,454,325,330
5e390d88e0d6d,n,nw,129,134,361,263,232
5e390d88e0d6d,w,wa,98,154,404,252,306
5e390d88e0d6d,a,at,152,248,497,400,345
5e390d88e0d6d,t,tmeta1,97,1494,1683,1591,1586
5e390d88e0d6d,meta1,meta1@,92,366,540,458,448
5e390d88e0d6d,@,@normal,82,255,449,337,367
5e390d88e0d6d,normal,normalg,112,948,1131,1060,1019
5e390d88e0d6d,g,gm,71,293,472,364,401
5e390d88e0d6d,m,ma,108,492,708,600,600
5e390d88e0d6d,a,ai,108,242,440,350,332
5e390d88e0d6d,i,il,90,278,458,368,368
5e390d88e0d6d,l,l.,90,542,744,632,654
5e390d88e0d6d,.,.c,112,1038,1257,1150,1145
5e390d88e0d6d,c,co,107,543,773,650,666
5e390d88e0d6d,o,om,123,527,757,650,634
5e390d88e0d6d,m,mw,107,38446,38657,38553,38550
5e390d88e0d6d,w,wa,104,221,423,325,319
5e390d88e0d6d,a,ai,98,581,800,679,702
5e390d88e0d6d,i,iy,121,180,385,301,264
5e390d88e0d6d,y,ya,84,102,366,186,282
5e390d88e0d6d,a,ak,180,142,414,322,234
5e390d88e0d6d,k,ko,92,180,343,272,251
5e390d88e0d6d,o,or,71,297,457,368,386
5e390d88e0d6d,r,rn,89,275,435,364,346
5e390d88e0d6d,n,n.,71,1246,1392,1317,1321
5e390d88e0d6d,.,.p,75,526,674,601,599
5e390d88e0d6d,p,ph,73,327,505,400,432
5e390d88e0d6d,h,ho,105,194,390,299,285
5e390d88e0d6d,o,oo,91,177,371,268,280
5e390d88e0d6d,o,om,103,462,673,565,570
5e390d88e0d6d,m,mj,108,205,406,313,298
5e390d88e0d6d,j,ja,93,1375,1560,1468,1467
5e390d88e0d6d,a,ar,92,1145,1275,1237,1183
5e390d88e0d6d,r,ro,38,211,337,249,299
5e390d88e0d6d,o,oe,88,157,421,245,333
5e390d88e0d6d,e,en,176,340,609,516,433
5e390d88e0d6d,n,nw,93,180,393,273,300
5e390d88e0d6d,w,wa,120,145,406,265,286
5e390d88e0d6d,a,at,141,331,574,472,433
5e390d88e0d6d,t,tmeta1,102,1606,1802,1708,1700
5e390d88e0d6d,meta1,meta1@,94,728,894,822,800
5e390d88e0d6d,@,@normal,72,396,571,468,499
5e390d88e0d6d,normal,normalg,103,692,870,795,767
5e390d88e0d6d,g,gm,75,676,843,751,768
5e390d88e0d6d,m,ma,92,157,357,249,265
5e390d88e0d6d,a,ai,108,461,641,569,533
5e390d88e0d6d,i,il,72,346,490,418,418
5e390d88e0d6d,l,l.,72,409,589,481,517
5e390d88e0d6d,.,.c,108,310,506,418,398
5e390d88e0d6d,c,co,88,181,355,269,267
5e390d88e0d6d,o,om,86,245,422,331,336
5e390d88e0d6d,m,mw,91,31908,32142,31999,32051
5e390d88e0d6d,w,wa,143,179,442,322,299
5e390d88e0d6d,a,ai,120,797,1004,917,884
5e390d88e0d6d,i,iy,87,159,353,246,266
5e390d88e0d6d,y,yk,107,443,641,550,534
5e390d88e0d6d,k,ko,91,109,274,200,183
5e390d88e0d6d,o,or,74,213,414,287,340
5e390d88e0d6d,r,rn,127,154,352,281,225
5e390d88e0d6d,n,n.,71,244,403,315,332
5e390d88e0d6d,.,.p,88,247,408,335,320
5e390d88e0d6d,p,ph,73,264,440,337,367
5e390d88e0d6d,h,ho,103,129,301,232,198
5e390d88e0d6d,o,oo,69,111,236,180,167
5e390d88e0d6d,o,om,56,227,374,283,318
5e390d88e0d6d,m,mj,91,127,323,218,232
5e390d88e0d6d,j,jr,105,476,673,581,568
5e390d88e0d6d,r,ro,92,247,392,339,300
5e390d88e0d6d,o,oe,53,146,303,199,250
5e390d88e0d6d,e,en,104,212,403,316,299
5e390d88e0d6d,n,nw,87,196,403,283,316
5e390d88e0d6d,w,wt,120,374,591,494,471
5e390d88e0d6d,t,tmeta1,97,1359,1546,1456,1449
5e390d88e0d6d,meta1,meta1@,90,341,507,431,417
5e390d88e0d6d,@,@normal,76,125,308,201,232
5e390d88e0d6d,normal,normalg,107,479,658,586,551
5e390d88e0d6d,g,ga,72,423,606,495,534
5e390d88e0d6d,a,am,111,826,1064,937,953
5e390d88e0d6d,m,ma,127,154,340,281,213
5e390d88e0d6d,a,abksp,59,1542,1709,1601,1650
5e390d88e0d6d,bksp,bkspbksp,108,391,627,499,519
5e390d88e0d6d,bksp,bkspg,128,873,1093,1001,965
5e390d88e0d6d,g,gm,92,644,859,736,767
5e390d88e0d6d,m,ma,123,173,405,296,282
5e390d88e0d6d,a,ao,109,327,508,436,399
5e390d88e0d6d,o,ol,72,2195,2356,2267,2284
5e390d88e0d6d,l,l.,89,426,573,515,484
5e390d88e0d6d,.,.c,58,251,439,309,381
5e390d88e0d6d,c,co,130,94,329,224,199
5e390d88e0d6d,o,om,105,311,491,416,386
5e390d88e0d6d,m,mw,75,33278,33461,33353,33386
5e390d88e0d6d,w,wa,108,146,357,254,249
5e390d88e0d6d,a,ai,103,561,772,664,669
5e390d88e0d6d,i,iy,108,242,421,350,313
5e390d88e0d6d,y,ya,71,197,306,268,235
5e390d88e0d6d,a,ak,38,413,594,451,556
5e390d88e0d6d,k,ko,143,124,369,267,226
5e390d88e0d6d,o,or,102,513,725,615,623
5e390d88e0d6d,r,rn,110,257,438,367,328
5e390d88e0d6d,n,n.,71,397,595,468,524
5e390d88e0d6d,.,.p,127,493,767,620,640
5e390d88e0d6d,p,ph,147,289,548,436,401
5e390d88e0d6d,h,ho,112,145,362,257,250
5e390d88e0d6d,o,oo,105,146,323,251,218
5e390d88e0d6d,o,om,72,246,406,318,334
5e390d88e0d6d,m,mj,88,181,355,269,267
5e390d88e0d6d,j,jr,86,513,687,599,601
5e390d88e0d6d,r,ro,88,225,421,313,333
5e390d88e0d6d,o,oe,108,158,391,266,283
5e390d88e0d6d,e,en,125,148,390,273,265
5e390d88e0d6d,n,nw,117,104,351,221,234
5e390d88e0d6d,w,wa,130,156,432,286,302
5e390d88e0d6d,a,at,146,195,411,341,265
5e390d88e0d6d,t,tmeta1,70,2650,2817,2720,2747
5e390d88e0d6d,meta1,meta1@,97,324,482,421,385
5e390d88e0d6d,@,@normal,61,183,375,244,314
5e390d88e0d6d,normal,normalg,131,1697,1919,1828,1788
5e390d88e0d6d,g,gm,91,396,575,487,484
5e390d88e0d6d,m,ma,88,207,422,295,334
5e390d88e0d6d,a,ai,127,309,509,436,382
5e390d88e0d6d,i,i.,73,1028,1191,1101,1118
5e390d88e0d6d,.,.c,90,228,439,318,349
5e390d88e0d6d,c,co,121,178,402,299,281
5e390d88e0d6d,o,om,103,262,489,365,386
5e390d88e0d6d,m,mw,124,32583,32823,32707,32699
5e390d88e0d6d,w,wa,116,282,503,398,387
5e390d88e0d6d,a,ai,105,278,470,383,365
5e390d88e0d6d,i,iy,87,1097,1272,1184,1185
5e390d88e0d6d,y,ya,88,94,286,182,198
5e390d88e0d6d,a,ak,104,229,405,333,301
5e390d88e0d6d,k,ko,72,160,304,232,232
5e390d88e0d6d,o,or,72,257,406,329,334
5e390d88e0d6d,r,rn,77,212,378,289,301
5e390d88e0d6d,n,n.,89,311,505,400,416
5e390d88e0d6d,.,.p,105,191,387,296,282
5e390d88e0d6d,p,ph,91,296,459,387,368
5e390d88e0d6d,h,ho,72,177,337,249,265
5e390d88e0d6d,o,oo,88,107,291,195,203
5e390d88e0d6d,o,om,96,277,480,373,384
5e390d88e0d6d,m,mj,107,144,354,251,247
5e390d88e0d6d,j,ja,103,146,319,249,216
5e390d88e0d6d,a,ar,70,280,455,350,385
5e390d88e0d6d,r,ro,105,177,373,282,268
5e390d88e0d6d,o,oe,91,160,358,251,267
5e390d88e0d6d,e,en,107,160,371,267,264
5e390d88e0d6d,n,nw,104,128,338,232,234
5e390d88e0d6d,w,wt,106,395,587,501,481
5e390d88e0d6d,t,tt,86,1531,1737,1617,1651
5e390d88e0d6d,t,tbksp,120,791,1023,911,903
5e390d88e0d6d,bksp,bkspbksp,112,105,312,217,200
5e390d88e0d6d,bksp,bkspbksp,95,259,463,354,368
5e390d88e0d6d,bksp,bkspa,109,391,609,500,500
5e390d88e0d6d,a,at,109,323,491,432,382
5e390d88e0d6d,t,tmeta1,59,1445,1608,1504,1549
5e390d88e0d6d,meta1,meta1@,104,516,675,620,571
5e390d88e0d6d,@,@normal,55,112,299,167,244
5e390d88e0d6d,normal,normalg,132,913,1151,1045,1019
5e390d88e0d6d,g,gm,106,226,438,332,332
5e390d88e0d6d,m,ma,106,229,456,335,350
5e390d88e0d6d,a,ai,121,262,507,383,386
5e390d88e0d6d,i,il,124,377,606,501,482
5e390d88e0d6d,l,l.,105,576,788,681,683
5e390d88e0d6d,.,.c,107,294,525,401,418
5e390d88e0d6d,c,co,124,92,310,216,186
5e390d88e0d6d,o,om,94,339,542,433,448
5e390d88e0d6d,m,mw,109,30331,30511,30440,30402
5e390d88e0d6d,w,wa,71,859,1005,930,934
5e390d88e0d6d,a,ai,75,607,757,682,682
5e390d88e0d6d,i,iy,75,230,406,305,331
5e390d88e0d6d,y,ya,101,148,336,249,235
5e390d88e0d6d,a,ak,87,559,737,646,650
5e390d88e0d6d,k,ko,91,127,323,218,232
5e390d88e0d6d,o,or,105,195,388,300,283
5e390d88e0d6d,r,rn,88,181,338,269,250
5e390d88e0d6d,n,n.,69,295,459,364,390
5e390d88e0d6d,.,.p,95,258,440,353,345
5e390d88e0d6d,p,ph,87,345,537,432,450
5e390d88e0d6d,h,ho,105,176,423,281,318
5e390d88e0d6d,o,oo,142,177,356,319,214
5e390d88e0d6d,o,om,37,295,460,332,423
5e390d88e0d6d,m,mj,128,159,389,287,261
5e390d88e0d6d,j,ja,102,74,304,176,202
5e390d88e0d6d,a,ar,128,277,528,405,400
5e390d88e0d6d,r,ro,123,226,438,349,315
5e390d88e0d6d,o,oe,89,145,356,234,267
5e390d88e0d6d,e,en,122,176,405,298,283
5e390d88e0d6d,n,nw,107,144,374,251,267
5e390d88e0d6d,w,wt,123,370,573,493,450
5e390d88e0d6d,t,tt,80,1594,1747,1674,1667
5e390d88e0d6d,t,tmeta1,73,2328,2506,2401,2433
5e390d88e0d6d,meta1,meta1@,105,427,606,532,501
5e390d88e0d6d,@,@normal,74,244,422,318,348
5e390d88e0d6d,normal,normalg,104,964,1139,1068,1035
5e390d88e0d6d,g,gm,71,479,637,550,566
5e390d88e0d6d,m,ma,87,213,439,300,352
5e390d88e0d6d,a,ai,139,207,417,346,278
5e390d88e0d6d,i,i.,71,696,895,767,824
5e390d88e0d6d,.,.c,128,141,390,269,262
5e390d88e0d6d,c,co,121,111,288,232,167
5e390d88e0d6d,o,om,56,294,476,350,420
5e390d88e0d6d,m,mw,126,31694,31894,31820,31768
5e390d88e0d6d,w,wa,74,195,370,269,296
5e390d88e0d6d,a,ai,101,548,739,649,638
5e390d88e0d6d,i,iy,90,228,371,318,281
5e390d88e0d6d,y,ya,53,138,319,191,266
5e390d88e0d6d,a,ak,128,164,362,292,234
5e390d88e0d6d,k,ko,70,133,300,203,230
5e390d88e0d6d,o,or,97,219,432,316,335
5e390d88e0d6d,r,rm,116,207,383,323,267
5e390d88e0d6d,m,mbksp,60,749,877,809,817
5e390d88e0d6d,bksp,bkspn,68,180,320,248,252
5e390d88e0d6d,n,n.,72,659,823,731,751
5e390d88e0d6d,.,..,92,1626,1792,1718,1700
5e390d88e0d6d,.,.p,74,227,370,301,296
5e390d88e0d6d,p,ph,69,331,545,400,476
5e390d88e0d6d,h,ho,145,154,386,299,241
5e390d88e0d6d,o,oo,87,130,287,217,200
5e390d88e0d6d,o,om,70,663,822,733,752
5e390d88e0d6d,m,mj,89,144,337,233,248
5e390d88e0d6d,j,ja,104,145,390,249,286
5e390d88e0d6d,a,ar,141,244,474,385,333
5e390d88e0d6d,r,ro,89,276,455,365,366
5e390d88e0d6d,o,oe,90,208,421,298,331
5e390d88e0d6d,e,en,123,216,441,339,318
5e390d88e0d6d,n,nw,102,93,286,195,184
5e390d88e0d6d,w,wt,91,404,589,495,498
5e390d88e0d6d,t,tmeta1,94,1467,1662,1561,1568
5e390d88e0d6d,meta1,meta1@,101,462,673,563,572
5e390d88e0d6d,@,@normal,110,352,573,462,463
5e390d88e0d6d,normal,normalg,111,1176,1379,1287,1268
5e390d88e0d6d,g,gm,92,344,545,436,453
5e390d88e0d6d,m,ma,109,138,388,247,279
5e390d88e0d6d,a,ai,141,176,389,317,248
5e390d88e0d6d,i,ic,72,839,1045,911,973
5e390d88e0d6d,c,co,134,63,279,197,145
5e390d88e0d6d,o,om,82,229,414,311,332
5e390d88e0d6d,m,mn,103,-479373,-479215,-479270,-479318
5e390daa6d5a4,n,ni,55,163,303,218,248
5e390daa6d5a4,i,in,85,146,319,231,234
5e390daa6d5a4,n,ne,88,91,285,179,197
5e390daa6d5a4,e,ew,106,72,309,178,203
5e390daa6d5a4,w,w.,131,53,278,184,147
5e390daa6d5a4,.,.j,94,180,380,274,286
5e390daa6d5a4,j,jc,106,54,294,160,188
5e390daa6d5a4,c,ck,134,-17,196,117,62
5e390daa6d5a4,k,kmeta1,79,496,678,575,599
5e390daa6d5a4,meta1,meta1@,103,863,1072,966,969
5e390daa6d5a4,@,@normal,106,295,488,401,382
5e390daa6d5a4,normal,normalg,87,562,737,649,650
5e390daa6d5a4,g,gm,88,87,287,175,199
5e390daa6d5a4,m,ma,112,73,297,185,185
5e390daa6d5a4,a,ai,112,128,295,240,183
5e390daa6d5a4,i,il,55,137,287,192,232
5e390daa6d5a4,l,l.,95,480,681,575,586
5e390daa6d5a4,.,.c,106,126,337,232,231
5e390daa6d5a4,c,co,105,54,258,159,153
5e390daa6d5a4,o,om,99,127,297,226,198
5e390daa6d5a4,m,mn,71,24915,25075,24986,25004
5e390daa6d5a4,n,ni,89,178,352,267,263
5e390daa6d5a4,i,in,85,128,353,213,268
5e390daa6d5a4,n,ne,140,35,306,175,166
5e390daa6d5a4,e,ew,131,90,347,221,216
5e390daa6d5a4,w,w.,126,57,293,183,167
5e390daa6d5a4,.,.j,110,162,359,272,249
5e390daa6d5a4,j,jc,87,54,240,141,153
5e390daa6d5a4,c,ck,99,19,198,118,99
5e390daa6d5a4,k,kmeta1,80,478,664,558,584
5e390daa6d5a4,meta1,meta1@,106,826,1039,932,933
5e390daa6d5a4,@,@normal,107,161,354,268,247
5e390daa6d5a4,normal,normalg,86,365,524,451,438
5e390daa6d5a4,g,gm,73,121,285,194,212
5e390daa6d5a4,m,ma,91,88,294,179,203
5e390daa6d5a4,a,ai,115,55,249,170,134
5e390daa6d5a4,i,il,79,127,278,206,199
5e390daa6d5a4,l,l.,72,142,322,214,250
5e390daa6d5a4,.,.c,108,96,273,204,165
5e390daa6d5a4,c,co,69,55,221,124,152
5e390daa6d5a4,o,om,97,105,313,202,216
5e390daa6d5a4,m,mn,111,23685,23879,23796,23768
5e390daa6d5a4,n,ni,83,165,333,248,250
5e390daa6d5a4,i,in,85,129,337,214,252
5e390daa6d5a4,n,ne,123,52,272,175,149
5e390daa6d5a4,e,ew,97,108,314,205,217
5e390daa6d5a4,w,w.,109,53,277,162,168
5e390daa6d5a4,.,.j,115,161,363,276,248
5e390daa6d5a4,j,jc,87,53,257,140,170
5e390daa6d5a4,c,ck,117,5,211,122,94
5e390daa6d5a4,k,kmeta1,89,299,475,388,386
5e390daa6d5a4,meta1,meta1@,87,645,856,732,769
5e390daa6d5a4,@,@normal,124,144,371,268,247
5e390daa6d5a4,normal,normalg,103,360,572,463,469
5e390daa6d5a4,g,gm,109,88,323,197,214
5e390daa6d5a4,m,ma,126,38,293,164,167
5e390daa6d5a4,a,ai,129,57,245,186,116
5e390daa6d5a4,i,io,59,112,259,171,200
5e390daa6d5a4,o,o.,88,154,372,242,284
5e390daa6d5a4,.,.c,130,57,286,187,156
5e390daa6d5a4,c,co,99,47,260,146,161
5e390daa6d5a4,o,om,114,90,297,204,183
5e390daa6d5a4,m,mbksp,93,2123,2312,2216,2219
5e390daa6d5a4,bksp,bkspbksp,96,69,263,165,167
5e390daa6d5a4,bksp,bkspbksp,98,2462,2662,2560,2564
5e390daa6d5a4,bksp,bkspbksp,102,117,291,219,189
5e390daa6d5a4,bksp,bkspbksp,72,70,234,142,162
5e390daa6d5a4,bksp,bkspbksp,92,79,276,171,184
5e390daa6d5a4,bksp,bkspbksp,105,291,504,396,399
5e390daa6d5a4,bksp,bkspl,108,516,694,624,586
5e390daa6d5a4,l,l.,70,197,370,267,300
5e390daa6d5a4,.,.c,103,127,332,230,229
5e390daa6d5a4,c,co,102,38,238,140,136
5e390daa6d5a4,o,om,98,133,316,231,218
5e390daa6d5a4,m,mn,85,25309,25536,25394,25451
5e390daa6d5a4,n,ni,142,1978,2240,2120,2098
5e390daa6d5a4,i,in,120,196,436,316,316
5e390daa6d5a4,n,ne,120,75,289,195,169
5e390daa6d5a4,e,ew,94,106,328,200,234
5e390daa6d5a4,w,w.,128,1091,1295,1219,1167
5e390daa6d5a4,.,.normal,76,134,289,210,213
5e390daa6d5a4,normal,normalj,79,361,550,440,471
5e390daa6d5a4,j,jc,110,108,308,218,198
5e390daa6d5a4,c,ck,90,79,257,169,167
5e390daa6d5a4,k,kmeta1,88,193,387,281,299
5e390daa6d5a4,meta1,meta1@,106,462,642,568,536
5e390daa6d5a4,@,@normal,74,125,287,199,213
5e390daa6d5a4,normal,normalg,88,382,591,470,503
5e390daa6d5a4,g,gm,121,110,352,231,231
5e390daa6d5a4,m,ma,121,79,289,200,168
5e390daa6d5a4,a,ai,89,51,223,140,134
5e390daa6d5a4,i,il,83,86,318,169,235
5e390daa6d5a4,l,l.,149,142,435,291,286
5e390daa6d5a4,.,.c,144,5,252,149,108
5e390daa6d5a4,c,co,103,71,272,174,169
5e390daa6d5a4,o,om,98,129,332,227,234
5e390daa6d5a4,m,mn,105,28866,29041,28971,28936
5e390daa6d5a4,n,ni,70,175,319,245,249
5e390daa6d5a4,i,in,74,161,323,235,249
5e390daa6d5a4,n,ne,88,113,305,201,217
5e390daa6d5a4,e,ew,104,134,356,238,252
5e390daa6d5a4,w,w.,118,36,267,154,149
5e390daa6d5a4,.,.j,113,150,377,263,264
5e390daa6d5a4,j,jc,114,71,267,185,153
5e390daa6d5a4,c,ck,82,35,200,117,118
5e390daa6d5a4,k,kmeta1,83,138,367,221,284
5e390daa6d5a4,meta1,meta1@,146,561,842,707,696
5e390daa6d5a4,@,@normal,135,8,286,143,151
5e390daa6d5a4,normal,normalg,143,396,628,539,485
5e390daa6d5a4,g,gm,89,63,238,152,149
5e390daa6d5a4,m,ma,86,126,303,212,217
5e390daa6d5a4,a,ai,91,19,172,110,81
5e390daa6d5a4,i,il,62,128,281,190,219
5e390daa6d5a4,l,l.,91,127,338,218,247
5e390daa6d5a4,.,.c,120,148,373,268,253
5e390daa6d5a4,c,co,105,52,256,157,151
5e390daa6d5a4,o,om,99,162,331,261,232
5e390daa6d5a4,m,mn,70,25347,25521,25417,25451
5e390daa6d5a4,n,ni,104,181,372,285,268
5e390daa6d5a4,i,in,87,279,489,366,402
5e390daa6d5a4,n,ne,123,215,435,338,312
5e390daa6d5a4,e,ew,97,102,280,199,183
5e390daa6d5a4,w,w.,81,339,502,420,421
5e390daa6d5a4,.,.j,82,265,430,347,348
5e390daa6d5a4,j,jc,83,33,214,116,131
5e390daa6d5a4,c,ck,98,36,217,134,119
5e390daa6d5a4,k,kmeta1,83,85,300,168,217
5e390daa6d5a4,meta1,meta1@,132,443,666,575,534
5e390daa6d5a4,@,@normal,91,112,244,203,153
5e390daa6d5a4,normal,normalg,41,410,555,451,514
5e390daa6d5a4,g,gm,104,36,238,140,134
5e390daa6d5a4,m,mq,98,68,301,166,203
5e390daa6d5a4,q,ql,135,196,429,331,294
5e390daa6d5a4,l,lc,98,354,565,452,467
5e390daa6d5a4,c,co,113,73,297,186,184
5e390daa6d5a4,o,om,111,88,294,199,183
5e390daa6d5a4,m,ma,95,1741,1932,1836,1837
5e390daa6d5a4,a,ai,96,86,261,182,165
5e390daa6d5a4,i,il,79,162,310,241,231
5e390daa6d5a4,l,l.,69,612,788,681,719
5e390daa6d5a4,.,.c,107,129,323,236,216
5e390daa6d5a4,c,co,87,35,220,122,133
5e390daa6d5a4,o,om,98,104,316,202,218
5e390daa6d5a4,m,mn,114,23294,23478,23408,23364
5e390daa6d5a4,n,ni,70,200,340,270,270
5e390daa6d5a4,i,in,70,139,319,209,249
5e390daa6d5a4,n,ne,110,54,276,164,166
5e390daa6d5a4,e,ew,112,101,345,213,233
5e390daa6d5a4,w,w.,132,53,300,185,168
5e390daa6d5a4,.,.j,115,178,381,293,266
5e390daa6d5a4,j,jc,88,53,223,141,135
5e390daa6d5a4,c,ck,82,36,230,118,148
5e390daa6d5a4,k,kmeta1,112,115,346,227,234
5e390daa6d5a4,meta1,meta1@,119,563,821,682,702
5e390daa6d5a4,@,@normal,139,88,321,227,182
5e390daa6d5a4,normal,normalg,94,411,580,505,486
5e390daa6d5a4,g,gm,75,70,256,145,181
5e390daa6d5a4,m,ma,111,81,259,192,148
5e390daa6d5a4,a,ai,67,20,187,87,120
5e390daa6d5a4,i,il,100,107,314,207,214
5e390daa6d5a4,l,l.,107,140,339,247,232
5e390daa6d5a4,.,.c,92,36,244,128,152
5e390daa6d5a4,c,co,116,89,331,205,215
5e390daa6d5a4,o,om,126,68,293,194,167
5e390daa6d5a4,m,mn,99,23965,24138,24064,24039
5e390daa6d5a4,n,ni,74,182,370,256,296
5e390daa6d5a4,i,in,114,85,330,199,216
5e390daa6d5a4,n,ne,131,36,314,167,183
5e390daa6d5a4,e,ew,147,69,333,216,186
5e390daa6d5a4,w,w.,117,-47,197,70,80
5e390daa6d5a4,.,..,127,636,877,763,750
5e390daa6d5a4,.,.j,114,270,465,384,351
5e390daa6d5a4,j,jc,81,53,230,134,149
5e390daa6d5a4,c,ck,96,21,198,117,102
5e390daa6d5a4,k,kmeta1,81,184,381,265,300
5e390daa6d5a4,meta1,meta1@,116,491,716,607,600
5e390daa6d5a4,@,@normal,109,36,260,145,151
5e390daa6d5a4,normal,normalg,115,349,549,464,434
5e390daa6d5a4,g,gm,85,37,234,122,149
5e390daa6d5a4,m,ma,112,69,316,181,204
5e390daa6d5a4,a,al,135,190,414,325,279
5e390daa6d5a4,l,lbksp,89,664,855,753,766
5e390daa6d5a4,bksp,bkspi,102,415,587,517,485
5e390daa6d5a4,i,i.,70,688,887,758,817
5e390daa6d5a4,.,.c,129,91,330,220,201
5e390daa6d5a4,c,co,110,35,225,145,115
5e390daa6d5a4,o,om,80,138,279,218,199
5e390daa6d5a4,m,mbksp,61,1134,1295,1195,1234
5e390daa6d5a4,bksp,bkspbksp,100,84,283,184,183
5e390daa6d5a4,bksp,bkspbksp,99,372,617,471,518
5e390daa6d5a4,bksp,bkspl,146,1049,1279,1195,1133
5e390daa6d5a4,l,l.,84,255,453,339,369
5e390daa6d5a4,.,.c,114,184,428,298,314
5e390daa6d5a4,c,co,130,102,331,232,201
5e390daa6d5a4,o,om,99,179,383,278,284
5e390daa6d5a4,m,mn,105,25301,25490,25406,25385
5e390daa6d5a4,n,ni,84,179,351,263,267
5e390daa6d5a4,i,in,88,144,373,232,285
5e390daa6d5a4,n,ne,141,71,321,212,180
5e390daa6d5a4,e,ew,109,116,326,225,217
5e390daa6d5a4,w,w.,101,548,706,649,605
5e390daa6d5a4,.,.j,57,226,368,283,311
5e390daa6d5a4,j,jc,85,56,240,141,155
5e390daa6d5a4,c,ck,99,5,195,104,96
5e390daa6d5a4,k,kmeta1,91,214,359,305,268
5e390daa6d5a4,meta1,meta1@,54,622,769,676,715
5e390daa6d5a4,@,@normal,93,148,341,241,248
5e390daa6d5a4,normal,normalg,100,379,569,479,469
5e390daa6d5a4,g,gm,90,81,258,171,168
5e390daa6d5a4,m,mq,87,109,270,196,183
5e390daa6d5a4,q,qi,74,71,206,145,132
5e390daa6d5a4,i,il,61,130,294,191,233
5e390daa6d5a4,l,lbksp,103,619,854,722,751
5e390daa6d5a4,bksp,bkspbksp,132,77,299,209,167
5e390daa6d5a4,bksp,bkspa,90,947,1142,1037,1052
5e390daa6d5a4,a,ai,105,70,269,175,164
5e390daa6d5a4,i,il,94,95,293,189,199
5e390daa6d5a4,l,l.,104,228,424,332,320
5e390daa6d5a4,.,.c,92,176,373,268,281
5e390daa6d5a4,c,co,105,54,255,159,150
5e390daa6d5a4,o,om,96,128,297,224,201
5e390daa6d5a4,m,mn,73,33315,33475,33388,33402
5e390daa6d5a4,n,ni,87,180,337,267,250
5e390daa6d5a4,i,in,70,162,319,232,249
5e390daa6d5a4,n,ne,87,72,253,159,166
5e390daa6d5a4,e,ew,94,132,331,226,237
5e390daa6d5a4,w,w.,105,580,759,685,654
5e390daa6d5a4,.,.j,74,206,368,280,294
5e390daa6d5a4,j,jc,88,73,276,161,188
5e390daa6d5a4,c,ck,115,6,208,121,93
5e390daa6d5a4,k,kmeta1,87,712,889,799,802
5e390daa6d5a4,meta1,meta1@,90,697,909,787,819
5e390daa6d5a4,@,@normal,122,54,268,176,146
5e390daa6d5a4,normal,normalg,92,449,645,541,553
5e390daa6d5a4,g,gm,104,60,253,164,149
5e390daa6d5a4,m,ma,89,69,289,158,200
5e390daa6d5a4,a,ai,131,19,246,150,115
5e390daa6d5a4,i,il,96,91,297,187,201
5e390daa6d5a4,l,l.,110,427,615,537,505
5e390daa6d5a4,.,.c,78,169,340,247,262
5e390daa6d5a4,c,co,93,54,210,147,117
5e390daa6d5a4,o,om,63,146,264,209,201
5e390daa6d5a4,m,mm,55,-275149,-275039,-275094,-275094
5e390dbb867ea,m,me,55,141,249,196,194
5e390dbb867ea,e,ew,53,166,270,219,217
5e390dbb867ea,w,w.,51,331,422,382,371
5e390dbb867ea,.,.p,40,431,535,471,495
5e390dbb867ea,p,pr,64,118,253,182,189
5e390dbb867ea,r,rn,71,603,734,674,663
5e390dbb867ea,n,nw,60,125,227,185,167
5e390dbb867ea,w,wa,42,177,259,219,217
5e390dbb867ea,a,abksp,40,1380,1456,1420,1416
5e390dbb867ea,bksp,bksps,36,194,269,230,233
5e390dbb867ea,s,sa,39,2398,2478,2437,2439
5e390dbb867ea,a,an,41,522,602,563,561
5e390dbb867ea,n,nw,39,229,305,268,266
5e390dbb867ea,w,wa,37,245,322,282,285
5e390dbb867ea,a,as,40,296,375,336,335
5e390dbb867ea,s,smeta1,39,843,943,882,904
5e390dbb867ea,meta1,meta12,61,389,506,450,445
5e390dbb867ea,2,25,56,380,489,436,433
5e390dbb867ea,5,54,53,193,285,246,232
5e390dbb867ea,4,41,39,148,223,187,184
5e390dbb867ea,1,1@,36,446,519,482,483
5e390dbb867ea,@,@normal,37,331,433,368,396
5e390dbb867ea,normal,normalg,65,503,620,568,555
5e390dbb867ea,g,gm,52,347,437,399,385
5e390dbb867ea,m,ma,38,175,252,213,214
5e390dbb867ea,a,ai,39,462,541,501,502
5e390dbb867ea,i,il,40,279,360,319,320
5e390dbb867ea,l,l.,41,321,392,362,351
5e390dbb867ea,.,.c,30,190,257,220,227
5e390dbb867ea,c,co,37,263,337,300,300
5e390dbb867ea,o,om,37,230,306,267,269
5e390dbb867ea,m,mm,39,42358,42455,42397,42416
5e390dbb867ea,m,me,58,90,192,148,134
5e390dbb867ea,e,ew,44,183,262,227,218
5e390dbb867ea,w,w.,35,228,318,263,283
5e390dbb867ea,.,.p,55,283,371,338,316
5e390dbb867ea,p,pr,33,166,233,199,200
5e390dbb867ea,r,ra,34,209,302,243,268
5e390dbb867ea,a,an,59,159,257,218,198
5e390dbb867ea,n,nw,39,136,221,175,182
5e390dbb867ea,w,wa,46,160,265,206,219
5e390dbb867ea,a,as,59,174,275,233,216
5e390dbb867ea,s,smeta1,42,312,413,354,371
5e390dbb867ea,meta1,meta12,59,374,491,433,432
5e390dbb867ea,2,25,58,192,289,250,231
5e390dbb867ea,5,54,39,180,256,219,217
5e390dbb867ea,4,41,37,87,169,124,132
5e390dbb867ea,1,1normal,45,614,699,659,654
5e390dbb867ea,normal,normalg,40,983,1056,1023,1016
5e390dbb867ea,g,gm,33,441,515,474,482
5e390dbb867ea,m,ma,41,128,207,169,166
5e390dbb867ea,a,ai,38,194,271,232,233
5e390dbb867ea,i,il,39,199,272,238,233
5e390dbb867ea,l,l.,34,296,372,330,338
5e390dbb867ea,.,.c,42,122,204,164,162
5e390dbb867ea,c,co,40,178,252,218,212
5e390dbb867ea,o,om,34,145,208,179,174
5e390dbb867ea,m,mm,29,27431,27610,27460,27581
5e390dbb867ea,m,me,150,1630,1837,1780,1687
5e390dbb867ea,e,ew,57,194,276,251,219
5e390dbb867ea,w,w.,25,844,924,869,899
5e390dbb867ea,.,.p,55,1125,1237,1180,1182
5e390dbb867ea,p,pr,57,161,255,218,198
5e390dbb867ea,r,ra,37,209,305,246,268
5e390dbb867ea,a,an,59,196,307,255,248
5e390dbb867ea,n,nw,52,125,235,177,183
5e390dbb867ea,w,wa,58,183,276,241,218
5e390dbb867ea,a,as,35,178,252,213,217
5e390dbb867ea,s,smeta1,39,329,425,368,386
5e390dbb867ea,meta1,meta12,57,1156,1256,1213,1199
5e390dbb867ea,2,25,43,262,342,305,299
5e390dbb867ea,5,54,37,196,269,233,232
5e390dbb867ea,4,41,36,108,187,144,151
5e390dbb867ea,1,1@,43,232,326,275,283
5e390dbb867ea,@,@normal,51,748,854,799,803
5e390dbb867ea,normal,normalg,55,590,687,645,632
5e390dbb867ea,g,gm,42,195,290,237,248
5e390dbb867ea,m,ma,53,101,202,154,149
5e390dbb867ea,a,ai,48,198,284,246,236
5e390dbb867ea,i,il,38,261,355,299,317
5e390dbb867ea,l,l.,56,693,810,749,754
5e390dbb867ea,.,.c,61,102,189,163,128
5e390dbb867ea,c,co,26,137,207,163,181
5e390dbb867ea,o,om,44,175,245,219,201
5e390dbb867ea,m,mm,26,30482,30552,30508,30526
5e390dbb867ea,m,me,44,102,220,146,176
5e390dbb867ea,e,ew,74,179,292,253,218
5e390dbb867ea,w,w.,39,211,306,250,267
5e390dbb867ea,.,.p,56,227,322,283,266
5e390dbb867ea,p,pt,39,87,173,126,134
5e390dbb867ea,t,tbksp,47,577,666,624,619
5e390dbb867ea,bksp,bkspr,42,107,206,149,164
5e390dbb867ea,r,ra,57,261,344,318,287
5e390dbb867ea,a,an,26,238,291,264,265
5e390dbb867ea,n,nw,27,429,510,456,483
5e390dbb867ea,w,wa,54,176,268,230,214
5e390dbb867ea,a,as,38,199,276,237,238
5e390dbb867ea,s,smeta1,39,224,310,263,271
5e390dbb867ea,meta1,meta12,47,278,354,325,307
5e390dbb867ea,2,25,29,247,314,276,285
5e390dbb867ea,5,54,38,212,288,250,250
5e390dbb867ea,4,41,38,104,186,142,148
5e390dbb867ea,1,1@,44,414,498,458,454
5e390dbb867ea,@,@normal,40,682,773,722,733
5e390dbb867ea,normal,normalg,51,560,649,611,598
5e390dbb867ea,g,gm,38,201,272,239,234
5e390dbb867ea,m,ma,33,83,181,116,148
5e390dbb867ea,a,ai,65,184,314,249,249
5e390dbb867ea,i,il,65,307,421,372,356
5e390dbb867ea,l,l.,49,322,401,371,352
5e390dbb867ea,.,.c,30,139,208,169,178
5e390dbb867ea,c,co,39,143,224,182,185
5e390dbb867ea,o,om,42,165,256,207,214
5e390dbb867ea,m,mm,49,26465,26559,26514,26510
5e390dbb867ea,m,me,45,122,205,167,160
5e390dbb867ea,e,ew,38,180,285,218,247
5e390dbb867ea,w,w.,67,202,303,269,236
5e390dbb867ea,.,.p,34,279,342,313,308
5e390dbb867ea,p,pt,29,140,205,169,176
5e390dbb867ea,t,ta,36,245,334,281,298
5e390dbb867ea,a,an,53,166,254,219,201
5e390dbb867ea,n,nw,35,124,202,159,167
5e390dbb867ea,w,wa,43,197,292,240,249
5e390dbb867ea,a,as,52,164,253,216,201
5e390dbb867ea,s,smeta1,37,236,305,273,268
5e390dbb867ea,meta1,meta12,32,260,316,292,284
5e390dbb867ea,2,26,24,195,256,219,232
5e390dbb867ea,6,64,37,195,271,232,234
5e390dbb867ea,4,41,39,86,170,125,131
5e390dbb867ea,1,1@,45,164,244,209,199
5e390dbb867ea,@,@normal,35,199,277,234,242
5e390dbb867ea,normal,normalmeta1,43,1620,1718,1663,1675
5e390dbb867ea,meta1,meta15,55,565,661,620,606
5e390dbb867ea,5,54,41,457,541,498,500
5e390dbb867ea,4,41,43,290,376,333,333
5e390dbb867ea,1,1@,43,375,460,418,417
5e390dbb867ea,@,@normal,42,340,439,382,397
5e390dbb867ea,normal,normalr,57,3649,3758,3706,3701
5e390dbb867ea,r,ra,52,291,404,343,352
5e390dbb867ea,a,an,61,176,274,237,213
5e390dbb867ea,n,nw,37,140,219,177,182
5e390dbb867ea,w,wa,42,183,276,225,234
5e390dbb867ea,a,as,51,197,284,248,233
5e390dbb867ea,s,smeta1,36,377,464,413,428
5e390dbb867ea,meta1,meta12,51,324,424,375,373
5e390dbb867ea,2,25,49,444,550,493,501
5e390dbb867ea,5,54,57,175,274,232,217
5e390dbb867ea,4,41,42,105,190,147,148
5e390dbb867ea,1,1@,43,217,292,260,249
5e390dbb867ea,@,@normal,32,712,802,744,770
5e390dbb867ea,normal,normalg,58,610,706,668,648
5e390dbb867ea,g,gm,38,200,272,238,234
5e390dbb867ea,m,ma,34,124,200,158,166
5e390dbb867ea,a,ai,42,163,233,205,191
5e390dbb867ea,i,il,28,203,256,231,228
5e390dbb867ea,l,l.,25,643,726,668,701
5e390dbb867ea,.,.c,58,711,824,769,766
5e390dbb867ea,c,co,55,546,641,601,586
5e390dbb867ea,o,om,40,240,319,280,279
5e390dbb867ea,m,mm,39,28321,28408,28360,28369
5e390dbb867ea,m,me,48,130,230,178,182
5e390dbb867ea,e,ew,52,198,301,250,249
5e390dbb867ea,w,w.,51,662,749,713,698
5e390dbb867ea,.,.p,36,233,323,269,287
5e390dbb867ea,p,pt,54,165,247,219,193
5e390dbb867ea,t,ta,28,203,269,231,241
5e390dbb867ea,a,an,38,234,299,272,261
5e390dbb867ea,n,nw,27,61,150,88,123
5e390dbb867ea,w,wa,62,176,279,238,217
5e390dbb867ea,a,as,41,397,491,438,450
5e390dbb867ea,s,sr,53,2861,2949,2914,2896
5e390dbb867ea,r,ra,35,249,312,284,277
5e390dbb867ea,a,an,28,169,221,197,193
5e390dbb867ea,n,nw,24,294,352,318,328
5e390dbb867ea,w,wa,34,167,255,201,221
5e390dbb867ea,a,as,54,196,287,250,233
5e390dbb867ea,s,smeta1,37,481,571,518,534
5e390dbb867ea,meta1,meta12,53,428,539,481,486
5e390dbb867ea,2,25,58,212,303,270,245
5e390dbb867ea,5,54,33,167,267,200,234
5e390dbb867ea,4,41,67,36,150,103,83
5e390dbb867ea,1,1@,47,219,295,266,248
5e390dbb867ea,@,@normal,29,164,234,193,205
5e390dbb867ea,normal,normalf,41,509,592,550,551
5e390dbb867ea,f,fg,42,499,586,541,544
5e390dbb867ea,g,gm,45,303,414,348,369
5e390dbb867ea,m,ma,66,106,215,172,149
5e390dbb867ea,a,ai,43,183,277,226,234
5e390dbb867ea,i,ig,51,4299,4390,4350,4339
5e390dbb867ea,g,gm,40,260,373,300,333
5e390dbb867ea,m,ma,73,126,252,199,179
5e390dbb867ea,a,ai,53,193,307,246,254
5e390dbb867ea,i,il,61,359,460,420,399
5e390dbb867ea,l,l.,40,1672,1755,1712,1715
5e390dbb867ea,.,.c,43,145,227,188,184
5e390dbb867ea,c,co,39,159,240,198,201
5e390dbb867ea,o,om,42,176,257,218,215
5e390dbb867ea,m,mm,39,38735,38808,38774,38769
5e390dbb867ea,m,me,34,123,201,157,167
5e390dbb867ea,e,ew,44,188,275,232,231
5e390dbb867ea,w,w.,43,415,500,458,457
5e390dbb867ea,.,.p,42,245,323,287,281
5e390dbb867ea,p,pt,36,122,201,158,165
5e390dbb867ea,t,tbksp,43,430,514,473,471
5e390dbb867ea,bksp,bkspr,41,70,153,111,112
5e390dbb867ea,r,rn,42,411,477,453,435
5e390dbb867ea,n,nw,24,138,223,162,199
5e390dbb867ea,w,wa,61,145,262,206,201
5e390dbb867ea,a,as,56,149,252,205,196
5e390dbb867ea,s,smeta1,47,179,280,226,233
5e390dbb867ea,meta1,meta12,54,209,304,263,250
5e390dbb867ea,2,25,41,173,242,214,201
5e390dbb867ea,5,54,28,179,260,207,232
5e390dbb867ea,4,41,53,72,156,125,103
5e390dbb867ea,1,1@,31,184,252,215,221
5e390dbb867ea,@,@normal,37,169,247,206,210
5e390dbb867ea,normal,normalf,41,579,661,620,620
5e390dbb867ea,f,fbksp,41,327,410,368,369
5e390dbb867ea,bksp,bkspg,42,65,137,107,95
5e390dbb867ea,g,gm,30,232,300,262,270
5e390dbb867ea,m,mu,38,363,436,401,398
5e390dbb867ea,u,ul,35,227,303,262,268
5e390dbb867ea,l,li,41,1127,1198,1168,1157
5e390dbb867ea,i,il,30,195,270,225,240
5e390dbb867ea,l,l.,45,281,366,326,321
5e390dbb867ea,.,.c,40,128,195,168,155
5e390dbb867ea,c,co,27,154,213,181,186
5e390dbb867ea,o,om,32,168,238,200,206
5e390dbb867ea,m,mm,38,35315,35425,35353,35387
5e390dbb867ea,m,me,72,145,271,217,199
5e390dbb867ea,e,ew,54,179,258,233,204
5e390dbb867ea,w,w.,25,328,407,353,382
5e390dbb867ea,.,.p,54,248,337,302,283
5e390dbb867ea,p,pr,35,127,199,162,164
5e390dbb867ea,r,ra,37,300,378,337,341
5e390dbb867ea,a,an,41,191,282,232,241
5e390dbb867ea,n,nw,50,93,186,143,136
5e390dbb867ea,w,wa,43,178,248,221,205
5e390dbb867ea,a,as,27,191,241,218,214
5e390dbb867ea,s,smeta1,23,490,573,513,550
5e390dbb867ea,meta1,meta12,60,344,439,404,379
5e390dbb867ea,2,25,35,429,504,464,469
5e390dbb867ea,5,54,40,229,306,269,266
5e390dbb867ea,4,41,37,150,221,187,184
5e390dbb867ea,1,1normal,34,709,804,743,770
5e390dbb867ea,normal,normalg,61,626,719,687,658
5e390dbb867ea,g,gm,32,186,269,218,237
5e390dbb867ea,m,ma,51,127,219,178,168
5e390dbb867ea,a,au,41,195,273,236,232
5e390dbb867ea,u,ul,37,200,289,237,252
5e390dbb867ea,l,lbksp,52,494,600,546,548
5e390dbb867ea,bksp,bkspi,54,195,305,249,251
5e390dbb867ea,i,il,56,144,241,200,185
5e390dbb867ea,l,l.,41,237,339,278,298
5e390dbb867ea,.,.c,61,100,209,161,148
5e390dbb867ea,c,co,48,136,231,184,183
5e390dbb867ea,o,om,47,202,280,249,233
5e390dbb867ea,m,mm,31,29646,29738,29677,29707
5e390dbb867ea,m,me,61,191,292,252,231
5e390dbb867ea,e,ew,40,197,273,237,233
5e390dbb867ea,w,w.,36,196,269,232,233
5e390dbb867ea,.,.p,37,300,377,337,340
5e390dbb867ea,p,pr,40,141,218,181,178
5e390dbb867ea,r,ra,37,213,286,250,249
5e390dbb867ea,a,an,36,178,241,214,205
5e390dbb867ea,n,nw,27,119,189,146,162
5e390dbb867ea,w,wa,43,178,277,221,234
5e390dbb867ea,a,as,56,181,287,237,231
5e390dbb867ea,s,smeta1,50,214,306,264,256
5e390dbb867ea,meta1,meta12,42,225,304,267,262
5e390dbb867ea,2,25,37,232,336,269,299
5e390dbb867ea,5,54,67,167,284,234,217
5e390dbb867ea,4,41,50,89,183,139,133
5e390dbb867ea,1,1@,44,185,259,229,215
5e390dbb867ea,@,@normal,30,111,178,141,148
5e390dbb867ea,normal,normalf,37,452,549,489,512
5e390dbb867ea,f,fbksp,60,860,958,920,898
5e390dbb867ea,bksp,bkspg,38,142,216,180,178
5e390dbb867ea,g,gm,36,364,439,400,403
5e390dbb867ea,m,ma,39,91,171,130,132
5e390dbb867ea,a,ai,41,438,525,479,484
5e390dbb867ea,i,il,46,177,261,223,215
5e390dbb867ea,l,l.,38,215,289,253,251
5e390dbb867ea,.,.c,36,107,184,143,148
5e390dbb867ea,c,co,41,163,232,204,191
5e390dbb867ea,o,om,28,171,238,199,210
5e390dbb867ea,m,mm,39,29268,29347,29307,29308
5e390dbb867ea,m,me,40,172,266,212,226
5e390dbb867ea,e,ew,54,178,272,232,218
5e390dbb867ea,w,w.,40,178,256,218,216
5e390dbb867ea,.,.p,38,213,306,251,268
5e390dbb867ea,p,pt,55,113,204,168,149
5e390dbb867ea,t,ta,36,264,340,300,304
5e390dbb867ea,a,an,40,210,302,250,262
5e390dbb867ea,n,nr,52,1311,1405,1363,1353
5e390dbb867ea,r,ra,42,219,309,261,267
5e390dbb867ea,a,an,48,127,213,175,165
5e390dbb867ea,n,nw,38,143,221,181,183
5e390dbb867ea,w,wa,40,179,289,219,249
5e390dbb867ea,a,as,70,180,285,250,215
5e390dbb867ea,s,smeta1,35,1448,1539,1483,1504
5e390dbb867ea,meta1,meta12,56,344,435,400,379
5e390dbb867ea,2,25,35,284,356,319,321
5e390dbb867ea,5,54,37,194,269,231,232
5e390dbb867ea,4,4@,38,349,427,387,389
5e390dbb867ea,@,@1,40,1072,1172,1112,1132
5e390dbb867ea,1,1@,60,347,447,407,387
5e390dbb867ea,@,@normal,40,272,373,312,333
5e390dbb867ea,normal,normalg,61,339,435,400,374
5e390dbb867ea,g,gm,35,261,355,296,320
5e390dbb867ea,m,ma,59,80,188,139,129
5e390dbb867ea,a,ai,49,168,266,217,217
5e390dbb867ea,i,il,49,176,268,225,219
5e390dbb867ea,l,l.,43,311,389,354,346
5e390dbb867ea,.,.c,35,99,189,134,154
5e390dbb867ea,c,co,55,130,221,185,166
5e390dbb867ea,o,om,36,197,270,233,234
5e390dbb867ea,m,mc,37,-398134,-398044,-398097,-398081
5e390dd0b0252,c,ch,53,130,251,183,198
5e390dd0b0252,h,hq,68,55,204,123,136
5e390dd0b0252,q,qi,81,86,228,167,147
5e390dd0b0252,i,ibksp,61,562,661,623,600
5e390dd0b0252,bksp,bkspbksp,38,161,289,199,251
5e390dd0b0252,bksp,bkspbksp,90,79,239,169,149
5e390dd0b0252,bksp,bkspbksp,70,88,191,158,121
5e390dd0b0252,bksp,bkspp,33,1110,1216,1143,1183
5e390dd0b0252,p,pe,73,112,253,185,180
5e390dd0b0252,e,ea,68,124,251,192,183
5e390dd0b0252,a,ac,59,213,327,272,268
5e390dd0b0252,c,ce,55,138,254,193,199
5e390dd0b0252,e,emeta1,61,447,563,508,502
5e390dd0b0252,meta1,meta1meta2,55,1344,1461,1399,1406
5e390dd0b0252,meta2,meta2_,62,457,576,519,514
5e390dd0b0252,_,_normal,57,225,355,282,298
5e390dd0b0252,normal,normalm,73,545,677,618,604
5e390dd0b0252,m,ma,59,123,221,182,162
5e390dd0b0252,a,al,39,159,253,198,214
5e390dd0b0252,l,lmeta1,55,531,641,586,586
5e390dd0b0252,meta1,meta1@,55,842,954,897,899
5e390dd0b0252,@,@normal,57,1193,1310,1250,1253
5e390dd0b0252,normal,normalh,60,427,547,487,487
5e390dd0b0252,h,ho,60,290,440,350,380
5e390dd0b0252,o,ot,90,124,269,214,179
5e390dd0b0252,t,tm,55,131,240,186,185
5e390dd0b0252,m,ma,54,512,608,566,554
5e390dd0b0252,a,ai,42,146,253,188,211
5e390dd0b0252,i,il,65,134,263,199,198
5e390dd0b0252,l,l.,64,603,733,667,669
5e390dd0b0252,.,.c,66,263,386,329,320
5e390dd0b0252,c,co,57,125,254,182,197
5e390dd0b0252,o,om,72,147,271,219,199
5e390dd0b0252,m,mp,52,27364,27473,27416,27421
5e390dd0b0252,p,pe,57,161,272,218,215
5e390dd0b0252,e,ea,54,104,221,158,167
5e390dd0b0252,a,ac,63,147,264,210,201
5e390dd0b0252,c,ce,54,367,502,421,448
5e390dd0b0252,e,emeta1,81,948,1109,1029,1028
5e390dd0b0252,meta1,meta1meta2,80,671,802,751,722
5e390dd0b0252,meta2,meta2_,51,479,589,530,538
5e390dd0b0252,_,_normal,59,247,356,306,297
5e390dd0b0252,normal,normalm,50,451,565,501,515
5e390dd0b0252,m,ma,64,105,201,169,137
5e390dd0b0252,a,al,32,121,230,153,198
5e390dd0b0252,l,lmeta1,77,1513,1625,1590,1548
5e390dd0b0252,meta1,meta1@,35,800,890,835,855
5e390dd0b0252,@,@normal,55,179,286,234,231
5e390dd0b0252,normal,normalh,52,416,536,468,484
5e390dd0b0252,h,ho,68,180,335,248,267
5e390dd0b0252,o,ot,87,109,269,196,182
5e390dd0b0252,t,tm,73,89,238,162,165
5e390dd0b0252,m,ma,76,88,226,164,150
5e390dd0b0252,a,ai,62,89,229,151,167
5e390dd0b0252,i,il,78,112,261,190,183
5e390dd0b0252,l,l.,71,930,1072,1001,1001
5e390dd0b0252,.,.c,71,229,339,300,268
5e390dd0b0252,c,co,39,110,203,149,164
5e390dd0b0252,o,om,54,126,239,180,185
5e390dd0b0252,m,mc,59,32697,32814,32756,32755
5e390dd0b0252,c,ch,58,141,255,199,197
5e390dd0b0252,h,hp,56,1881,1995,1937,1939
5e390dd0b0252,p,pe,58,260,371,318,313
5e390dd0b0252,e,ea,53,1694,1818,1747,1765
5e390dd0b0252,a,ac,71,613,742,684,671
5e390dd0b0252,c,ce,58,153,269,211,211
5e390dd0b0252,e,emeta1,58,264,376,322,318
5e390dd0b0252,meta1,meta1meta2,54,683,806,737,752
5e390dd0b0252,meta2,meta2_,69,680,817,749,748
5e390dd0b0252,_,_normal,68,277,397,345,329
5e390dd0b0252,normal,normalm,52,902,1024,954,972
5e390dd0b0252,m,ma,70,112,237,182,167
5e390dd0b0252,a,ap,55,145,240,200,185
5e390dd0b0252,p,pmeta1,40,192,286,232,246
5e390dd0b0252,meta1,meta1@,54,528,659,582,605
5e390dd0b0252,@,@normal,77,141,258,218,181
5e390dd0b0252,normal,normalh,40,460,543,500,503
5e390dd0b0252,h,ho,43,177,271,220,228
5e390dd0b0252,o,ot,51,180,286,231,235
5e390dd0b0252,t,tm,55,106,191,161,136
5e390dd0b0252,m,ma,30,158,245,188,215
5e390dd0b0252,a,aj,57,144,289,201,232
5e390dd0b0252,j,jl,88,111,239,199,151
5e390dd0b0252,l,lbksp,40,493,591,533,551
5e390dd0b0252,bksp,bkspbksp,58,84,161,142,103
5e390dd0b0252,bksp,bkspi,19,657,748,676,729
5e390dd0b0252,i,il,72,158,273,230,201
5e390dd0b0252,l,l.,43,595,726,638,683
5e390dd0b0252,.,.c,88,229,355,317,267
5e390dd0b0252,c,co,38,195,286,233,248
5e390dd0b0252,o,om,53,214,321,267,268
5e390dd0b0252,m,mp,54,25383,25480,25437,25426
5e390dd0b0252,p,pe,43,222,293,265,250
5e390dd0b0252,e,ea,28,922,987,950,959
5e390dd0b0252,a,ac,37,345,438,382,401
5e390dd0b0252,c,ce,56,143,270,199,214
5e390dd0b0252,e,emeta1,71,230,372,301,301
5e390dd0b0252,meta1,meta1meta2,71,614,743,685,672
5e390dd0b0252,meta2,meta2_,58,556,691,614,633
5e390dd0b0252,_,_normal,77,183,306,260,229
5e390dd0b0252,normal,normalm,46,431,516,477,470
5e390dd0b0252,m,ma,39,178,271,217,232
5e390dd0b0252,a,al,54,120,236,174,182
5e390dd0b0252,l,lmeta1,62,229,335,291,273
5e390dd0b0252,meta1,meta1@,44,923,1024,967,980
5e390dd0b0252,@,@normal,57,175,286,232,229
5e390dd0b0252,normal,normalh,54,396,537,450,483
5e390dd0b0252,h,ho,87,245,391,332,304
5e390dd0b0252,o,ot,59,212,324,271,265
5e390dd0b0252,t,tn,53,116,231,169,178
5e390dd0b0252,n,na,62,103,246,165,184
5e390dd0b0252,a,abksp,81,1053,1199,1134,1118
5e390dd0b0252,bksp,bkspm,65,171,286,236,221
5e390dd0b0252,m,ma,50,475,570,525,520
5e390dd0b0252,a,ai,45,206,305,251,260
5e390dd0b0252,i,io,54,108,238,162,184
5e390dd0b0252,o,obksp,76,612,745,688,669
5e390dd0b0252,bksp,bkspl,57,178,289,235,232
5e390dd0b0252,l,lc,54,942,1069,996,1015
5e390dd0b0252,c,co,73,182,309,255,236
5e390dd0b0252,o,om,54,138,253,192,199
5e390dd0b0252,m,mp,61,31289,31408,31350,31347
5e390dd0b0252,p,pe,58,305,426,363,368
5e390dd0b0252,e,ec,63,1016,1116,1079,1053
5e390dd0b0252,c,cbksp,37,513,621,550,584
5e390dd0b0252,bksp,bkspbksp,71,53,169,124,98
5e390dd0b0252,bksp,bkspa,45,581,682,626,637
5e390dd0b0252,a,ac,56,226,338,282,282
5e390dd0b0252,c,ce,56,129,254,185,198
5e390dd0b0252,e,emeta1,69,381,505,450,436
5e390dd0b0252,meta1,meta1meta2,55,760,872,815,817
5e390dd0b0252,meta2,meta2_,57,610,725,667,668
5e390dd0b0252,_,_normal,58,192,305,250,247
5e390dd0b0252,normal,normalm,55,582,721,637,666
5e390dd0b0252,m,ma,84,147,270,231,186
5e390dd0b0252,a,al,39,181,271,220,232
5e390dd0b0252,l,lmeta1,51,166,265,217,214
5e390dd0b0252,meta1,meta1@,48,897,1003,945,955
5e390dd0b0252,@,@normal,58,164,286,222,228
5e390dd0b0252,normal,normalh,64,614,736,678,672
5e390dd0b0252,h,ho,58,480,623,538,565
5e390dd0b0252,o,ot,85,96,248,181,163
5e390dd0b0252,t,tm,67,182,274,249,207
5e390dd0b0252,m,ma,25,257,339,282,314
5e390dd0b0252,a,au,57,162,272,219,215
5e390dd0b0252,u,ul,53,196,303,249,250
5e390dd0b0252,l,lbksp,54,396,506,450,452
5e390dd0b0252,bksp,bkspbksp,56,68,154,124,98
5e390dd0b0252,bksp,bkspi,30,929,1014,959,984
5e390dd0b0252,i,il,55,844,956,899,901
5e390dd0b0252,l,l.,57,532,685,589,628
5e390dd0b0252,.,.c,96,211,401,307,305
5e390dd0b0252,c,co,94,34,245,128,151
5e390dd0b0252,o,om,117,127,296,244,179
5e390dd0b0252,m,mp,52,29685,29807,29737,29755
5e390dd0b0252,p,pe,70,234,368,304,298
5e390dd0b0252,e,ec,64,415,518,479,454
5e390dd0b0252,c,ce,39,137,235,176,196
5e390dd0b0252,e,ebksp,59,498,628,557,569
5e390dd0b0252,bksp,bkspbksp,71,77,187,148,116
5e390dd0b0252,bksp,bkspa,39,514,595,553,556
5e390dd0b0252,a,ac,42,355,454,397,412
5e390dd0b0252,c,ce,57,162,270,219,213
5e390dd0b0252,e,emeta1,51,281,389,332,338
5e390dd0b0252,meta1,meta1meta2,57,737,845,794,788
5e390dd0b0252,meta2,meta2_,51,572,682,623,631
5e390dd0b0252,_,_normal,59,192,287,251,228
5e390dd0b0252,normal,normalm,36,527,636,563,600
5e390dd0b0252,m,ma,73,146,273,219,200
5e390dd0b0252,a,al,54,366,487,420,433
5e390dd0b0252,l,lmeta1,67,381,518,448,451
5e390dd0b0252,meta1,meta1@,70,797,971,867,901
5e390dd0b0252,@,@normal,104,124,301,228,197
5e390dd0b0252,normal,normalh,73,915,1076,988,1003
5e390dd0b0252,h,ho,88,161,356,249,268
5e390dd0b0252,o,ot,107,162,321,269,214
5e390dd0b0252,t,tm,52,106,218,158,166
5e390dd0b0252,m,ma,60,413,530,473,470
5e390dd0b0252,a,ai,57,211,321,268,264
5e390dd0b0252,i,il,53,179,270,232,217
5e390dd0b0252,l,l.,38,312,424,350,386
5e390dd0b0252,.,.c,74,831,988,905,914
5e390dd0b0252,c,co,83,104,250,187,167
5e390dd0b0252,o,om,63,145,261,208,198
5e390dd0b0252,m,me,53,32953,33057,33006,33004
5e390dd0b0252,e,ec,51,749,854,800,803
5e390dd0b0252,c,ce,54,159,253,213,199
5e390dd0b0252,e,emeta1,40,242,356,282,316
5e390dd0b0252,meta1,meta1meta2,74,626,771,700,697
5e390dd0b0252,meta2,meta2_,71,535,642,606,571
5e390dd0b0252,_,_normal,36,184,268,220,232
5e390dd0b0252,normal,normalm,48,494,631,542,583
5e390dd0b0252,m,ma,89,89,254,178,165
5e390dd0b0252,a,al,76,128,259,204,183
5e390dd0b0252,l,lmeta1,55,144,271,199,216
5e390dd0b0252,meta1,meta1@,72,879,1009,951,937
5e390dd0b0252,@,@normal,58,296,410,354,352
5e390dd0b0252,normal,normalh,56,444,570,500,514
5e390dd0b0252,h,ho,70,162,337,232,267
5e390dd0b0252,o,ot,105,166,322,271,217
5e390dd0b0252,t,tm,51,110,233,161,182
5e390dd0b0252,m,ma,72,195,337,267,265
5e390dd0b0252,a,ai,70,463,591,533,521
5e390dd0b0252,i,il,58,174,275,232,217
5e390dd0b0252,l,l.,43,593,706,636,663
5e390dd0b0252,.,.x,70,297,403,367,333
5e390dd0b0252,x,xbksp,36,480,603,516,567
5e390dd0b0252,bksp,bkspc,87,512,640,599,553
5e390dd0b0252,c,co,41,177,270,218,229
5e390dd0b0252,o,om,52,130,252,182,200
5e390dd0b0252,m,mp,70,24901,25013,24971,24943
5e390dd0b0252,p,pe,42,189,303,231,261
5e390dd0b0252,e,ea,72,119,271,191,199
5e390dd0b0252,a,ac,80,315,435,395,355
5e390dd0b0252,c,ce,40,102,201,142,161
5e390dd0b0252,e,emeta1,59,363,494,422,435
5e390dd0b0252,meta1,meta1meta2,72,896,1025,968,953
5e390dd0b0252,meta2,meta2_,57,392,521,449,464
5e390dd0b0252,_,_normal,72,161,287,233,215
5e390dd0b0252,normal,normalm,54,582,723,636,669
5e390dd0b0252,m,ma,87,93,219,180,132
5e390dd0b0252,a,al,39,277,358,316,319
5e390dd0b0252,l,lmeta1,42,215,337,257,295
5e390dd0b0252,meta1,meta1@,80,636,765,716,685
5e390dd0b0252,@,@normal,49,238,351,287,302
5e390dd0b0252,normal,normalh,64,644,766,708,702
5e390dd0b0252,h,ht,58,474,587,532,529
5e390dd0b0252,t,tm,55,195,307,250,252
5e390dd0b0252,m,mbksp,57,503,621,560,564
5e390dd0b0252,bksp,bkspbksp,61,545,650,606,589
5e390dd0b0252,bksp,bkspbksp,44,86,192,130,148
5e390dd0b0252,bksp,bkspbksp,62,309,429,371,367
5e390dd0b0252,bksp,bkspo,58,861,956,919,898
5e390dd0b0252,o,ot,37,313,425,350,388
5e390dd0b0252,t,tm,75,592,737,667,662
5e390dd0b0252,m,ma,70,182,305,252,235
5e390dd0b0252,a,ai,53,142,266,195,213
5e390dd0b0252,i,il,71,92,255,163,184
5e390dd0b0252,l,l.,92,368,512,460,420
5e390dd0b0252,.,.c,52,247,337,299,285
5e390dd0b0252,c,co,38,103,202,141,164
5e390dd0b0252,o,om,61,131,244,192,183
5e390dd0b0252,m,mp,52,38068,38208,38120,38156
5e390dd0b0252,p,pe,88,260,384,348,296
5e390dd0b0252,e,ea,36,278,389,314,353
5e390dd0b0252,a,ac,75,281,455,356,380
5e390dd0b0252,c,ce,99,154,351,253,252
5e390dd0b0252,e,emeta1,98,293,446,391,348
5e390dd0b0252,meta1,meta1meta2,55,832,941,887,886
5e390dd0b0252,meta2,meta2_,54,359,471,413,417
5e390dd0b0252,_,_normal,58,178,275,236,217
5e390dd0b0252,normal,normalm,39,462,556,501,517
5e390dd0b0252,m,ma,55,143,240,198,185
5e390dd0b0252,a,al,42,115,236,157,194
5e390dd0b0252,l,lmeta1,79,847,999,926,920
5e390dd0b0252,meta1,meta1bksp,73,2061,2190,2134,2117
5e390dd0b0252,bksp,bkspbksp,56,68,169,124,113
5e390dd0b0252,bksp,bksp@,45,461,584,506,539
5e390dd0b0252,@,@normal,78,227,373,305,295
5e390dd0b0252,normal,normalh,68,647,753,715,685
5e390dd0b0252,h,ho,38,160,287,198,249
5e390dd0b0252,o,ot,89,161,324,250,235
5e390dd0b0252,t,tn,74,113,255,187,181
5e390dd0b0252,n,nbksp,68,745,890,813,822
5e390dd0b0252,bksp,bkspm,77,191,356,268,279
5e390dd0b0252,m,ma,88,513,657,601,569
5e390dd0b0252,a,ai,56,125,252,181,196
5e390dd0b0252,i,io,71,132,241,203,170
5e390dd0b0252,o,obksp,38,677,772,715,734
5e390dd0b0252,bksp,bkspl,57,179,289,236,232
5e390dd0b0252,l,l.,53,929,1070,982,1017
5e390dd0b0252,.,.c,88,326,491,414,403
5e390dd0b0252,c,co,77,159,305,236,228
5e390dd0b0252,o,om,69,164,272,233,203
5e390dd0b0252,m,mc,39,27145,27226,27184,27187
5e390dd0b0252,c,ch,42,175,272,217,230
5e390dd0b0252,h,hbksp,55,1829,1946,1884,1891
5e390dd0b0252,bksp,bkspl,62,323,457,385,395
5e390dd0b0252,l,lbksp,72,408,550,480,478
5e390dd0b0252,bksp,bkspbksp,70,68,204,138,134
5e390dd0b0252,bksp,bkspp,66,406,536,472,470
5e390dd0b0252,p,pe,64,328,464,392,400
5e390dd0b0252,e,ec,72,445,554,517,482
5e390dd0b0252,c,ce,37,124,221,161,184
5e390dd0b0252,e,ebksp,60,1028,1145,1088,1085
5e390dd0b0252,bksp,bkspbksp,57,68,188,125,131
5e390dd0b0252,bksp,bkspbksp,63,481,614,544,551
5e390dd0b0252,bksp,bkspc,70,780,918,850,848
5e390dd0b0252,c,cbksp,68,731,870,799,802
5e390dd0b0252,bksp,bkspa,71,312,455,383,384
5e390dd0b0252,a,ac,72,497,638,569,566
5e390dd0b0252,c,ce,69,231,368,300,299
5e390dd0b0252,e,emeta1,68,445,569,513,501
5e390dd0b0252,meta1,meta1meta2,56,1134,1265,1190,1209
5e390dd0b0252,meta2,meta2_,75,894,1048,969,973
5e390dd0b0252,_,_normal,79,239,384,318,305
5e390dd0b0252,normal,normalm,66,557,684,623,618
5e390dd0b0252,m,ma,61,157,255,218,194
5e390dd0b0252,a,al,37,137,254,174,217
5e390dd0b0252,l,lmeta1,80,121,247,201,167
5e390dd0b0252,meta1,meta1@,46,811,923,857,877
5e390dd0b0252,@,@normal,66,173,288,239,222
5e390dd0b0252,normal,normalh,49,404,537,453,488
5e390dd0b0252,h,hi,84,211,347,295,263
5e390dd0b0252,i,io,52,962,1086,1014,1034
5e390dd0b0252,o,ot,72,196,337,268,265
5e390dd0b0252,t,tm,69,113,252,182,183
5e390dd0b0252,m,ma,70,157,322,227,252
5e390dd0b0252,a,ai,95,150,309,245,214
5e390dd0b0252,i,il,64,120,249,184,185
5e390dd0b0252,l,l.,65,446,583,511,518
5e390dd0b0252,.,.c,72,310,458,382,386
5e390dd0b0252,c,co,76,242,391,318,315
5e390dd0b0252,o,om,73,479,588,552,515
5e390dd0b0252,m,mi,36,-341732,-341663,-341696,-341699
5e390df46a144,i,ia,33,453,525,486,492
5e390df46a144,a,am,39,575,684,614,645
5e390df46a144,m,mb,70,317,453,387,383
5e390df46a144,b,bo,66,260,356,326,290
5e390df46a144,o,os,30,406,491,436,461
5e390df46a144,s,ss,55,106,219,161,164
5e390df46a144,s,smeta1,58,582,696,640,638
5e390df46a144,meta1,meta14,56,529,639,585,583
5e390df46a144,4,42,54,211,317,265,263
5e390df46a144,2,27,52,497,588,549,536
5e390df46a144,7,72,39,380,472,419,433
5e390df46a144,2,2@,53,518,619,571,566
5e390df46a144,@,@normal,48,482,590,530,542
5e390df46a144,normal,normalg,60,388,486,448,426
5e390df46a144,g,gm,38,344,422,382,384
5e390df46a144,m,ma,40,392,475,432,435
5e390df46a144,a,ai,43,374,458,417,415
5e390df46a144,i,il,41,230,306,271,265
5e390df46a144,l,l.,35,597,668,632,633
5e390df46a144,.,.c,36,513,604,549,568
5e390df46a144,c,co,55,227,321,282,266
5e390df46a144,o,om,39,965,1057,1004,1018
5e390df46a144,m,mi,53,32630,32710,32683,32657
5e390df46a144,i,ia,27,224,318,251,291
5e390df46a144,a,am,67,318,424,385,357
5e390df46a144,m,mb,39,156,249,195,210
5e390df46a144,b,bo,54,365,458,419,404
5e390df46a144,o,oo,39,87,169,126,130
5e390df46a144,o,os,43,1062,1180,1105,1137
5e390df46a144,s,ss,75,87,189,162,114
5e390df46a144,s,smeta1,27,179,249,206,222
5e390df46a144,meta1,meta14,43,426,505,469,462
5e390df46a144,4,42,36,146,218,182,182
5e390df46a144,2,27,36,195,256,231,220
5e390df46a144,7,72,25,213,273,238,248
5e390df46a144,2,2@,35,565,652,600,617
5e390df46a144,@,@normal,52,860,968,912,916
5e390df46a144,normal,normalg,56,512,627,568,571
5e390df46a144,g,gm,59,243,334,302,275
5e390df46a144,m,ma,32,235,296,267,264
5e390df46a144,a,ai,29,271,337,300,308
5e390df46a144,i,il,37,133,193,170,156
5e390df46a144,l,l.,23,558,616,581,593
5e390df46a144,.,.c,35,264,336,299,301
5e390df46a144,c,co,37,190,269,227,232
5e390df46a144,o,om,42,147,216,189,174
5e390df46a144,m,mi,27,35862,35924,35889,35897
5e390df46a144,i,iw,35,325,418,360,383
5e390df46a144,w,wm,58,1518,1617,1576,1559
5e390df46a144,m,mbksp,41,450,536,491,495
5e390df46a144,bksp,bkspm,45,894,979,939,934
5e390df46a144,m,mb,40,512,590,552,550
5e390df46a144,b,bo,38,153,246,191,208
5e390df46a144,o,os,55,215,308,270,253
5e390df46a144,s,ss,38,70,153,108,115
5e390df46a144,s,smeta1,45,1416,1517,1461,1472
5e390df46a144,meta1,meta14,56,630,738,686,682
5e390df46a144,4,42,52,130,218,182,166
5e390df46a144,2,27,36,197,269,233,233
5e390df46a144,7,72,36,194,284,230,248
5e390df46a144,2,2@,54,428,540,482,486
5e390df46a144,@,@normal,58,728,840,786,782
5e390df46a144,normal,normalg,54,378,489,432,435
5e390df46a144,g,gm,57,219,306,276,249
5e390df46a144,m,ma,30,213,297,243,267
5e390df46a144,a,ai,54,196,276,250,222
5e390df46a144,i,il,26,154,214,180,188
5e390df46a144,l,l.,34,386,465,420,431
5e390df46a144,.,.c,45,237,338,282,293
5e390df46a144,c,co,56,214,295,270,239
5e390df46a144,o,om,25,81,135,106,110
5e390df46a144,m,mi,29,20469,20528,20498,20499
5e390df46a144,i,ia,30,190,270,220,240
5e390df46a144,a,am,50,208,284,258,234
5e390df46a144,m,mb,26,141,220,167,194
5e390df46a144,b,bo,53,154,221,207,168
5e390df46a144,o,os,14,192,262,206,248
5e390df46a144,s,ss,56,69,157,125,101
5e390df46a144,s,smeta1,32,324,420,356,388
5e390df46a144,meta1,meta14,64,411,513,475,449
5e390df46a144,4,42,38,145,234,183,196
5e390df46a144,2,27,51,183,269,234,218
5e390df46a144,7,72,35,160,250,195,215
5e390df46a144,2,2@,55,234,313,289,258
5e390df46a144,@,@g,24,706,786,730,762
5e390df46a144,g,gm,56,144,237,200,181
5e390df46a144,m,ma,37,181,266,218,229
5e390df46a144,a,ai,48,421,521,469,473
5e390df46a144,i,il,52,117,187,169,135
5e390df46a144,l,l.,18,594,654,612,636
5e390df46a144,.,.c,42,222,318,264,276
5e390df46a144,c,co,54,182,272,236,218
5e390df46a144,o,om,36,115,180,151,144
5e390df46a144,m,mi,29,22343,22399,22372,22370
5e390df46a144,i,ia,27,200,267,227,240
5e390df46a144,a,am,40,225,319,265,279
5e390df46a144,m,mb,54,110,221,164,167
5e390df46a144,b,bo,57,126,241,183,184
5e390df46a144,o,os,58,200,310,258,252
5e390df46a144,s,ss,52,69,182,121,130
5e390df46a144,s,smeta1,61,335,449,396,388
5e390df46a144,meta1,meta14,53,375,485,428,432
5e390df46a144,4,42,57,111,239,168,182
5e390df46a144,2,27,71,161,286,232,215
5e390df46a144,7,72,54,146,241,200,187
5e390df46a144,2,2@,41,359,443,400,402
5e390df46a144,@,@normal,43,793,892,836,849
5e390df46a144,normal,normalg,56,345,455,401,399
5e390df46a144,g,gm,54,166,251,220,197
5e390df46a144,m,ma,31,200,279,231,248
5e390df46a144,a,ai,48,206,300,254,252
5e390df46a144,i,il,46,129,202,175,156
5e390df46a144,l,l.,27,161,223,188,196
5e390df46a144,.,.c,35,228,317,263,282
5e390df46a144,c,co,54,164,249,218,195
5e390df46a144,o,om,31,88,151,119,120
5e390df46a144,m,mi,32,25606,25668,25638,25636
5e390df46a144,i,ia,30,192,282,222,252
5e390df46a144,a,am,60,244,358,304,298
5e390df46a144,m,mb,54,151,239,205,185
5e390df46a144,b,bo,34,143,216,177,182
5e390df46a144,o,os,39,215,307,254,268
5e390df46a144,s,ss,53,70,168,123,115
5e390df46a144,s,smeta1,45,851,952,896,907
5e390df46a144,meta1,meta14,56,508,601,564,545
5e390df46a144,4,42,37,144,220,181,183
5e390df46a144,2,27,39,215,283,254,244
5e390df46a144,7,72,29,184,253,213,224
5e390df46a144,2,2@,40,430,505,470,465
5e390df46a144,@,@normal,35,814,904,849,869
5e390df46a144,normal,normalg,55,327,422,382,367
5e390df46a144,g,gm,40,159,239,199,199
5e390df46a144,m,ma,40,212,279,252,239
5e390df46a144,a,ai,27,190,253,217,226
5e390df46a144,i,il,36,128,202,164,166
5e390df46a144,l,l.,38,158,230,196,192
5e390df46a144,.,.c,34,276,361,310,327
5e390df46a144,c,co,51,528,620,579,569
5e390df46a144,o,om,41,141,221,182,180
5e390df46a144,m,mi,39,20063,20140,20102,20101
5e390df46a144,i,ia,38,199,289,237,251
5e390df46a144,a,am,52,213,302,265,250
5e390df46a144,m,mv,37,141,235,178,198
5e390df46a144,v,vo,57,143,243,200,186
5e390df46a144,o,os,43,213,284,256,241
5e390df46a144,s,ss,28,61,136,89,108
5e390df46a144,s,sbksp,47,477,582,524,535
5e390df46a144,bksp,bkspbksp,58,71,190,129,132
5e390df46a144,bksp,bkspbksp,61,166,255,227,194
5e390df46a144,bksp,bkspb,28,516,601,544,573
5e390df46a144,b,bo,57,148,233,205,176
5e390df46a144,o,os,28,235,295,263,267
5e390df46a144,s,ss,32,76,138,108,106
5e390df46a144,s,s4,30,682,767,712,737
5e390df46a144,4,42,55,126,219,181,164
5e390df46a144,2,27,38,180,271,218,233
5e390df46a144,7,72,53,133,235,186,182
5e390df46a144,2,2@,49,697,786,746,737
5e390df46a144,@,@normal,40,847,942,887,902
5e390df46a144,normal,normalg,55,354,452,409,397
5e390df46a144,g,gm,43,180,251,223,208
5e390df46a144,m,ma,28,172,268,200,240
5e390df46a144,a,ai,68,195,291,263,223
5e390df46a144,i,il,28,272,357,300,329
5e390df46a144,l,l.,57,212,306,269,249
5e390df46a144,.,.v,37,172,253,209,216
5e390df46a144,v,vo,44,165,257,209,213
5e390df46a144,o,om,48,102,181,150,133
5e390df46a144,m,mbksp,31,677,752,708,721
5e390df46a144,bksp,bkspbksp,44,72,159,116,115
5e390df46a144,bksp,bkspbksp,43,1375,1451,1418,1408
5e390df46a144,bksp,bksp.,33,705,798,738,765
5e390df46a144,.,.c,60,229,321,289,261
5e390df46a144,c,co,32,179,249,211,217
5e390df46a144,o,om,38,104,162,142,124
5e390df46a144,m,mi,20,25622,25684,25642,25664
5e390df46a144,i,ia,42,175,272,217,230
5e390df46a144,a,am,55,218,308,273,253
5e390df46a144,m,mb,35,119,214,154,179
5e390df46a144,b,bo,60,151,239,211,179
5e390df46a144,o,os,28,204,268,232,240
5e390df46a144,s,ss,36,87,168,123,132
5e390df46a144,s,smeta1,45,712,834,757,789
5e390df46a144,meta1,meta14,77,356,466,433,389
5e390df46a144,4,42,33,123,205,156,172
5e390df46a144,2,27,49,181,258,230,209
5e390df46a144,7,72,28,149,221,177,193
5e390df46a144,2,2@,44,729,812,773,768
5e390df46a144,@,@g,39,1362,1439,1401,1400
5e390df46a144,g,gm,38,192,270,230,232
5e390df46a144,m,ma,40,743,842,783,802
5e390df46a144,a,ai,59,395,510,454,451
5e390df46a144,i,il,56,107,202,163,146
5e390df46a144,l,l.,39,179,246,218,207
5e390df46a144,.,.c,28,174,254,202,226
5e390df46a144,c,co,52,184,268,236,216
5e390df46a144,o,om,32,112,171,144,139
5e390df46a144,m,mi,27,22094,22174,22121,22147
5e390df46a144,i,ia,53,195,302,248,249
5e390df46a144,a,am,54,197,288,251,234
5e390df46a144,m,mb,37,150,238,187,201
5e390df46a144,b,bo,51,127,218,178,167
5e390df46a144,o,os,40,194,272,234,232
5e390df46a144,s,ss,38,87,172,125,134
5e390df46a144,s,smeta1,47,129,231,176,184
5e390df46a144,meta1,meta14,55,331,440,386,385
5e390df46a144,4,42,54,110,217,164,163
5e390df46a144,2,27,53,184,266,237,213
5e390df46a144,7,72,29,134,216,163,187
5e390df46a144,2,2@,53,197,287,250,234
5e390df46a144,@,@normal,37,231,321,268,284
5e390df46a144,normal,normalg,53,329,440,382,387
5e390df46a144,g,gm,58,152,240,210,182
5e390df46a144,m,ma,30,177,259,207,229
5e390df46a144,a,ai,52,175,270,227,218
5e390df46a144,i,il,43,108,193,151,150
5e390df46a144,l,l.,42,181,249,223,207
5e390df46a144,.,.c,26,243,336,269,310
5e390df46a144,c,co,67,145,251,212,184
5e390df46a144,o,om,39,104,172,143,133
5e390df46a144,m,mi,29,25488,25563,25517,25534
5e390df46a144,i,ia,46,198,295,244,249
5e390df46a144,a,am,51,179,287,230,236
5e390df46a144,m,mv,57,148,240,205,183
5e390df46a144,v,vb,35,746,852,781,817
5e390df46a144,b,bo,71,130,237,201,166
5e390df46a144,o,os,36,213,303,249,267
5e390df46a144,s,ss,54,89,187,143,133
5e390df46a144,s,smeta1,44,263,363,307,319
5e390df46a144,meta1,meta14,56,394,488,450,432
5e390df46a144,4,42,38,131,220,169,182
5e390df46a144,2,27,51,181,256,232,205
5e390df46a144,7,72,24,152,252,176,228
5e390df46a144,2,2@,76,329,462,405,386
5e390df46a144,@,@normal,57,211,322,268,265
5e390df46a144,normal,normalg,54,346,439,400,385
5e390df46a144,g,gm,39,171,252,210,213
5e390df46a144,m,ma,42,196,291,238,249
5e390df46a144,a,ai,53,199,280,252,227
5e390df46a144,i,il,28,117,186,145,158
5e390df46a144,l,l.,41,175,259,216,218
5e390df46a144,.,.v,43,192,275,235,232
5e390df46a144,v,vc,40,764,861,804,821
5e390df46a144,c,co,57,243,338,300,281
5e390df46a144,o,om,38,111,186,149,148
5e390df46a144,m,mg,37,-271168,-271039,-271131,-271076
5e390e2b5a066,g,gf,92,371,572,463,480
5e390e2b5a066,f,ff,109,127,324,236,215
5e390e2b5a066,f,fg,88,1230,1406,1318,1318
5e390e2b5a066,g,gg,88,158,336,246,248
5e390e2b5a066,g,gt,90,646,810,736,720
5e390e2b5a066,t,tt,74,107,271,181,197
5e390e2b5a066,t,tg,90,546,725,636,635
5e390e2b5a066,g,gg,89,94,256,183,167
5e390e2b5a066,g,gmeta1,73,527,689,600,616
5e390e2b5a066,meta1,meta1@,89,760,940,849,851
5e390e2b5a066,@,@normal,91,878,1057,969,966
5e390e2b5a066,normal,normalg,88,925,1122,1013,1034
5e390e2b5a066,g,gm,109,510,709,619,600
5e390e2b5a066,m,ma,90,369,559,459,469
5e390e2b5a066,a,al,100,1358,1566,1458,1466
5e390e2b5a066,l,l.,108,1142,1312,1250,1204
5e390e2b5a066,.,.c,62,371,543,433,481
5e390e2b5a066,c,co,110,425,640,535,530
5e390e2b5a066,o,om,105,274,487,379,382
5e390e2b5a066,m,mg,108,47748,47929,47856,47821
5e390e2b5a066,g,gf,73,276,422,349,349
5e390e2b5a066,f,ff,73,77,203,150,130
5e390e2b5a066,f,fg,53,247,357,300,304
5e390e2b5a066,g,gg,57,91,204,148,147
5e390e2b5a066,g,gt,56,247,360,303,304
5e390e2b5a066,t,tt,57,145,232,202,175
5e390e2b5a066,t,tg,30,234,320,264,290
5e390e2b5a066,g,gg,56,88,188,144,132
5e390e2b5a066,g,gmeta1,44,863,978,907,934
5e390e2b5a066,meta1,meta1@,71,961,1090,1032,1019
5e390e2b5a066,@,@normal,58,524,640,582,582
5e390e2b5a066,normal,normalg,58,610,729,668,671
5e390e2b5a066,g,gm,61,421,559,482,498
5e390e2b5a066,m,ma,77,1110,1246,1187,1169
5e390e2b5a066,a,ai,59,522,623,581,564
5e390e2b5a066,i,il,42,432,537,474,495
5e390e2b5a066,l,l.,63,422,565,485,502
5e390e2b5a066,.,.c,80,496,648,576,568
5e390e2b5a066,c,co,72,361,470,433,398
5e390e2b5a066,o,om,37,259,355,296,318
5e390e2b5a066,m,mmeta1,59,661,781,720,722
5e390e2b5a066,meta1,meta1normal,61,721,844,782,783
5e390e2b5a066,normal,normalg,62,51643,51794,51705,51732
5e390e2b5a066,g,gf,89,410,571,499,482
5e390e2b5a066,f,ff,72,92,207,164,135
5e390e2b5a066,f,fg,43,326,427,369,384
5e390e2b5a066,g,gg,58,86,190,144,132
5e390e2b5a066,g,gt,46,212,295,258,249
5e390e2b5a066,t,tt,37,86,185,123,148
5e390e2b5a066,t,tg,62,263,384,325,322
5e390e2b5a066,g,gg,59,68,207,127,148
5e390e2b5a066,g,gmeta1,80,877,1016,957,936
5e390e2b5a066,meta1,meta1@,59,839,957,898,898
5e390e2b5a066,@,@normal,59,493,611,552,552
5e390e2b5a066,normal,normalg,59,596,720,655,661
5e390e2b5a066,g,gm,65,455,586,520,521
5e390e2b5a066,m,mi,66,792,918,858,852
5e390e2b5a066,i,il,60,274,406,334,346
5e390e2b5a066,l,lc,72,1344,1522,1416,1450
5e390e2b5a066,c,co,106,794,992,900,886
5e390e2b5a066,o,om,92,258,393,350,301
5e390e2b5a066,m,mg,43,40037,40176,40080,40133
5e390e2b5a066,g,gf,96,261,429,357,333
5e390e2b5a066,f,ff,72,141,306,213,234
5e390e2b5a066,f,fg,93,325,495,418,402
5e390e2b5a066,g,gg,77,141,305,218,228
5e390e2b5a066,g,gt,87,246,407,333,320
5e390e2b5a066,t,tt,74,125,254,199,180
5e390e2b5a066,t,tg,55,363,458,418,403
5e390e2b5a066,g,gg,40,110,239,150,199
5e390e2b5a066,g,gmeta1,89,879,1039,968,950
5e390e2b5a066,meta1,meta1@,71,626,775,697,704
5e390e2b5a066,@,@normal,78,439,573,517,495
5e390e2b5a066,normal,normalg,56,545,676,601,620
5e390e2b5a066,g,gm,75,460,606,535,531
5e390e2b5a066,m,ma,71,1825,1975,1896,1904
5e390e2b5a066,a,al,79,858,1045,937,966
5e390e2b5a066,l,l.,108,291,508,399,400
5e390e2b5a066,.,.c,109,344,559,453,450
5e390e2b5a066,c,co,106,309,537,415,431
5e390e2b5a066,o,om,122,277,488,399,366
5e390e2b5a066,m,mg,89,48566,48793,48655,48704
5e390e2b5a066,g,gf,138,260,507,398,369
5e390e2b5a066,f,ff,109,117,339,226,230
5e390e2b5a066,f,fg,113,324,549,437,436
5e390e2b5a066,g,gg,112,106,324,218,212
5e390e2b5a066,g,gt,106,263,458,369,352
5e390e2b5a066,t,tt,89,93,270,182,181
5e390e2b5a066,t,tg,88,646,843,734,755
5e390e2b5a066,g,gg,109,88,288,197,179
5e390e2b5a066,g,gmeta1,91,495,659,586,568
5e390e2b5a066,meta1,meta1@,73,745,959,818,886
5e390e2b5a066,@,@normal,141,824,1056,965,915
5e390e2b5a066,normal,normalg,91,809,1044,900,953
5e390e2b5a066,g,gm,144,356,609,500,465
5e390e2b5a066,m,ma,109,291,494,400,385
5e390e2b5a066,a,ai,94,406,591,500,497
5e390e2b5a066,i,il,91,373,574,464,483
5e390e2b5a066,l,l.,110,293,527,403,417
5e390e2b5a066,.,.c,124,1109,1308,1233,1184
5e390e2b5a066,c,co,75,343,546,418,471
5e390e2b5a066,o,om,128,273,509,401,381
5e390e2b5a066,m,mg,108,38293,38490,38401,38382
5e390e2b5a066,g,gf,89,292,458,381,369
5e390e2b5a066,f,ff,77,141,291,218,214
5e390e2b5a066,f,fg,73,361,523,434,450
5e390e2b5a066,g,gg,89,111,272,200,183
5e390e2b5a066,g,gt,72,277,441,349,369
5e390e2b5a066,t,tt,92,86,255,178,163
5e390e2b5a066,t,tg,77,329,496,406,419
5e390e2b5a066,g,gg,90,94,237,184,147
5e390e2b5a066,g,gmeta1,53,946,1088,999,1035
5e390e2b5a066,meta1,meta1@,89,1080,1323,1169,1234
5e390e2b5a066,@,@normal,154,805,1053,959,899
5e390e2b5a066,normal,normalg,94,595,797,689,703
5e390e2b5a066,g,gm,108,408,627,516,519
5e390e2b5a066,m,ma,111,491,675,602,564
5e390e2b5a066,a,ai,73,692,855,765,782
5e390e2b5a066,i,il,90,478,674,568,584
5e390e2b5a066,l,l.,106,521,724,627,618
5e390e2b5a066,.,.c,97,794,996,891,899
5e390e2b5a066,c,cm,105,959,1170,1064,1065
5e390e2b5a066,m,mg,106,52468,52681,52574,52575
5e390e2b5a066,g,gf,107,228,456,335,349
5e390e2b5a066,f,ff,121,127,371,248,250
5e390e2b5a066,f,fg,123,292,521,415,398
5e390e2b5a066,g,gg,106,129,323,235,217
5e390e2b5a066,g,gt,88,245,425,333,337
5e390e2b5a066,t,tt,92,128,289,220,197
5e390e2b5a066,t,tg,69,294,456,363,387
5e390e2b5a066,g,gg,93,67,257,160,164
5e390e2b5a066,g,gmeta1,97,328,513,425,416
5e390e2b5a066,meta1,meta1@,88,495,692,583,604
5e390e2b5a066,@,@normal,109,441,624,550,515
5e390e2b5a066,normal,normalg,74,526,672,600,598
5e390e2b5a066,g,gm,72,379,542,451,470
5e390e2b5a066,m,mi,91,859,1022,950,931
5e390e2b5a066,i,il,72,395,592,467,520
5e390e2b5a066,l,l.,125,557,775,682,650
5e390e2b5a066,.,.c,93,375,577,468,484
5e390e2b5a066,c,co,109,440,657,549,548
5e390e2b5a066,o,om,108,326,558,434,450
5e390e2b5a066,m,mbksp,124,3159,3390,3283,3266
5e390e2b5a066,bksp,bkspbksp,107,111,289,218,182
5e390e2b5a066,bksp,bkspbksp,71,87,239,158,168
5e390e2b5a066,bksp,bkspbksp,81,86,265,167,184
5e390e2b5a066,bksp,bkspbksp,98,309,520,407,422
5e390e2b5a066,bksp,bkspbksp,113,105,289,218,176
5e390e2b5a066,bksp,bkspa,71,512,678,583,607
5e390e2b5a066,a,ai,95,473,690,568,595
5e390e2b5a066,i,i.,122,527,755,649,633
5e390e2b5a066,.,.c,106,227,457,333,351
5e390e2b5a066,c,co,124,475,727,599,603
5e390e2b5a066,o,om,128,190,442,318,314
5e390e2b5a066,m,mbksp,124,758,975,882,851
5e390e2b5a066,bksp,bkspbksp,93,107,258,200,165
5e390e2b5a066,bksp,bkspbksp,58,251,409,309,351
5e390e2b5a066,bksp,bkspbksp,100,718,883,818,783
5e390e2b5a066,bksp,bkspbksp,65,107,267,172,202
5e390e2b5a066,bksp,bkspbksp,95,858,1043,953,948
5e390e2b5a066,bksp,bkspl,90,244,404,334,314
5e390e2b5a066,l,l.,70,844,1025,914,955
5e390e2b5a066,.,.c,111,358,562,469,451
5e390e2b5a066,c,co,93,370,558,463,465
5e390e2b5a066,o,om,95,192,375,287,280
5e390e2b5a066,m,mg,88,39602,39792,39690,39704
5e390e2b5a066,g,gf,102,197,386,299,284
5e390e2b5a066,f,ff,87,251,402,338,315
5e390e2b5a066,f,fg,64,896,1069,960,1005
5e390e2b5a066,g,gg,109,106,290,215,181
5e390e2b5a066,g,gt,75,225,391,300,316
5e390e2b5a066,t,tt,91,87,256,178,165
5e390e2b5a066,t,tg,78,263,431,341,353
5e390e2b5a066,g,gg,90,70,257,160,167
5e390e2b5a066,g,gmeta1,97,543,713,640,616
5e390e2b5a066,meta1,meta1@,73,593,772,666,699
5e390e2b5a066,@,@normal,106,491,672,597,566
5e390e2b5a066,normal,normalg,75,543,729,618,654
5e390e2b5a066,g,gm,111,475,695,586,584
5e390e2b5a066,m,ma,109,341,557,450,448
5e390e2b5a066,a,al,107,926,1156,1033,1049
5e390e2b5a066,l,l.,123,294,523,417,400
5e390e2b5a066,.,.c,106,240,491,346,385
5e390e2b5a066,c,co,145,342,593,487,448
5e390e2b5a066,o,om,106,227,441,333,335
5e390e2b5a066,m,mg,108,41447,41661,41555,41553
5e390e2b5a066,g,gf,106,257,489,363,383
5e390e2b5a066,f,ff,126,123,356,249,230
5e390e2b5a066,f,fg,107,229,458,336,351
5e390e2b5a066,g,gg,122,160,371,282,249
5e390e2b5a066,g,gt,89,294,493,383,404
5e390e2b5a066,t,tt,110,89,305,199,195
5e390e2b5a066,t,tg,106,676,909,782,803
5e390e2b5a066,g,gg,127,51,292,178,165
5e390e2b5a066,g,gmeta1,114,327,516,441,402
5e390e2b5a066,meta1,meta10,75,687,874,762,799
5e390e2b5a066,0,0bksp,112,761,980,873,868
5e390e2b5a066,bksp,bksp@,107,176,371,283,264
5e390e2b5a066,@,@normal,88,511,671,599,583
5e390e2b5a066,normal,normalg,72,478,673,550,601
5e390e2b5a066,g,gm,123,445,675,568,552
5e390e2b5a066,m,ma,107,339,544,446,437
5e390e2b5a066,a,ai,98,339,546,437,448
5e390e2b5a066,i,i.,109,655,873,764,764
5e390e2b5a066,.,.bksp,109,934,1127,1043,1018
5e390e2b5a066,bksp,bkspbksp,84,1089,1266,1173,1182
5e390e2b5a066,bksp,bkspl,93,188,331,281,238
5e390e2b5a066,l,l.,50,702,861,752,811
5e390e2b5a066,.,.c,109,578,779,687,670
5e390e2b5a066,c,co,92,377,592,469,500
5e390e2b5a066,o,om,123,591,809,714,686
5e390e2b5a066,m,mg,95,38994,39192,39089,39097
5e390e2b5a066,g,gf,103,214,401,317,298
5e390e2b5a066,f,ff,84,110,285,194,201
5e390e2b5a066,f,fg,91,264,476,355,385
5e390e2b5a066,g,gg,121,89,301,210,180
5e390e2b5a066,g,gt,91,214,409,305,318
5e390e2b5a066,t,tt,104,73,255,177,151
5e390e2b5a066,t,tg,78,259,444,337,366
5e390e2b5a066,g,gg,107,52,256,159,149
5e390e2b5a066,g,gmeta1,97,1813,1999,1910,1902
5e390e2b5a066,meta1,meta1@,89,876,1073,965,984
5e390e2b5a066,@,@normal,108,642,811,750,703
5e390e2b5a066,normal,normalg,61,406,575,467,514
5e390e2b5a066,g,gm,108,425,645,533,537
5e390e2b5a066,m,ma,112,306,528,418,416
5e390e2b5a066,a,ai,110,590,807,700,697
5e390e2b5a066,i,il,107,343,557,450,450
5e390e2b5a066,l,l.,107,327,544,434,437
5e390e2b5a066,.,.c,110,424,659,534,549
5e390e2b5a066,c,co,125,706,958,831,833
5e390e2b5a066,o,om,127,207,460,334,333
5e390e2b5a066,m,mm,126,-309501,-309320,-309375,-309446
5e390f0800cfd,m,ma,55,363,487,418,432
5e390f0800cfd,a,ag,69,268,403,337,334
5e390f0800cfd,g,gg,66,86,230,152,164
5e390f0800cfd,g,gy,78,114,245,192,167
5e390f0800cfd,y,yz,53,384,505,437,452
5e390f0800cfd,z,za,68,162,284,230,216
5e390f0800cfd,a,as,54,90,220,144,166
5e390f0800cfd,s,sshift,76,198,329,274,253
5e390f0800cfd,shift,shiftshift,55,1931,2040,1986,1985
5e390f0800cfd,shift,shiftmeta1,54,610,720,664,666
5e390f0800cfd,meta1,meta1@,56,776,871,832,815
5e390f0800cfd,@,@normal,39,362,487,401,448
5e390f0800cfd,normal,normalh,86,464,588,550,502
5e390f0800cfd,h,hbksp,38,563,669,601,631
5e390f0800cfd,bksp,bkspg,68,544,670,612,602
5e390f0800cfd,g,gm,58,196,307,254,249
5e390f0800cfd,m,ma,53,272,403,325,350
5e390f0800cfd,a,ai,78,244,394,322,316
5e390f0800cfd,i,il,72,146,257,218,185
5e390f0800cfd,l,l.,39,496,590,535,551
5e390f0800cfd,.,.c,55,360,503,415,448
5e390f0800cfd,c,co,88,248,404,336,316
5e390f0800cfd,o,om,68,145,268,213,200
5e390f0800cfd,m,mm,55,27148,27259,27203,27204
5e390f0800cfd,m,ma,56,311,439,367,383
5e390f0800cfd,a,ag,72,210,354,282,282
5e390f0800cfd,g,gg,72,90,222,162,150
5e390f0800cfd,g,gy,60,128,242,188,182
5e390f0800cfd,y,yz,54,382,509,436,455
5e390f0800cfd,z,za,73,159,288,232,215
5e390f0800cfd,a,as,56,102,220,158,164
5e390f0800cfd,s,smeta1,62,261,413,323,351
5e390f0800cfd,meta1,meta1@,90,979,1124,1069,1034
5e390f0800cfd,@,@normal,55,303,437,358,382
5e390f0800cfd,normal,normalg,79,530,649,609,570
5e390f0800cfd,g,gm,40,177,271,217,231
5e390f0800cfd,m,ma,54,294,421,348,367
5e390f0800cfd,a,ai,73,295,439,368,366
5e390f0800cfd,i,il,71,164,272,235,201
5e390f0800cfd,l,l.,37,259,352,296,315
5e390f0800cfd,.,.c,56,348,492,404,436
5e390f0800cfd,c,co,88,259,422,347,334
5e390f0800cfd,o,om,75,111,241,186,166
5e390f0800cfd,m,mm,55,24404,24493,24459,24438
5e390f0800cfd,m,ma,34,271,366,305,332
5e390f0800cfd,a,ag,61,258,408,319,347
5e390f0800cfd,g,gg,89,86,256,175,167
5e390f0800cfd,g,gy,81,131,279,212,198
5e390f0800cfd,y,yz,67,333,469,400,402
5e390f0800cfd,z,za,69,162,318,231,249
5e390f0800cfd,a,as,87,74,236,161,149
5e390f0800cfd,s,smeta1,75,232,363,307,288
5e390f0800cfd,meta1,meta1@,56,1643,1755,1699,1699
5e390f0800cfd,@,@normal,56,269,421,325,365
5e390f0800cfd,normal,normalg,96,479,648,575,552
5e390f0800cfd,g,gm,73,171,319,244,246
5e390f0800cfd,m,ma,75,335,449,410,374
5e390f0800cfd,a,ai,39,308,416,347,377
5e390f0800cfd,i,il,69,163,286,232,217
5e390f0800cfd,l,l.,54,228,336,282,282
5e390f0800cfd,.,.c,54,308,422,362,368
5e390f0800cfd,c,co,60,228,344,288,284
5e390f0800cfd,o,om,56,144,241,200,185
5e390f0800cfd,m,mm,41,25411,25507,25452,25466
5e390f0800cfd,m,ma,55,298,422,353,367
5e390f0800cfd,a,ag,69,229,353,298,284
5e390f0800cfd,g,gg,55,101,237,156,182
5e390f0800cfd,g,gy,81,124,264,205,183
5e390f0800cfd,y,yz,59,297,429,356,370
5e390f0800cfd,z,za,73,125,307,198,234
5e390f0800cfd,a,as,109,51,240,160,131
5e390f0800cfd,s,smeta1,80,212,346,292,266
5e390f0800cfd,meta1,meta1@,54,895,991,949,937
5e390f0800cfd,@,@normal,42,277,390,319,348
5e390f0800cfd,normal,normalg,71,391,536,462,465
5e390f0800cfd,g,gm,74,189,308,263,234
5e390f0800cfd,m,ma,45,292,427,337,382
5e390f0800cfd,a,ai,90,280,441,370,351
5e390f0800cfd,i,il,71,144,287,215,216
5e390f0800cfd,l,l.,72,180,321,252,249
5e390f0800cfd,.,.c,69,263,406,332,337
5e390f0800cfd,c,co,74,245,388,319,314
5e390f0800cfd,o,om,69,147,270,216,201
5e390f0800cfd,m,mm,54,25277,25388,25331,25334
5e390f0800cfd,m,ma,57,310,459,367,402
5e390f0800cfd,a,ag,92,227,391,319,299
5e390f0800cfd,g,gg,72,87,220,159,148
5e390f0800cfd,g,gy,61,151,261,212,200
5e390f0800cfd,y,yz,49,316,435,365,386
5e390f0800cfd,z,za,70,178,318,248,248
5e390f0800cfd,a,as,70,91,220,161,150
5e390f0800cfd,s,smeta1,59,195,308,254,249
5e390f0800cfd,meta1,meta1@,54,578,706,632,652
5e390f0800cfd,@,@normal,74,294,444,368,370
5e390f0800cfd,normal,normalg,76,474,623,550,547
5e390f0800cfd,g,gm,73,259,390,332,317
5e390f0800cfd,m,ma,58,259,391,317,333
5e390f0800cfd,a,ai,74,273,440,347,366
5e390f0800cfd,i,il,93,123,291,216,198
5e390f0800cfd,l,l.,75,187,341,262,266
5e390f0800cfd,.,.c,79,288,448,367,369
5e390f0800cfd,c,co,81,247,383,328,302
5e390f0800cfd,o,om,55,159,251,214,196
5e390f0800cfd,m,mm,37,26858,26941,26895,26904
5e390f0800cfd,m,ma,46,266,397,312,351
5e390f0800cfd,a,ag,85,231,425,316,340
5e390f0800cfd,g,gg,109,104,269,213,160
5e390f0800cfd,g,gy,56,245,337,301,281
5e390f0800cfd,y,yz,36,483,605,519,569
5e390f0800cfd,z,za,86,162,319,248,233
5e390f0800cfd,a,ameta1,71,311,453,382,382
5e390f0800cfd,meta1,meta1bksp,71,752,874,823,803
5e390f0800cfd,bksp,bkspnormal,51,395,517,446,466
5e390f0800cfd,normal,normals,71,380,523,451,452
5e390f0800cfd,s,smeta1,72,159,300,231,228
5e390f0800cfd,meta1,meta1@,69,620,755,689,686
5e390f0800cfd,@,@normal,66,357,501,423,435
5e390f0800cfd,normal,normalg,78,447,594,525,516
5e390f0800cfd,g,gm,69,161,301,230,232
5e390f0800cfd,m,ma,71,261,405,332,334
5e390f0800cfd,a,ai,73,278,427,351,354
5e390f0800cfd,i,il,76,136,272,212,196
5e390f0800cfd,l,l.,60,214,342,274,282
5e390f0800cfd,.,.c,68,264,420,332,352
5e390f0800cfd,c,co,88,296,419,384,331
5e390f0800cfd,o,om,35,146,236,181,201
5e390f0800cfd,m,mm,55,28338,28475,28393,28420
5e390f0800cfd,m,ma,82,281,448,363,366
5e390f0800cfd,a,ag,85,215,384,300,299
5e390f0800cfd,g,gg,84,96,233,180,149
5e390f0800cfd,g,gy,53,168,254,221,201
5e390f0800cfd,y,yz,33,310,434,343,401
5e390f0800cfd,z,za,91,162,324,253,233
5e390f0800cfd,a,ae,71,87,220,158,149
5e390f0800cfd,e,emeta1,62,195,328,257,266
5e390f0800cfd,meta1,meta1bksp,71,615,741,686,670
5e390f0800cfd,bksp,bkspnormal,55,277,437,332,382
5e390f0800cfd,normal,normals,105,313,489,418,384
5e390f0800cfd,s,smeta1,71,178,337,249,266
5e390f0800cfd,meta1,meta1@,88,1013,1157,1101,1069
5e390f0800cfd,@,@normal,56,293,421,349,365
5e390f0800cfd,normal,normalg,72,460,606,532,534
5e390f0800cfd,g,gm,74,195,323,269,249
5e390f0800cfd,m,ma,54,312,440,366,386
5e390f0800cfd,a,ai,74,332,488,406,414
5e390f0800cfd,i,il,82,151,298,233,216
5e390f0800cfd,l,l.,65,200,331,265,266
5e390f0800cfd,.,.c,66,296,418,362,352
5e390f0800cfd,c,co,56,262,407,318,351
5e390f0800cfd,o,om,89,161,288,250,199
5e390f0800cfd,m,mm,38,25296,25406,25334,25368
5e390f0800cfd,m,ma,72,277,423,349,351
5e390f0800cfd,a,ag,74,227,371,301,297
5e390f0800cfd,g,gg,70,74,220,144,150
5e390f0800cfd,g,gy,76,129,278,205,202
5e390f0800cfd,y,yz,73,277,427,350,354
5e390f0800cfd,z,za,77,141,289,218,212
5e390f0800cfd,a,as,71,90,237,161,166
5e390f0800cfd,s,smeta1,76,163,293,239,217
5e390f0800cfd,meta1,meta1@,54,864,970,918,916
5e390f0800cfd,@,@normal,52,252,386,304,334
5e390f0800cfd,normal,normalg,82,478,632,560,550
5e390f0800cfd,g,gm,72,432,558,504,486
5e390f0800cfd,m,ma,54,277,423,331,369
5e390f0800cfd,a,ai,92,262,436,354,344
5e390f0800cfd,i,il,82,151,264,233,182
5e390f0800cfd,l,l.,31,174,266,205,235
5e390f0800cfd,.,.c,61,299,397,360,336
5e390f0800cfd,c,co,37,294,389,331,352
5e390f0800cfd,o,om,58,25556,25690,25614,25632
5e390f0800cfd,m,ma,76,295,428,371,352
5e390f0800cfd,a,ag,57,214,336,271,279
5e390f0800cfd,g,gg,65,92,233,157,168
5e390f0800cfd,g,gy,76,151,277,227,201
5e390f0800cfd,y,yz,50,367,500,417,450
5e390f0800cfd,z,za,83,153,333,236,250
5e390f0800cfd,a,as,97,71,230,168,133
5e390f0800cfd,s,smeta1,62,168,293,230,231
5e390f0800cfd,meta1,meta1@,63,784,916,847,853
5e390f0800cfd,@,@normal,69,277,420,346,351
5e390f0800cfd,normal,normalg,74,561,690,635,616
5e390f0800cfd,g,gm,55,195,288,250,233
5e390f0800cfd,m,ma,38,280,390,318,352
5e390f0800cfd,a,ai,72,280,406,352,334
5e390f0800cfd,i,il,54,159,268,213,214
5e390f0800cfd,l,l.,55,181,288,236,233
5e390f0800cfd,.,.c,52,257,386,309,334
5e390f0800cfd,c,co,77,228,359,305,282
5e390f0800cfd,o,om,54,132,222,186,168
5e390f0800cfd,m,mm,36,26535,26614,26571,26578
5e390f0800cfd,m,ma,43,283,385,326,342
5e390f0800cfd,a,ag,59,227,373,286,314
5e390f0800cfd,g,gg,87,112,239,199,152
5e390f0800cfd,g,gy,40,161,272,201,232
5e390f0800cfd,y,yz,71,466,605,537,534
5e390f0800cfd,z,za,68,163,301,231,233
5e390f0800cfd,a,as,70,112,236,182,166
5e390f0800cfd,s,s@,54,1033,1139,1087,1085
5e390f0800cfd,@,@normal,52,279,402,331,350
5e390f0800cfd,normal,normalg,71,438,588,509,517
5e390f0800cfd,g,gm,79,225,361,304,282
5e390f0800cfd,m,ma,57,297,442,354,385
5e390f0800cfd,a,ai,88,278,439,366,351
5e390f0800cfd,i,il,73,162,287,235,214
5e390f0800cfd,l,l.,52,180,287,232,235
5e390f0800cfd,.,.c,55,313,436,368,381
5e390f0800cfd,c,co,68,278,387,346,319
5e390f0800cfd,o,om,41,177,272,218,231
5e390f0800cfd,m,mp,54,-133725,-133568,-133671,-133622
5e390faaec0c9,p,pm,103,275,453,378,350
5e390faaec0c9,m,m.,75,793,962,868,887
5e390faaec0c9,.,.p,94,173,376,267,282
5e390faaec0c9,p,pc,109,246,440,355,331
5e390faaec0c9,c,cm,85,140,301,225,216
5e390faaec0c9,m,mm,76,143,294,219,218
5e390faaec0c9,m,mshift,75,680,842,755,767
5e390faaec0c9,shift,shiftmeta1,87,423,604,510,517
5e390faaec0c9,meta1,meta1@,94,666,858,760,764
5e390faaec0c9,@,@normal,98,170,352,268,254
5e390faaec0c9,normal,normalg,84,664,801,748,717
5e390faaec0c9,g,gm,53,278,452,331,399
5e390faaec0c9,m,ma,121,693,907,814,786
5e390faaec0c9,a,ai,93,51,225,144,132
5e390faaec0c9,i,i.,81,907,1082,988,1001
5e390faaec0c9,.,.c,94,321,544,415,450
5e390faaec0c9,c,co,129,68,274,197,145
5e390faaec0c9,o,om,77,148,294,225,217
5e390faaec0c9,m,mp,69,34953,35075,35022,35006
5e390faaec0c9,p,pm,53,216,317,269,264
5e390faaec0c9,m,m.,48,138,248,186,200
5e390faaec0c9,.,.p,62,162,311,224,249
5e390faaec0c9,p,pc,87,143,355,230,268
5e390faaec0c9,c,cm,125,54,243,179,118
5e390faaec0c9,m,mm,64,140,279,204,215
5e390faaec0c9,m,mmeta1,75,1199,1360,1274,1285
5e390faaec0c9,meta1,meta1@,86,745,919,831,833
5e390faaec0c9,@,@normal,88,129,286,217,198
5e390faaec0c9,normal,normalg,69,532,669,601,600
5e390faaec0c9,g,gm,68,195,320,263,252
5e390faaec0c9,m,ma,57,73,209,130,152
5e390faaec0c9,a,ai,79,18,161,97,82
5e390faaec0c9,i,il,64,122,263,186,199
5e390faaec0c9,l,lbksp,77,828,979,905,902
5e390faaec0c9,bksp,bkspi,74,896,1038,970,964
5e390faaec0c9,i,il,68,151,285,219,217
5e390faaec0c9,l,l.,66,245,398,311,332
5e390faaec0c9,.,.c,87,895,1099,982,1012
5e390faaec0c9,c,co,117,8,189,125,72
5e390faaec0c9,o,om,64,124,266,188,202
5e390faaec0c9,m,mp,78,41417,41599,41495,41521
5e390faaec0c9,p,pm,104,282,467,386,363
5e390faaec0c9,m,m.,81,176,330,257,249
5e390faaec0c9,.,.p,73,309,475,382,402
5e390faaec0c9,p,pc,93,241,460,334,367
5e390faaec0c9,c,cm,126,75,258,201,132
5e390faaec0c9,m,mm,57,144,276,201,219
5e390faaec0c9,m,mmeta1,75,476,656,551,581
5e390faaec0c9,meta1,meta1@,105,327,491,432,386
5e390faaec0c9,@,@normal,59,156,305,215,246
5e390faaec0c9,normal,normalg,90,650,826,740,736
5e390faaec0c9,g,gm,86,190,370,276,284
5e390faaec0c9,m,ma,94,73,276,167,182
5e390faaec0c9,a,ai,109,21,208,130,99
5e390faaec0c9,i,il,78,180,328,258,250
5e390faaec0c9,l,l.,70,461,607,531,537
5e390faaec0c9,.,.c,76,339,506,415,430
5e390faaec0c9,c,co,91,73,208,164,117
5e390faaec0c9,o,om,44,141,260,185,216
5e390faaec0c9,m,mp,75,25502,25677,25577,25602
5e390faaec0c9,p,pm,100,250,432,350,332
5e390faaec0c9,m,m.,82,168,348,250,266
5e390faaec0c9,.,.p,98,834,1054,932,956
5e390faaec0c9,p,pc,122,462,720,584,598
5e390faaec0c9,c,cm,136,91,318,227,182
5e390faaec0c9,m,mm,91,142,310,233,219
5e390faaec0c9,m,mmeta1,77,645,824,722,747
5e390faaec0c9,meta1,meta1@,102,294,504,396,402
5e390faaec0c9,@,@normal,108,141,338,249,230
5e390faaec0c9,normal,normalg,89,379,543,468,454
5e390faaec0c9,g,gm,75,272,444,347,369
5e390faaec0c9,m,ma,97,126,294,223,197
5e390faaec0c9,a,ai,71,70,220,141,149
5e390faaec0c9,i,il,79,149,263,228,184
5e390faaec0c9,l,l.,35,214,317,249,282
5e390faaec0c9,.,.c,68,229,386,297,318
5e390faaec0c9,c,co,89,54,221,143,132
5e390faaec0c9,o,om,78,199,361,277,283
5e390faaec0c9,m,mm,84,28004,28154,28088,28070
5e390faaec0c9,m,m.,66,109,247,175,181
5e390faaec0c9,.,.p,72,181,357,253,285
5e390faaec0c9,p,pc,104,153,354,257,250
5e390faaec0c9,c,cm,97,18,198,115,101
5e390faaec0c9,m,mm,83,142,281,225,198
5e390faaec0c9,m,mmeta1,56,465,606,521,550
5e390faaec0c9,meta1,meta1normal,85,612,785,697,700
5e390faaec0c9,normal,normalg,88,759,907,847,819
5e390faaec0c9,g,gm,60,326,481,386,421
5e390faaec0c9,m,ma,95,69,258,164,163
5e390faaec0c9,a,ai,94,21,176,115,82
5e390faaec0c9,i,il,61,124,243,185,182
5e390faaec0c9,l,l.,58,146,301,204,243
5e390faaec0c9,.,.c,97,490,676,587,579
5e390faaec0c9,c,co,89,35,218,124,129
5e390faaec0c9,o,om,94,91,279,185,185
5e390faaec0c9,m,mp,94,36834,37009,36928,36915
5e390faaec0c9,p,pm,81,227,382,308,301
5e390faaec0c9,m,m.,74,145,291,219,217
5e390faaec0c9,.,.p,72,415,589,487,517
5e390faaec0c9,p,pc,102,157,370,259,268
5e390faaec0c9,c,cm,111,90,260,201,149
5e390faaec0c9,m,mm,59,88,228,147,169
5e390faaec0c9,m,mmeta1,81,426,581,507,500
5e390faaec0c9,meta1,meta1@,74,343,525,417,451
5e390faaec0c9,@,@normal,108,66,253,174,145
5e390faaec0c9,normal,normalg,79,624,767,703,688
5e390faaec0c9,g,gm,64,159,312,223,248
5e390faaec0c9,m,ma,89,36,222,125,133
5e390faaec0c9,a,ai,97,21,196,118,99
5e390faaec0c9,i,il,78,108,228,186,150
5e390faaec0c9,l,l.,42,167,258,209,216
5e390faaec0c9,.,.c,49,155,305,204,256
5e390faaec0c9,c,co,101,6,194,107,93
5e390faaec0c9,o,om,87,165,305,252,218
5e390faaec0c9,m,mp,53,33947,34087,34000,34034
5e390faaec0c9,p,pm,87,191,354,278,267
5e390faaec0c9,m,m.,76,125,261,201,185
5e390faaec0c9,.,.p,60,174,327,234,267
5e390faaec0c9,p,pc,93,141,326,234,233
5e390faaec0c9,c,cm,92,58,207,150,115
5e390faaec0c9,m,mm,57,128,242,185,185
5e390faaec0c9,m,mmeta1,57,412,575,469,518
5e390faaec0c9,meta1,meta1@,106,276,473,382,367
5e390faaec0c9,@,@normal,91,103,272,194,181
5e390faaec0c9,normal,normalg,78,379,532,457,454
5e390faaec0c9,g,gm,75,274,440,349,365
5e390faaec0c9,m,ma,91,108,308,199,217
5e390faaec0c9,a,ai,109,-14,140,95,31
5e390faaec0c9,i,il,45,125,214,170,169
5e390faaec0c9,l,l.,44,184,292,228,248
5e390faaec0c9,.,.bksp,64,410,549,474,485
5e390faaec0c9,bksp,bkspbksp,75,360,543,435,468
5e390faaec0c9,bksp,bkspa,108,391,610,499,502
5e390faaec0c9,a,abksp,111,456,674,567,563
5e390faaec0c9,bksp,bkspi,107,343,525,450,418
5e390faaec0c9,i,il,75,125,258,200,183
5e390faaec0c9,l,l.,58,172,326,230,268
5e390faaec0c9,.,.c,96,188,375,284,279
5e390faaec0c9,c,co,91,38,193,129,102
5e390faaec0c9,o,om,64,107,263,171,199
5e390faaec0c9,m,mp,92,33190,33362,33282,33270
5e390faaec0c9,p,pm,80,239,395,319,315
5e390faaec0c9,m,m.,76,161,291,237,215
5e390faaec0c9,.,.c,54,996,1142,1050,1088
5e390faaec0c9,c,cm,92,69,224,161,132
5e390faaec0c9,m,mm,63,123,263,186,200
5e390faaec0c9,m,mmeta1,77,326,493,403,416
5e390faaec0c9,meta1,meta1@,90,293,458,383,368
5e390faaec0c9,@,@normal,75,117,255,192,180
5e390faaec0c9,normal,normalg,63,651,783,714,720
5e390faaec0c9,g,gm,69,189,350,258,281
5e390faaec0c9,m,ma,92,72,261,164,169
5e390faaec0c9,a,ai,97,19,160,116,63
5e390faaec0c9,i,il,44,125,229,169,185
5e390faaec0c9,l,lbksp,60,147,260,207,200
5e390faaec0c9,bksp,bkspc,53,88,244,141,191
5e390faaec0c9,c,cn,103,207,379,310,276
5e390faaec0c9,n,nbksp,69,816,955,885,886
5e390faaec0c9,bksp,bkspl,70,714,854,784,784
5e390faaec0c9,l,l.,70,174,334,244,264
5e390faaec0c9,.,.c,90,147,322,237,232
5e390faaec0c9,c,co,85,37,185,122,100
5e390faaec0c9,o,om,63,121,265,184,202
5e390faaec0c9,m,mm,81,42851,43003,42932,42922
5e390faaec0c9,m,m.,71,158,302,229,231
5e390faaec0c9,.,.p,73,459,623,532,550
5e390faaec0c9,p,pc,91,246,423,337,332
5e390faaec0c9,c,cm,86,39,203,125,117
5e390faaec0c9,m,mm,78,124,262,202,184
5e390faaec0c9,m,mmeta1,60,332,492,392,432
5e390faaec0c9,meta1,meta1normal,100,474,666,574,566
5e390faaec0c9,normal,normalg,92,796,963,888,871
5e390faaec0c9,g,gm,75,155,339,230,264
5e390faaec0c9,m,ma,109,53,274,162,165
5e390faaec0c9,a,ai,112,-12,161,100,49
5e390faaec0c9,i,il,61,123,246,184,185
5e390faaec0c9,l,lbksp,62,147,295,209,233
5e390faaec0c9,bksp,bksp.,86,1035,1220,1121,1134
5e390faaec0c9,.,.c,99,271,481,370,382
5e390faaec0c9,c,co,111,20,177,131,66
5e390faaec0c9,o,om,46,131,247,177,201
5e390faaec0c9,m,mp,70,30547,30706,30617,30636
5e390faaec0c9,p,pm,89,337,490,426,401
5e390faaec0c9,m,m.,64,145,315,209,251
5e390faaec0c9,.,.p,106,193,405,299,299
5e390faaec0c9,p,pc,106,230,455,336,349
5e390faaec0c9,c,cm,119,245,435,364,316
5e390faaec0c9,m,mm,71,225,391,296,320
5e390faaec0c9,m,mmeta1,95,692,878,787,783
5e390faaec0c9,meta1,meta1@,91,328,491,419,400
5e390faaec0c9,@,@normal,72,177,335,249,263
5e390faaec0c9,normal,normalg,86,437,591,523,505
5e390faaec0c9,g,gm,68,177,334,245,266
5e390faaec0c9,m,ma,89,117,320,206,231
5e390faaec0c9,a,ai,114,99,265,213,151
5e390faaec0c9,i,il,52,148,287,200,235
5e390faaec0c9,l,l.,87,476,671,563,584
5e390faaec0c9,.,.c,108,178,371,286,263
5e390faaec0c9,c,co,85,72,256,157,171
5e390faaec0c9,o,on,99,145,328,244,229
5e390faaec0c9,n,nbksp,84,597,823,681,739
5e390faaec0c9,bksp,bkspm,142,210,403,352,261
5e390faaec0c9,m,mk,51,-356015,-355907,-355964,-355958
5e390fb4ec193,k,ko,57,143,288,200,231
5e390fb4ec193,o,or,88,348,522,436,434
5e390fb4ec193,r,ra,86,427,621,513,535
5e390fb4ec193,a,aw,108,279,473,387,365
5e390fb4ec193,w,wi,86,91,282,177,196
5e390fb4ec193,i,it,105,255,426,360,321
5e390fb4ec193,t,tc,66,410,605,476,539
5e390fb4ec193,c,ch,129,140,306,269,177
5e390fb4ec193,h,h.,37,862,974,899,937
5e390fb4ec193,.,.p,75,563,693,638,618
5e390fb4ec193,p,pmeta1,55,518,623,573,568
5e390fb4ec193,meta1,meta1@,50,1380,1484,1430,1434
5e390fb4ec193,@,@normal,54,688,816,742,762
5e390fb4ec193,normal,normalh,74,493,639,567,565
5e390fb4ec193,h,ho,72,296,438,368,366
5e390fb4ec193,o,ot,70,262,390,332,320
5e390fb4ec193,t,tm,58,961,1105,1019,1047
5e390fb4ec193,m,ma,86,194,354,280,268
5e390fb4ec193,a,ai,74,177,321,251,247
5e390fb4ec193,i,il,70,149,271,219,201
5e390fb4ec193,l,l.,52,729,870,781,818
5e390fb4ec193,.,.c,89,429,589,518,500
5e390fb4ec193,c,co,71,161,323,232,252
5e390fb4ec193,o,om,91,759,943,850,852
5e390fb4ec193,m,mk,93,31580,31741,31673,31648
5e390fb4ec193,k,ko,68,161,319,229,251
5e390fb4ec193,o,or,90,328,476,418,386
5e390fb4ec193,r,ra,58,259,387,317,329
5e390fb4ec193,a,aw,70,313,472,383,402
5e390fb4ec193,w,wi,89,193,367,282,278
5e390fb4ec193,i,it,85,383,541,468,456
5e390fb4ec193,t,tc,73,376,509,449,436
5e390fb4ec193,c,ch,60,141,254,201,194
5e390fb4ec193,h,h.,53,1197,1336,1250,1283
5e390fb4ec193,.,.p,86,246,406,332,320
5e390fb4ec193,p,pmeta1,74,393,539,467,465
5e390fb4ec193,meta1,meta1@,72,1146,1304,1218,1232
5e390fb4ec193,@,@normal,86,178,336,264,250
5e390fb4ec193,normal,normalh,72,951,1122,1023,1050
5e390fb4ec193,h,ho,99,224,434,323,335
5e390fb4ec193,o,ot,111,376,563,487,452
5e390fb4ec193,t,tm,76,191,338,267,262
5e390fb4ec193,m,ma,71,297,443,368,372
5e390fb4ec193,a,ai,75,189,357,264,282
5e390fb4ec193,i,i.,93,743,923,836,830
5e390fb4ec193,.,.c,87,477,676,564,589
5e390fb4ec193,c,co,112,138,357,250,245
5e390fb4ec193,o,om,107,164,357,271,250
5e390fb4ec193,m,mk,86,38387,38556,38473,38470
5e390fb4ec193,k,ko,83,124,300,207,217
5e390fb4ec193,o,or,93,363,493,456,400
5e390fb4ec193,r,ra,37,363,472,400,435
5e390fb4ec193,a,aw,72,678,823,750,751
5e390fb4ec193,w,wi,73,177,352,250,279
5e390fb4ec193,i,it,102,280,471,382,369
5e390fb4ec193,t,tc,89,397,554,486,465
5e390fb4ec193,c,ch,68,146,252,214,184
5e390fb4ec193,h,h.,38,1280,1379,1318,1341
5e390fb4ec193,.,.p,61,607,754,668,693
5e390fb4ec193,p,pmeta1,86,1227,1374,1313,1288
5e390fb4ec193,meta1,meta1@,61,657,807,718,746
5e390fb4ec193,@,@normal,89,493,641,582,552
5e390fb4ec193,normal,normalh,59,791,941,850,882
5e390fb4ec193,h,ho,91,346,545,437,454
5e390fb4ec193,o,ot,108,673,874,781,766
5e390fb4ec193,t,tm,93,439,626,532,533
5e390fb4ec193,m,ma,94,274,478,368,384
5e390fb4ec193,a,ai,110,224,439,334,329
5e390fb4ec193,i,il,105,212,405,317,300
5e390fb4ec193,l,l.,88,482,659,570,571
5e390fb4ec193,.,.c,89,740,903,829,814
5e390fb4ec193,c,co,74,94,256,168,182
5e390fb4ec193,o,om,88,229,370,317,282
5e390fb4ec193,m,mk,53,31660,31788,31713,31735
5e390fb4ec193,k,ko,75,179,341,254,266
5e390fb4ec193,o,or,87,314,507,401,420
5e390fb4ec193,r,ra,106,343,539,449,433
5e390fb4ec193,a,aw,90,311,473,401,383
5e390fb4ec193,w,wi,72,159,321,231,249
5e390fb4ec193,i,it,90,378,525,468,435
5e390fb4ec193,t,tc,57,431,552,488,495
5e390fb4ec193,c,ch,64,138,282,202,218
5e390fb4ec193,h,h.,80,680,854,760,774
5e390fb4ec193,.,.p,94,324,489,418,395
5e390fb4ec193,p,pmeta1,71,879,1038,950,967
5e390fb4ec193,meta1,meta1normal,88,1312,1458,1400,1370
5e390fb4ec193,normal,normalh,58,541,670,599,612
5e390fb4ec193,h,ho,71,248,406,319,335
5e390fb4ec193,o,ot,87,426,603,513,516
5e390fb4ec193,t,tm,90,129,306,219,216
5e390fb4ec193,m,ma,87,294,476,381,389
5e390fb4ec193,a,ai,95,189,372,284,277
5e390fb4ec193,i,il,88,265,456,353,368
5e390fb4ec193,l,l.,103,292,506,395,403
5e390fb4ec193,.,.c,111,289,475,400,364
5e390fb4ec193,c,co,75,143,359,218,284
5e390fb4ec193,o,om,141,159,389,300,248
5e390fb4ec193,m,mk,89,30782,30942,30871,30853
5e390fb4ec193,k,ko,71,128,286,199,215
5e390fb4ec193,o,or,87,299,473,386,386
5e390fb4ec193,r,ra,87,363,561,450,474
5e390fb4ec193,a,aw,111,454,621,565,510
5e390fb4ec193,w,wi,56,143,271,199,215
5e390fb4ec193,i,it,72,314,457,386,385
5e390fb4ec193,t,tc,71,393,536,464,465
5e390fb4ec193,c,ch,72,178,306,250,234
5e390fb4ec193,h,h.,56,762,904,818,848
5e390fb4ec193,.,.p,86,241,436,327,350
5e390fb4ec193,p,pmeta1,109,346,515,455,406
5e390fb4ec193,meta1,meta1@,60,708,843,768,783
5e390fb4ec193,@,@normal,75,525,658,600,583
5e390fb4ec193,normal,normalh,58,609,755,667,697
5e390fb4ec193,h,ho,88,245,436,333,348
5e390fb4ec193,o,ot,103,541,722,644,619
5e390fb4ec193,t,tm,78,163,325,241,247
5e390fb4ec193,m,ma,84,313,469,397,385
5e390fb4ec193,a,ai,72,170,340,242,268
5e390fb4ec193,i,il,98,260,466,358,368
5e390fb4ec193,l,l.,108,210,407,318,299
5e390fb4ec193,.,.c,89,411,556,500,467
5e390fb4ec193,c,co,56,144,288,200,232
5e390fb4ec193,o,om,88,163,302,251,214
5e390fb4ec193,m,mk,51,33832,33956,33883,33905
5e390fb4ec193,k,ko,73,163,321,236,248
5e390fb4ec193,o,or,85,1684,1854,1769,1769
5e390fb4ec193,r,ra,85,309,504,394,419
5e390fb4ec193,a,aw,110,397,591,507,481
5e390fb4ec193,w,wi,84,128,302,212,218
5e390fb4ec193,i,it,90,295,475,385,385
5e390fb4ec193,t,tc,90,356,503,446,413
5e390fb4ec193,c,ch,57,129,239,186,182
5e390fb4ec193,h,h.,53,597,741,650,688
5e390fb4ec193,.,.p,91,192,388,283,297
5e390fb4ec193,p,pmeta1,105,444,620,549,515
5e390fb4ec193,meta1,meta1@,71,529,675,600,604
5e390fb4ec193,@,@normal,75,194,323,269,248
5e390fb4ec193,normal,normalh,54,495,637,549,583
5e390fb4ec193,h,ho,88,233,418,321,330
5e390fb4ec193,o,ot,97,421,601,518,504
5e390fb4ec193,t,tm,83,105,285,188,202
5e390fb4ec193,m,ma,97,226,412,323,315
5e390fb4ec193,a,ai,89,193,321,282,232
5e390fb4ec193,i,i.,39,878,1009,917,970
5e390fb4ec193,.,.c,92,241,388,333,296
5e390fb4ec193,c,co,55,127,254,182,199
5e390fb4ec193,o,om,72,196,324,268,252
5e390fb4ec193,m,mk,56,26234,26356,26290,26300
5e390fb4ec193,k,ko,66,168,317,234,251
5e390fb4ec193,o,or,83,651,849,734,766
5e390fb4ec193,r,ra,115,255,468,370,353
5e390fb4ec193,a,aw,98,329,497,427,399
5e390fb4ec193,w,wi,70,213,385,283,315
5e390fb4ec193,i,it,102,365,537,467,435
5e390fb4ec193,t,tc,70,395,537,465,467
5e390fb4ec193,c,ch,72,164,288,236,216
5e390fb4ec193,h,h.,52,544,670,596,618
5e390fb4ec193,.,.p,74,280,423,354,349
5e390fb4ec193,p,pmeta1,69,763,919,832,850
5e390fb4ec193,meta1,meta1@,87,562,706,649,619
5e390fb4ec193,@,@normal,57,157,302,214,245
5e390fb4ec193,normal,normalh,88,494,672,582,584
5e390fb4ec193,h,ho,90,278,440,368,350
5e390fb4ec193,o,ot,72,596,741,668,669
5e390fb4ec193,t,tm,73,128,271,201,198
5e390fb4ec193,m,ma,70,243,389,313,319
5e390fb4ec193,a,ai,76,192,341,268,265
5e390fb4ec193,i,i.,73,677,840,750,767
5e390fb4ec193,.,.c,90,247,394,337,304
5e390fb4ec193,c,co,57,174,302,231,245
5e390fb4ec193,o,om,71,230,371,301,300
5e390fb4ec193,m,mk,70,30264,30427,30334,30357
5e390fb4ec193,k,ko,93,103,288,196,195
5e390fb4ec193,o,or,92,247,412,339,320
5e390fb4ec193,r,ra,73,259,422,332,349
5e390fb4ec193,a,aw,90,429,589,519,499
5e390fb4ec193,w,wi,70,207,368,277,298
5e390fb4ec193,i,it,91,313,446,404,355
5e390fb4ec193,t,tc,42,390,491,432,449
5e390fb4ec193,c,ch,59,227,341,286,282
5e390fb4ec193,h,h.,55,627,753,682,698
5e390fb4ec193,.,.p,71,248,405,319,334
5e390fb4ec193,p,pmeta1,86,427,588,513,502
5e390fb4ec193,meta1,meta1@,75,560,710,635,635
5e390fb4ec193,@,@normal,75,159,304,234,229
5e390fb4ec193,normal,normalh,70,446,592,516,522
5e390fb4ec193,h,ho,76,225,389,301,313
5e390fb4ec193,o,ot,88,461,639,549,551
5e390fb4ec193,t,tm,90,106,288,196,198
5e390fb4ec193,m,ma,92,231,427,323,335
5e390fb4ec193,a,ai,104,203,401,307,297
5e390fb4ec193,i,i.,94,712,850,806,756
5e390fb4ec193,.,.c,44,359,474,403,430
5e390fb4ec193,c,co,71,163,320,234,249
5e390fb4ec193,o,om,86,214,368,300,282
5e390fb4ec193,m,mk,68,30517,30627,30585,30559
5e390fb4ec193,k,ko,42,175,284,217,242
5e390fb4ec193,o,or,67,483,608,550,541
5e390fb4ec193,r,ra,58,373,538,431,480
5e390fb4ec193,a,aw,107,330,509,437,402
5e390fb4ec193,w,wi,72,192,353,264,281
5e390fb4ec193,i,it,89,361,522,450,433
5e390fb4ec193,t,tc,72,328,473,400,401
5e390fb4ec193,c,ch,73,213,353,286,280
5e390fb4ec193,h,h.,67,533,670,600,603
5e390fb4ec193,.,.p,70,230,386,300,316
5e390fb4ec193,p,pmeta1,86,383,550,469,464
5e390fb4ec193,meta1,meta1@,81,763,879,844,798
5e390fb4ec193,@,@normal,35,202,306,237,271
5e390fb4ec193,normal,normalh,69,494,634,563,565
5e390fb4ec193,h,ho,71,379,540,450,469
5e390fb4ec193,o,ot,90,380,554,470,464
5e390fb4ec193,t,tm,84,133,302,217,218
5e390fb4ec193,m,ma,85,278,475,363,390
5e390fb4ec193,a,ai,112,258,421,370,309
5e390fb4ec193,i,il,51,243,370,294,319
5e390fb4ec193,l,l.,76,410,594,486,518
5e390fb4ec193,.,.c,108,387,557,495,449
5e390fb4ec193,c,co,62,157,292,219,230
5e390fb4ec193,o,om,73,171,324,244,251
5e390fb4ec193,m,mk,80,30882,31019,30962,30939
5e390fb4ec193,k,ko,57,131,303,188,246
5e390fb4ec193,o,or,115,235,463,350,348
5e390fb4ec193,r,ra,113,274,486,387,373
5e390fb4ec193,a,aw,99,390,566,489,467
5e390fb4ec193,w,wi,77,141,306,218,229
5e390fb4ec193,i,it,88,331,490,419,402
5e390fb4ec193,t,tc,71,359,504,430,433
5e390fb4ec193,c,ch,74,163,306,237,232
5e390fb4ec193,h,h.,69,849,989,918,920
5e390fb4ec193,.,.p,71,337,484,408,413
5e390fb4ec193,p,pmeta1,76,649,788,725,712
5e390fb4ec193,meta1,meta1@,63,685,820,748,757
5e390fb4ec193,@,@normal,72,278,421,350,349
5e390fb4ec193,normal,normalh,71,561,690,632,619
5e390fb4ec193,h,ho,58,292,440,350,382
5e390fb4ec193,o,ot,90,728,878,818,788
5e390fb4ec193,t,tm,60,141,270,201,210
5e390fb4ec193,m,ma,69,247,406,316,337
5e390fb4ec193,a,ai,90,143,303,233,213
5e390fb4ec193,i,il,70,248,404,318,334
5e390fb4ec193,l,l.,86,663,838,749,752
5e390fb4ec193,.,.c,89,244,405,333,316
5e390fb4ec193,c,co,72,143,304,215,232
5e390fb4ec193,o,om,89,196,339,285,250
5e390fb4ec193,m,mm,54,-322588,-322440,-322534,-322494
5e3910082bc81,m,ma,94,134,328,228,234
5e3910082bc81,a,an,100,458,650,558,550
5e3910082bc81,n,nu,92,198,358,290,266
5e3910082bc81,u,ut,68,190,332,258,264
5e3910082bc81,t,tmeta1,74,237,394,311,320
5e3910082bc81,meta1,meta12,83,255,433,338,350
5e3910082bc81,2,25,95,390,525,485,430
5e3910082bc81,5,54,40,104,224,144,184
5e3910082bc81,4,48,80,653,801,733,721
5e3910082bc81,8,8@,68,546,718,614,650
5e3910082bc81,@,@normal,104,164,370,268,266
5e3910082bc81,normal,normalh,102,661,836,763,734
5e3910082bc81,h,ho,73,365,508,438,435
5e3910082bc81,o,ot,70,306,452,376,382
5e3910082bc81,t,tm,76,192,344,268,268
5e3910082bc81,m,mi,76,301,457,377,381
5e3910082bc81,i,il,80,148,295,228,215
5e3910082bc81,l,l.,67,165,303,232,236
5e3910082bc81,.,.c,71,298,455,369,384
5e3910082bc81,c,co,86,95,219,181,133
5e3910082bc81,o,o.,38,193,287,231,249
5e3910082bc81,.,.t,56,482,609,538,553
5e3910082bc81,t,th,71,142,284,213,213
5e3910082bc81,h,hi,71,3948,4109,4019,4038
5e3910082bc81,i,ibksp,90,919,1089,1009,999
5e3910082bc81,bksp,bkspbksp,80,60,228,140,148
5e3910082bc81,bksp,bkspi,88,194,354,282,266
5e3910082bc81,i,il,72,398,525,470,453
5e3910082bc81,l,lm,55,49267,49377,49322,49322
5e3910082bc81,m,ma,55,462,621,517,566
5e3910082bc81,a,an,104,278,453,382,349
5e3910082bc81,n,nu,71,247,371,318,300
5e3910082bc81,u,ut,53,378,472,431,419
5e3910082bc81,t,tmeta1,41,929,1039,970,998
5e3910082bc81,meta1,meta12,69,362,517,431,448
5e3910082bc81,2,25,86,364,521,450,435
5e3910082bc81,5,54,71,147,287,218,216
5e3910082bc81,4,48,69,450,585,519,516
5e3910082bc81,8,8@,66,1064,1204,1130,1138
5e3910082bc81,@,@normal,74,295,437,369,363
5e3910082bc81,normal,normalh,68,1346,1485,1414,1417
5e3910082bc81,h,ho,71,357,554,428,483
5e3910082bc81,o,ot,126,314,496,440,370
5e3910082bc81,t,tm,56,143,269,199,213
5e3910082bc81,m,ma,70,363,521,433,451
5e3910082bc81,a,ai,88,92,271,180,183
5e3910082bc81,i,il,91,179,340,270,249
5e3910082bc81,l,l.,70,201,369,271,299
5e3910082bc81,.,.c,98,290,471,388,373
5e3910082bc81,c,co,83,128,245,211,162
5e3910082bc81,o,o.,34,181,285,215,251
5e3910082bc81,.,.t,70,531,670,601,600
5e3910082bc81,t,tb,69,145,282,214,213
5e3910082bc81,b,bbksp,68,780,920,848,852
5e3910082bc81,bksp,bksph,72,447,579,519,507
5e3910082bc81,h,hn,60,32095,32239,32155,32179
5e3910082bc81,n,nbksp,84,514,668,598,584
5e3910082bc81,bksp,bkspm,70,180,318,250,248
5e3910082bc81,m,ma,68,249,403,317,335
5e3910082bc81,a,an,86,37,202,123,116
5e3910082bc81,n,nu,79,680,816,759,737
5e3910082bc81,u,ut,57,293,405,350,348
5e3910082bc81,t,tshift,55,445,555,500,500
5e3910082bc81,shift,shiftshift,55,676,834,731,779
5e3910082bc81,shift,shiftmeta1,103,772,973,875,870
5e3910082bc81,meta1,meta12,98,429,597,527,499
5e3910082bc81,2,25,70,957,1086,1027,1016
5e3910082bc81,5,54,59,167,292,226,233
5e3910082bc81,4,4bksp,66,1219,1382,1285,1316
5e3910082bc81,bksp,bksp8,97,221,399,318,302
5e3910082bc81,8,8@,81,334,496,415,415
5e3910082bc81,@,@normal,81,620,798,701,717
5e3910082bc81,normal,normalh,97,581,786,678,689
5e3910082bc81,h,ho,108,391,570,499,462
5e3910082bc81,o,ot,71,278,440,349,369
5e3910082bc81,t,tm,91,296,458,387,367
5e3910082bc81,m,mi,71,247,383,318,312
5e3910082bc81,i,il,65,185,317,250,252
5e3910082bc81,l,l.,67,233,354,300,287
5e3910082bc81,.,.c,54,710,855,764,801
5e3910082bc81,c,co,91,104,271,195,180
5e3910082bc81,o,o.,76,187,342,263,266
5e3910082bc81,.,.t,79,445,596,524,517
5e3910082bc81,t,th,72,146,271,218,199
5e3910082bc81,h,hm,53,33627,33772,33680,33719
5e3910082bc81,m,ma,92,416,577,508,485
5e3910082bc81,a,an,69,245,384,314,315
5e3910082bc81,n,nu,70,198,320,268,250
5e3910082bc81,u,ut,52,248,340,300,288
5e3910082bc81,t,tspace,40,646,738,686,698
5e3910082bc81,space,spacebksp,52,630,768,682,716
5e3910082bc81,bksp,bkspshift,86,664,802,750,716
5e3910082bc81,shift,shiftmeta1,52,200,335,252,283
5e3910082bc81,meta1,meta12,83,436,614,519,531
5e3910082bc81,2,25,95,644,817,739,722
5e3910082bc81,5,54,78,162,307,240,229
5e3910082bc81,4,48,67,746,885,813,818
5e3910082bc81,8,8normal,72,615,774,687,702
5e3910082bc81,normal,normalmeta1,87,1544,1735,1631,1648
5e3910082bc81,meta1,meta1@,104,602,810,706,706
5e3910082bc81,@,@normal,104,259,433,363,329
5e3910082bc81,normal,normalh,70,361,505,431,435
5e3910082bc81,h,ho,74,427,572,501,498
5e3910082bc81,o,ot,71,397,525,468,454
5e3910082bc81,t,tm,57,156,270,213,213
5e3910082bc81,m,mi,57,380,489,437,432
5e3910082bc81,i,ibksp,52,1148,1268,1200,1216
5e3910082bc81,bksp,bkspa,68,532,671,600,603
5e3910082bc81,a,ai,71,1697,1835,1768,1764
5e3910082bc81,i,il,67,147,284,214,217
5e3910082bc81,l,l.,70,248,405,318,335
5e3910082bc81,.,.c,87,295,437,382,350
5e3910082bc81,c,co,55,344,441,399,386
5e3910082bc81,o,o.,42,195,304,237,262
5e3910082bc81,.,.t,67,397,504,464,437
5e3910082bc81,t,th,40,146,237,186,197
5e3910082bc81,h,hm,51,31535,31654,31586,31603
5e3910082bc81,m,ma,68,479,619,547,551
5e3910082bc81,a,an,72,656,788,728,716
5e3910082bc81,n,nu,60,166,291,226,231
5e3910082bc81,u,ut,65,182,334,247,269
5e3910082bc81,t,tmeta1,87,294,454,381,367
5e3910082bc81,meta1,meta12,73,326,457,399,384
5e3910082bc81,2,25,58,479,594,537,536
5e3910082bc81,5,54,57,157,268,214,211
5e3910082bc81,4,48,54,296,406,350,352
5e3910082bc81,8,8@,56,612,756,668,700
5e3910082bc81,@,@normal,88,130,271,218,183
5e3910082bc81,normal,normalh,53,411,520,464,467
5e3910082bc81,h,ho,56,462,593,518,537
5e3910082bc81,o,ot,75,243,420,318,345
5e3910082bc81,t,tm,102,151,334,253,232
5e3910082bc81,m,ma,81,186,349,267,268
5e3910082bc81,a,ai,82,136,318,218,236
5e3910082bc81,i,i.,100,394,564,494,464
5e3910082bc81,.,.c,70,199,321,269,251
5e3910082bc81,c,co,52,123,219,175,167
5e3910082bc81,o,obksp,44,1243,1394,1287,1350
5e3910082bc81,bksp,bkspbksp,107,56,256,163,149
5e3910082bc81,bksp,bkspbksp,93,56,226,149,133
5e3910082bc81,bksp,bkspbksp,77,71,225,148,148
5e3910082bc81,bksp,bkspl,77,432,582,509,505
5e3910082bc81,l,l.,73,414,586,487,513
5e3910082bc81,.,.c,99,207,401,306,302
5e3910082bc81,c,co,95,113,261,208,166
5e3910082bc81,o,o.,53,164,285,217,232
5e3910082bc81,.,.t,68,332,435,400,367
5e3910082bc81,t,th,35,128,254,163,219
5e3910082bc81,h,hm,91,41749,41912,41840,41821
5e3910082bc81,m,ma,72,229,386,301,314
5e3910082bc81,a,an,85,56,235,141,150
5e3910082bc81,n,nu,94,163,327,257,233
5e3910082bc81,u,ut,70,319,446,389,376
5e3910082bc81,t,tshift,57,841,982,898,925
5e3910082bc81,shift,shiftmeta1,84,361,550,445,466
5e3910082bc81,meta1,meta12,105,662,825,767,720
5e3910082bc81,2,25,58,311,439,369,381
5e3910082bc81,5,54,70,111,236,181,166
5e3910082bc81,4,48,55,364,474,419,419
5e3910082bc81,8,8@,55,576,687,631,632
5e3910082bc81,@,@normal,56,232,356,288,300
5e3910082bc81,normal,normalh,68,396,535,464,467
5e3910082bc81,h,ho,71,328,470,399,399
5e3910082bc81,o,ot,71,412,523,483,452
5e3910082bc81,t,tm,40,448,591,488,551
5e3910082bc81,m,ma,103,344,517,447,414
5e3910082bc81,a,ai,70,231,336,301,266
5e3910082bc81,i,il,35,205,317,240,282
5e3910082bc81,l,l.,77,214,360,291,283
5e3910082bc81,.,.c,69,499,607,568,538
5e3910082bc81,c,co,39,393,518,432,479
5e3910082bc81,o,o.,86,233,373,319,287
5e3910082bc81,.,.t,54,377,487,431,433
5e3910082bc81,t,tm,56,28335,28469,28391,28413
5e3910082bc81,m,ma,78,219,363,297,285
5e3910082bc81,a,an,66,73,232,139,166
5e3910082bc81,n,nu,93,231,379,324,286
5e3910082bc81,u,ut,55,233,319,288,264
5e3910082bc81,t,tspace,31,449,553,480,522
5e3910082bc81,space,spacel,73,277,387,350,314
5e3910082bc81,l,lu,37,413,505,450,468
5e3910082bc81,u,ue,55,397,505,452,450
5e3910082bc81,e,eg,53,730,835,783,782
5e3910082bc81,g,gt,52,213,334,265,282
5e3910082bc81,t,tr,69,193,317,262,248
5e3910082bc81,r,ra,55,161,291,216,236
5e3910082bc81,a,ak,75,232,358,307,283
5e3910082bc81,k,ku,51,216,319,267,268
5e3910082bc81,u,ul,52,164,283,216,231
5e3910082bc81,l,ls,67,302,420,369,353
5e3910082bc81,s,su,51,194,317,245,266
5e3910082bc81,u,uk,72,146,286,218,214
5e3910082bc81,k,km,68,26966,27119,27034,27051
5e3910082bc81,m,ma,85,184,355,269,270
5e3910082bc81,a,an,86,21,184,107,98
5e3910082bc81,n,nu,77,214,328,291,251
5e3910082bc81,u,ut,37,214,303,251,266
5e3910082bc81,t,tspace,52,716,835,768,783
5e3910082bc81,space,spacel,67,246,370,313,303
5e3910082bc81,l,lu,57,460,590,517,533
5e3910082bc81,u,ue,73,478,654,551,581
5e3910082bc81,e,en,103,176,354,279,251
5e3910082bc81,n,ng,75,296,427,371,352
5e3910082bc81,g,gt,56,211,319,267,263
5e3910082bc81,t,tr,52,200,304,252,252
5e3910082bc81,r,ru,52,878,1003,930,951
5e3910082bc81,u,ul,73,298,439,371,366
5e3910082bc81,l,ls,68,200,349,268,281
5e3910082bc81,s,su,81,167,317,248,236
5e3910082bc81,u,uk,69,168,317,237,248
5e3910082bc81,k,ks,80,-211597,-211448,-211517,-211528
5e391073413f5,s,sr,69,897,1037,966,968
5e391073413f5,r,ru,71,375,537,446,466
5e391073413f5,u,un,91,445,645,536,554
5e391073413f5,n,nh,109,409,587,518,478
5e391073413f5,h,ho,69,778,923,847,854
5e391073413f5,o,ot,76,459,624,535,548
5e391073413f5,t,ts,89,362,490,451,401
5e391073413f5,s,so,39,642,771,681,732
5e391073413f5,o,or,90,627,807,717,717
5e391073413f5,r,rbksp,90,1128,1327,1218,1237
5e391073413f5,bksp,bkspr,109,1090,1306,1199,1197
5e391073413f5,r,rt,107,309,490,416,383
5e391073413f5,t,tmeta1,74,2725,2890,2799,2816
5e391073413f5,meta1,meta1@,91,1560,1744,1651,1653
5e391073413f5,@,@normal,93,657,840,750,747
5e391073413f5,normal,normalh,90,510,692,600,602
5e391073413f5,h,ho,92,281,472,373,380
5e391073413f5,o,ot,99,578,768,677,669
5e391073413f5,t,tm,91,441,606,532,515
5e391073413f5,m,ma,74,812,961,886,887
5e391073413f5,a,ai,75,575,739,650,664
5e391073413f5,i,ibksp,89,1210,1390,1299,1301
5e391073413f5,bksp,bkspl,91,192,374,283,283
5e391073413f5,l,l.,91,1058,1241,1149,1150
5e391073413f5,.,.c,92,545,727,637,635
5e391073413f5,c,co,90,424,573,514,483
5e391073413f5,o,om,59,340,489,399,430
5e391073413f5,m,ms,90,53600,53761,53690,53671
5e391073413f5,s,sa,71,128,254,199,183
5e391073413f5,a,au,55,1813,1939,1868,1884
5e391073413f5,u,un,71,229,369,300,298
5e391073413f5,n,nh,69,627,771,696,702
5e391073413f5,h,ho,75,329,476,404,401
5e391073413f5,o,ot,72,560,721,632,649
5e391073413f5,t,ts,89,410,572,499,483
5e391073413f5,s,so,73,659,822,732,749
5e391073413f5,o,or,90,697,875,787,785
5e391073413f5,r,rt,88,310,487,398,399
5e391073413f5,t,tmeta1,89,1079,1225,1168,1136
5e391073413f5,meta1,meta1bksp,57,1508,1659,1565,1602
5e391073413f5,bksp,bksp@,94,224,355,318,261
5e391073413f5,@,@normal,37,695,822,732,785
5e391073413f5,normal,normalh,90,477,675,567,585
5e391073413f5,h,ho,108,325,542,433,434
5e391073413f5,o,ot,109,527,709,636,600
5e391073413f5,t,tm,73,310,456,383,383
5e391073413f5,m,ma,73,428,573,501,500
5e391073413f5,a,ai,72,544,709,616,637
5e391073413f5,i,i.,93,871,1023,964,930
5e391073413f5,.,.c,59,542,691,601,632
5e391073413f5,c,cbksp,90,944,1106,1034,1016
5e391073413f5,bksp,bkspo,72,261,404,333,332
5e391073413f5,o,om,71,461,590,532,519
5e391073413f5,m,ms,58,48882,49009,48940,48951
5e391073413f5,s,sa,69,131,284,200,215
5e391073413f5,a,ar,84,246,384,330,300
5e391073413f5,r,ru,54,564,707,618,653
5e391073413f5,u,un,89,444,607,533,518
5e391073413f5,n,nh,74,277,455,351,381
5e391073413f5,h,ho,104,212,369,316,265
5e391073413f5,o,ot,53,614,738,667,685
5e391073413f5,t,ts,71,344,489,415,418
5e391073413f5,s,sp,74,305,456,379,382
5e391073413f5,p,po,77,193,325,270,248
5e391073413f5,o,or,55,530,693,585,638
5e391073413f5,r,rt,108,68,273,176,165
5e391073413f5,t,tmeta1,97,360,529,457,432
5e391073413f5,meta1,meta1@,72,545,690,617,618
5e391073413f5,@,@normal,73,410,573,483,500
5e391073413f5,normal,normalh,90,559,742,649,652
5e391073413f5,h,ho,93,175,374,268,281
5e391073413f5,o,ot,106,559,756,665,650
5e391073413f5,t,tm,91,342,542,433,451
5e391073413f5,m,ma,109,375,560,484,451
5e391073413f5,a,ai,76,543,693,619,617
5e391073413f5,i,il,74,278,420,352,346
5e391073413f5,l,l.,68,490,654,558,586
5e391073413f5,.,.c,96,459,664,555,568
5e391073413f5,c,co,109,340,540,449,431
5e391073413f5,o,om,91,277,456,368,365
5e391073413f5,m,ms,88,36951,37123,37039,37035
5e391073413f5,s,sr,84,447,599,531,515
5e391073413f5,r,ru,68,432,604,500,536
5e391073413f5,u,un,104,329,524,433,420
5e391073413f5,n,nh,91,372,554,463,463
5e391073413f5,h,ho,91,163,325,254,234
5e391073413f5,o,ot,71,446,605,517,534
5e391073413f5,t,ts,88,326,489,414,401
5e391073413f5,s,sp,75,344,493,419,418
5e391073413f5,p,po,74,193,336,267,262
5e391073413f5,o,or,69,470,639,539,570
5e391073413f5,r,rt,100,293,450,393,350
5e391073413f5,t,tmeta1,57,493,624,550,567
5e391073413f5,meta1,meta1@,74,641,824,715,750
5e391073413f5,@,@normal,109,459,641,568,532
5e391073413f5,normal,normalh,73,576,741,649,668
5e391073413f5,h,ho,92,209,373,301,281
5e391073413f5,o,ot,72,496,660,568,588
5e391073413f5,t,tm,92,325,505,417,413
5e391073413f5,m,ma,88,411,592,499,504
5e391073413f5,a,ai,93,441,623,534,530
5e391073413f5,i,ibksp,89,1142,1355,1231,1266
5e391073413f5,bksp,bksp.,124,927,1144,1051,1020
5e391073413f5,.,.c,93,1308,1507,1401,1414
5e391073413f5,c,co,106,361,558,467,452
5e391073413f5,o,om,91,472,639,563,548
5e391073413f5,m,ms,76,39445,39597,39521,39521
5e391073413f5,s,sa,76,121,241,197,165
5e391073413f5,a,ar,44,176,310,220,266
5e391073413f5,r,ru,90,460,642,550,552
5e391073413f5,u,un,92,382,556,474,464
5e391073413f5,n,nh,82,412,582,494,500
5e391073413f5,h,ho,88,226,386,314,298
5e391073413f5,o,ot,72,565,676,637,604
5e391073413f5,t,ts,39,241,371,280,332
5e391073413f5,s,sp,91,278,444,369,353
5e391073413f5,p,po,75,191,321,266,246
5e391073413f5,o,or,55,542,708,597,653
5e391073413f5,r,rt,111,56,257,167,146
5e391073413f5,t,tmeta1,90,279,428,369,338
5e391073413f5,meta1,meta1normal,59,1341,1473,1400,1414
5e391073413f5,normal,normalh,73,591,756,664,683
5e391073413f5,h,ho,92,258,409,350,317
5e391073413f5,o,ot,59,473,610,532,551
5e391073413f5,t,tm,78,409,563,487,485
5e391073413f5,m,ma,76,373,524,449,448
5e391073413f5,a,ai,75,608,773,683,698
5e391073413f5,i,i.,90,696,875,786,785
5e391073413f5,.,.bksp,89,469,625,558,536
5e391073413f5,bksp,bkspbksp,67,191,314,258,247
5e391073413f5,bksp,bkspc,56,1545,1673,1601,1617
5e391073413f5,c,co,72,293,437,365,365
5e391073413f5,o,om,72,262,392,334,320
5e391073413f5,m,ms,58,36128,36225,36186,36167
5e391073413f5,s,sa,39,92,204,131,165
5e391073413f5,a,ar,73,145,290,218,217
5e391073413f5,r,ru,72,278,440,350,368
5e391073413f5,u,un,90,210,372,300,282
5e391073413f5,n,nh,72,296,425,368,353
5e391073413f5,h,ho,57,175,304,232,247
5e391073413f5,o,ot,72,403,555,475,483
5e391073413f5,t,ts,80,212,381,292,301
5e391073413f5,s,sp,89,244,405,333,316
5e391073413f5,p,po,72,127,272,199,200
5e391073413f5,o,or,73,478,641,551,568
5e391073413f5,r,rt,90,54,204,144,114
5e391073413f5,t,tmeta1,60,278,378,338,318
5e391073413f5,meta1,meta1@,40,778,891,818,851
5e391073413f5,@,@normal,73,345,475,418,402
5e391073413f5,normal,normalh,57,374,507,431,450
5e391073413f5,h,ho,76,174,322,250,246
5e391073413f5,o,ot,72,429,573,501,501
5e391073413f5,t,tm,72,310,442,382,370
5e391073413f5,m,ma,60,339,443,399,383
5e391073413f5,a,ao,44,343,493,387,449
5e391073413f5,o,obksp,106,644,819,750,713
5e391073413f5,bksp,bkspbksp,69,71,202,140,133
5e391073413f5,bksp,bkspi,62,462,614,524,552
5e391073413f5,i,i.,90,1346,1527,1436,1437
5e391073413f5,.,.c,91,423,589,514,498
5e391073413f5,c,co,75,293,442,368,367
5e391073413f5,o,om,74,310,442,384,368
5e391073413f5,m,ms,58,37634,37741,37692,37683
5e391073413f5,s,sa,49,85,198,134,149
5e391073413f5,a,ar,64,157,300,221,236
5e391073413f5,r,ru,79,278,446,357,367
5e391073413f5,u,un,89,211,387,300,298
5e391073413f5,n,nh,87,230,387,317,300
5e391073413f5,h,ho,70,191,339,261,269
5e391073413f5,o,ot,78,317,477,395,399
5e391073413f5,t,ts,82,238,398,320,316
5e391073413f5,s,sp,78,262,380,340,302
5e391073413f5,p,po,40,377,506,417,466
5e391073413f5,o,or,89,411,592,500,503
5e391073413f5,r,rt,92,50,221,142,129
5e391073413f5,t,tmeta1,79,229,395,308,316
5e391073413f5,meta1,meta1@,87,481,663,568,576
5e391073413f5,@,@normal,95,338,504,433,409
5e391073413f5,normal,normalh,71,389,556,460,485
5e391073413f5,h,ho,96,160,312,256,216
5e391073413f5,o,ot,56,342,457,398,401
5e391073413f5,t,tm,59,323,459,382,400
5e391073413f5,m,ma,77,343,494,420,417
5e391073413f5,a,ai,74,561,722,635,648
5e391073413f5,i,il,87,112,270,199,183
5e391073413f5,l,l.,71,229,372,300,301
5e391073413f5,.,.c,72,561,704,633,632
5e391073413f5,c,co,71,229,374,300,303
5e391073413f5,o,om,74,207,355,281,281
5e391073413f5,m,ms,74,46068,46214,46142,46140
5e391073413f5,s,sa,72,69,205,141,133
5e391073413f5,a,ar,64,145,296,209,232
5e391073413f5,r,ru,87,426,604,513,517
5e391073413f5,u,un,91,229,393,320,302
5e391073413f5,n,nh,73,261,440,334,367
5e391073413f5,h,ho,106,144,320,250,214
5e391073413f5,o,ot,70,447,574,517,504
5e391073413f5,t,ts,57,258,390,315,333
5e391073413f5,s,sp,75,275,441,350,366
5e391073413f5,p,po,91,127,307,218,216
5e391073413f5,o,or,89,492,672,581,583
5e391073413f5,r,rt,91,55,224,146,133
5e391073413f5,t,tmeta1,78,233,392,311,314
5e391073413f5,meta1,meta1@,81,770,919,851,838
5e391073413f5,@,@normal,68,393,549,461,481
5e391073413f5,normal,normalh,88,393,592,481,504
5e391073413f5,h,ho,111,149,323,260,212
5e391073413f5,o,oy,63,390,516,453,453
5e391073413f5,y,yt,63,809,948,872,885
5e391073413f5,t,tm,76,458,610,534,534
5e391073413f5,m,ma,76,406,576,482,500
5e391073413f5,a,ai,94,406,589,500,495
5e391073413f5,i,il,89,179,339,268,250
5e391073413f5,l,l.,71,345,508,416,437
5e391073413f5,.,.c,92,438,607,530,515
5e391073413f5,c,co,77,294,442,371,365
5e391073413f5,o,om,71,176,319,247,248
5e391073413f5,m,ms,72,35616,35775,35688,35703
5e391073413f5,s,sa,87,90,239,177,152
5e391073413f5,a,ar,62,161,294,223,232
5e391073413f5,r,ru,71,342,504,413,433
5e391073413f5,u,un,91,213,373,304,282
5e391073413f5,n,nh,69,145,286,214,217
5e391073413f5,h,ho,72,146,308,218,236
5e391073413f5,o,ot,90,528,694,618,604
5e391073413f5,t,ts,76,207,369,283,293
5e391073413f5,s,sp,86,427,587,513,501
5e391073413f5,p,po,74,296,431,370,357
5e391073413f5,o,or,61,473,608,534,547
5e391073413f5,r,rt,74,52,205,126,131
5e391073413f5,t,tmeta1,79,318,450,397,371
5e391073413f5,meta1,meta1@,53,390,514,443,461
5e391073413f5,@,@normal,71,395,539,466,468
5e391073413f5,normal,normalh,73,511,676,584,603
5e391073413f5,h,ho,92,158,320,250,228
5e391073413f5,o,ot,70,378,521,448,451
5e391073413f5,t,tm,73,427,576,500,503
5e391073413f5,m,ma,76,342,478,418,402
5e391073413f5,a,ai,60,426,557,486,497
5e391073413f5,i,il,71,127,269,198,198
5e391073413f5,l,l.,71,295,425,366,354
5e391073413f5,.,.c,59,473,591,532,532
5e391073413f5,c,co,59,272,390,331,331
5e391073413f5,o,om,59,196,310,255,251
5e391073413f5,m,ms,55,45729,45842,45784,45787
5e391073413f5,s,sa,58,71,190,129,132
5e391073413f5,a,ar,61,162,277,223,216
5e391073413f5,r,ru,54,532,672,586,618
5e391073413f5,u,un,86,143,300,229,214
5e391073413f5,n,nh,71,179,339,250,268
5e391073413f5,h,ho,89,144,305,233,216
5e391073413f5,o,ot,72,580,710,652,638
5e391073413f5,t,tp,58,525,639,583,581
5e391073413f5,p,po,56,160,287,216,231
5e391073413f5,o,or,71,463,642,534,571
5e391073413f5,r,rt,108,52,255,160,147
5e391073413f5,t,tmeta1,95,417,566,512,471
5e391073413f5,meta1,meta1@,54,706,832,760,778
5e391073413f5,@,@normal,72,396,539,468,467
5e391073413f5,normal,normalh,71,528,691,599,620
5e391073413f5,h,ho,92,123,289,215,197
5e391073413f5,o,ot,74,444,609,518,535
5e391073413f5,t,tm,91,228,372,319,281
5e391073413f5,m,ma,53,396,508,449,455
5e391073413f5,a,ai,59,392,525,451,466
5e391073413f5,i,il,74,142,272,216,198
5e391073413f5,l,l.,56,309,424,365,368
5e391073413f5,.,.c,59,827,943,886,884
5e391073413f5,c,co,57,242,369,299,312
5e391073413f5,o,om,70,180,320,250,250
5e391073413f5,m,ms,70,-478835,-478695,-478765,-478765
5e39108d4aefe,s,su,70,1917,2054,1987,1984
5e39108d4aefe,u,up,67,231,366,298,299
5e39108d4aefe,p,pbksp,68,920,1070,988,1002
5e39108d4aefe,bksp,bkspbksp,82,154,314,236,232
5e39108d4aefe,bksp,bkspbksp,78,161,297,239,219
5e39108d4aefe,bksp,bkspbksp,58,104,222,162,164
5e39108d4aefe,bksp,bkspp,60,1578,1728,1638,1668
5e39108d4aefe,p,pn,90,313,442,403,352
5e39108d4aefe,n,ng,39,146,322,185,283
5e39108d4aefe,g,g.,137,476,688,613,551
5e39108d4aefe,.,.s,75,275,440,350,365
5e39108d4aefe,s,sp,90,191,372,281,282
5e39108d4aefe,p,pl,91,292,443,383,352
5e39108d4aefe,l,lmeta1,60,1244,1376,1304,1316
5e39108d4aefe,meta1,meta1@,72,628,772,700,700
5e39108d4aefe,@,@normal,72,310,471,382,399
5e39108d4aefe,normal,normalg,89,1095,1278,1184,1189
5e39108d4aefe,g,gm,94,140,322,234,228
5e39108d4aefe,m,mi,88,263,422,351,334
5e39108d4aefe,i,il,71,427,556,498,485
5e39108d4aefe,l,lbksp,58,1037,1193,1095,1135
5e39108d4aefe,bksp,bkspbksp,98,208,347,306,249
5e39108d4aefe,bksp,bkspa,41,510,640,551,599
5e39108d4aefe,a,ai,89,360,520,449,431
5e39108d4aefe,i,il,71,296,438,367,367
5e39108d4aefe,l,l.,71,279,440,350,369
5e39108d4aefe,.,.c,90,412,573,502,483
5e39108d4aefe,c,co,71,396,537,467,466
5e39108d4aefe,o,om,70,427,552,497,482
5e39108d4aefe,m,mp,55,41401,41525,41456,41470
5e39108d4aefe,p,pn,69,223,335,292,266
5e39108d4aefe,n,ng,43,181,310,224,267
5e39108d4aefe,g,g.,86,148,302,234,216
5e39108d4aefe,.,.s,68,464,622,532,554
5e39108d4aefe,s,sp,90,259,404,349,314
5e39108d4aefe,p,pl,55,295,389,350,334
5e39108d4aefe,l,lmeta1,39,511,638,550,599
5e39108d4aefe,meta1,meta1@,88,431,574,519,486
5e39108d4aefe,@,@normal,55,276,401,331,346
5e39108d4aefe,normal,normalg,70,529,691,599,621
5e39108d4aefe,g,gm,92,220,391,312,299
5e39108d4aefe,m,mi,79,366,509,445,430
5e39108d4aefe,i,il,64,224,348,288,284
5e39108d4aefe,l,l.,60,209,327,269,267
5e39108d4aefe,.,.a,58,1965,2109,2023,2051
5e39108d4aefe,a,ai,86,577,743,663,657
5e39108d4aefe,i,il,80,271,406,351,326
5e39108d4aefe,l,l.,55,330,443,385,388
5e39108d4aefe,.,.c,58,426,557,484,499
5e39108d4aefe,c,co,73,287,406,360,333
5e39108d4aefe,o,om,46,444,526,490,480
5e39108d4aefe,m,mp,36,36166,36243,36202,36207
5e39108d4aefe,p,pn,41,290,389,331,348
5e39108d4aefe,n,ng,58,192,340,250,282
5e39108d4aefe,g,ga,90,642,805,732,715
5e39108d4aefe,a,as,73,650,773,723,700
5e39108d4aefe,s,sz,50,463,583,513,533
5e39108d4aefe,z,zs,70,834,954,904,884
5e39108d4aefe,s,sbksp,50,1246,1366,1296,1316
5e39108d4aefe,bksp,bkspbksp,70,429,557,499,487
5e39108d4aefe,bksp,bksps,58,327,441,385,383
5e39108d4aefe,s,sp,56,327,457,383,401
5e39108d4aefe,p,pl,74,509,640,583,566
5e39108d4aefe,l,lmeta1,57,1356,1489,1413,1432
5e39108d4aefe,meta1,meta1@,76,561,698,637,622
5e39108d4aefe,@,@normal,61,307,424,368,363
5e39108d4aefe,normal,normalg,56,525,655,581,599
5e39108d4aefe,g,gm,74,345,475,419,401
5e39108d4aefe,m,mi,56,595,738,651,682
5e39108d4aefe,i,il,87,278,454,365,367
5e39108d4aefe,l,lbksp,89,377,542,466,453
5e39108d4aefe,bksp,bkspbksp,76,124,289,200,213
5e39108d4aefe,bksp,bkspa,89,312,488,401,399
5e39108d4aefe,a,ai,87,363,555,450,468
5e39108d4aefe,i,il,105,211,371,316,266
5e39108d4aefe,l,l.,55,613,773,668,718
5e39108d4aefe,.,.c,105,242,453,347,348
5e39108d4aefe,c,co,106,162,339,268,233
5e39108d4aefe,o,om,71,511,623,582,552
5e39108d4aefe,m,ms,41,33079,33177,33120,33136
5e39108d4aefe,s,sp,57,733,854,790,797
5e39108d4aefe,p,pn,64,633,767,697,703
5e39108d4aefe,n,ng,70,442,603,512,533
5e39108d4aefe,g,gmeta1,91,546,710,637,619
5e39108d4aefe,meta1,meta1.,73,959,1105,1032,1032
5e39108d4aefe,.,.normal,73,297,438,370,365
5e39108d4aefe,normal,normals,68,396,552,464,484
5e39108d4aefe,s,sp,88,392,554,480,466
5e39108d4aefe,p,pl,74,250,374,324,300
5e39108d4aefe,l,lmeta1,50,311,434,361,384
5e39108d4aefe,meta1,meta1@,73,359,538,432,465
5e39108d4aefe,@,@normal,106,248,458,354,352
5e39108d4aefe,normal,normalh,104,561,737,665,633
5e39108d4aefe,h,hbksp,72,314,489,386,417
5e39108d4aefe,bksp,bkspg,103,110,284,213,181
5e39108d4aefe,g,gm,71,244,357,315,286
5e39108d4aefe,m,mi,42,844,925,886,883
5e39108d4aefe,i,il,39,245,370,284,331
5e39108d4aefe,l,l.,86,1029,1188,1115,1102
5e39108d4aefe,.,.c,73,296,457,369,384
5e39108d4aefe,c,cp,88,121,286,209,198
5e39108d4aefe,p,po,77,931,1076,1008,999
5e39108d4aefe,o,om,68,210,336,278,268
5e39108d4aefe,m,mp,58,35649,35778,35707,35720
5e39108d4aefe,p,pn,71,347,486,418,415
5e39108d4aefe,n,ng,68,182,336,250,268
5e39108d4aefe,g,gs,86,678,837,764,751
5e39108d4aefe,s,sp,73,357,491,430,418
5e39108d4aefe,p,pl,61,326,446,387,385
5e39108d4aefe,l,lmeta1,59,424,586,483,527
5e39108d4aefe,meta1,meta1@,103,278,455,381,352
5e39108d4aefe,@,@normal,74,226,374,300,300
5e39108d4aefe,normal,normalg,74,343,527,417,453
5e39108d4aefe,g,gm,110,141,323,251,213
5e39108d4aefe,m,mshift,72,1249,1440,1321,1368
5e39108d4aefe,shift,shiftshift,119,529,720,648,601
5e39108d4aefe,shift,shifta,72,277,420,349,348
5e39108d4aefe,a,ai,71,499,658,570,587
5e39108d4aefe,i,il,88,173,335,261,247
5e39108d4aefe,l,l.,74,530,730,604,656
5e39108d4aefe,.,.c,126,208,420,334,294
5e39108d4aefe,c,co,86,177,318,263,232
5e39108d4aefe,o,om,55,398,510,453,455
5e39108d4aefe,m,mp,57,34084,34174,34141,34117
5e39108d4aefe,p,pn,33,444,515,477,482
5e39108d4aefe,n,ng,38,330,437,368,399
5e39108d4aefe,g,gmeta1,69,430,587,499,518
5e39108d4aefe,meta1,meta1.,88,330,488,418,400
5e39108d4aefe,.,.normal,70,294,454,364,384
5e39108d4aefe,normal,normals,90,678,857,768,767
5e39108d4aefe,s,sp,89,561,721,650,632
5e39108d4aefe,p,pl,71,261,404,332,333
5e39108d4aefe,l,lmeta1,72,378,541,450,469
5e39108d4aefe,meta1,meta1@,91,359,523,450,432
5e39108d4aefe,@,@normal,73,227,388,300,315
5e39108d4aefe,normal,normalg,88,430,624,518,536
5e39108d4aefe,g,gm,106,312,457,418,351
5e39108d4aefe,m,ma,39,707,820,746,781
5e39108d4aefe,a,ai,74,414,543,488,469
5e39108d4aefe,i,il,55,293,420,348,365
5e39108d4aefe,l,l.,72,642,792,714,720
5e39108d4aefe,.,.c,78,190,340,268,262
5e39108d4aefe,c,cp,72,246,391,318,319
5e39108d4aefe,p,po,73,991,1154,1064,1081
5e39108d4aefe,o,op,90,38831,38993,38921,38903
5e39108d4aefe,p,pn,72,332,458,404,386
5e39108d4aefe,n,ng,54,210,350,264,296
5e39108d4aefe,g,gmeta1,86,663,822,749,736
5e39108d4aefe,meta1,meta1meta2,73,245,387,318,314
5e39108d4aefe,meta2,meta2.,69,532,705,601,636
5e39108d4aefe,.,.normal,104,249,418,353,314
5e39108d4aefe,normal,normals,65,432,587,497,522
5e39108d4aefe,s,smeta1,90,1326,1505,1416,1415
5e39108d4aefe,meta1,meta1@,89,344,491,433,402
5e39108d4aefe,@,@normal,58,210,339,268,281
5e39108d4aefe,normal,normalg,71,325,504,396,433
5e39108d4aefe,g,gm,108,278,442,386,334
5e39108d4aefe,m,mi,56,252,405,308,349
5e39108d4aefe,i,ii,97,1808,1982,1905,1885
5e39108d4aefe,i,il,77,255,407,332,330
5e39108d4aefe,l,l.,75,498,645,573,570
5e39108d4aefe,.,.c,72,224,369,296,297
5e39108d4aefe,c,cp,73,113,273,186,200
5e39108d4aefe,p,pbksp,87,545,708,632,621
5e39108d4aefe,bksp,bkspo,76,197,337,273,261
5e39108d4aefe,o,om,64,170,282,234,218
5e39108d4aefe,m,mp,48,30190,30288,30238,30240
5e39108d4aefe,p,pn,50,293,398,343,348
5e39108d4aefe,n,ng,55,196,335,251,280
5e39108d4aefe,g,gs,84,534,686,618,602
5e39108d4aefe,s,sl,68,582,701,650,633
5e39108d4aefe,l,lmeta1,51,11344,11455,11395,11404
5e39108d4aefe,meta1,meta1@,60,1458,1609,1518,1549
5e39108d4aefe,@,@normal,91,478,640,569,549
5e39108d4aefe,normal,normalg,71,509,657,580,586
5e39108d4aefe,g,gm,77,249,373,326,296
5e39108d4aefe,m,ma,47,714,833,761,786
5e39108d4aefe,a,ai,72,430,554,502,482
5e39108d4aefe,i,il,52,206,302,258,250
5e39108d4aefe,l,l.,44,747,894,791,850
5e39108d4aefe,.,.c,103,229,419,332,316
5e39108d4aefe,c,cp,87,162,337,249,250
5e39108d4aefe,p,pbksp,88,744,905,832,817
5e39108d4aefe,bksp,bkspo,73,254,405,327,332
5e39108d4aefe,o,om,78,218,363,296,285
5e39108d4aefe,m,mp,67,31499,31653,31566,31586
5e39108d4aefe,p,pn,87,312,455,399,368
5e39108d4aefe,n,ng,56,194,353,250,297
5e39108d4aefe,g,g.,103,128,260,231,157
5e39108d4aefe,.,.s,29,1096,1223,1125,1194
5e39108d4aefe,s,sp,98,109,263,207,165
5e39108d4aefe,p,ps,56,871,1008,927,952
5e39108d4aefe,s,sp,81,560,698,641,617
5e39108d4aefe,p,pl,57,444,572,501,515
5e39108d4aefe,l,lmeta1,71,597,740,668,669
5e39108d4aefe,meta1,meta1@,72,310,422,382,350
5e39108d4aefe,@,@normal,40,274,356,314,316
5e39108d4aefe,normal,normalg,42,411,527,453,485
5e39108d4aefe,g,gm,74,296,422,370,348
5e39108d4aefe,m,mi,52,580,704,632,652
5e39108d4aefe,i,il,72,264,401,336,329
5e39108d4aefe,l,la,65,739,885,804,820
5e39108d4aefe,a,aa,81,1228,1400,1309,1319
5e39108d4aefe,a,ai,91,428,573,519,482
5e39108d4aefe,i,il,54,608,704,662,650
5e39108d4aefe,l,l.,42,1277,1378,1319,1336
5e39108d4aefe,.,.c,59,291,422,350,363
5e39108d4aefe,c,co,72,260,373,332,301
5e39108d4aefe,o,om,41,244,339,285,298
5e39108d4aefe,m,mp,54,35231,35341,35285,35287
5e39108d4aefe,p,pn,56,444,556,500,500
5e39108d4aefe,n,ng,56,294,425,350,369
5e39108d4aefe,g,gg,75,1360,1522,1435,1447
5e39108d4aefe,g,gs,87,896,1022,983,935
5e39108d4aefe,s,sp,39,410,522,449,483
5e39108d4aefe,p,pl,73,495,626,568,553
5e39108d4aefe,l,lmeta1,58,442,571,500,513
5e39108d4aefe,meta1,meta1@,71,428,555,499,484
5e39108d4aefe,@,@normal,56,335,455,391,399
5e39108d4aefe,normal,normalg,64,528,681,592,617
5e39108d4aefe,g,gm,89,244,387,333,298
5e39108d4aefe,m,mi,54,732,857,786,803
5e39108d4aefe,i,il,71,277,437,348,366
5e39108d4aefe,l,l.,89,277,439,366,350
5e39108d4aefe,.,.o,73,913,1056,986,983
5e39108d4aefe,o,om,70,393,522,463,452
5e39108d4aefe,m,mf,59,-246271,-246143,-246212,-246202
5e3911643eee1,f,fo,69,207,333,276,264
5e3911643eee1,o,or,57,634,794,691,737
5e3911643eee1,r,rl,103,110,320,213,217
5e3911643eee1,l,la,107,87,305,194,198
5e3911643eee1,a,ab,111,279,494,390,383
5e3911643eee1,b,bc,104,326,535,430,431
5e3911643eee1,c,co,105,88,288,193,183
5e3911643eee1,o,om,95,319,511,414,416
5e3911643eee1,m,mn,97,139,349,236,252
5e3911643eee1,n,nj,113,305,496,418,383
5e3911643eee1,j,jmeta1,78,1834,1980,1912,1902
5e3911643eee1,meta1,meta1@,68,644,804,712,736
5e3911643eee1,@,@normal,92,134,323,226,231
5e3911643eee1,normal,normalg,97,864,1048,961,951
5e3911643eee1,g,gm,87,69,218,156,131
5e3911643eee1,m,ma,62,144,281,206,219
5e3911643eee1,a,ai,75,20,208,95,133
5e3911643eee1,i,il,113,132,362,245,249
5e3911643eee1,l,lbksp,117,632,836,749,719
5e3911643eee1,bksp,bkspi,87,125,303,212,216
5e3911643eee1,i,il,91,198,372,289,281
5e3911643eee1,l,lmeta1,83,878,1066,961,983
5e3911643eee1,meta1,meta1.,105,383,593,488,488
5e3911643eee1,.,.normal,105,175,368,280,263
5e3911643eee1,normal,normalc,88,380,573,468,485
5e3911643eee1,c,co,105,109,321,214,216
5e3911643eee1,o,om,107,381,542,488,435
5e3911643eee1,m,mbksp,54,3709,3872,3763,3818
5e3911643eee1,bksp,bkspbksp,109,90,270,199,161
5e3911643eee1,bksp,bkspn,71,1179,1361,1250,1290
5e3911643eee1,n,nj,111,298,506,409,395
5e3911643eee1,j,ja,97,130,300,227,203
5e3911643eee1,a,abksp,73,780,991,853,918
5e3911643eee1,bksp,bkspj,138,466,719,604,581
5e3911643eee1,j,ja,115,280,469,395,354
5e3911643eee1,a,af,74,40228,40389,40302,40315
5e3911643eee1,f,fo,87,119,302,206,215
5e3911643eee1,o,or,96,179,380,275,284
5e3911643eee1,r,rl,105,1232,1440,1337,1335
5e3911643eee1,l,lb,103,329,501,432,398
5e3911643eee1,b,bc,69,261,444,330,375
5e3911643eee1,c,co,114,104,307,218,193
5e3911643eee1,o,om,89,161,356,250,267
5e3911643eee1,m,mn,106,195,407,301,301
5e3911643eee1,n,nj,106,270,470,376,364
5e3911643eee1,j,ja,94,135,342,229,248
5e3911643eee1,a,abksp,113,631,848,744,735
5e3911643eee1,bksp,bkspj,104,265,456,369,352
5e3911643eee1,j,ja,87,105,290,192,203
5e3911643eee1,a,abksp,98,1142,1331,1240,1233
5e3911643eee1,bksp,bkspbksp,91,257,442,348,351
5e3911643eee1,bksp,bkspbksp,94,69,405,163,311
5e3911643eee1,bksp,bkspbksp,242,70,393,312,151
5e3911643eee1,bksp,bkspbksp,81,50,232,131,151
5e3911643eee1,bksp,bkspbksp,101,444,634,545,533
5e3911643eee1,bksp,bkspbksp,89,142,307,231,218
5e3911643eee1,bksp,bkspa,76,525,692,601,616
5e3911643eee1,a,ab,91,746,940,837,849
5e3911643eee1,b,bc,103,296,545,399,442
5e3911643eee1,c,co,146,104,322,250,176
5e3911643eee1,o,om,72,178,342,250,270
5e3911643eee1,m,mn,92,360,537,452,445
5e3911643eee1,n,nj,85,269,434,354,349
5e3911643eee1,j,ja,80,88,283,168,203
5e3911643eee1,a,ameta1,115,1276,1466,1391,1351
5e3911643eee1,meta1,meta1@,75,424,605,499,530
5e3911643eee1,@,@normal,106,84,287,190,181
5e3911643eee1,normal,normalg,97,533,718,630,621
5e3911643eee1,g,gm,88,160,320,248,232
5e3911643eee1,m,ma,72,90,289,162,217
5e3911643eee1,a,ai,127,57,276,184,149
5e3911643eee1,i,il,92,180,360,272,268
5e3911643eee1,l,l.,88,595,792,683,704
5e3911643eee1,.,.c,109,390,641,499,532
5e3911643eee1,c,co,142,91,307,233,165
5e3911643eee1,o,om,74,213,374,287,300
5e3911643eee1,m,ma,87,3280,3479,3367,3392
5e3911643eee1,a,abksp,112,430,635,542,523
5e3911643eee1,bksp,bkspbksp,93,110,279,203,186
5e3911643eee1,bksp,bkspbksp,76,87,240,163,164
5e3911643eee1,bksp,bkspn,77,981,1179,1058,1102
5e3911643eee1,n,na,121,39,254,160,133
5e3911643eee1,a,aj,94,962,1162,1056,1068
5e3911643eee1,j,jf,106,37964,38160,38070,38054
5e3911643eee1,f,fi,90,54,203,144,113
5e3911643eee1,i,ibksp,59,578,726,637,667
5e3911643eee1,bksp,bkspo,89,130,323,219,234
5e3911643eee1,o,or,104,296,504,400,400
5e3911643eee1,r,rl,104,21,234,125,130
5e3911643eee1,l,la,109,88,332,197,223
5e3911643eee1,a,ab,135,114,346,249,211
5e3911643eee1,b,bc,97,419,628,516,531
5e3911643eee1,c,co,112,87,281,199,169
5e3911643eee1,o,on,82,963,1184,1045,1102
5e3911643eee1,n,nj,139,337,554,476,415
5e3911643eee1,j,ja,78,113,298,191,220
5e3911643eee1,a,aj,107,857,1137,964,1030
5e3911643eee1,j,ja,173,71,340,244,167
5e3911643eee1,a,ameta1,96,1297,1466,1393,1370
5e3911643eee1,meta1,meta1@,73,358,524,431,451
5e3911643eee1,@,@normal,93,88,271,181,178
5e3911643eee1,normal,normalg,90,449,629,539,539
5e3911643eee1,g,gm,90,137,318,227,228
5e3911643eee1,m,ma,91,136,356,227,265
5e3911643eee1,a,ao,129,85,316,214,187
5e3911643eee1,o,ol,102,148,352,250,250
5e3911643eee1,l,lbksp,102,510,703,612,601
5e3911643eee1,bksp,bkspbksp,91,36,222,127,131
5e3911643eee1,bksp,bkspi,95,108,297,203,202
5e3911643eee1,i,il,94,208,393,302,299
5e3911643eee1,l,l.,91,628,847,719,756
5e3911643eee1,.,.c,128,222,441,350,313
5e3911643eee1,c,co,91,127,307,218,216
5e3911643eee1,o,om,89,164,353,253,264
5e3911643eee1,m,mf,100,31683,31869,31783,31769
5e3911643eee1,f,fo,86,329,507,415,421
5e3911643eee1,o,ot,92,271,408,363,316
5e3911643eee1,t,tr,45,385,525,430,480
5e3911643eee1,r,rl,95,37,211,132,116
5e3911643eee1,l,lbksp,79,317,484,396,405
5e3911643eee1,bksp,bkspr,88,841,1021,929,933
5e3911643eee1,r,rl,92,76,271,168,179
5e3911643eee1,l,la,103,879,1058,982,955
5e3911643eee1,a,ab,76,557,725,633,649
5e3911643eee1,b,bc,92,425,623,517,531
5e3911643eee1,c,co,106,41,258,147,152
5e3911643eee1,o,om,111,127,342,238,231
5e3911643eee1,m,mn,104,311,507,415,403
5e3911643eee1,n,na,92,108,292,200,200
5e3911643eee1,a,aj,92,54,239,146,147
5e3911643eee1,j,ja,93,89,296,182,203
5e3911643eee1,a,ameta1,114,1141,1316,1255,1202
5e3911643eee1,meta1,meta1@,61,545,693,606,632
5e3911643eee1,@,@normal,87,33,230,120,143
5e3911643eee1,normal,normalg,110,513,716,623,606
5e3911643eee1,g,gm,93,94,274,187,181
5e3911643eee1,m,ma,87,106,305,193,218
5e3911643eee1,a,ai,112,72,294,184,182
5e3911643eee1,i,il,110,163,379,273,269
5e3911643eee1,l,l.,106,558,739,664,633
5e3911643eee1,.,.c,75,224,405,299,330
5e3911643eee1,c,co,106,92,308,198,202
5e3911643eee1,o,om,110,161,343,271,233
5e3911643eee1,m,mf,72,40368,40523,40440,40451
5e3911643eee1,f,fo,83,147,320,230,237
5e3911643eee1,o,or,90,297,475,387,385
5e3911643eee1,r,rl,88,575,770,663,682
5e3911643eee1,l,la,107,52,271,159,164
5e3911643eee1,a,ab,112,611,833,723,721
5e3911643eee1,b,bn,110,377,588,487,478
5e3911643eee1,n,nj,101,459,652,560,551
5e3911643eee1,j,jj,92,1446,1660,1538,1568
5e3911643eee1,j,ja,122,1746,2006,1868,1884
5e3911643eee1,a,ameta1,138,608,853,746,715
5e3911643eee1,meta1,meta1@,107,600,825,707,718
5e3911643eee1,@,@normal,118,20,232,138,114
5e3911643eee1,normal,normalg,94,605,777,699,683
5e3911643eee1,g,gm,78,88,263,166,185
5e3911643eee1,m,ma,97,74,281,171,184
5e3911643eee1,a,ai,110,79,276,189,166
5e3911643eee1,i,il,87,261,455,348,368
5e3911643eee1,l,lc,107,1563,1775,1670,1668
5e3911643eee1,c,cc,105,1957,2138,2062,2033
5e3911643eee1,c,co,76,392,578,468,502
5e3911643eee1,o,om,110,259,474,369,364
5e3911643eee1,m,mn,105,177,386,282,281
5e3911643eee1,n,n.,104,2396,2575,2500,2471
5e3911643eee1,.,.c,75,625,807,700,732
5e3911643eee1,c,co,107,143,321,250,214
5e3911643eee1,o,om,71,197,371,268,300
5e3911643eee1,m,mf,103,45252,45393,45355,45290
5e3911643eee1,f,fo,38,246,369,284,331
5e3911643eee1,o,or,85,159,335,244,250
5e3911643eee1,r,rl,91,528,745,619,654
5e3911643eee1,l,la,126,807,1025,933,899
5e3911643eee1,a,ab,92,675,858,767,766
5e3911643eee1,b,bc,91,494,705,585,614
5e3911643eee1,c,co,120,36,253,156,133
5e3911643eee1,o,om,97,141,364,238,267
5e3911643eee1,m,mn,126,245,512,371,386
5e3911643eee1,n,na,141,70,323,211,182
5e3911643eee1,a,aj,112,345,546,457,434
5e3911643eee1,j,ja,89,36,275,125,186
5e3911643eee1,a,ameta1,150,775,1028,925,878
5e3911643eee1,meta1,meta1@,103,460,674,563,571
5e3911643eee1,@,@normal,111,18,256,129,145
5e3911643eee1,normal,normalg,127,462,681,589,554
5e3911643eee1,g,gm,92,108,305,200,213
5e3911643eee1,m,mi,105,205,422,310,317
5e3911643eee1,i,il,112,124,331,236,219
5e3911643eee1,l,lbksp,95,691,907,786,812
5e3911643eee1,bksp,bkspo,121,244,490,365,369
5e3911643eee1,o,oa,125,634,892,759,767
5e3911643eee1,a,aa,133,562,832,695,699
5e3911643eee1,a,aa,137,993,1224,1130,1087
5e3911643eee1,a,ai,94,438,625,532,531
5e3911643eee1,i,il,93,155,360,248,267
5e3911643eee1,l,l.,112,196,414,308,302
5e3911643eee1,.,.c,106,213,438,319,332
5e3911643eee1,c,co,119,73,302,192,183
5e3911643eee1,o,om,110,147,361,257,251
5e3911643eee1,m,mf,104,36033,36240,36137,36136
5e3911643eee1,f,fo,103,71,271,174,168
5e3911643eee1,o,or,97,156,379,253,282
5e3911643eee1,r,rl,126,21,256,147,130
5e3911643eee1,l,lb,109,1132,1315,1241,1206
5e3911643eee1,b,bc,74,440,627,514,553
5e3911643eee1,c,co,113,93,290,206,177
5e3911643eee1,o,om,84,179,367,263,283
5e3911643eee1,m,mn,104,1556,1740,1660,1636
5e3911643eee1,n,na,80,88,278,168,198
5e3911643eee1,a,aj,110,180,396,290,286
5e3911643eee1,j,ja,106,52,253,158,147
5e3911643eee1,a,ameta1,95,1997,2195,2092,2100
5e3911643eee1,meta1,meta1@,103,466,656,569,553
5e3911643eee1,@,@normal,87,36,233,123,146
5e3911643eee1,normal,normalg,110,579,813,689,703
5e3911643eee1,g,gm,124,77,273,201,149
5e3911643eee1,m,ma,72,127,307,199,235
5e3911643eee1,a,ai,108,18,220,126,112
5e3911643eee1,i,il,94,168,330,262,236
5e3911643eee1,l,l.,68,544,740,612,672
5e3911643eee1,.,.c,128,208,457,336,329
5e3911643eee1,c,co,121,126,318,247,197
5e3911643eee1,o,om,71,215,356,286,285
5e3911643eee1,m,mf,70,39144,39307,39214,39237
5e3911643eee1,f,fo,93,145,326,238,233
5e3911643eee1,o,or,88,90,271,178,183
5e3911643eee1,r,rl,93,548,744,641,651
5e3911643eee1,l,lb,103,595,785,698,682
5e3911643eee1,b,bc,87,246,455,333,368
5e3911643eee1,c,co,122,95,338,217,216
5e3911643eee1,o,om,121,261,438,382,317
5e3911643eee1,m,mn,56,176,417,232,361
5e3911643eee1,n,nj,185,171,454,356,269
5e3911643eee1,j,ja,98,54,250,152,152
5e3911643eee1,a,aj,98,1643,1850,1741,1752
5e3911643eee1,j,ja,109,80,257,189,148
5e3911643eee1,a,aa,68,3461,3657,3529,3589
5e3911643eee1,a,ab,128,136,355,264,227
5e3911643eee1,b,bmeta1,91,2046,2197,2137,2106
5e3911643eee1,meta1,meta1@,60,489,646,549,586
5e3911643eee1,@,@normal,97,6,220,103,123
5e3911643eee1,normal,normalg,117,599,820,716,703
5e3911643eee1,g,gm,104,73,271,177,167
5e3911643eee1,m,mi,94,244,426,338,332
5e3911643eee1,i,il,88,161,324,249,236
5e3911643eee1,l,la,75,1135,1362,1210,1287
5e3911643eee1,a,ai,152,218,465,370,313
5e3911643eee1,i,ia,95,1492,1695,1587,1600
5e3911643eee1,a,ao,108,143,375,251,267
5e3911643eee1,o,oi,124,827,1058,951,934
5e3911643eee1,i,il,107,91,270,198,163
5e3911643eee1,l,l.,72,630,845,702,773
5e3911643eee1,.,.c,143,156,486,299,343
5e3911643eee1,c,co,187,37,337,224,150
5e3911643eee1,o,om,113,182,380,295,267
5e3911643eee1,m,mf,85,35856,36056,35941,35971
5e3911643eee1,f,fo,115,177,384,292,269
5e3911643eee1,o,or,92,196,407,288,315
5e3911643eee1,r,rl,119,599,861,718,742
5e3911643eee1,l,lb,143,375,617,518,474
5e3911643eee1,b,bc,99,827,1052,926,953
5e3911643eee1,c,co,126,179,423,305,297
5e3911643eee1,o,om,118,177,401,295,283
5e3911643eee1,m,mn,106,131,358,237,252
5e3911643eee1,n,na,121,20,271,141,150
5e3911643eee1,a,aj,130,65,326,195,196
5e3911643eee1,j,ja,131,69,317,200,186
5e3911643eee1,a,ameta1,117,978,1201,1095,1084
5e3911643eee1,meta1,meta1normal,106,603,820,709,714
5e3911643eee1,normal,normalnormal,111,867,1064,978,953
5e3911643eee1,normal,normalg,86,445,619,531,533
5e3911643eee1,g,gm,88,77,253,165,165
5e3911643eee1,m,ma,88,178,375,266,287
5e3911643eee1,a,ao,109,241,440,350,331
5e3911643eee1,o,ol,90,128,291,218,201
5e3911643eee1,l,lbksp,73,578,724,651,651
5e3911643eee1,bksp,bkspbksp,73,52,203,125,130
5e3911643eee1,bksp,bkspi,78,148,329,226,251
5e3911643eee1,i,il,103,165,353,268,250
5e3911643eee1,l,l.,85,646,837,731,752
5e3911643eee1,.,.c,106,208,421,314,315
5e3911643eee1,c,co,107,110,291,217,184
5e3911643eee1,o,om,74,227,391,301,317
5e3911643eee1,m,mf,90,35162,35359,35252,35269
5e3911643eee1,f,fo,107,229,440,336,333
5e3911643eee1,o,or,104,197,385,301,281
5e3911643eee1,r,rl,84,478,683,562,599
5e3911643eee1,l,la,121,36,273,157,152
5e3911643eee1,a,ab,116,635,884,751,768
5e3911643eee1,b,bc,133,914,1234,1047,1101
5e3911643eee1,c,co,187,83,371,270,184
5e3911643eee1,o,om,101,172,384,273,283
5e3911643eee1,m,mn,111,229,505,340,394
5e3911643eee1,n,na,165,37,351,202,186
5e3911643eee1,a,aj,149,117,364,266,215
5e3911643eee1,j,ja,98,493,706,591,608
5e3911643eee1,a,ameta1,115,910,1096,1025,981
5e3911643eee1,meta1,meta1@,71,663,803,734,732
5e3911643eee1,@,@normal,69,55,233,124,164
5e3911643eee1,normal,normalg,109,511,729,620,620
5e3911643eee1,g,gm,109,127,342,236,233
5e3911643eee1,m,ma,106,36,256,142,150
5e3911643eee1,a,ai,114,158,347,272,233
5e3911643eee1,i,il,75,162,325,237,250
5e3911643eee1,l,l.,88,594,795,682,707
5e3911643eee1,.,.c,113,472,695,585,582
5e3911643eee1,c,co,110,15,220,125,110
5e3911643eee1,o,om,95,181,378,276,283
5e3911643eee1,m,mm,102,-402203,-402037,-402101,-402139
5e3911c5d4a5e,m,ma,64,265,400,329,336
5e3911c5d4a5e,a,an,71,53,218,124,147
5e3911c5d4a5e,n,nu,94,150,312,244,218
5e3911c5d4a5e,u,ut,68,182,317,250,249
5e3911c5d4a5e,t,tshift,67,173,301,240,234
5e3911c5d4a5e,shift,shiftmeta1,61,759,883,820,822
5e3911c5d4a5e,meta1,meta12,63,358,495,421,432
5e3911c5d4a5e,2,25,74,327,470,401,396
5e3911c5d4a5e,5,54,69,133,253,202,184
5e3911c5d4a5e,4,48,51,350,469,401,418
5e3911c5d4a5e,8,8@,68,543,682,611,614
5e3911c5d4a5e,@,@normal,71,196,353,267,282
5e3911c5d4a5e,normal,normalh,86,333,474,419,388
5e3911c5d4a5e,h,ho,55,395,504,450,449
5e3911c5d4a5e,o,ot,54,282,388,336,334
5e3911c5d4a5e,t,tm,52,161,282,213,230
5e3911c5d4a5e,m,ma,69,200,355,269,286
5e3911c5d4a5e,a,ai,86,96,250,182,164
5e3911c5d4a5e,i,il,68,169,286,237,218
5e3911c5d4a5e,l,l.,49,182,298,231,249
5e3911c5d4a5e,.,.c,67,201,333,268,266
5e3911c5d4a5e,c,co,65,76,216,141,151
5e3911c5d4a5e,o,o.,75,197,325,272,250
5e3911c5d4a5e,.,.t,53,399,487,452,434
5e3911c5d4a5e,t,th,35,113,217,148,182
5e3911c5d4a5e,h,hm,69,24816,24993,24885,24924
5e3911c5d4a5e,m,ma,108,119,306,227,198
5e3911c5d4a5e,a,au,79,247,380,326,301
5e3911c5d4a5e,u,ut,54,229,318,283,264
5e3911c5d4a5e,t,tshift,35,373,484,408,449
5e3911c5d4a5e,shift,shiftshift,76,646,795,722,719
5e3911c5d4a5e,shift,shiftmeta1,73,164,288,237,215
5e3911c5d4a5e,meta1,meta12,51,363,448,414,397
5e3911c5d4a5e,2,25,34,352,471,386,437
5e3911c5d4a5e,5,54,85,97,252,182,167
5e3911c5d4a5e,4,48,70,481,621,551,551
5e3911c5d4a5e,8,8@,70,527,667,597,597
5e3911c5d4a5e,@,@normal,70,166,288,236,218
5e3911c5d4a5e,normal,normalh,52,345,469,397,417
5e3911c5d4a5e,h,ho,72,329,508,401,436
5e3911c5d4a5e,o,ot,107,229,371,336,264
5e3911c5d4a5e,t,tm,35,139,268,174,233
5e3911c5d4a5e,m,mi,94,287,462,381,368
5e3911c5d4a5e,i,il,81,122,278,203,197
5e3911c5d4a5e,l,lbksp,75,513,675,588,600
5e3911c5d4a5e,bksp,bkspbksp,87,38,205,125,118
5e3911c5d4a5e,bksp,bkspbksp,80,76,229,156,149
5e3911c5d4a5e,bksp,bkspm,73,714,859,787,786
5e3911c5d4a5e,m,ma,72,72,254,144,182
5e3911c5d4a5e,a,ai,110,74,243,184,133
5e3911c5d4a5e,i,il,59,124,259,183,200
5e3911c5d4a5e,l,l.,76,163,327,239,251
5e3911c5d4a5e,.,.c,88,212,369,300,281
5e3911c5d4a5e,c,co,69,76,206,145,137
5e3911c5d4a5e,o,o.,61,180,294,241,233
5e3911c5d4a5e,.,.t,53,211,335,264,282
5e3911c5d4a5e,t,th,71,165,302,236,231
5e3911c5d4a5e,h,hm,66,27418,27568,27484,27502
5e3911c5d4a5e,m,mn,84,185,350,269,266
5e3911c5d4a5e,n,nu,81,127,282,208,201
5e3911c5d4a5e,u,ut,74,282,409,356,335
5e3911c5d4a5e,t,tbksp,53,463,603,516,550
5e3911c5d4a5e,bksp,bkspbksp,87,231,402,318,315
5e3911c5d4a5e,bksp,bkspn,84,615,770,699,686
5e3911c5d4a5e,n,nu,71,511,654,582,583
5e3911c5d4a5e,u,ut,72,262,390,334,318
5e3911c5d4a5e,t,tmeta1,56,430,543,486,487
5e3911c5d4a5e,meta1,meta12,57,275,400,332,343
5e3911c5d4a5e,2,25,68,349,489,417,421
5e3911c5d4a5e,5,54,72,128,252,200,180
5e3911c5d4a5e,4,48,52,380,503,432,451
5e3911c5d4a5e,8,8@,71,629,787,700,716
5e3911c5d4a5e,@,@normal,87,132,319,219,232
5e3911c5d4a5e,normal,normalh,100,331,486,431,386
5e3911c5d4a5e,h,ho,55,395,521,450,466
5e3911c5d4a5e,o,ot,71,367,488,438,417
5e3911c5d4a5e,t,tm,50,161,300,211,250
5e3911c5d4a5e,m,ma,89,199,371,288,282
5e3911c5d4a5e,a,ai,83,58,216,141,133
5e3911c5d4a5e,i,i.,75,416,576,491,501
5e3911c5d4a5e,.,.c,85,183,333,268,248
5e3911c5d4a5e,c,co,65,75,215,140,150
5e3911c5d4a5e,o,o.,75,197,360,272,285
5e3911c5d4a5e,.,.t,88,163,319,251,231
5e3911c5d4a5e,t,th,68,153,302,221,234
5e3911c5d4a5e,h,hbksp,81,847,1000,928,919
5e3911c5d4a5e,bksp,bkspbksp,72,56,206,128,134
5e3911c5d4a5e,bksp,bkspbksp,78,73,225,151,147
5e3911c5d4a5e,bksp,bkspbksp,74,75,208,149,134
5e3911c5d4a5e,bksp,bkspbksp,59,91,210,150,151
5e3911c5d4a5e,bksp,bkspbksp,60,131,243,191,183
5e3911c5d4a5e,bksp,bkspbksp,52,247,372,299,320
5e3911c5d4a5e,bksp,bkspl,73,397,554,470,481
5e3911c5d4a5e,l,l.,84,274,450,358,366
5e3911c5d4a5e,.,.c,92,300,494,392,402
5e3911c5d4a5e,c,c.,102,380,565,482,463
5e3911c5d4a5e,.,.t,83,266,442,349,359
5e3911c5d4a5e,t,th,93,200,371,293,278
5e3911c5d4a5e,h,hm,78,28777,28960,28855,28882
5e3911c5d4a5e,m,ma,105,417,625,522,520
5e3911c5d4a5e,a,an,103,215,399,318,296
5e3911c5d4a5e,n,nu,81,200,348,281,267
5e3911c5d4a5e,u,ut,67,215,351,282,284
5e3911c5d4a5e,t,tshift,69,326,503,395,434
5e3911c5d4a5e,shift,shiftW,108,279,490,387,382
5e3911c5d4a5e,W,Wmeta1,103,660,851,763,748
5e3911c5d4a5e,meta1,meta1bksp,88,799,976,887,888
5e3911c5d4a5e,bksp,bkspbksp,89,135,320,224,231
5e3911c5d4a5e,bksp,bksp2,96,767,918,863,822
5e3911c5d4a5e,2,25,55,426,569,481,514
5e3911c5d4a5e,5,54,88,131,271,219,183
5e3911c5d4a5e,4,48,52,648,756,700,704
5e3911c5d4a5e,8,8@,56,894,1034,950,978
5e3911c5d4a5e,@,@normal,84,116,284,200,200
5e3911c5d4a5e,normal,normalh,84,447,586,531,502
5e3911c5d4a5e,h,ho,55,314,441,369,386
5e3911c5d4a5e,o,ot,72,295,421,367,349
5e3911c5d4a5e,t,tm,54,209,352,263,298
5e3911c5d4a5e,m,ma,89,162,355,251,266
5e3911c5d4a5e,a,ai,104,57,236,161,132
5e3911c5d4a5e,i,il,75,183,324,258,249
5e3911c5d4a5e,l,l.,66,534,671,600,605
5e3911c5d4a5e,.,.c,71,329,468,400,397
5e3911c5d4a5e,c,co,68,20,186,88,118
5e3911c5d4a5e,o,o.,98,182,366,280,268
5e3911c5d4a5e,.,.t,86,213,366,299,280
5e3911c5d4a5e,t,th,67,183,317,250,250
5e3911c5d4a5e,h,hbksp,67,829,953,896,886
5e3911c5d4a5e,bksp,bkspbksp,57,66,205,123,148
5e3911c5d4a5e,bksp,bkspbksp,82,71,233,153,151
5e3911c5d4a5e,bksp,bkspo,80,390,547,470,467
5e3911c5d4a5e,o,ot,77,749,892,826,815
5e3911c5d4a5e,t,th,66,175,300,241,234
5e3911c5d4a5e,h,hm,59,28886,29028,28945,28969
5e3911c5d4a5e,m,ma,83,382,531,465,448
5e3911c5d4a5e,a,an,66,217,352,283,286
5e3911c5d4a5e,n,nu,69,213,350,282,281
5e3911c5d4a5e,u,ut,68,213,352,281,284
5e3911c5d4a5e,t,tmeta1,71,1148,1289,1219,1218
5e3911c5d4a5e,meta1,meta12,70,330,453,400,383
5e3911c5d4a5e,2,25,53,342,485,395,432
5e3911c5d4a5e,5,54,90,115,273,205,183
5e3911c5d4a5e,4,48,68,563,704,631,636
5e3911c5d4a5e,8,8@,73,683,839,756,766
5e3911c5d4a5e,@,@normal,83,197,350,280,267
5e3911c5d4a5e,normal,normalh,70,1193,1356,1263,1286
5e3911c5d4a5e,h,ho,93,608,757,701,664
5e3911c5d4a5e,o,ot,56,262,389,318,333
5e3911c5d4a5e,t,tm,71,165,320,236,249
5e3911c5d4a5e,m,ma,84,198,402,282,318
5e3911c5d4a5e,a,ai,120,132,319,252,199
5e3911c5d4a5e,i,il,67,151,299,218,232
5e3911c5d4a5e,l,l.,81,151,334,232,253
5e3911c5d4a5e,.,.c,102,196,365,298,263
5e3911c5d4a5e,c,co,67,54,203,121,136
5e3911c5d4a5e,o,o.,82,179,350,261,268
5e3911c5d4a5e,.,.t,89,247,421,336,332
5e3911c5d4a5e,t,th,85,179,317,264,232
5e3911c5d4a5e,h,hm,53,26018,26140,26071,26087
5e3911c5d4a5e,m,ma,69,230,384,299,315
5e3911c5d4a5e,a,an,85,56,235,141,150
5e3911c5d4a5e,n,nu,94,197,360,291,266
5e3911c5d4a5e,u,ut,69,248,355,317,286
5e3911c5d4a5e,t,tmeta1,38,544,638,582,600
5e3911c5d4a5e,meta1,meta13,56,313,438,369,382
5e3911c5d4a5e,3,36,69,900,1006,969,937
5e3911c5d4a5e,6,6bksp,37,345,451,382,414
5e3911c5d4a5e,bksp,bksp2,69,1532,1686,1601,1617
5e3911c5d4a5e,2,25,85,663,785,748,700
5e3911c5d4a5e,5,54,37,213,318,250,281
5e3911c5d4a5e,4,48,68,534,672,602,604
5e3911c5d4a5e,8,8@,70,327,485,397,415
5e3911c5d4a5e,@,@normal,88,280,453,368,365
5e3911c5d4a5e,normal,normalg,85,655,807,740,722
5e3911c5d4a5e,g,go,67,427,596,494,529
5e3911c5d4a5e,o,obksp,102,216,369,318,267
5e3911c5d4a5e,bksp,bkspbksp,51,68,200,119,149
5e3911c5d4a5e,bksp,bksph,81,434,566,515,485
5e3911c5d4a5e,h,ho,51,359,499,410,448
5e3911c5d4a5e,o,ot,89,348,508,437,419
5e3911c5d4a5e,t,tm,71,142,302,213,231
5e3911c5d4a5e,m,ma,89,199,374,288,285
5e3911c5d4a5e,a,ai,86,71,216,157,130
5e3911c5d4a5e,i,il,59,165,293,224,234
5e3911c5d4a5e,l,l.,69,180,355,249,286
5e3911c5d4a5e,.,.c,106,213,373,319,267
5e3911c5d4a5e,c,co,54,119,236,173,182
5e3911c5d4a5e,o,o.,63,194,329,257,266
5e3911c5d4a5e,.,.t,72,211,338,283,266
5e3911c5d4a5e,t,th,55,163,290,218,235
5e3911c5d4a5e,h,hm,72,27199,27363,27271,27291
5e3911c5d4a5e,m,mn,92,264,450,356,358
5e3911c5d4a5e,n,nu,94,235,364,329,270
5e3911c5d4a5e,u,ut,35,250,337,285,302
5e3911c5d4a5e,t,tbksp,52,564,682,616,630
5e3911c5d4a5e,bksp,bkspbksp,66,95,232,161,166
5e3911c5d4a5e,bksp,bkspbksp,71,55,204,126,133
5e3911c5d4a5e,bksp,bkspa,78,534,696,612,618
5e3911c5d4a5e,a,an,84,93,249,177,165
5e3911c5d4a5e,n,nu,72,234,356,306,284
5e3911c5d4a5e,u,ut,50,230,319,280,269
5e3911c5d4a5e,t,tmeta1,39,1812,1939,1851,1900
5e3911c5d4a5e,meta1,meta12,88,390,571,478,483
5e3911c5d4a5e,2,25,93,295,445,388,352
5e3911c5d4a5e,5,54,57,122,270,179,213
5e3911c5d4a5e,4,48,91,664,812,755,721
5e3911c5d4a5e,8,8@,57,474,589,531,532
5e3911c5d4a5e,@,@normal,58,147,290,205,232
5e3911c5d4a5e,normal,normalh,85,428,585,513,500
5e3911c5d4a5e,h,ho,72,379,524,451,452
5e3911c5d4a5e,o,ot,73,376,538,449,465
5e3911c5d4a5e,t,tm,89,176,354,265,265
5e3911c5d4a5e,m,ma,89,196,390,285,301
5e3911c5d4a5e,a,ai,105,57,238,162,133
5e3911c5d4a5e,i,il,76,131,293,207,217
5e3911c5d4a5e,l,l.,86,146,337,232,251
5e3911c5d4a5e,.,.c,105,180,353,285,248
5e3911c5d4a5e,c,c.,68,364,501,432,433
5e3911c5d4a5e,.,.t,69,142,305,211,236
5e3911c5d4a5e,t,tg,94,164,325,258,231
5e3911c5d4a5e,g,gbksp,67,747,884,814,817
5e3911c5d4a5e,bksp,bksph,70,215,370,285,300
5e3911c5d4a5e,h,hm,85,33389,33569,33474,33484
5e3911c5d4a5e,m,ma,95,68,280,163,185
5e3911c5d4a5e,a,an,117,20,232,137,115
5e3911c5d4a5e,n,nu,95,147,328,242,233
5e3911c5d4a5e,u,ut,86,174,319,260,233
5e3911c5d4a5e,t,tmeta1,59,433,551,492,492
5e3911c5d4a5e,meta1,meta12,59,289,402,348,343
5e3911c5d4a5e,2,25,54,414,539,468,485
5e3911c5d4a5e,5,54,71,148,271,219,200
5e3911c5d4a5e,4,48,52,629,737,681,685
5e3911c5d4a5e,8,8@,56,576,721,632,665
5e3911c5d4a5e,@,@normal,89,129,288,218,199
5e3911c5d4a5e,normal,normalh,70,403,537,473,467
5e3911c5d4a5e,h,ho,64,325,480,389,416
5e3911c5d4a5e,o,ot,91,240,393,331,302
5e3911c5d4a5e,t,tm,62,164,293,226,231
5e3911c5d4a5e,m,ma,67,232,385,299,318
5e3911c5d4a5e,a,ai,86,42,203,128,117
5e3911c5d4a5e,i,il,75,149,289,224,214
5e3911c5d4a5e,l,l.,65,215,353,280,288
5e3911c5d4a5e,.,.c,73,214,353,287,280
5e3911c5d4a5e,c,co,66,57,200,123,134
5e3911c5d4a5e,o,o.,77,181,328,258,251
5e3911c5d4a5e,.,.t,70,331,456,401,386
5e3911c5d4a5e,t,th,55,106,234,161,179
5e3911c5d4a5e,h,hm,73,27418,27575,27491,27502
5e3911c5d4a5e,m,mn,84,388,567,472,483
5e3911c5d4a5e,n,nu,95,182,345,277,250
5e3911c5d4a5e,u,ut,68,183,304,251,236
5e3911c5d4a5e,t,tbksp,53,1059,1186,1112,1133
5e3911c5d4a5e,bksp,bkspbksp,74,90,237,164,163
5e3911c5d4a5e,bksp,bkspn,73,763,908,836,835
5e3911c5d4a5e,n,nu,72,263,407,335,335
5e3911c5d4a5e,u,ua,72,179,355,251,283
5e3911c5d4a5e,a,at,104,1546,1739,1650,1635
5e3911c5d4a5e,t,tbksp,89,661,841,750,752
5e3911c5d4a5e,bksp,bkspt,91,2009,2173,2100,2082
5e3911c5d4a5e,t,tmeta1,73,1259,1421,1332,1348
5e3911c5d4a5e,meta1,meta12,89,361,523,450,434
5e3911c5d4a5e,2,25,73,464,593,537,520
5e3911c5d4a5e,5,54,56,162,284,218,228
5e3911c5d4a5e,4,48,66,447,585,513,519
5e3911c5d4a5e,8,8@,72,597,723,669,651
5e3911c5d4a5e,@,@normal,54,215,350,269,296
5e3911c5d4a5e,normal,normalh,81,518,633,599,552
5e3911c5d4a5e,h,ho,34,430,538,464,504
5e3911c5d4a5e,o,ot,74,257,387,331,313
5e3911c5d4a5e,t,tm,56,180,288,236,232
5e3911c5d4a5e,m,ma,52,262,424,314,372
5e3911c5d4a5e,a,ai,110,53,238,163,128
5e3911c5d4a5e,i,i.,75,502,626,577,551
5e3911c5d4a5e,.,.c,49,180,283,229,234
5e3911c5d4a5e,c,co,54,54,186,108,132
5e3911c5d4a5e,o,o.,78,158,329,236,251
5e3911c5d4a5e,.,.t,93,164,325,257,232
5e3911c5d4a5e,t,th,68,162,318,230,250
5e3911c5d4a5e,h,hm,88,25550,25710,25638,25622
5e3911c5d4a5e,m,mn,72,282,417,354,345
5e3911c5d4a5e,n,nu,63,215,381,278,318
5e3911c5d4a5e,u,ubksp,103,496,691,599,588
5e3911c5d4a5e,bksp,bkspbksp,92,158,320,250,228
5e3911c5d4a5e,bksp,bkspa,70,381,559,451,489
5e3911c5d4a5e,a,an,108,591,775,699,667
5e3911c5d4a5e,n,nu,76,192,354,268,278
5e3911c5d4a5e,u,ut,86,265,402,351,316
5e3911c5d4a5e,t,tmeta1,51,449,555,500,504
5e3911c5d4a5e,meta1,meta12,55,376,504,431,449
5e3911c5d4a5e,2,25,73,464,607,537,534
5e3911c5d4a5e,5,54,70,148,300,218,230
5e3911c5d4a5e,4,48,82,695,819,777,737
5e3911c5d4a5e,8,8@,42,332,440,374,398
5e3911c5d4a5e,@,@normal,66,247,397,313,331
5e3911c5d4a5e,normal,normalh,84,665,840,749,756
5e3911c5d4a5e,h,ho,91,410,587,501,496
5e3911c5d4a5e,o,ot,86,270,459,356,373
5e3911c5d4a5e,t,tm,103,118,311,221,208
5e3911c5d4a5e,m,ma,90,235,473,325,383
5e3911c5d4a5e,a,ai,148,119,317,267,169
5e3911c5d4a5e,i,il,50,167,282,217,232
5e3911c5d4a5e,l,l.,65,212,367,277,302
5e3911c5d4a5e,.,.c,90,288,424,378,334
5e3911c5d4a5e,c,co,46,138,242,184,196
5e3911c5d4a5e,o,o.,58,205,343,263,285
5e3911c5d4a5e,.,.t,80,383,517,463,437
5e3911c5d4a5e,t,th,54,145,267,199,213
5e3911c5d4a5e,h,hg,68,-229694,-229590,-229626,-229658
5e39124ae3571,g,go,36,39,156,75,120
5e39124ae3571,o,oo,81,560,735,641,654
5e39124ae3571,o,os,94,593,756,687,662
5e39124ae3571,s,ss,69,94,236,163,167
5e39124ae3571,s,st,73,660,791,733,718
5e39124ae3571,t,to,58,68,190,126,132
5e39124ae3571,o,oshift,64,1369,1529,1433,1465
5e39124ae3571,shift,shiftshift,96,300,482,396,386
5e39124ae3571,shift,shiftmeta1,86,245,417,331,331
5e39124ae3571,meta1,meta1@,86,481,678,567,592
5e39124ae3571,@,@normal,111,203,404,314,293
5e39124ae3571,normal,normalh,90,628,792,718,702
5e39124ae3571,h,ho,74,108,273,182,199
5e39124ae3571,o,ot,91,20,187,111,96
5e39124ae3571,t,tm,76,546,729,622,653
5e39124ae3571,m,mshift,107,75,240,182,133
5e39124ae3571,shift,shiftI,58,120,275,178,217
5e39124ae3571,I,Ishift,97,928,1098,1025,1001
5e39124ae3571,shift,shiftbksp,73,227,411,300,338
5e39124ae3571,bksp,bkspa,111,521,723,632,612
5e39124ae3571,a,ai,91,296,459,387,368
5e39124ae3571,i,il,72,209,371,281,299
5e39124ae3571,l,l.,90,892,1109,982,1019
5e39124ae3571,.,.c,127,260,423,387,296
5e39124ae3571,c,co,36,1295,1418,1331,1382
5e39124ae3571,o,o.,87,645,828,732,741
5e39124ae3571,.,.t,96,422,607,518,511
5e39124ae3571,t,th,89,143,287,232,198
5e39124ae3571,h,hg,55,39248,39347,39303,39292
5e39124ae3571,g,go,44,155,291,199,247
5e39124ae3571,o,os,92,172,374,264,282
5e39124ae3571,s,ss,110,80,292,190,182
5e39124ae3571,s,st,102,412,572,514,470
5e39124ae3571,t,to,58,70,224,128,166
5e39124ae3571,o,ometa1,96,926,1095,1022,999
5e39124ae3571,meta1,meta1@,73,513,695,586,622
5e39124ae3571,@,@normal,109,123,301,232,192
5e39124ae3571,normal,normalh,69,549,688,618,619
5e39124ae3571,h,ho,70,36,187,106,117
5e39124ae3571,o,or,81,146,297,227,216
5e39124ae3571,r,rm,70,69,236,139,166
5e39124ae3571,m,mbksp,97,963,1133,1060,1036
5e39124ae3571,bksp,bkspbksp,73,90,222,163,149
5e39124ae3571,bksp,bkspt,59,810,974,869,915
5e39124ae3571,t,tn,105,58,207,163,102
5e39124ae3571,n,nbksp,44,878,1015,922,971
5e39124ae3571,bksp,bkspm,93,122,305,215,212
5e39124ae3571,m,ma,90,92,239,182,149
5e39124ae3571,a,ai,57,90,226,147,169
5e39124ae3571,i,i.,79,1010,1181,1089,1102
5e39124ae3571,.,.c,92,158,339,250,247
5e39124ae3571,c,co,89,75,237,164,148
5e39124ae3571,o,o.,73,553,741,626,668
5e39124ae3571,.,.t,115,53,214,168,99
5e39124ae3571,t,tg,46,140,263,186,217
5e39124ae3571,g,gbksp,77,779,930,856,853
5e39124ae3571,bksp,bksph,74,53,189,127,115
5e39124ae3571,h,hg,62,32037,32154,32099,32092
5e39124ae3571,g,go,55,207,363,262,308
5e39124ae3571,o,os,101,163,317,264,216
5e39124ae3571,s,ss,53,164,290,217,237
5e39124ae3571,s,st,73,278,405,351,332
5e39124ae3571,t,to,54,213,354,267,300
5e39124ae3571,o,ometa1,87,778,954,865,867
5e39124ae3571,meta1,meta1@,89,279,477,368,388
5e39124ae3571,@,@normal,109,190,402,299,293
5e39124ae3571,normal,normalh,103,566,739,669,636
5e39124ae3571,h,ho,70,161,320,231,250
5e39124ae3571,o,ot,89,171,371,260,282
5e39124ae3571,t,tm,111,149,345,260,234
5e39124ae3571,m,ma,85,213,370,298,285
5e39124ae3571,a,ai,72,210,391,282,319
5e39124ae3571,i,il,109,259,476,368,367
5e39124ae3571,l,l.,108,1824,1990,1932,1882
5e39124ae3571,.,.c,58,261,390,319,332
5e39124ae3571,c,co,71,142,303,213,232
5e39124ae3571,o,o.,90,428,629,518,539
5e39124ae3571,.,.t,111,171,354,282,243
5e39124ae3571,t,th,72,146,305,218,233
5e39124ae3571,h,hg,87,37984,38158,38071,38071
5e39124ae3571,g,go,87,72,271,159,184
5e39124ae3571,o,os,112,561,746,673,634
5e39124ae3571,s,ss,73,75,202,148,129
5e39124ae3571,s,st,54,266,358,320,304
5e39124ae3571,t,ti,38,55,207,93,169
5e39124ae3571,i,ibksp,114,1242,1444,1356,1330
5e39124ae3571,bksp,bkspo,88,294,459,382,371
5e39124ae3571,o,ometa1,77,1242,1439,1319,1362
5e39124ae3571,meta1,meta1@,120,447,654,567,534
5e39124ae3571,@,@normal,87,245,434,332,347
5e39124ae3571,normal,normalh,102,530,743,632,641
5e39124ae3571,h,ht,111,229,387,340,276
5e39124ae3571,t,tbksp,47,649,783,696,736
5e39124ae3571,bksp,bkspo,87,276,436,363,349
5e39124ae3571,o,ot,73,595,727,668,654
5e39124ae3571,t,tn,59,461,558,520,499
5e39124ae3571,n,nbksp,38,767,883,805,845
5e39124ae3571,bksp,bkspm,78,186,329,264,251
5e39124ae3571,m,ma,65,715,837,780,772
5e39124ae3571,a,ai,57,293,458,350,401
5e39124ae3571,i,il,108,674,875,782,767
5e39124ae3571,l,l.,93,1157,1361,1250,1268
5e39124ae3571,.,.c,111,672,879,783,768
5e39124ae3571,c,co,96,121,289,217,193
5e39124ae3571,o,o.,72,660,829,732,757
5e39124ae3571,.,.t,97,289,441,386,344
5e39124ae3571,t,th,55,159,269,214,214
5e39124ae3571,h,hg,55,31114,31228,31169,31173
5e39124ae3571,g,go,59,142,290,201,231
5e39124ae3571,o,os,89,261,423,350,334
5e39124ae3571,s,ss,73,108,236,181,163
5e39124ae3571,s,st,55,214,357,269,302
5e39124ae3571,t,to,88,89,255,177,167
5e39124ae3571,o,ometa1,78,563,713,641,635
5e39124ae3571,meta1,meta1@,72,359,508,431,436
5e39124ae3571,@,@normal,77,123,287,200,210
5e39124ae3571,normal,normalh,87,433,609,520,522
5e39124ae3571,h,ho,89,86,253,175,164
5e39124ae3571,o,om,78,710,860,788,782
5e39124ae3571,m,ma,72,140,257,212,185
5e39124ae3571,a,ai,45,86,228,131,183
5e39124ae3571,i,il,97,195,383,292,286
5e39124ae3571,l,l.,91,573,771,664,680
5e39124ae3571,.,.c,107,162,341,269,234
5e39124ae3571,c,co,72,95,273,167,201
5e39124ae3571,o,o.,106,544,747,650,641
5e39124ae3571,.,.t,97,63,220,160,123
5e39124ae3571,t,th,60,131,244,191,184
5e39124ae3571,h,hg,53,35663,35805,35716,35752
5e39124ae3571,g,go,89,147,330,236,241
5e39124ae3571,o,oi,94,123,289,217,195
5e39124ae3571,i,ibksp,72,660,860,732,788
5e39124ae3571,bksp,bksps,128,205,420,333,292
5e39124ae3571,s,ss,87,98,238,185,151
5e39124ae3571,s,st,53,698,805,751,752
5e39124ae3571,t,to,54,67,201,121,147
5e39124ae3571,o,ometa1,80,998,1181,1078,1101
5e39124ae3571,meta1,meta1@,103,397,587,500,484
5e39124ae3571,@,@normal,87,295,471,382,384
5e39124ae3571,normal,normalh,89,561,723,650,634
5e39124ae3571,h,ho,73,90,239,163,166
5e39124ae3571,o,ot,76,211,342,287,266
5e39124ae3571,t,tm,55,595,724,650,669
5e39124ae3571,m,ma,74,94,254,168,180
5e39124ae3571,a,ai,86,96,255,182,169
5e39124ae3571,i,il,73,266,454,339,381
5e39124ae3571,l,lmeta1,115,414,601,529,486
5e39124ae3571,meta1,meta1normal,72,391,538,463,466
5e39124ae3571,normal,normal.,75,379,526,454,451
5e39124ae3571,.,.c,72,512,643,584,571
5e39124ae3571,c,co,59,240,375,299,316
5e39124ae3571,o,o.,76,324,525,400,449
5e39124ae3571,.,.t,125,257,436,382,311
5e39124ae3571,t,th,54,164,273,218,219
5e39124ae3571,h,hg,55,41397,41509,41452,41454
5e39124ae3571,g,go,57,72,239,129,182
5e39124ae3571,o,os,110,563,725,673,615
5e39124ae3571,s,ss,52,107,219,159,167
5e39124ae3571,s,st,60,279,411,339,351
5e39124ae3571,t,to,72,96,238,168,166
5e39124ae3571,o,ometa1,70,930,1071,1000,1001
5e39124ae3571,meta1,meta1@,71,456,636,527,565
5e39124ae3571,@,@normal,109,267,473,376,364
5e39124ae3571,normal,normalh,97,587,835,684,738
5e39124ae3571,h,ho,151,138,384,289,233
5e39124ae3571,o,ot,95,55,228,150,133
5e39124ae3571,t,tm,78,549,728,627,650
5e39124ae3571,m,ma,101,128,335,229,234
5e39124ae3571,a,abksp,106,926,1145,1032,1039
5e39124ae3571,bksp,bkspi,113,669,877,782,764
5e39124ae3571,i,il,95,328,509,423,414
5e39124ae3571,l,l.,86,1576,1767,1662,1681
5e39124ae3571,.,.c,105,233,440,338,335
5e39124ae3571,c,co,102,142,337,244,235
5e39124ae3571,o,o.,93,525,723,618,630
5e39124ae3571,.,.t,105,146,323,251,218
5e39124ae3571,t,tg,72,245,357,317,285
5e39124ae3571,g,gbksp,40,860,1010,900,970
5e39124ae3571,bksp,bksph,110,51,207,161,97
5e39124ae3571,h,hg,46,38897,39029,38943,38983
5e39124ae3571,g,go,86,131,320,217,234
5e39124ae3571,o,os,103,593,770,696,667
5e39124ae3571,s,ss,74,111,258,185,184
5e39124ae3571,s,st,73,310,425,383,352
5e39124ae3571,t,to,42,134,271,176,229
5e39124ae3571,o,ometa1,95,947,1095,1042,1000
5e39124ae3571,meta1,meta1@,53,464,628,517,575
5e39124ae3571,@,@normal,111,240,438,351,327
5e39124ae3571,normal,normalh,87,563,723,650,636
5e39124ae3571,h,ho,73,90,236,163,163
5e39124ae3571,o,ot,73,94,193,167,120
5e39124ae3571,t,tm,26,626,761,652,735
5e39124ae3571,m,ma,109,108,287,217,178
5e39124ae3571,a,ai,70,148,288,218,218
5e39124ae3571,i,ibksp,70,2045,2214,2115,2144
5e39124ae3571,bksp,bkspl,99,117,304,216,205
5e39124ae3571,l,l.,88,632,824,720,736
5e39124ae3571,.,.c,104,179,335,283,231
5e39124ae3571,c,co,52,110,204,162,152
5e39124ae3571,o,o.,42,576,711,618,669
5e39124ae3571,.,.t,93,325,472,418,379
5e39124ae3571,t,th,54,164,256,218,202
5e39124ae3571,h,hg,38,30133,30224,30171,30186
5e39124ae3571,g,go,53,34,221,87,168
5e39124ae3571,o,os,134,1243,1416,1377,1282
5e39124ae3571,s,ss,39,124,203,163,164
5e39124ae3571,s,st,40,183,274,223,234
5e39124ae3571,t,to,51,35,168,86,117
5e39124ae3571,o,oo,82,476,632,558,550
5e39124ae3571,o,ometa1,74,1413,1547,1487,1473
5e39124ae3571,meta1,meta1@,60,377,520,437,460
5e39124ae3571,@,@normal,83,444,705,527,622
5e39124ae3571,normal,normalh,178,640,892,818,714
5e39124ae3571,h,ho,74,53,238,127,164
5e39124ae3571,o,ot,111,56,211,167,100
5e39124ae3571,t,tm,44,581,679,625,635
5e39124ae3571,m,ma,54,109,254,163,200
5e39124ae3571,a,ai,91,127,290,218,199
5e39124ae3571,i,il,72,342,495,414,423
5e39124ae3571,l,l.,81,573,742,654,661
5e39124ae3571,.,.c,88,162,337,250,249
5e39124ae3571,c,co,87,37,225,124,138
5e39124ae3571,o,ot,101,748,911,849,810
5e39124ae3571,t,th,62,147,263,209,201
5e39124ae3571,h,hbksp,54,733,878,787,824
5e39124ae3571,bksp,bkspt,91,66,217,157,126
5e39124ae3571,t,tg,60,114,246,174,186
5e39124ae3571,g,gbksp,72,741,937,813,865
5e39124ae3571,bksp,bksph,124,81,274,205,150
5e39124ae3571,h,hg,69,32085,32222,32154,32153
5e39124ae3571,g,go,68,193,349,261,281
5e39124ae3571,o,os,88,531,678,619,590
5e39124ae3571,s,ss,59,140,239,199,180
5e39124ae3571,s,st,40,374,504,414,464
5e39124ae3571,t,to,90,196,359,286,269
5e39124ae3571,o,ometa1,73,727,905,800,832
5e39124ae3571,meta1,meta1@,105,313,524,418,419
5e39124ae3571,@,@normal,106,258,469,364,363
5e39124ae3571,normal,normalh,105,452,672,557,567
5e39124ae3571,h,ho,115,124,331,239,216
5e39124ae3571,o,ot,92,91,258,183,166
5e39124ae3571,t,tm,75,533,732,608,657
5e39124ae3571,m,ma,124,89,271,213,147
5e39124ae3571,a,ai,58,111,240,169,182
5e39124ae3571,i,il,71,410,593,481,522
5e39124ae3571,l,l.,112,574,774,686,662
5e39124ae3571,.,.c,88,213,369,301,281
5e39124ae3571,c,c.,68,895,1052,963,984
5e39124ae3571,.,.t,89,114,273,203,184
5e39124ae3571,t,th,70,145,287,215,217
5e39124ae3571,h,hs,72,-317431,-317286,-317359,-317358
5e3912b6596a4,s,sa,73,244,391,317,318
5e3912b6596a4,a,at,74,598,707,672,633
5e3912b6596a4,t,ta,35,209,318,244,283
5e3912b6596a4,a,an,74,213,356,287,282
5e3912b6596a4,n,ng,69,177,301,246,232
5e3912b6596a4,g,gmeta1,55,314,440,369,385
5e3912b6596a4,meta1,meta16,71,644,824,715,753
5e3912b6596a4,6,62,109,109,306,218,197
5e3912b6596a4,2,25,88,231,408,319,320
5e3912b6596a4,5,50,89,142,302,231,213
5e3912b6596a4,0,0@,71,696,854,767,783
5e3912b6596a4,@,@normal,87,296,455,383,368
5e3912b6596a4,normal,normalg,72,627,772,699,700
5e3912b6596a4,g,gm,73,210,354,283,281
5e3912b6596a4,m,ma,71,128,272,199,201
5e3912b6596a4,a,ai,73,110,256,183,183
5e3912b6596a4,i,il,73,345,478,418,405
5e3912b6596a4,l,lmeta1,60,472,624,532,564
5e3912b6596a4,meta1,meta1.,92,627,793,719,701
5e3912b6596a4,.,.normal,74,193,338,267,264
5e3912b6596a4,normal,normalc,71,446,575,517,504
5e3912b6596a4,c,co,58,397,489,455,431
5e3912b6596a4,o,om,34,407,501,441,467
5e3912b6596a4,m,ms,60,29117,29208,29177,29148
5e3912b6596a4,s,sa,31,121,234,152,203
5e3912b6596a4,a,at,82,109,281,191,199
5e3912b6596a4,t,ta,90,71,257,161,167
5e3912b6596a4,a,an,96,278,431,374,335
5e3912b6596a4,n,ng,57,226,337,283,280
5e3912b6596a4,g,gmeta1,54,227,339,281,285
5e3912b6596a4,meta1,meta16,58,786,924,844,866
5e3912b6596a4,6,62,80,113,280,193,200
5e3912b6596a4,2,25,87,179,355,266,268
5e3912b6596a4,5,50,89,162,305,251,216
5e3912b6596a4,0,0@,54,278,390,332,336
5e3912b6596a4,@,@normal,58,356,506,414,448
5e3912b6596a4,normal,normalg,92,511,681,603,589
5e3912b6596a4,g,gm,78,405,555,483,477
5e3912b6596a4,m,ma,72,127,292,199,220
5e3912b6596a4,a,ai,93,173,338,266,245
5e3912b6596a4,i,il,72,263,407,335,335
5e3912b6596a4,l,l.,72,445,589,517,517
5e3912b6596a4,.,.c,72,212,371,284,299
5e3912b6596a4,c,co,87,144,322,231,235
5e3912b6596a4,o,om,91,287,444,378,353
5e3912b6596a4,m,ms,66,24941,25096,25007,25030
5e3912b6596a4,s,sa,89,129,289,218,200
5e3912b6596a4,a,at,71,73,220,144,149
5e3912b6596a4,t,ta,76,38,195,114,119
5e3912b6596a4,a,an,81,277,431,358,350
5e3912b6596a4,n,ng,73,127,271,200,198
5e3912b6596a4,g,gmeta1,71,411,557,482,486
5e3912b6596a4,meta1,meta16,75,528,665,603,590
5e3912b6596a4,6,62,62,8,154,70,92
5e3912b6596a4,2,25,84,145,316,229,232
5e3912b6596a4,5,50,87,54,203,141,116
5e3912b6596a4,0,0bksp,62,1730,1864,1792,1802
5e3912b6596a4,bksp,bksp2,72,175,337,247,265
5e3912b6596a4,2,25,90,327,493,417,403
5e3912b6596a4,5,50,76,125,274,201,198
5e3912b6596a4,0,0@,73,196,339,269,266
5e3912b6596a4,@,@normal,70,747,890,817,820
5e3912b6596a4,normal,normalg,73,473,641,546,568
5e3912b6596a4,g,gm,95,309,496,404,401
5e3912b6596a4,m,ma,92,140,305,232,213
5e3912b6596a4,a,ai,73,110,274,183,201
5e3912b6596a4,i,il,91,208,375,299,284
5e3912b6596a4,l,l.,76,574,725,650,649
5e3912b6596a4,.,.c,75,211,372,286,297
5e3912b6596a4,c,co,86,86,272,172,186
5e3912b6596a4,o,om,100,202,386,302,286
5e3912b6596a4,m,ms,84,28975,29130,29059,29046
5e3912b6596a4,s,st,71,255,390,326,319
5e3912b6596a4,t,ta,64,17,165,81,101
5e3912b6596a4,a,abksp,84,777,933,861,849
5e3912b6596a4,bksp,bkspt,72,828,970,900,898
5e3912b6596a4,t,ta,70,90,221,160,151
5e3912b6596a4,a,an,61,747,863,808,802
5e3912b6596a4,n,ng,55,277,407,332,352
5e3912b6596a4,g,gmeta1,75,258,422,333,347
5e3912b6596a4,meta1,meta16,89,491,673,580,584
5e3912b6596a4,6,62,93,69,274,162,181
5e3912b6596a4,2,25,112,113,295,225,183
5e3912b6596a4,5,50,70,230,371,300,301
5e3912b6596a4,0,0@,71,261,393,332,322
5e3912b6596a4,@,@normal,61,207,355,268,294
5e3912b6596a4,normal,normalg,87,612,773,699,686
5e3912b6596a4,g,gm,74,295,458,369,384
5e3912b6596a4,m,ma,89,106,286,195,197
5e3912b6596a4,a,ai,91,90,275,181,184
5e3912b6596a4,i,il,94,180,343,274,249
5e3912b6596a4,l,l.,69,463,607,532,538
5e3912b6596a4,.,.c,75,506,673,581,598
5e3912b6596a4,c,co,92,127,290,219,198
5e3912b6596a4,o,om,71,278,408,349,337
5e3912b6596a4,m,ms,59,24555,24673,24614,24614
5e3912b6596a4,s,sa,59,196,343,255,284
5e3912b6596a4,a,aa,88,863,1008,951,920
5e3912b6596a4,a,at,57,260,389,317,332
5e3912b6596a4,t,ta,72,192,354,264,282
5e3912b6596a4,a,an,90,126,289,216,199
5e3912b6596a4,n,ng,73,129,273,202,200
5e3912b6596a4,g,gmeta1,71,198,353,269,282
5e3912b6596a4,meta1,meta16,84,412,585,496,501
5e3912b6596a4,6,62,89,264,457,353,368
5e3912b6596a4,2,25,104,279,470,383,366
5e3912b6596a4,5,50,87,212,389,299,302
5e3912b6596a4,0,0@,90,539,723,629,633
5e3912b6596a4,@,@normal,94,244,427,338,333
5e3912b6596a4,normal,normalg,89,394,558,483,469
5e3912b6596a4,g,gm,75,258,391,333,316
5e3912b6596a4,m,ma,58,259,407,317,349
5e3912b6596a4,a,ai,90,179,339,269,249
5e3912b6596a4,i,il,70,228,368,298,298
5e3912b6596a4,l,l.,70,265,389,335,319
5e3912b6596a4,.,.c,54,145,287,199,233
5e3912b6596a4,c,co,88,178,336,266,248
5e3912b6596a4,o,om,70,680,824,750,754
5e3912b6596a4,m,ms,74,21539,21722,21613,21648
5e3912b6596a4,s,sa,109,131,342,240,233
5e3912b6596a4,a,at,102,124,304,226,202
5e3912b6596a4,t,ta,78,127,294,205,216
5e3912b6596a4,a,an,89,146,305,235,216
5e3912b6596a4,n,ng,70,180,337,250,267
5e3912b6596a4,g,gmeta1,87,178,353,265,266
5e3912b6596a4,meta1,meta16,88,494,673,582,585
5e3912b6596a4,6,62,91,196,390,287,299
5e3912b6596a4,2,25,103,197,386,300,283
5e3912b6596a4,5,50,86,163,321,249,235
5e3912b6596a4,0,0@,72,331,470,403,398
5e3912b6596a4,@,@normal,67,230,383,297,316
5e3912b6596a4,normal,normalg,86,378,539,464,453
5e3912b6596a4,g,gm,75,243,406,318,331
5e3912b6596a4,m,ma,88,180,338,268,250
5e3912b6596a4,a,ai,70,164,305,234,235
5e3912b6596a4,i,il,71,227,355,298,284
5e3912b6596a4,l,l.,57,425,541,482,484
5e3912b6596a4,.,.c,59,210,358,269,299
5e3912b6596a4,c,co,89,129,287,218,198
5e3912b6596a4,o,om,69,212,352,281,283
5e3912b6596a4,m,ms,71,23415,23556,23486,23485
5e3912b6596a4,s,sa,70,151,335,221,265
5e3912b6596a4,a,at,114,140,331,254,217
5e3912b6596a4,t,ta,77,157,332,234,255
5e3912b6596a4,a,an,98,126,296,224,198
5e3912b6596a4,n,ng,72,195,339,267,267
5e3912b6596a4,g,gmeta1,72,211,353,283,281
5e3912b6596a4,meta1,meta16,70,462,587,532,517
5e3912b6596a4,6,62,55,232,389,287,334
5e3912b6596a4,2,26,102,279,472,381,370
5e3912b6596a4,6,65,91,741,887,832,796
5e3912b6596a4,5,50,55,181,304,236,249
5e3912b6596a4,0,0@,68,214,352,282,284
5e3912b6596a4,@,@normal,70,775,954,845,884
5e3912b6596a4,normal,normalg,109,346,513,455,404
5e3912b6596a4,g,gm,58,274,407,332,349
5e3912b6596a4,m,ma,75,124,289,199,214
5e3912b6596a4,a,ai,90,111,290,201,200
5e3912b6596a4,i,il,89,179,322,268,233
5e3912b6596a4,l,l.,54,246,374,300,320
5e3912b6596a4,.,.c,74,93,271,167,197
5e3912b6596a4,c,co,104,106,304,210,200
5e3912b6596a4,o,om,94,211,360,305,266
5e3912b6596a4,m,ms,55,27382,27509,27437,27454
5e3912b6596a4,s,sa,72,215,354,287,282
5e3912b6596a4,a,at,67,128,265,195,198
5e3912b6596a4,t,tn,70,562,705,632,635
5e3912b6596a4,n,ng,73,245,408,318,335
5e3912b6596a4,g,gmeta1,90,278,454,368,364
5e3912b6596a4,meta1,meta16,86,463,588,549,502
5e3912b6596a4,6,62,39,130,254,169,215
5e3912b6596a4,2,25,85,214,385,299,300
5e3912b6596a4,5,50,86,57,219,143,133
5e3912b6596a4,0,0@,76,446,578,522,502
5e3912b6596a4,@,@normal,56,275,405,331,349
5e3912b6596a4,normal,normalg,74,626,793,700,719
5e3912b6596a4,g,gm,93,344,507,437,414
5e3912b6596a4,m,ma,70,70,237,140,167
5e3912b6596a4,a,ai,97,106,280,203,183
5e3912b6596a4,i,il,77,512,646,589,569
5e3912b6596a4,l,l.,57,224,341,281,284
5e3912b6596a4,.,.c,60,193,323,253,263
5e3912b6596a4,c,co,70,74,222,144,152
5e3912b6596a4,o,om,78,229,361,307,283
5e3912b6596a4,m,ms,54,27312,27492,27366,27438
5e3912b6596a4,s,sa,126,141,356,267,230
5e3912b6596a4,a,at,89,329,457,418,368
5e3912b6596a4,t,ta,39,507,622,546,583
5e3912b6596a4,a,an,76,179,308,255,232
5e3912b6596a4,n,ng,53,260,372,313,319
5e3912b6596a4,g,gmeta1,59,441,558,500,499
5e3912b6596a4,meta1,meta16,58,392,524,450,466
5e3912b6596a4,6,62,74,113,289,187,215
5e3912b6596a4,2,25,102,213,369,315,267
5e3912b6596a4,5,50,54,181,305,235,251
5e3912b6596a4,0,0normal,70,611,741,681,671
5e3912b6596a4,normal,normalmeta1,60,207,338,267,278
5e3912b6596a4,meta1,meta1@,71,329,471,400,400
5e3912b6596a4,@,@normal,71,93,253,164,182
5e3912b6596a4,normal,normalg,89,630,791,719,702
5e3912b6596a4,g,gm,72,396,539,468,467
5e3912b6596a4,m,ma,71,161,307,232,236
5e3912b6596a4,a,ai,75,225,371,300,296
5e3912b6596a4,i,il,71,217,333,288,262
5e3912b6596a4,l,l.,45,536,654,581,609
5e3912b6596a4,.,.c,73,176,336,249,263
5e3912b6596a4,c,co,87,90,254,177,167
5e3912b6596a4,o,om,77,228,347,305,270
5e3912b6596a4,m,ms,42,22378,22508,22420,22466
5e3912b6596a4,s,sa,88,143,336,231,248
5e3912b6596a4,a,at,105,183,323,288,218
5e3912b6596a4,t,ta,35,138,285,173,250
5e3912b6596a4,a,an,112,106,293,218,181
5e3912b6596a4,n,ng,75,164,327,239,252
5e3912b6596a4,g,gmeta1,88,178,338,266,250
5e3912b6596a4,meta1,meta16,72,479,610,551,538
5e3912b6596a4,6,62,59,274,425,333,366
5e3912b6596a4,2,25,92,226,404,318,312
5e3912b6596a4,5,50,86,164,320,250,234
5e3912b6596a4,0,0@,70,178,319,248,249
5e3912b6596a4,@,@normal,71,163,339,234,268
5e3912b6596a4,normal,normalg,105,377,554,482,449
5e3912b6596a4,g,gm,72,263,410,335,338
5e3912b6596a4,m,ma,75,174,354,249,279
5e3912b6596a4,a,ai,105,111,306,216,201
5e3912b6596a4,i,il,90,182,337,272,247
5e3912b6596a4,l,l.,65,231,384,296,319
5e3912b6596a4,.,.c,88,123,322,211,234
5e3912b6596a4,c,co,111,95,277,206,166
5e3912b6596a4,o,om,71,213,337,284,266
5e3912b6596a4,m,mf,53,-303711,-303593,-303658,-303646
5e3912b994e0b,f,fa,65,86,231,151,166
5e3912b994e0b,a,ar,80,35,195,115,115
5e3912b994e0b,r,rr,80,91,248,171,168
5e3912b994e0b,r,ra,77,146,277,223,200
5e3912b994e0b,a,af,54,55,137,109,83
5e3912b994e0b,f,fmeta1,28,1113,1215,1141,1187
5e3912b994e0b,meta1,meta12,74,527,674,601,600
5e3912b994e0b,2,22,73,103,252,176,179
5e3912b994e0b,2,25,76,198,326,274,250
5e3912b994e0b,5,50,52,467,556,519,504
5e3912b994e0b,0,05,37,175,270,212,233
5e3912b994e0b,5,5@,58,93,189,151,131
5e3912b994e0b,@,@normal,38,701,804,739,766
5e3912b994e0b,normal,normalg,65,464,586,529,521
5e3912b994e0b,g,gm,57,444,571,501,514
5e3912b994e0b,m,ma,70,105,269,175,199
5e3912b994e0b,a,ai,94,74,243,168,149
5e3912b994e0b,i,il,75,162,293,237,218
5e3912b994e0b,l,l.,56,313,442,369,386
5e3912b994e0b,.,.c,73,227,369,300,296
5e3912b994e0b,c,co,69,58,202,127,133
5e3912b994e0b,o,om,75,197,344,272,269
5e3912b994e0b,m,mf,72,34932,35076,35004,35004
5e3912b994e0b,f,fr,72,217,351,289,279
5e3912b994e0b,r,rr,62,88,212,150,150
5e3912b994e0b,r,ra,62,166,266,228,204
5e3912b994e0b,a,af,38,50,167,88,129
5e3912b994e0b,f,fbksp,79,711,836,790,757
5e3912b994e0b,bksp,bkspr,46,689,809,735,763
5e3912b994e0b,r,ra,74,129,257,203,183
5e3912b994e0b,a,af,54,51,151,105,97
5e3912b994e0b,f,fmeta1,46,650,754,696,708
5e3912b994e0b,meta1,meta12,58,474,624,532,566
5e3912b994e0b,2,22,92,96,254,188,162
5e3912b994e0b,2,25,66,265,418,331,352
5e3912b994e0b,5,50,87,54,202,141,115
5e3912b994e0b,0,05,61,89,226,150,165
5e3912b994e0b,5,5@,76,55,176,131,100
5e3912b994e0b,@,@normal,45,546,663,591,618
5e3912b994e0b,normal,normalg,72,428,556,500,484
5e3912b994e0b,g,gm,56,381,525,437,469
5e3912b994e0b,m,ma,88,68,219,156,131
5e3912b994e0b,a,ai,63,89,229,152,166
5e3912b994e0b,i,il,77,142,312,219,235
5e3912b994e0b,l,l.,93,208,375,301,282
5e3912b994e0b,.,.c,74,106,274,180,200
5e3912b994e0b,c,co,94,127,292,221,198
5e3912b994e0b,o,om,71,731,875,802,804
5e3912b994e0b,m,mf,73,27485,27640,27558,27567
5e3912b994e0b,f,fr,82,269,432,351,350
5e3912b994e0b,r,rr,81,71,231,152,150
5e3912b994e0b,r,rf,79,219,359,298,280
5e3912b994e0b,f,fr,61,1294,1446,1355,1385
5e3912b994e0b,r,ra,91,210,409,301,318
5e3912b994e0b,a,af,108,110,290,218,182
5e3912b994e0b,f,fmeta1,72,628,757,700,685
5e3912b994e0b,meta1,meta12,57,643,775,700,718
5e3912b994e0b,2,22,75,87,257,162,182
5e3912b994e0b,2,25,95,297,480,392,385
5e3912b994e0b,5,50,88,240,402,328,314
5e3912b994e0b,0,05,74,112,226,186,152
5e3912b994e0b,5,5@,40,242,340,282,300
5e3912b994e0b,@,@normal,58,574,670,632,612
5e3912b994e0b,normal,normalg,38,386,477,424,439
5e3912b994e0b,g,gm,53,378,500,431,447
5e3912b994e0b,m,ma,69,100,251,169,182
5e3912b994e0b,a,ai,82,112,266,194,184
5e3912b994e0b,i,il,72,164,289,236,217
5e3912b994e0b,l,l.,53,171,304,224,251
5e3912b994e0b,.,.c,80,146,278,226,198
5e3912b994e0b,c,co,52,53,187,105,135
5e3912b994e0b,o,om,82,244,383,326,301
5e3912b994e0b,m,mf,57,26074,26221,26131,26164
5e3912b994e0b,f,fa,90,93,273,183,183
5e3912b994e0b,a,ar,90,70,239,160,149
5e3912b994e0b,r,rr,79,53,230,132,151
5e3912b994e0b,r,ra,98,111,297,209,199
5e3912b994e0b,a,af,88,20,189,108,101
5e3912b994e0b,f,fmeta1,81,530,696,611,615
5e3912b994e0b,meta1,meta12,85,411,606,496,521
5e3912b994e0b,2,22,110,103,289,213,179
5e3912b994e0b,2,25,76,228,394,304,318
5e3912b994e0b,5,50,90,35,240,125,150
5e3912b994e0b,0,05,115,37,213,152,98
5e3912b994e0b,5,5@,61,54,211,115,150
5e3912b994e0b,@,@normal,96,499,652,595,556
5e3912b994e0b,normal,normalg,57,419,520,476,463
5e3912b994e0b,g,gm,44,294,430,338,386
5e3912b994e0b,m,ma,92,107,274,199,182
5e3912b994e0b,a,ai,75,88,257,163,182
5e3912b994e0b,i,il,94,139,292,233,198
5e3912b994e0b,l,l.,59,195,326,254,267
5e3912b994e0b,.,.c,72,129,272,201,200
5e3912b994e0b,c,co,71,315,458,386,387
5e3912b994e0b,o,om,72,777,906,849,834
5e3912b994e0b,m,mf,57,23779,23922,23836,23865
5e3912b994e0b,f,fa,86,80,235,166,149
5e3912b994e0b,a,ar,69,71,219,140,150
5e3912b994e0b,r,rr,79,111,230,190,151
5e3912b994e0b,r,ra,40,392,529,432,489
5e3912b994e0b,a,af,97,72,240,169,143
5e3912b994e0b,f,fmeta1,71,615,758,686,687
5e3912b994e0b,meta1,meta12,72,328,507,400,435
5e3912b994e0b,2,22,107,89,285,196,178
5e3912b994e0b,2,25,89,194,356,283,267
5e3912b994e0b,5,55,73,202,356,275,283
5e3912b994e0b,5,55,81,1360,1484,1441,1403
5e3912b994e0b,5,5@,43,327,426,370,383
5e3912b994e0b,@,@g,56,1093,1206,1149,1150
5e3912b994e0b,g,gm,57,383,506,440,449
5e3912b994e0b,m,ma,66,138,266,204,200
5e3912b994e0b,a,ai,62,130,262,192,200
5e3912b994e0b,i,il,70,162,319,232,249
5e3912b994e0b,l,l.,87,231,386,318,299
5e3912b994e0b,.,.c,68,165,301,233,233
5e3912b994e0b,c,co,68,499,623,567,555
5e3912b994e0b,o,om,56,258,370,314,314
5e3912b994e0b,m,mf,56,31715,31892,31771,31836
5e3912b994e0b,f,fa,121,109,303,230,182
5e3912b994e0b,a,ar,73,236,422,309,349
5e3912b994e0b,r,rbksp,113,1072,1265,1185,1152
5e3912b994e0b,bksp,bkspr,80,612,782,692,702
5e3912b994e0b,r,ra,90,260,445,350,355
5e3912b994e0b,a,af,95,81,238,176,143
5e3912b994e0b,f,fmeta1,62,979,1097,1041,1035
5e3912b994e0b,meta1,meta12,56,378,524,434,468
5e3912b994e0b,2,22,90,90,270,180,180
5e3912b994e0b,2,25,90,261,422,351,332
5e3912b994e0b,5,50,71,129,305,200,234
5e3912b994e0b,0,05,105,114,272,219,167
5e3912b994e0b,5,5@,53,160,269,213,216
5e3912b994e0b,@,@normal,56,1089,1207,1145,1151
5e3912b994e0b,normal,normalg,62,430,562,492,500
5e3912b994e0b,g,gm,70,412,520,482,450
5e3912b994e0b,m,ma,38,245,360,283,322
5e3912b994e0b,a,ai,77,190,374,267,297
5e3912b994e0b,i,il,107,324,522,431,415
5e3912b994e0b,l,l.,91,510,673,601,582
5e3912b994e0b,.,.c,72,447,556,519,484
5e3912b994e0b,c,co,37,562,672,599,635
5e3912b994e0b,o,om,73,358,489,431,416
5e3912b994e0b,m,mf,58,29283,29394,29341,29336
5e3912b994e0b,f,fa,53,112,217,165,164
5e3912b994e0b,a,ar,52,105,220,157,168
5e3912b994e0b,r,rr,63,111,230,174,167
5e3912b994e0b,r,ra,56,105,241,161,185
5e3912b994e0b,a,af,80,109,217,189,137
5e3912b994e0b,f,fW,28,1005,1123,1033,1095
5e3912b994e0b,W,Wbksp,90,496,657,586,567
5e3912b994e0b,bksp,bkspmeta1,71,611,735,682,664
5e3912b994e0b,meta1,meta12,53,447,571,500,518
5e3912b994e0b,2,22,71,147,258,218,187
5e3912b994e0b,2,25,40,377,490,417,450
5e3912b994e0b,5,50,73,160,302,233,229
5e3912b994e0b,0,05,69,113,236,182,167
5e3912b994e0b,5,5@,54,164,273,218,219
5e3912b994e0b,@,@normal,55,527,641,582,586
5e3912b994e0b,normal,normalg,59,505,639,564,580
5e3912b994e0b,g,gm,75,397,558,472,483
5e3912b994e0b,m,ma,86,162,357,248,271
5e3912b994e0b,a,ai,109,171,354,280,245
5e3912b994e0b,i,il,74,312,427,386,353
5e3912b994e0b,l,l.,41,523,622,564,581
5e3912b994e0b,.,.c,58,260,410,318,352
5e3912b994e0b,c,co,92,94,256,186,164
5e3912b994e0b,o,om,70,280,422,350,352
5e3912b994e0b,m,mf,72,24199,24354,24271,24282
5e3912b994e0b,f,fa,83,55,234,138,151
5e3912b994e0b,a,ar,96,92,246,188,150
5e3912b994e0b,r,rr,58,56,192,114,134
5e3912b994e0b,r,ra,78,112,260,190,182
5e3912b994e0b,a,af,70,54,186,124,116
5e3912b994e0b,f,fmeta1,62,447,598,509,536
5e3912b994e0b,meta1,meta12,89,347,524,436,435
5e3912b994e0b,2,22,88,75,250,163,162
5e3912b994e0b,2,25,87,182,340,269,253
5e3912b994e0b,5,50,71,55,202,126,131
5e3912b994e0b,0,05,76,37,177,113,101
5e3912b994e0b,5,5@,64,107,282,171,218
5e3912b994e0b,@,@g,111,979,1162,1090,1051
5e3912b994e0b,g,gm,72,246,385,318,313
5e3912b994e0b,m,ma,67,102,252,169,185
5e3912b994e0b,a,ai,83,54,233,137,150
5e3912b994e0b,i,il,96,136,280,232,184
5e3912b994e0b,l,l.,48,191,296,239,248
5e3912b994e0b,.,.c,57,108,241,165,184
5e3912b994e0b,c,co,76,95,259,171,183
5e3912b994e0b,o,om,88,462,590,550,502
5e3912b994e0b,m,mf,40,25631,25740,25671,25700
5e3912b994e0b,f,fa,69,98,236,167,167
5e3912b994e0b,a,ar,69,38,187,107,118
5e3912b994e0b,r,rr,80,72,228,152,148
5e3912b994e0b,r,ra,76,71,244,147,168
5e3912b994e0b,a,af,97,55,213,152,116
5e3912b994e0b,f,fmeta1,61,512,646,573,585
5e3912b994e0b,meta1,meta12,73,292,455,365,382
5e3912b994e0b,2,22,90,77,258,167,168
5e3912b994e0b,2,25,91,210,372,301,281
5e3912b994e0b,5,50,71,105,271,176,200
5e3912b994e0b,0,05,95,53,213,148,118
5e3912b994e0b,5,5@,65,70,214,135,149
5e3912b994e0b,@,@normal,79,558,714,637,635
5e3912b994e0b,normal,normalg,77,411,559,488,482
5e3912b994e0b,g,gm,71,345,489,416,418
5e3912b994e0b,m,ma,73,138,273,211,200
5e3912b994e0b,a,ai,62,95,229,157,167
5e3912b994e0b,i,il,72,163,272,235,200
5e3912b994e0b,l,l.,37,209,318,246,281
5e3912b994e0b,.,.c,72,179,323,251,251
5e3912b994e0b,c,co,72,178,321,250,249
5e3912b994e0b,o,om,71,228,372,299,301
5e3912b994e0b,m,mf,73,22303,22429,22376,22356
5e3912b994e0b,f,fa,53,17,149,70,96
5e3912b994e0b,a,ar,79,70,231,149,152
5e3912b994e0b,r,rr,82,70,228,152,146
5e3912b994e0b,r,ra,76,124,276,200,200
5e3912b994e0b,a,af,76,105,229,181,153
5e3912b994e0b,f,fbksp,48,393,513,441,465
5e3912b994e0b,bksp,bkspbksp,72,78,204,150,132
5e3912b994e0b,bksp,bkspbksp,54,72,173,126,119
5e3912b994e0b,bksp,bkspa,47,1173,1266,1220,1219
5e3912b994e0b,a,ar,46,126,212,172,166
5e3912b994e0b,r,rr,40,87,187,127,147
5e3912b994e0b,r,ra,60,145,295,205,235
5e3912b994e0b,a,af,90,110,271,200,181
5e3912b994e0b,f,fmeta1,71,898,1027,969,956
5e3912b994e0b,meta1,meta12,58,309,472,367,414
5e3912b994e0b,2,22,105,91,253,196,148
5e3912b994e0b,2,25,57,212,358,269,301
5e3912b994e0b,5,50,89,93,220,182,131
5e3912b994e0b,0,05,38,20,156,58,118
5e3912b994e0b,5,5@,98,71,247,169,149
5e3912b994e0b,@,@bksp,78,869,1012,947,934
5e3912b994e0b,bksp,bksp5,65,347,450,412,385
5e3912b994e0b,5,5@,38,299,406,337,368
5e3912b994e0b,@,@normal,69,494,619,563,550
5e3912b994e0b,normal,normalg,56,476,603,532,547
5e3912b994e0b,g,gm,71,411,524,482,453
5e3912b994e0b,m,ma,42,225,341,267,299
5e3912b994e0b,a,ai,74,195,323,269,249
5e3912b994e0b,i,il,54,201,288,255,234
5e3912b994e0b,l,l.,33,503,587,536,554
5e3912b994e0b,.,.c,51,186,313,237,262
5e3912b994e0b,c,co,76,60,209,136,133
5e3912b994e0b,o,om,73,582,743,655,670
5e3912b994e0b,m,mt,88,-139632,-139484,-139544,-139572
5e3913730ec46,t,th,60,297,410,357,350
5e3913730ec46,h,ha,53,147,267,200,214
5e3913730ec46,a,an,67,109,269,176,202
5e3913730ec46,n,na,93,35,210,128,117
5e3913730ec46,a,aw,82,283,446,365,364
5e3913730ec46,w,wa,81,153,334,234,253
5e3913730ec46,a,at,100,70,251,170,151
5e3913730ec46,t,tspace,81,314,497,395,416
5e3913730ec46,space,spacet,102,980,1168,1082,1066
5e3913730ec46,t,th,86,145,284,231,198
5e3913730ec46,h,ha,53,113,236,166,183
5e3913730ec46,a,an,70,213,389,283,319
5e3913730ec46,n,na,106,70,272,176,166
5e3913730ec46,a,ap,96,216,378,312,282
5e3913730ec46,p,po,66,217,333,283,267
5e3913730ec46,o,on,50,194,314,244,264
5e3913730ec46,n,np,70,234,393,304,323
5e3913730ec46,p,pa,89,93,236,182,147
5e3913730ec46,a,ai,54,146,289,200,235
5e3913730ec46,i,ib,89,498,658,587,569
5e3913730ec46,b,bo,71,142,283,213,212
5e3913730ec46,o,oo,70,75,238,145,168
5e3913730ec46,o,on,93,833,1007,926,914
5e3913730ec46,n,ng,81,87526,87665,87607,87584
5e3913730ec46,g,gu,58,178,288,236,230
5e3913730ec46,u,uy,52,131,234,183,182
5e3913730ec46,y,yn,51,828,967,879,916
5e3913730ec46,n,nd,88,200,374,288,286
5e3913730ec46,d,dg,86,182,334,268,248
5e3913730ec46,g,gz,66,292,434,358,368
5e3913730ec46,z,zz,76,1508,1642,1584,1566
5e3913730ec46,z,zbksp,58,2396,2562,2454,2504
5e3913730ec46,bksp,bkspbksp,108,127,337,235,229
5e3913730ec46,bksp,bkspbksp,102,198,338,300,236
5e3913730ec46,bksp,bkspbksp,38,632,774,670,736
5e3913730ec46,bksp,bkspa,104,628,820,732,716
5e3913730ec46,a,az,88,192,350,280,262
5e3913730ec46,z,zmeta1,70,381,523,451,453
5e3913730ec46,meta1,meta11,72,514,655,586,583
5e3913730ec46,1,19,69,395,569,464,500
5e3913730ec46,9,99,105,112,287,217,182
5e3913730ec46,9,99,70,112,236,182,166
5e3913730ec46,9,9@,54,1597,1722,1651,1668
5e3913730ec46,@,@normal,71,498,636,569,565
5e3913730ec46,normal,normalg,67,531,671,598,604
5e3913730ec46,g,gm,73,228,404,301,331
5e3913730ec46,m,mq,103,105,272,208,169
5e3913730ec46,q,qi,64,105,262,169,198
5e3913730ec46,i,il,93,198,342,291,249
5e3913730ec46,l,l.,51,282,440,333,389
5e3913730ec46,.,.c,107,152,354,259,247
5e3913730ec46,c,co,95,106,294,201,199
5e3913730ec46,o,om,93,346,529,439,436
5e3913730ec46,m,mg,90,7429,7588,7519,7498
5e3913730ec46,g,gm,69,264,433,333,364
5e3913730ec46,m,mi,100,240,385,340,285
5e3913730ec46,i,ig,45,29602,29727,29647,29682
5e3913730ec46,g,gu,80,171,348,251,268
5e3913730ec46,u,uy,97,80,281,177,184
5e3913730ec46,y,yn,104,382,555,486,451
5e3913730ec46,n,nd,69,162,302,231,233
5e3913730ec46,d,dg,71,178,337,249,266
5e3913730ec46,g,ga,88,56,223,144,135
5e3913730ec46,a,az,79,197,363,276,284
5e3913730ec46,z,zmeta1,87,1571,1738,1658,1651
5e3913730ec46,meta1,meta11,80,494,648,574,568
5e3913730ec46,1,19,74,162,339,236,265
5e3913730ec46,9,99,103,108,300,211,197
5e3913730ec46,9,99,89,99,274,188,185
5e3913730ec46,9,9normal,86,597,803,683,717
5e3913730ec46,normal,normala,120,1828,2020,1948,1900
5e3913730ec46,a,ag,72,1628,1773,1700,1701
5e3913730ec46,g,gm,73,628,809,701,736
5e3913730ec46,m,ma,108,53,221,161,113
5e3913730ec46,a,ai,60,91,228,151,168
5e3913730ec46,i,il,77,213,358,290,281
5e3913730ec46,l,l.,68,180,354,248,286
5e3913730ec46,.,.f,106,230,405,336,299
5e3913730ec46,f,fo,69,20,203,89,134
5e3913730ec46,o,om,114,129,313,243,199
5e3913730ec46,m,mc,70,4430,4591,4500,4521
5e3913730ec46,c,co,91,178,337,269,246
5e3913730ec46,o,om,68,395,551,463,483
5e3913730ec46,m,mg,88,33427,33588,33515,33500
5e3913730ec46,g,gu,73,233,376,306,303
5e3913730ec46,u,uy,70,148,304,218,234
5e3913730ec46,y,yn,86,654,834,740,748
5e3913730ec46,n,nd,94,160,362,254,268
5e3913730ec46,d,dg,108,123,341,231,233
5e3913730ec46,g,ga,110,54,259,164,149
5e3913730ec46,a,az,95,165,328,260,233
5e3913730ec46,z,zmeta1,68,392,550,460,482
5e3913730ec46,meta1,meta11,90,449,611,539,521
5e3913730ec46,1,19,72,247,419,319,347
5e3913730ec46,9,99,100,113,302,213,202
5e3913730ec46,9,99,89,75,220,164,131
5e3913730ec46,9,9@,56,1417,1560,1473,1504
5e3913730ec46,@,@normal,87,195,369,282,282
5e3913730ec46,normal,normalg,87,581,755,668,668
5e3913730ec46,g,gm,87,177,318,264,231
5e3913730ec46,m,mi,54,270,388,324,334
5e3913730ec46,i,il,64,150,297,214,233
5e3913730ec46,l,l.,83,197,398,280,315
5e3913730ec46,.,.c,118,214,386,332,268
5e3913730ec46,c,co,54,108,236,162,182
5e3913730ec46,o,om,74,382,546,456,472
5e3913730ec46,m,mg,90,53144,53292,53234,53202
5e3913730ec46,g,gu,58,182,339,240,281
5e3913730ec46,u,uy,99,116,280,215,181
5e3913730ec46,y,yn,65,292,466,357,401
5e3913730ec46,n,nd,109,189,424,298,315
5e3913730ec46,d,dg,126,92,312,218,186
5e3913730ec46,g,ga,94,54,243,148,149
5e3913730ec46,a,az,95,218,337,313,242
5e3913730ec46,z,zmeta1,24,204,298,228,274
5e3913730ec46,meta1,meta19,70,650,805,720,735
5e3913730ec46,9,99,85,107,270,192,185
5e3913730ec46,9,99,78,72,225,150,147
5e3913730ec46,9,9normal,75,1981,2196,2056,2121
5e3913730ec46,normal,normalmeta1,140,127,353,267,213
5e3913730ec46,meta1,meta1@,86,329,491,415,405
5e3913730ec46,@,@normal,76,49,204,125,128
5e3913730ec46,normal,normalg,79,463,598,542,519
5e3913730ec46,g,gm,56,247,389,303,333
5e3913730ec46,m,ma,86,40,202,126,116
5e3913730ec46,a,ai,76,36,209,112,133
5e3913730ec46,i,il,97,114,278,211,181
5e3913730ec46,l,l.,67,196,334,263,267
5e3913730ec46,.,.c,71,183,323,254,252
5e3913730ec46,c,co,69,38,204,107,135
5e3913730ec46,o,om,97,196,363,293,266
5e3913730ec46,m,mg,70,38662,38806,38732,38736
5e3913730ec46,g,gu,74,180,320,254,246
5e3913730ec46,u,uy,66,133,251,199,185
5e3913730ec46,y,yn,52,349,470,401,418
5e3913730ec46,n,nd,69,229,368,298,299
5e3913730ec46,d,dg,70,185,320,255,250
5e3913730ec46,g,ga,65,216,332,281,267
5e3913730ec46,a,az,51,213,317,264,266
5e3913730ec46,z,zmeta1,53,1984,2106,2037,2053
5e3913730ec46,meta1,meta11,69,395,519,464,450
5e3913730ec46,1,19,55,230,369,285,314
5e3913730ec46,9,99,84,97,284,181,200
5e3913730ec46,9,99,103,74,254,177,151
5e3913730ec46,9,9normal,77,90,242,167,165
5e3913730ec46,normal,normalmeta1,75,663,827,738,752
5e3913730ec46,meta1,meta1@,89,500,641,589,552
5e3913730ec46,@,@normal,52,70,198,122,146
5e3913730ec46,normal,normalg,76,464,632,540,556
5e3913730ec46,g,gm,92,190,373,282,281
5e3913730ec46,m,mq,91,88,255,179,164
5e3913730ec46,q,qi,76,20,194,96,118
5e3913730ec46,i,il,98,103,299,201,201
5e3913730ec46,l,l.,98,181,346,279,248
5e3913730ec46,.,.c,67,329,453,396,386
5e3913730ec46,c,co,57,89,220,146,163
5e3913730ec46,o,om,74,234,360,308,286
5e3913730ec46,m,mg,52,25681,25803,25733,25751
5e3913730ec46,g,gu,70,167,301,237,231
5e3913730ec46,u,uy,64,118,248,182,184
5e3913730ec46,y,ya,66,146,301,212,235
5e3913730ec46,a,an,89,74,238,163,149
5e3913730ec46,n,nd,75,184,308,259,233
5e3913730ec46,d,dg,49,178,281,227,232
5e3913730ec46,g,gz,54,366,506,420,452
5e3913730ec46,z,zmeta1,86,282,420,368,334
5e3913730ec46,meta1,meta11,52,347,457,399,405
5e3913730ec46,1,19,58,157,320,215,262
5e3913730ec46,9,99,105,89,305,194,200
5e3913730ec46,9,99,111,81,243,192,132
5e3913730ec46,9,9@,51,1212,1335,1263,1284
5e3913730ec46,@,@normal,72,364,493,436,421
5e3913730ec46,normal,normalg,57,506,622,563,565
5e3913730ec46,g,gm,59,197,357,256,298
5e3913730ec46,m,mq,101,112,267,213,166
5e3913730ec46,q,qi,54,59,204,113,150
5e3913730ec46,i,il,91,129,289,220,198
5e3913730ec46,l,l.,69,220,338,289,269
5e3913730ec46,.,.c,49,229,349,278,300
5e3913730ec46,c,cm,71,290,438,361,367
5e3913730ec46,m,mg,77,37785,37945,37862,37868
5e3913730ec46,g,gu,83,149,317,232,234
5e3913730ec46,u,un,85,505,687,590,602
5e3913730ec46,n,nd,97,196,376,293,279
5e3913730ec46,d,dg,83,115,269,198,186
5e3913730ec46,g,ga,71,36,222,107,151
5e3913730ec46,a,az,115,144,314,259,199
5e3913730ec46,z,zmeta1,55,1745,1888,1800,1833
5e3913730ec46,meta1,meta11,88,279,426,367,338
5e3913730ec46,1,19,59,242,369,301,310
5e3913730ec46,9,99,68,118,287,186,219
5e3913730ec46,9,99,101,74,248,175,147
5e3913730ec46,9,9normal,73,153,323,226,250
5e3913730ec46,normal,normalmeta1,97,442,601,539,504
5e3913730ec46,meta1,meta1normal,62,36,127,98,65
5e3913730ec46,normal,normalnormal,29,438,582,467,553
5e3913730ec46,normal,normalnormal,115,493,700,608,585
5e3913730ec46,normal,normalmeta1,92,545,708,637,616
5e3913730ec46,meta1,meta1normal,71,361,518,432,447
5e3913730ec46,normal,normalg,86,327,470,413,384
5e3913730ec46,g,gm,57,244,372,301,315
5e3913730ec46,m,ma,71,91,237,162,166
5e3913730ec46,a,ai,75,39,210,114,135
5e3913730ec46,i,il,96,465,628,561,532
5e3913730ec46,l,l.,67,214,351,281,284
5e3913730ec46,.,.c,70,267,421,337,351
5e3913730ec46,c,cm,84,379,517,463,433
5e3913730ec46,m,mg,54,24956,25124,25010,25070
5e3913730ec46,g,gu,114,89,312,203,198
5e3913730ec46,u,uy,109,96,294,205,185
5e3913730ec46,y,yn,89,270,437,359,348
5e3913730ec46,n,nd,78,146,293,224,215
5e3913730ec46,d,dg,69,180,336,249,267
5e3913730ec46,g,ga,87,90,257,177,170
5e3913730ec46,a,az,80,144,310,224,230
5e3913730ec46,z,zmeta1,86,163,336,249,250
5e3913730ec46,meta1,meta19,87,551,737,638,650
5e3913730ec46,9,99,99,135,332,234,233
5e3913730ec46,9,9normal,98,1105,1249,1203,1151
5e3913730ec46,normal,normalg,46,488,617,534,571
5e3913730ec46,g,gm,83,241,415,324,332
5e3913730ec46,m,ma,91,34,221,125,130
5e3913730ec46,a,ai,96,56,229,152,133
5e3913730ec46,i,il,77,133,276,210,199
5e3913730ec46,l,l.,66,183,336,249,270
5e3913730ec46,.,.c,87,127,285,214,198
5e3913730ec46,c,co,71,97,257,168,186
5e3913730ec46,o,om,89,248,404,337,315
5e3913730ec46,m,mg,67,30217,30369,30284,30302
5e3913730ec46,g,gu,85,133,317,218,232
5e3913730ec46,u,uy,99,118,268,217,169
5e3913730ec46,y,yn,51,329,432,380,381
5e3913730ec46,n,nd,52,163,285,215,233
5e3913730ec46,d,dg,70,147,287,217,217
5e3913730ec46,g,ga,70,56,221,126,151
5e3913730ec46,a,az,95,167,327,262,232
5e3913730ec46,z,zmeta1,65,867,984,932,919
5e3913730ec46,meta1,meta11,52,329,456,381,404
5e3913730ec46,1,19,75,175,339,250,264
5e3913730ec46,9,99,89,128,302,217,213
5e3913730ec46,9,99,85,76,235,161,150
5e3913730ec46,9,9normal,74,76,225,150,151
5e3913730ec46,normal,normalmeta1,75,664,823,739,748
5e3913730ec46,meta1,meta1@,84,468,621,552,537
5e3913730ec46,@,@normal,69,54,199,123,130
5e3913730ec46,normal,normalg,76,562,698,638,622
5e3913730ec46,g,gm,60,292,457,352,397
5e3913730ec46,m,mi,105,187,374,292,269
5e3913730ec46,i,il,82,143,278,225,196
5e3913730ec46,l,l.,53,216,336,269,283
5e3913730ec46,.,.c,67,157,302,224,235
5e3913730ec46,c,co,78,58,229,136,151
5e3913730ec46,o,om,93,260,464,353,371
5e3913730ec46,m,mz,111,-272387,-272172,-272276,-272283
5e39142e13941,z,ze,104,278,473,382,369
5e39142e13941,e,en,91,662,862,753,771
5e39142e13941,n,no,109,338,556,447,447
5e39142e13941,o,oa,109,306,510,415,401
5e39142e13941,a,ac,95,1240,1442,1335,1347
5e39142e13941,c,ct,107,261,457,368,350
5e39142e13941,t,ti,89,479,676,568,587
5e39142e13941,i,iv,108,424,638,532,530
5e39142e13941,v,ve,106,261,443,367,337
5e39142e13941,e,emeta1,76,574,740,650,664
5e39142e13941,meta1,meta18,90,775,973,865,883
5e39142e13941,8,88,108,477,726,585,618
5e39142e13941,8,8@,141,1691,1959,1832,1818
5e39142e13941,@,@normal,127,1817,2072,1944,1945
5e39142e13941,normal,normalg,128,579,797,707,669
5e39142e13941,g,gm,90,579,793,669,703
5e39142e13941,m,ma,124,174,438,298,314
5e39142e13941,a,ai,140,542,790,682,650
5e39142e13941,i,il,108,592,825,700,717
5e39142e13941,l,l.,125,494,710,619,585
5e39142e13941,.,.c,91,236,437,327,346
5e39142e13941,c,co,110,513,728,623,618
5e39142e13941,o,om,105,872,1090,977,985
5e39142e13941,m,mz,113,35044,35248,35157,35135
5e39142e13941,z,ze,91,199,386,290,295
5e39142e13941,e,en,96,531,717,627,621
5e39142e13941,n,no,90,294,486,384,396
5e39142e13941,o,oc,102,982,1173,1084,1071
5e39142e13941,c,cbksp,89,1103,1340,1192,1251
5e39142e13941,bksp,bkspa,148,942,1195,1090,1047
5e39142e13941,a,ac,105,439,675,544,570
5e39142e13941,c,ct,131,510,734,641,603
5e39142e13941,t,ti,93,490,707,583,614
5e39142e13941,i,iv,124,408,623,532,499
5e39142e13941,v,ve,91,190,373,281,282
5e39142e13941,e,emeta1,92,535,740,627,648
5e39142e13941,meta1,meta18,113,497,717,610,604
5e39142e13941,8,88,107,125,323,232,216
5e39142e13941,8,82,91,194,356,285,265
5e39142e13941,2,2@,71,793,988,864,917
5e39142e13941,@,@normal,124,215,422,339,298
5e39142e13941,normal,normalg,83,407,584,490,501
5e39142e13941,g,gm,94,429,630,523,536
5e39142e13941,m,ma,107,34,271,141,164
5e39142e13941,a,ai,130,277,498,407,368
5e39142e13941,i,il,91,660,860,751,769
5e39142e13941,l,l.,109,391,608,500,499
5e39142e13941,.,.c,108,109,306,217,198
5e39142e13941,c,co,89,344,526,433,437
5e39142e13941,o,om,93,625,826,718,733
5e39142e13941,m,mz,108,39001,39214,39109,39106
5e39142e13941,z,ze,105,280,472,385,367
5e39142e13941,e,en,87,377,575,464,488
5e39142e13941,n,no,111,374,573,485,462
5e39142e13941,o,oa,88,545,756,633,668
5e39142e13941,a,ac,123,341,554,464,431
5e39142e13941,c,ct,90,260,409,350,319
5e39142e13941,t,ti,59,427,576,486,517
5e39142e13941,i,iv,90,260,439,350,349
5e39142e13941,v,ve,89,93,253,182,164
5e39142e13941,e,emeta1,71,747,924,818,853
5e39142e13941,meta1,meta18,106,494,722,600,616
5e39142e13941,8,88,122,54,273,176,151
5e39142e13941,8,82,97,144,328,241,231
5e39142e13941,2,2@,87,678,876,765,789
5e39142e13941,@,@normal,111,134,320,245,209
5e39142e13941,normal,normalg,75,480,646,555,571
5e39142e13941,g,gm,91,391,575,482,484
5e39142e13941,m,ma,93,81,272,174,179
5e39142e13941,a,ai,98,596,784,694,686
5e39142e13941,i,il,90,524,689,614,599
5e39142e13941,l,l.,75,279,458,354,383
5e39142e13941,.,.c,104,212,371,316,267
5e39142e13941,c,co,55,496,640,551,585
5e39142e13941,o,om,89,226,406,315,317
5e39142e13941,m,mz,91,38730,38878,38821,38787
5e39142e13941,z,ze,57,192,353,249,296
5e39142e13941,e,en,104,464,692,568,588
5e39142e13941,n,no,124,393,624,517,500
5e39142e13941,o,oc,107,742,938,849,831
5e39142e13941,c,ct,89,312,474,401,385
5e39142e13941,t,ti,73,477,654,550,581
5e39142e13941,i,iv,104,346,556,450,452
5e39142e13941,v,ve,106,122,322,228,216
5e39142e13941,e,emeta1,94,460,626,554,532
5e39142e13941,meta1,meta18,72,460,604,532,532
5e39142e13941,8,88,72,96,239,168,167
5e39142e13941,8,82,71,94,256,165,185
5e39142e13941,2,2@,91,526,706,617,615
5e39142e13941,@,@normal,89,212,373,301,284
5e39142e13941,normal,normalg,72,445,623,517,551
5e39142e13941,g,gm,106,422,642,528,536
5e39142e13941,m,ma,114,50,278,164,164
5e39142e13941,a,ai,114,476,681,590,567
5e39142e13941,i,i.,91,544,758,635,667
5e39142e13941,.,.c,123,51,273,174,150
5e39142e13941,c,co,99,442,617,541,518
5e39142e13941,o,om,76,161,291,237,215
5e39142e13941,m,mbksp,54,1151,1454,1205,1400
5e39142e13941,bksp,bkspbksp,249,85,432,334,183
5e39142e13941,bksp,bkspbksp,98,51,229,149,131
5e39142e13941,bksp,bkspbksp,80,53,232,133,152
5e39142e13941,bksp,bkspbksp,99,51,250,150,151
5e39142e13941,bksp,bkspbksp,100,2109,2353,2209,2253
5e39142e13941,bksp,bksp.,144,1256,1525,1400,1381
5e39142e13941,.,.c,125,226,441,351,316
5e39142e13941,c,co,90,392,573,482,483
5e39142e13941,o,om,91,228,406,319,315
5e39142e13941,m,mz,87,32442,32593,32529,32506
5e39142e13941,z,ze,64,358,512,422,448
5e39142e13941,e,en,90,509,709,599,619
5e39142e13941,n,no,110,175,392,285,282
5e39142e13941,o,oc,107,1527,1722,1634,1615
5e39142e13941,c,ct,88,305,504,393,416
5e39142e13941,t,ti,111,363,579,474,468
5e39142e13941,i,iv,105,244,455,349,350
5e39142e13941,v,ve,106,109,304,215,198
5e39142e13941,e,emeta1,89,1061,1241,1150,1152
5e39142e13941,meta1,meta18,91,1092,1324,1183,1233
5e39142e13941,8,88,141,23,275,164,134
5e39142e13941,8,82,111,128,310,239,199
5e39142e13941,2,2@,71,978,1158,1049,1087
5e39142e13941,@,@normal,109,108,320,217,211
5e39142e13941,normal,normalg,103,595,771,698,668
5e39142e13941,g,gm,73,428,607,501,534
5e39142e13941,m,ma,106,178,389,284,283
5e39142e13941,a,ai,105,378,575,483,470
5e39142e13941,i,il,92,290,457,382,365
5e39142e13941,l,l.,75,160,323,235,248
5e39142e13941,.,.c,88,72,256,160,168
5e39142e13941,c,co,96,35,212,131,116
5e39142e13941,o,om,81,143,296,224,215
5e39142e13941,m,mz,72,30412,30557,30484,30485
5e39142e13941,z,ze,73,200,359,273,286
5e39142e13941,e,en,86,426,621,512,535
5e39142e13941,n,no,109,155,357,264,248
5e39142e13941,o,oa,93,143,323,236,230
5e39142e13941,a,ac,87,531,709,618,622
5e39142e13941,c,ct,91,226,387,317,296
5e39142e13941,t,ti,70,414,575,484,505
5e39142e13941,i,iv,91,254,419,345,328
5e39142e13941,v,ve,74,90,241,164,167
5e39142e13941,e,emeta1,77,1016,1178,1093,1101
5e39142e13941,meta1,meta18,85,478,655,563,570
5e39142e13941,8,88,92,73,239,165,147
5e39142e13941,8,82,74,55,240,129,166
5e39142e13941,2,2@,111,461,666,572,555
5e39142e13941,@,@normal,94,190,357,284,263
5e39142e13941,normal,normalg,73,393,556,466,483
5e39142e13941,g,gm,90,261,439,351,349
5e39142e13941,m,ma,88,53,257,141,169
5e39142e13941,a,ai,116,18,213,134,97
5e39142e13941,i,il,79,145,313,224,234
5e39142e13941,l,l.,89,561,759,650,670
5e39142e13941,.,.c,109,91,290,200,181
5e39142e13941,c,cbksp,90,1078,1277,1168,1187
5e39142e13941,bksp,bkspm,109,417,620,526,511
5e39142e13941,m,mz,94,32083,32281,32177,32187
5e39142e13941,z,ze,104,244,436,348,332
5e39142e13941,e,en,88,512,709,600,621
5e39142e13941,n,na,109,468,694,577,585
5e39142e13941,a,ac,117,306,529,423,412
5e39142e13941,c,ct,106,212,390,318,284
5e39142e13941,t,ti,72,578,755,650,683
5e39142e13941,i,iv,105,359,541,464,436
5e39142e13941,v,ve,77,102,289,179,212
5e39142e13941,e,emeta1,110,611,796,721,686
5e39142e13941,meta1,meta18,75,493,656,568,581
5e39142e13941,8,88,88,56,223,144,135
5e39142e13941,8,82,79,210,361,289,282
5e39142e13941,2,2@,72,477,623,549,551
5e39142e13941,@,@normal,74,276,425,350,351
5e39142e13941,normal,normalg,75,427,591,502,516
5e39142e13941,g,gm,89,378,575,467,486
5e39142e13941,m,ma,108,157,390,265,282
5e39142e13941,a,ai,125,426,627,551,502
5e39142e13941,i,il,76,357,527,433,451
5e39142e13941,l,l.,94,306,493,400,399
5e39142e13941,.,.c,93,174,338,267,245
5e39142e13941,c,co,71,513,673,584,602
5e39142e13941,o,om,89,260,422,349,333
5e39142e13941,m,mz,73,42597,42723,42670,42650
5e39142e13941,z,ze,53,247,389,300,336
5e39142e13941,e,en,89,442,625,531,536
5e39142e13941,n,no,94,206,406,300,312
5e39142e13941,o,oa,106,143,340,249,234
5e39142e13941,a,ac,91,379,546,470,455
5e39142e13941,c,ct,76,205,354,281,278
5e39142e13941,t,ti,73,430,591,503,518
5e39142e13941,i,iv,88,245,404,333,316
5e39142e13941,v,ve,71,124,289,195,218
5e39142e13941,e,emeta1,94,393,576,487,482
5e39142e13941,meta1,meta18,89,579,757,668,668
5e39142e13941,8,88,89,70,253,159,164
5e39142e13941,8,82,94,90,278,184,184
5e39142e13941,2,2@,94,430,600,524,506
5e39142e13941,@,@normal,76,203,385,279,309
5e39142e13941,normal,normalg,106,380,545,486,439
5e39142e13941,g,gm,59,292,440,351,381
5e39142e13941,m,ma,89,127,308,216,219
5e39142e13941,a,ai,92,158,321,250,229
5e39142e13941,i,i.,71,544,724,615,653
5e39142e13941,.,.c,109,694,876,803,767
5e39142e13941,c,cm,73,936,1106,1009,1033
5e39142e13941,m,mz,97,39398,39565,39495,39468
5e39142e13941,z,ze,70,179,334,249,264
5e39142e13941,e,en,85,380,573,465,488
5e39142e13941,n,no,108,159,337,267,229
5e39142e13941,o,oa,70,74,237,144,167
5e39142e13941,a,ac,93,231,410,324,317
5e39142e13941,c,ct,86,213,386,299,300
5e39142e13941,t,ti,87,245,439,332,352
5e39142e13941,i,iv,107,212,405,319,298
5e39142e13941,v,ve,86,38,236,124,150
5e39142e13941,e,emeta1,112,613,798,725,686
5e39142e13941,meta1,meta18,73,491,673,564,600
5e39142e13941,8,88,109,37,243,146,134
5e39142e13941,8,82,97,124,293,221,196
5e39142e13941,2,20,72,163,322,235,250
5e39142e13941,0,0normal,87,197,339,284,252
5e39142e13941,normal,normalmeta1,55,1327,1488,1382,1433
5e39142e13941,meta1,meta1normal,106,911,1108,1017,1002
5e39142e13941,normal,normalg,91,624,749,715,658
5e39142e13941,g,gg,34,45,140,79,106
5e39142e13941,g,gm,61,1046,1196,1107,1135
5e39142e13941,m,ma,89,693,875,782,786
5e39142e13941,a,ai,93,207,407,300,314
5e39142e13941,i,il,107,161,340,268,233
5e39142e13941,l,l.,72,160,339,232,267
5e39142e13941,.,.c,107,121,311,228,204
5e39142e13941,c,co,83,5,177,88,94
5e39142e13941,o,oo,89,647,792,736,703
5e39142e13941,o,om,56,192,320,248,264
5e39142e13941,m,mz,72,36418,36559,36490,36487
5e39142e13941,z,ze,69,193,333,262,264
5e39142e13941,e,en,71,410,574,481,503
5e39142e13941,n,no,93,193,374,286,281
5e39142e13941,o,oa,88,162,358,250,270
5e39142e13941,a,ac,108,260,456,368,348
5e39142e13941,c,ct,88,145,321,233,233
5e39142e13941,t,ti,88,159,354,247,266
5e39142e13941,i,iv,107,246,427,353,320
5e39142e13941,v,ve,74,69,240,143,166
5e39142e13941,e,emeta1,97,591,762,688,665
5e39142e13941,meta1,meta18,74,497,611,571,537
5e39142e13941,8,88,40,66,203,106,163
5e39142e13941,8,82,97,34,230,131,133
5e39142e13941,2,2bksp,99,1178,1419,1277,1320
5e39142e13941,bksp,bksp@,142,1373,1672,1515,1530
5e39142e13941,@,@normal,157,1728,1989,1885,1832
5e39142e13941,normal,normalg,104,2697,2855,2801,2751
5e39142e13941,g,gm,54,1629,1756,1683,1702
5e39142e13941,m,ma,73,38,205,111,132
5e39142e13941,a,ai,94,812,997,906,903
5e39142e13941,i,il,91,126,304,217,213
5e39142e13941,l,l.,87,1060,1223,1147,1136
5e39142e13941,.,.c,76,810,1042,886,966
5e39142e13941,c,co,156,1693,1883,1849,1727
5e39142e13941,o,om,34,1335,1408,1369,1374
5e39142e13941,m,mf,39,-451605,-451526,-451566,-451565
5e391434f2b69,f,fu,40,740,855,780,815
5e391434f2b69,u,ur,75,161,304,236,229
5e391434f2b69,r,rs,68,146,268,214,200
5e391434f2b69,s,st,54,133,222,187,168
5e391434f2b69,t,tbksp,35,619,719,654,684
5e391434f2b69,bksp,bkspbksp,65,71,214,136,149
5e391434f2b69,bksp,bkspbksp,78,53,212,131,134
5e391434f2b69,bksp,bkspbksp,81,310,467,391,386
5e391434f2b69,bksp,bkspi,76,393,528,469,452
5e391434f2b69,i,ir,59,185,318,244,259
5e391434f2b69,r,rs,74,164,325,238,251
5e391434f2b69,s,st,87,37,187,124,100
5e391434f2b69,t,tmeta1,63,1163,1297,1226,1234
5e391434f2b69,meta1,meta13,71,829,973,900,902
5e391434f2b69,3,30,73,127,289,200,216
5e391434f2b69,0,09,89,247,404,336,315
5e391434f2b69,9,95,68,397,524,465,456
5e391434f2b69,5,52,59,33,137,92,78
5e391434f2b69,2,22,45,1443,1580,1488,1535
5e391434f2b69,2,2@,92,313,463,405,371
5e391434f2b69,@,@normal,58,906,1023,964,965
5e391434f2b69,normal,normalg,59,1109,1205,1168,1146
5e391434f2b69,g,gm,37,551,651,588,614
5e391434f2b69,m,ma,63,103,249,166,186
5e391434f2b69,a,ai,83,101,265,184,182
5e391434f2b69,i,il,81,88,232,169,151
5e391434f2b69,l,l.,63,864,997,927,934
5e391434f2b69,.,.v,70,314,442,384,372
5e391434f2b69,v,vo,58,68,186,126,128
5e391434f2b69,o,om,60,123,242,183,182
5e391434f2b69,m,mbksp,59,734,892,793,833
5e391434f2b69,bksp,bkspbksp,99,34,216,133,117
5e391434f2b69,bksp,bkspbksp,83,84,183,167,100
5e391434f2b69,bksp,bkspc,16,546,636,562,620
5e391434f2b69,c,co,74,90,222,164,148
5e391434f2b69,o,om,58,128,227,186,169
5e391434f2b69,m,mf,41,36731,36844,36772,36803
5e391434f2b69,f,fi,72,195,302,267,230
5e391434f2b69,i,ir,35,161,251,196,216
5e391434f2b69,r,rs,55,148,277,203,222
5e391434f2b69,s,st,74,7,134,81,60
5e391434f2b69,t,tt,53,847,957,900,904
5e391434f2b69,t,tmeta1,57,394,505,451,448
5e391434f2b69,meta1,meta13,54,596,724,650,670
5e391434f2b69,3,30,74,163,304,237,230
5e391434f2b69,0,09,67,132,250,199,183
5e391434f2b69,9,95,51,581,666,632,615
5e391434f2b69,5,52,34,60,169,94,135
5e391434f2b69,2,22,75,948,1094,1023,1019
5e391434f2b69,2,2@,71,912,1053,983,982
5e391434f2b69,@,@normal,70,630,771,700,701
5e391434f2b69,normal,normalg,71,729,856,800,785
5e391434f2b69,g,gm,56,412,525,468,469
5e391434f2b69,m,ma,57,49,202,106,145
5e391434f2b69,a,ai,96,37,212,133,116
5e391434f2b69,i,il,79,96,246,175,167
5e391434f2b69,l,l.,71,629,757,700,686
5e391434f2b69,.,.c,57,362,476,419,419
5e391434f2b69,c,co,57,102,219,159,162
5e391434f2b69,o,om,60,123,244,183,184
5e391434f2b69,m,mf,61,35449,35582,35510,35521
5e391434f2b69,f,fi,72,195,319,267,247
5e391434f2b69,i,ir,52,112,219,164,167
5e391434f2b69,r,rs,55,131,267,186,212
5e391434f2b69,s,st,81,9,135,90,54
5e391434f2b69,t,tt,45,714,814,759,769
5e391434f2b69,t,tmeta1,55,427,542,482,487
5e391434f2b69,meta1,meta13,60,726,856,786,796
5e391434f2b69,3,30,70,131,272,201,202
5e391434f2b69,0,09,71,111,237,182,166
5e391434f2b69,9,95,55,526,623,581,568
5e391434f2b69,5,52,42,29,137,71,95
5e391434f2b69,2,22,66,588,752,654,686
5e391434f2b69,2,2@,98,362,522,460,424
5e391434f2b69,@,@normal,62,571,688,633,626
5e391434f2b69,normal,normalg,55,3058,3175,3113,3120
5e391434f2b69,g,gm,62,439,575,501,513
5e391434f2b69,m,ma,74,95,223,169,149
5e391434f2b69,a,ai,54,95,220,149,166
5e391434f2b69,i,i.,71,561,707,632,636
5e391434f2b69,.,.c,75,293,423,368,348
5e391434f2b69,c,co,55,54,190,109,135
5e391434f2b69,o,om,81,145,279,226,198
5e391434f2b69,m,mf,53,29897,30058,29950,30005
5e391434f2b69,f,fi,108,177,355,285,247
5e391434f2b69,i,ir,70,151,271,221,201
5e391434f2b69,r,rs,50,140,282,190,232
5e391434f2b69,s,st,92,38,211,130,119
5e391434f2b69,t,tmeta1,81,1127,1280,1208,1199
5e391434f2b69,meta1,meta13,72,610,756,682,684
5e391434f2b69,3,39,74,320,474,394,400
5e391434f2b69,9,92,80,180,345,260,265
5e391434f2b69,2,25,85,440,603,525,518
5e391434f2b69,5,5bksp,78,793,943,871,865
5e391434f2b69,bksp,bkspbksp,72,55,206,127,134
5e391434f2b69,bksp,bksp9,79,580,718,659,639
5e391434f2b69,9,95,59,423,523,482,464
5e391434f2b69,5,52,41,68,156,109,115
5e391434f2b69,2,2@,47,1494,1614,1541,1567
5e391434f2b69,@,@normal,73,483,636,556,563
5e391434f2b69,normal,normalg,80,1582,1734,1662,1654
5e391434f2b69,g,gm,72,629,759,701,687
5e391434f2b69,m,ma,58,68,220,126,162
5e391434f2b69,a,ai,94,74,227,168,133
5e391434f2b69,i,i.,59,847,965,906,906
5e391434f2b69,.,.c,59,273,404,332,345
5e391434f2b69,c,co,72,113,237,185,165
5e391434f2b69,o,om,52,131,236,183,184
5e391434f2b69,m,mf,53,38767,38875,38820,38822
5e391434f2b69,f,fi,55,194,320,249,265
5e391434f2b69,i,ir,71,329,487,400,416
5e391434f2b69,r,rs,87,113,239,200,152
5e391434f2b69,s,st,39,68,138,107,99
5e391434f2b69,t,tmeta1,31,966,1079,997,1048
5e391434f2b69,meta1,meta13,82,646,802,728,720
5e391434f2b69,3,30,74,120,271,194,197
5e391434f2b69,0,09,77,139,294,216,217
5e391434f2b69,9,95,78,531,682,609,604
5e391434f2b69,5,52,73,108,235,181,162
5e391434f2b69,2,2@,54,1027,1140,1081,1086
5e391434f2b69,@,@normal,59,996,1142,1055,1083
5e391434f2b69,normal,normalg,87,877,1024,964,937
5e391434f2b69,g,gm,60,191,290,251,230
5e391434f2b69,m,mi,39,705,804,744,765
5e391434f2b69,i,il,60,264,360,324,300
5e391434f2b69,l,l.,36,814,908,850,872
5e391434f2b69,.,.c,58,424,517,482,459
5e391434f2b69,c,co,35,146,238,181,203
5e391434f2b69,o,om,57,160,273,217,216
5e391434f2b69,m,mf,56,35363,35527,35419,35471
5e391434f2b69,f,fi,108,159,336,267,228
5e391434f2b69,i,ir,69,132,253,201,184
5e391434f2b69,r,rs,52,148,270,200,218
5e391434f2b69,s,st,70,19,151,89,81
5e391434f2b69,t,tt,62,648,767,710,705
5e391434f2b69,t,tmeta1,57,243,371,300,314
5e391434f2b69,meta1,meta13,71,478,621,549,550
5e391434f2b69,3,39,72,1162,1305,1234,1233
5e391434f2b69,9,95,71,397,522,468,451
5e391434f2b69,5,52,54,84,186,138,132
5e391434f2b69,2,2@,48,1062,1169,1110,1121
5e391434f2b69,@,@normal,59,591,705,650,646
5e391434f2b69,normal,normalg,55,546,658,601,603
5e391434f2b69,g,gm,57,375,492,432,435
5e391434f2b69,m,mi,60,214,320,274,260
5e391434f2b69,i,il,46,141,247,187,201
5e391434f2b69,l,lbksp,60,848,945,908,885
5e391434f2b69,bksp,bkspi,37,144,237,181,200
5e391434f2b69,i,il,56,92,220,148,164
5e391434f2b69,l,l.,72,630,742,702,670
5e391434f2b69,.,.c,40,228,337,268,297
5e391434f2b69,c,co,69,71,202,140,133
5e391434f2b69,o,om,62,129,233,191,171
5e391434f2b69,m,mf,42,31479,31613,31521,31571
5e391434f2b69,f,fi,92,157,301,249,209
5e391434f2b69,i,ir,52,112,254,164,202
5e391434f2b69,r,rs,90,94,258,184,168
5e391434f2b69,s,st,74,19,154,93,80
5e391434f2b69,t,tt,61,732,851,793,790
5e391434f2b69,t,tmeta1,58,325,453,383,395
5e391434f2b69,meta1,meta13,70,748,888,818,818
5e391434f2b69,3,30,70,131,229,201,159
5e391434f2b69,0,09,28,171,252,199,224
5e391434f2b69,9,95,53,398,489,451,436
5e391434f2b69,5,52,38,36,135,74,97
5e391434f2b69,2,22,61,613,745,674,684
5e391434f2b69,2,2@,71,244,355,315,284
5e391434f2b69,@,@normal,40,465,572,505,532
5e391434f2b69,normal,normalg,67,1510,1641,1577,1574
5e391434f2b69,g,gm,64,355,454,419,390
5e391434f2b69,m,mi,35,191,301,226,266
5e391434f2b69,i,il,75,198,327,273,252
5e391434f2b69,l,la,54,4308,4457,4362,4403
5e391434f2b69,a,ai,95,543,694,638,599
5e391434f2b69,i,il,56,129,224,185,168
5e391434f2b69,l,l.,39,595,704,634,665
5e391434f2b69,.,.c,70,544,669,614,599
5e391434f2b69,c,co,55,74,189,129,134
5e391434f2b69,o,om,60,113,228,173,168
5e391434f2b69,m,mf,55,29767,29888,29822,29833
5e391434f2b69,f,fi,66,166,269,232,203
5e391434f2b69,i,ir,37,139,236,176,199
5e391434f2b69,r,rt,60,255,374,315,314
5e391434f2b69,t,tt,59,713,829,772,770
5e391434f2b69,t,tmeta1,57,1363,1487,1420,1430
5e391434f2b69,meta1,meta13,67,563,703,630,636
5e391434f2b69,3,30,73,109,255,182,182
5e391434f2b69,0,09,73,86,223,159,150
5e391434f2b69,9,95,64,658,782,722,718
5e391434f2b69,5,52,60,95,208,155,148
5e391434f2b69,2,2@,53,815,927,868,874
5e391434f2b69,@,@normal,59,292,421,351,362
5e391434f2b69,normal,normalg,70,629,757,699,687
5e391434f2b69,g,gm,58,374,493,432,435
5e391434f2b69,m,mi,61,191,304,252,243
5e391434f2b69,i,il,52,114,236,166,184
5e391434f2b69,l,lbksp,70,712,841,782,771
5e391434f2b69,bksp,bkspbksp,59,51,171,110,112
5e391434f2b69,bksp,bkspi,61,492,610,553,549
5e391434f2b69,i,il,57,90,223,147,166
5e391434f2b69,l,l.,76,565,681,641,605
5e391434f2b69,.,.v,40,295,371,335,331
5e391434f2b69,v,vo,36,20,154,56,118
5e391434f2b69,o,om,98,109,263,207,165
5e391434f2b69,m,mbksp,56,626,758,682,702
5e391434f2b69,bksp,bkspbksp,76,53,209,129,133
5e391434f2b69,bksp,bkspv,80,160,312,240,232
5e391434f2b69,v,vo,72,36,189,108,117
5e391434f2b69,o,om,81,110,247,191,166
5e391434f2b69,m,mbksp,56,494,609,550,553
5e391434f2b69,bksp,bkspbksp,59,111,195,170,136
5e391434f2b69,bksp,bkspbksp,25,64,119,89,94
5e391434f2b69,bksp,bkspbksp,30,846,937,876,907
5e391434f2b69,bksp,bkspc,61,174,287,235,226
5e391434f2b69,c,co,52,414,536,466,484
5e391434f2b69,o,om,70,177,289,247,219
5e391434f2b69,m,mf,42,34011,34143,34053,34101
5e391434f2b69,f,fi,90,177,306,267,216
5e391434f2b69,i,ir,39,146,237,185,198
5e391434f2b69,r,rs,52,184,318,236,266
5e391434f2b69,s,smeta1,82,686,849,768,767
5e391434f2b69,meta1,meta13,81,497,670,578,589
5e391434f2b69,3,39,92,413,554,505,462
5e391434f2b69,9,95,49,611,717,660,668
5e391434f2b69,5,52,57,111,259,168,202
5e391434f2b69,2,2bksp,91,759,906,850,815
5e391434f2b69,bksp,bkspbksp,56,93,204,149,148
5e391434f2b69,bksp,bkspbksp,55,75,174,130,119
5e391434f2b69,bksp,bksp0,44,409,495,453,451
5e391434f2b69,0,09,42,197,307,239,265
5e391434f2b69,9,95,68,442,543,510,475
5e391434f2b69,5,52,33,61,157,94,124
5e391434f2b69,2,22,63,629,763,692,700
5e391434f2b69,2,2@,71,207,337,278,266
5e391434f2b69,@,@normal,59,514,626,573,567
5e391434f2b69,normal,normalg,53,1714,1825,1767,1772
5e391434f2b69,g,gm,58,493,608,551,550
5e391434f2b69,m,ma,57,374,521,431,464
5e391434f2b69,a,ai,90,192,356,282,266
5e391434f2b69,i,il,74,163,307,237,233
5e391434f2b69,l,l.,70,761,871,831,801
5e391434f2b69,.,.c,40,361,473,401,433
5e391434f2b69,c,co,72,128,254,200,182
5e391434f2b69,o,om,54,480,591,534,537
5e391434f2b69,m,mf,57,37531,37641,37588,37584
5e391434f2b69,f,fi,53,176,283,229,230
5e391434f2b69,i,ir,54,116,208,170,154
5e391434f2b69,r,rs,38,142,233,180,195
5e391434f2b69,s,st,53,55,154,108,101
5e391434f2b69,t,tmeta1,46,814,916,860,870
5e391434f2b69,meta1,meta13,56,544,688,600,632
5e391434f2b69,3,30,88,144,303,232,215
5e391434f2b69,0,09,71,148,272,219,201
5e391434f2b69,9,95,53,448,571,501,518
5e391434f2b69,5,52,70,56,186,126,116
5e391434f2b69,2,2@,60,795,895,855,835
5e391434f2b69,@,@normal,40,477,576,517,536
5e391434f2b69,normal,normalg,59,759,855,818,796
5e391434f2b69,g,gm,37,496,604,533,567
5e391434f2b69,m,ma,71,153,288,224,217
5e391434f2b69,a,ai,64,121,232,185,168
5e391434f2b69,i,il,47,194,282,241,235
5e391434f2b69,l,l.,41,591,687,632,646
5e391434f2b69,.,.c,55,212,323,267,268
5e391434f2b69,c,co,56,108,222,164,166
5e391434f2b69,o,om,58,409,525,467,467
5e391434f2b69,m,ms,58,-398551,-398405,-398493,-398463
5e391455ce77f,s,su,88,62,220,150,132
5e391455ce77f,u,ur,70,198,335,268,265
5e391455ce77f,r,rc,67,342,486,409,419
5e391455ce77f,c,ch,77,196,376,273,299
5e391455ce77f,h,he,103,165,335,268,232
5e391455ce77f,e,et,67,115,251,182,184
5e391455ce77f,t,th,69,198,335,267,266
5e391455ce77f,h,h.,68,618,771,686,703
5e391455ce77f,.,.meta1,85,614,768,699,683
5e391455ce77f,meta1,meta11,69,361,520,430,451
5e391455ce77f,1,19,90,210,340,300,250
5e391455ce77f,9,99,40,139,256,179,216
5e391455ce77f,9,97,77,212,375,289,298
5e391455ce77f,7,7normal,86,296,471,382,385
5e391455ce77f,normal,normalmeta1,89,697,890,786,801
5e391455ce77f,meta1,meta1@,104,459,660,563,556
5e391455ce77f,@,@normal,97,203,388,300,291
5e391455ce77f,normal,normalh,88,780,959,868,871
5e391455ce77f,h,ho,91,192,371,283,280
5e391455ce77f,o,ot,88,148,321,236,233
5e391455ce77f,t,tm,85,110,285,195,200
5e391455ce77f,m,mi,90,311,458,401,368
5e391455ce77f,i,il,57,184,337,241,280
5e391455ce77f,l,l.,96,699,886,795,790
5e391455ce77f,.,.c,91,276,472,367,381
5e391455ce77f,c,co,105,95,289,200,184
5e391455ce77f,o,om,89,243,403,332,314
5e391455ce77f,m,ms,71,42150,42342,42221,42271
5e391455ce77f,s,su,121,36,254,157,133
5e391455ce77f,u,ur,97,214,380,311,283
5e391455ce77f,r,ra,69,194,335,263,266
5e391455ce77f,a,ac,72,240,406,312,334
5e391455ce77f,c,ch,94,194,376,288,282
5e391455ce77f,h,he,88,212,389,300,301
5e391455ce77f,e,et,89,130,305,219,216
5e391455ce77f,t,th,86,214,352,300,266
5e391455ce77f,h,h.,52,579,706,631,654
5e391455ce77f,.,.q,75,725,893,800,818
5e391455ce77f,q,qbksp,93,775,976,868,883
5e391455ce77f,bksp,bkspmeta1,108,142,321,250,213
5e391455ce77f,meta1,meta11,71,229,390,300,319
5e391455ce77f,1,19,90,524,689,614,599
5e391455ce77f,9,99,75,125,274,200,199
5e391455ce77f,9,97,74,161,322,235,248
5e391455ce77f,7,7meta1,87,1064,1254,1151,1167
5e391455ce77f,meta1,meta1@,103,379,573,482,470
5e391455ce77f,@,@normal,91,145,339,236,248
5e391455ce77f,normal,normalh,103,528,721,631,618
5e391455ce77f,h,ho,90,212,406,302,316
5e391455ce77f,o,ot,104,145,336,249,232
5e391455ce77f,t,tm,87,132,304,219,217
5e391455ce77f,m,mi,85,546,718,631,633
5e391455ce77f,i,il,87,145,307,232,220
5e391455ce77f,l,l.,75,842,1021,917,946
5e391455ce77f,.,.c,104,228,425,332,321
5e391455ce77f,c,co,93,108,292,201,199
5e391455ce77f,o,om,91,227,406,318,315
5e391455ce77f,m,ms,88,27264,27423,27352,27335
5e391455ce77f,s,su,71,179,338,250,267
5e391455ce77f,u,ur,88,180,354,268,266
5e391455ce77f,r,ra,86,164,338,250,252
5e391455ce77f,a,ac,88,294,488,382,400
5e391455ce77f,c,ch,106,94,254,200,148
5e391455ce77f,h,he,54,96,239,150,185
5e391455ce77f,e,et,89,194,370,283,281
5e391455ce77f,t,th,87,70,237,157,150
5e391455ce77f,h,h.,80,717,884,797,804
5e391455ce77f,.,.meta1,87,361,553,448,466
5e391455ce77f,meta1,meta11,105,227,437,332,332
5e391455ce77f,1,19,105,204,388,309,283
5e391455ce77f,9,99,79,139,295,218,216
5e391455ce77f,9,97,77,197,360,274,283
5e391455ce77f,7,7normal,86,74,269,160,183
5e391455ce77f,normal,normalmeta1,109,612,828,721,719
5e391455ce77f,meta1,meta1@,107,525,722,632,615
5e391455ce77f,@,@normal,90,146,307,236,217
5e391455ce77f,normal,normalh,71,969,1156,1040,1085
5e391455ce77f,h,ho,116,105,316,221,200
5e391455ce77f,o,obksp,95,1426,1628,1521,1533
5e391455ce77f,bksp,bkspt,107,155,339,262,232
5e391455ce77f,t,tm,77,480,660,557,583
5e391455ce77f,m,ma,103,142,336,245,233
5e391455ce77f,a,ai,91,264,445,355,354
5e391455ce77f,i,il,90,210,371,300,281
5e391455ce77f,l,l.,71,492,671,563,600
5e391455ce77f,.,.c,108,261,476,369,368
5e391455ce77f,c,co,107,99,289,206,182
5e391455ce77f,o,om,83,260,435,343,352
5e391455ce77f,m,ms,92,29762,29943,29854,29851
5e391455ce77f,s,su,89,178,357,267,268
5e391455ce77f,u,ur,90,161,338,251,248
5e391455ce77f,r,ra,87,161,337,248,250
5e391455ce77f,a,ac,89,279,458,368,369
5e391455ce77f,c,ce,90,354,539,444,449
5e391455ce77f,e,et,95,361,563,456,468
5e391455ce77f,t,th,107,36,237,143,130
5e391455ce77f,h,hbksp,94,795,981,889,887
5e391455ce77f,bksp,bkspbksp,92,125,305,217,213
5e391455ce77f,bksp,bkspbksp,88,130,287,218,199
5e391455ce77f,bksp,bkspbksp,69,136,303,205,234
5e391455ce77f,bksp,bksph,98,744,933,842,835
5e391455ce77f,h,he,91,228,389,319,298
5e391455ce77f,e,et,70,179,337,249,267
5e391455ce77f,t,th,88,212,388,300,300
5e391455ce77f,h,h.,88,497,674,585,586
5e391455ce77f,.,.meta1,89,226,420,315,331
5e391455ce77f,meta1,meta11,105,345,558,450,453
5e391455ce77f,1,19,108,260,426,368,318
5e391455ce77f,9,99,58,118,270,176,212
5e391455ce77f,9,97,94,163,328,257,234
5e391455ce77f,7,7@,71,460,624,531,553
5e391455ce77f,@,@normal,93,70,272,163,179
5e391455ce77f,normal,normalh,109,1227,1430,1336,1321
5e391455ce77f,h,ho,94,276,477,370,383
5e391455ce77f,o,ot,107,173,389,280,282
5e391455ce77f,t,tm,109,196,410,305,301
5e391455ce77f,m,mi,105,409,602,514,497
5e391455ce77f,i,il,88,204,371,292,283
5e391455ce77f,l,l.,79,664,849,743,770
5e391455ce77f,.,.c,106,209,420,315,314
5e391455ce77f,c,co,105,80,272,185,167
5e391455ce77f,o,om,87,196,355,283,268
5e391455ce77f,m,ms,72,33295,33425,33367,33353
5e391455ce77f,s,su,58,245,391,303,333
5e391455ce77f,u,ur,88,129,304,217,216
5e391455ce77f,r,rc,87,910,1106,997,1019
5e391455ce77f,c,cg,109,127,308,236,199
5e391455ce77f,g,ge,72,129,303,201,231
5e391455ce77f,e,eh,102,307,485,409,383
5e391455ce77f,h,hbksp,76,1224,1397,1300,1321
5e391455ce77f,bksp,bksph,97,3355,3543,3452,3446
5e391455ce77f,h,he,91,479,676,570,585
5e391455ce77f,e,et,106,113,306,219,200
5e391455ce77f,t,th,87,178,336,265,249
5e391455ce77f,h,h.,71,618,788,689,717
5e391455ce77f,.,.meta1,99,223,418,322,319
5e391455ce77f,meta1,meta11,96,376,579,472,483
5e391455ce77f,1,19,107,245,421,352,314
5e391455ce77f,9,99,69,111,269,180,200
5e391455ce77f,9,97,89,180,339,269,250
5e391455ce77f,7,7&,70,649,757,719,687
5e391455ce77f,&,&bksp,38,861,986,899,948
5e391455ce77f,bksp,bksp7,87,1013,1170,1100,1083
5e391455ce77f,7,7@,70,341,521,411,451
5e391455ce77f,@,@normal,110,761,959,871,849
5e391455ce77f,normal,normalh,88,629,810,717,722
5e391455ce77f,h,ho,93,172,370,265,277
5e391455ce77f,o,ot,105,130,340,235,235
5e391455ce77f,t,tm,105,146,372,251,267
5e391455ce77f,m,mi,121,429,637,550,516
5e391455ce77f,i,il,87,212,402,299,315
5e391455ce77f,l,lbksp,103,313,506,416,403
5e391455ce77f,bksp,bkspbksp,90,209,404,299,314
5e391455ce77f,bksp,bkspa,105,483,674,588,569
5e391455ce77f,a,ai,86,414,584,500,498
5e391455ce77f,i,il,84,212,385,296,301
5e391455ce77f,l,l.,89,377,558,466,469
5e391455ce77f,.,.c,92,293,505,385,413
5e391455ce77f,c,co,120,56,272,176,152
5e391455ce77f,o,om,96,161,361,257,265
5e391455ce77f,m,ms,104,35543,35739,35647,35635
5e391455ce77f,s,su,92,218,410,310,318
5e391455ce77f,u,ur,100,120,318,220,218
5e391455ce77f,r,ra,98,177,367,275,269
5e391455ce77f,a,ac,92,208,388,300,296
5e391455ce77f,c,ch,88,180,371,268,283
5e391455ce77f,h,he,103,161,353,264,250
5e391455ce77f,e,et,89,97,255,186,166
5e391455ce77f,t,th,69,147,303,216,234
5e391455ce77f,h,h.,87,679,875,766,788
5e391455ce77f,.,.meta1,109,209,421,318,312
5e391455ce77f,meta1,meta11,103,279,489,382,386
5e391455ce77f,1,19,107,235,422,342,315
5e391455ce77f,9,99,80,128,264,208,184
5e391455ce77f,9,97,56,176,321,232,265
5e391455ce77f,7,7@,89,497,693,586,604
5e391455ce77f,@,@normal,107,176,387,283,280
5e391455ce77f,normal,normalh,104,626,822,730,718
5e391455ce77f,h,ho,92,210,407,302,315
5e391455ce77f,o,ot,105,112,321,217,216
5e391455ce77f,t,tm,104,114,321,218,217
5e391455ce77f,m,mi,103,398,569,501,466
5e391455ce77f,i,il,68,200,337,268,269
5e391455ce77f,l,l.,69,746,919,815,850
5e391455ce77f,.,.c,104,166,417,270,313
5e391455ce77f,c,cm,147,359,584,506,437
5e391455ce77f,m,ms,78,28878,29048,28956,28970
5e391455ce77f,s,su,92,107,289,199,197
5e391455ce77f,u,ur,90,197,374,287,284
5e391455ce77f,r,ra,87,181,340,268,253
5e391455ce77f,a,ac,72,423,590,495,518
5e391455ce77f,c,cb,95,53,240,148,145
5e391455ce77f,b,be,92,74,276,166,184
5e391455ce77f,e,et,110,198,395,308,285
5e391455ce77f,t,th,87,19,185,106,98
5e391455ce77f,h,hbksp,79,1391,1546,1470,1467
5e391455ce77f,bksp,bkspbksp,76,143,292,219,216
5e391455ce77f,bksp,bkspbksp,73,118,274,191,201
5e391455ce77f,bksp,bksph,83,613,784,696,701
5e391455ce77f,h,he,88,250,435,338,347
5e391455ce77f,e,et,97,355,550,452,453
5e391455ce77f,t,th,98,76,230,174,132
5e391455ce77f,h,h.,56,662,841,718,785
5e391455ce77f,.,.meta1,123,109,338,232,215
5e391455ce77f,meta1,meta11,106,382,576,488,470
5e391455ce77f,1,19,88,207,370,295,282
5e391455ce77f,9,99,75,142,289,217,214
5e391455ce77f,9,97,72,166,323,238,251
5e391455ce77f,7,7@,85,496,688,581,603
5e391455ce77f,@,@normal,107,127,339,234,232
5e391455ce77f,normal,normalh,105,460,672,565,567
5e391455ce77f,h,ho,107,230,441,337,334
5e391455ce77f,o,ot,104,127,322,231,218
5e391455ce77f,t,tm,91,143,320,234,229
5e391455ce77f,m,ma,86,333,524,419,438
5e391455ce77f,a,ai,105,83,286,188,181
5e391455ce77f,i,il,98,193,380,291,282
5e391455ce77f,l,l.,89,661,858,750,769
5e391455ce77f,.,.c,108,177,389,285,281
5e391455ce77f,c,co,104,89,269,193,165
5e391455ce77f,o,om,76,198,344,274,268
5e391455ce77f,m,ms,70,25430,25590,25500,25520
5e391455ce77f,s,su,90,21,221,111,131
5e391455ce77f,u,ur,110,110,312,220,202
5e391455ce77f,r,rc,92,509,694,601,602
5e391455ce77f,c,ch,93,87,256,180,163
5e391455ce77f,h,hbksp,76,946,1112,1022,1036
5e391455ce77f,bksp,bkspbksp,90,1925,2124,2015,2034
5e391455ce77f,bksp,bkspa,109,160,375,269,266
5e391455ce77f,a,ac,106,361,558,467,452
5e391455ce77f,c,ch,91,141,320,232,229
5e391455ce77f,h,he,88,95,288,183,200
5e391455ce77f,e,et,105,181,372,286,267
5e391455ce77f,t,th,86,21,170,107,84
5e391455ce77f,h,h.,63,662,831,725,768
5e391455ce77f,.,.meta1,106,275,489,381,383
5e391455ce77f,meta1,meta11,108,375,595,483,487
5e391455ce77f,1,19,112,688,873,800,761
5e391455ce77f,9,99,73,244,409,317,336
5e391455ce77f,9,97,92,296,475,388,383
5e391455ce77f,7,7normal,87,478,687,565,600
5e391455ce77f,normal,normalmeta1,122,227,453,349,331
5e391455ce77f,meta1,meta1@,104,213,421,317,317
5e391455ce77f,@,@normal,104,159,388,263,284
5e391455ce77f,normal,normalh,125,767,1006,892,881
5e391455ce77f,h,ho,114,187,399,301,285
5e391455ce77f,o,ot,98,137,350,235,252
5e391455ce77f,t,tm,115,326,550,441,435
5e391455ce77f,m,mi,109,391,574,500,465
5e391455ce77f,i,il,74,179,338,253,264
5e391455ce77f,l,lbksp,85,830,1004,915,919
5e391455ce77f,bksp,bkspbksp,89,161,340,250,251
5e391455ce77f,bksp,bkspa,90,123,340,213,250
5e391455ce77f,a,ai,127,178,376,305,249
5e391455ce77f,i,il,71,196,335,267,264
5e391455ce77f,l,l.,68,631,809,699,741
5e391455ce77f,.,.c,110,290,520,400,410
5e391455ce77f,c,co,120,73,286,193,166
5e391455ce77f,o,om,93,211,379,304,286
5e391455ce77f,m,ms,75,25565,25742,25640,25667
5e391455ce77f,s,su,102,164,403,266,301
5e391455ce77f,u,ur,137,53,286,190,149
5e391455ce77f,r,rc,96,547,700,643,604
5e391455ce77f,c,cbksp,57,742,905,799,848
5e391455ce77f,bksp,bkspa,106,94,304,200,198
5e391455ce77f,a,ac,104,460,656,564,552
5e391455ce77f,c,ch,92,209,408,301,316
5e391455ce77f,h,he,107,89,289,196,182
5e391455ce77f,e,et,93,247,428,340,335
5e391455ce77f,t,th,88,19,186,107,98
5e391455ce77f,h,h.,79,631,797,710,718
5e391455ce77f,.,.meta1,87,195,404,282,317
5e391455ce77f,meta1,meta11,122,360,571,482,449
5e391455ce77f,1,19,89,430,557,519,468
5e391455ce77f,9,99,38,143,238,181,200
5e391455ce77f,9,97,57,212,324,269,267
5e391455ce77f,7,7@,55,913,1073,968,1018
5e391455ce77f,@,@normal,105,176,386,281,281
5e391455ce77f,normal,normalh,105,563,757,668,652
5e391455ce77f,h,ho,89,194,386,283,297
5e391455ce77f,o,ot,103,129,320,232,217
5e391455ce77f,t,ta,88,506,705,594,617
5e391455ce77f,a,abksp,111,1037,1246,1148,1135
5e391455ce77f,bksp,bkspbksp,98,609,783,707,685
5e391455ce77f,bksp,bkspm,76,607,809,683,733
5e391455ce77f,m,ma,126,109,340,235,214
5e391455ce77f,a,ai,105,146,321,251,216
5e391455ce77f,i,il,70,162,305,232,235
5e391455ce77f,l,l.,73,676,859,749,786
5e391455ce77f,.,.c,110,176,391,286,281
5e391455ce77f,c,co,105,130,271,235,166
5e391455ce77f,o,om,36,242,370,278,334
5e391455ce77f,m,ms,92,24795,24994,24887,24902
5e391455ce77f,s,su,107,778,973,885,866
5e391455ce77f,u,ur,88,161,356,249,268
5e391455ce77f,r,ra,107,213,440,320,333
5e391455ce77f,a,ac,120,297,486,417,366
5e391455ce77f,c,ch,69,72,251,141,182
5e391455ce77f,h,he,110,91,328,201,218
5e391455ce77f,e,et,127,264,475,391,348
5e391455ce77f,t,th,84,40,218,124,134
5e391455ce77f,h,hspace,94,362,563,456,469
5e391455ce77f,space,spacek,107,312,523,419,416
5e391455ce77f,k,kh,104,345,539,449,435
5e391455ce77f,h,ha,90,209,405,299,315
5e391455ce77f,a,ae,106,245,454,351,348
5e391455ce77f,e,ew,103,229,456,332,353
5e391455ce77f,w,wk,124,214,391,338,267
5e391455ce77f,k,kl,53,194,335,247,282
5e391455ce77f,l,lm,88,432,603,520,515
5e391455ce77f,m,mm,83,944,1103,1027,1020
5e391455ce77f,m,mo,76,-259409,-259285,-259333,-259361
5e3914df9e4c7,o,ox,48,312,418,360,370
5e3914df9e4c7,x,xm,58,272,404,330,346
5e3914df9e4c7,m,ma,74,703,857,777,783
5e3914df9e4c7,a,an,80,346,498,426,418
5e3914df9e4c7,n,nz,72,264,405,336,333
5e3914df9e4c7,z,za,69,144,287,213,218
5e3914df9e4c7,a,ameta1,74,896,1046,970,972
5e3914df9e4c7,meta1,meta1@,76,872,1004,948,928
5e3914df9e4c7,@,@normal,56,357,489,413,433
5e3914df9e4c7,normal,normalh,76,443,591,519,515
5e3914df9e4c7,h,ho,72,227,355,299,283
5e3914df9e4c7,o,ot,56,213,339,269,283
5e3914df9e4c7,t,tm,70,382,506,452,436
5e3914df9e4c7,m,ma,54,367,468,421,414
5e3914df9e4c7,a,ai,47,360,450,407,403
5e3914df9e4c7,i,il,43,244,344,287,301
5e3914df9e4c7,l,l.,57,444,574,501,517
5e3914df9e4c7,.,.c,73,463,606,536,533
5e3914df9e4c7,c,co,70,271,400,341,330
5e3914df9e4c7,o,om,59,277,378,336,319
5e3914df9e4c7,m,mx,42,41230,41343,41272,41301
5e3914df9e4c7,x,xm,71,252,403,323,332
5e3914df9e4c7,m,mbksp,80,435,567,515,487
5e3914df9e4c7,bksp,bkspbksp,52,85,217,137,165
5e3914df9e4c7,bksp,bkspo,80,444,594,524,514
5e3914df9e4c7,o,ox,70,316,474,386,404
5e3914df9e4c7,x,xm,88,312,470,400,382
5e3914df9e4c7,m,ma,70,331,525,401,455
5e3914df9e4c7,a,an,124,339,550,463,426
5e3914df9e4c7,n,nz,87,283,441,370,354
5e3914df9e4c7,z,za,71,156,302,227,231
5e3914df9e4c7,a,ameta1,75,246,377,321,302
5e3914df9e4c7,meta1,meta1@,56,712,841,768,785
5e3914df9e4c7,@,@normal,73,276,407,349,334
5e3914df9e4c7,normal,normalh,58,387,538,445,480
5e3914df9e4c7,h,ho,93,197,342,290,249
5e3914df9e4c7,o,ot,52,227,352,279,300
5e3914df9e4c7,t,tm,73,316,460,389,387
5e3914df9e4c7,m,ma,71,308,452,379,381
5e3914df9e4c7,a,ai,73,410,540,483,467
5e3914df9e4c7,i,il,57,192,323,249,266
5e3914df9e4c7,l,l.,74,277,423,351,349
5e3914df9e4c7,.,.c,72,299,456,371,384
5e3914df9e4c7,c,cm,85,541,670,626,585
5e3914df9e4c7,m,mo,44,35610,35730,35654,35686
5e3914df9e4c7,o,ox,76,262,441,338,365
5e3914df9e4c7,x,xm,103,277,452,380,349
5e3914df9e4c7,m,ma,72,459,607,531,535
5e3914df9e4c7,a,an,76,417,577,493,501
5e3914df9e4c7,n,nz,84,293,448,377,364
5e3914df9e4c7,z,za,71,167,303,238,232
5e3914df9e4c7,a,ameta1,65,247,369,312,304
5e3914df9e4c7,meta1,meta1@,57,744,889,801,832
5e3914df9e4c7,@,@normal,88,331,489,419,401
5e3914df9e4c7,normal,normalh,70,447,584,517,514
5e3914df9e4c7,h,ho,67,231,367,298,300
5e3914df9e4c7,o,ot,69,246,405,315,336
5e3914df9e4c7,t,tm,90,346,506,436,416
5e3914df9e4c7,m,ma,70,292,436,362,366
5e3914df9e4c7,a,ai,74,448,591,522,517
5e3914df9e4c7,i,il,69,261,387,330,318
5e3914df9e4c7,l,l.,57,413,555,470,498
5e3914df9e4c7,.,.c,85,362,518,447,433
5e3914df9e4c7,c,cm,71,560,689,631,618
5e3914df9e4c7,m,mo,58,41188,41306,41246,41248
5e3914df9e4c7,o,ox,60,367,514,427,454
5e3914df9e4c7,x,xm,87,581,721,668,634
5e3914df9e4c7,m,ma,53,429,555,482,502
5e3914df9e4c7,a,an,73,525,641,598,568
5e3914df9e4c7,n,nz,43,396,521,439,478
5e3914df9e4c7,z,za,82,178,369,260,287
5e3914df9e4c7,a,ameta1,109,290,477,399,368
5e3914df9e4c7,meta1,meta1@,78,724,844,802,766
5e3914df9e4c7,@,@normal,42,389,524,431,482
5e3914df9e4c7,normal,normalh,93,439,610,532,517
5e3914df9e4c7,h,ho,78,306,444,384,366
5e3914df9e4c7,o,ot,60,312,458,372,398
5e3914df9e4c7,t,tm,86,445,618,531,532
5e3914df9e4c7,m,ma,87,413,589,500,502
5e3914df9e4c7,a,ai,89,429,573,518,484
5e3914df9e4c7,i,il,55,262,391,317,336
5e3914df9e4c7,l,l.,74,309,456,383,382
5e3914df9e4c7,.,.c,73,498,639,571,566
5e3914df9e4c7,c,co,68,274,434,342,366
5e3914df9e4c7,o,om,92,297,443,389,351
5e3914df9e4c7,m,mo,54,35287,35406,35341,35352
5e3914df9e4c7,o,ox,65,632,796,697,731
5e3914df9e4c7,x,xm,99,283,450,382,351
5e3914df9e4c7,m,ma,68,421,569,489,501
5e3914df9e4c7,a,an,80,450,598,530,518
5e3914df9e4c7,n,nz,68,406,519,474,451
5e3914df9e4c7,z,za,45,154,293,199,248
5e3914df9e4c7,a,ameta1,94,214,376,308,282
5e3914df9e4c7,meta1,meta1@,68,512,650,580,582
5e3914df9e4c7,@,@normal,70,352,519,422,449
5e3914df9e4c7,normal,normalh,97,465,634,562,537
5e3914df9e4c7,h,ho,72,240,356,312,284
5e3914df9e4c7,o,ot,44,297,393,341,349
5e3914df9e4c7,t,tm,52,364,486,416,434
5e3914df9e4c7,m,ma,70,365,517,435,447
5e3914df9e4c7,a,ai,82,410,569,492,487
5e3914df9e4c7,i,i.,77,661,808,738,731
5e3914df9e4c7,.,.c,70,382,508,452,438
5e3914df9e4c7,c,co,56,293,404,349,348
5e3914df9e4c7,o,om,55,212,321,267,266
5e3914df9e4c7,m,mo,54,41977,42092,42031,42038
5e3914df9e4c7,o,ox,61,394,559,455,498
5e3914df9e4c7,x,xm,104,325,487,429,383
5e3914df9e4c7,m,ma,58,630,776,688,718
5e3914df9e4c7,a,an,88,494,651,582,563
5e3914df9e4c7,n,nz,69,662,820,731,751
5e3914df9e4c7,z,zmeta1,89,567,707,656,618
5e3914df9e4c7,meta1,meta1normal,51,1600,1721,1651,1670
5e3914df9e4c7,normal,normala,70,367,516,437,446
5e3914df9e4c7,a,ameta1,79,215,364,294,285
5e3914df9e4c7,meta1,meta1@,70,1202,1356,1272,1286
5e3914df9e4c7,@,@normal,84,342,513,426,429
5e3914df9e4c7,normal,normalh,87,527,673,614,586
5e3914df9e4c7,h,ho,59,246,375,305,316
5e3914df9e4c7,o,ot,70,383,539,453,469
5e3914df9e4c7,t,tm,86,513,665,599,579
5e3914df9e4c7,m,ma,66,381,535,447,469
5e3914df9e4c7,a,ai,88,389,552,477,464
5e3914df9e4c7,i,il,75,261,392,336,317
5e3914df9e4c7,l,l.,56,291,408,347,352
5e3914df9e4c7,.,.c,61,412,527,473,466
5e3914df9e4c7,c,co,54,295,423,349,369
5e3914df9e4c7,o,om,74,257,405,331,331
5e3914df9e4c7,m,mo,74,36805,36955,36879,36881
5e3914df9e4c7,o,ox,76,377,531,453,455
5e3914df9e4c7,x,xm,78,314,460,392,382
5e3914df9e4c7,m,ma,68,378,554,446,486
5e3914df9e4c7,a,an,108,374,588,482,480
5e3914df9e4c7,n,nz,106,351,539,457,433
5e3914df9e4c7,z,za,82,164,316,246,234
5e3914df9e4c7,a,ameta1,70,226,374,296,304
5e3914df9e4c7,meta1,meta1@,78,559,708,637,630
5e3914df9e4c7,@,@normal,71,434,586,505,515
5e3914df9e4c7,normal,normalh,81,495,652,576,571
5e3914df9e4c7,h,ho,76,263,391,339,315
5e3914df9e4c7,o,ot,52,291,419,343,367
5e3914df9e4c7,t,tm,76,363,523,439,447
5e3914df9e4c7,m,ma,84,446,619,530,535
5e3914df9e4c7,a,ai,89,410,574,499,485
5e3914df9e4c7,i,il,75,314,456,389,381
5e3914df9e4c7,l,l.,67,507,668,574,601
5e3914df9e4c7,.,.c,94,327,495,421,401
5e3914df9e4c7,c,co,74,289,439,363,365
5e3914df9e4c7,o,om,76,219,357,295,281
5e3914df9e4c7,m,mo,62,37793,37901,37855,37839
5e3914df9e4c7,o,ox,46,347,463,393,417
5e3914df9e4c7,x,xbksp,70,299,435,369,365
5e3914df9e4c7,bksp,bkspa,66,401,564,467,498
5e3914df9e4c7,a,an,97,436,599,533,502
5e3914df9e4c7,n,nz,66,395,534,461,468
5e3914df9e4c7,z,za,73,195,337,268,264
5e3914df9e4c7,a,ameta1,69,250,403,319,334
5e3914df9e4c7,meta1,meta1@,84,436,616,520,532
5e3914df9e4c7,@,@normal,96,410,614,506,518
5e3914df9e4c7,normal,normalh,108,429,609,537,501
5e3914df9e4c7,h,ho,72,230,390,302,318
5e3914df9e4c7,o,ot,88,260,421,348,333
5e3914df9e4c7,t,tm,73,345,490,418,417
5e3914df9e4c7,m,ma,72,409,540,481,468
5e3914df9e4c7,a,ai,59,429,543,488,484
5e3914df9e4c7,i,il,55,209,353,264,298
5e3914df9e4c7,l,l.,89,300,455,389,366
5e3914df9e4c7,.,.c,66,381,517,447,451
5e3914df9e4c7,c,co,70,281,420,351,350
5e3914df9e4c7,o,om,69,210,350,279,281
5e3914df9e4c7,m,mbksp,71,5394,5574,5465,5503
5e3914df9e4c7,bksp,bkspbksp,109,126,290,235,181
5e3914df9e4c7,bksp,bkspbksp,55,92,241,147,186
5e3914df9e4c7,bksp,bkspbksp,94,71,242,165,148
5e3914df9e4c7,bksp,bkspbksp,77,90,228,167,151
5e3914df9e4c7,bksp,bkspbksp,61,89,228,150,167
5e3914df9e4c7,bksp,bkspbksp,78,73,243,151,165
5e3914df9e4c7,bksp,bkspbksp,92,98,245,190,153
5e3914df9e4c7,bksp,bkspbksp,55,121,223,176,168
5e3914df9e4c7,bksp,bkspbksp,47,66,195,113,148
5e3914df9e4c7,bksp,bkspbksp,82,270,416,352,334
5e3914df9e4c7,bksp,bkspbksp,64,71,230,135,166
5e3914df9e4c7,bksp,bkspbksp,95,71,277,166,182
5e3914df9e4c7,bksp,bkspbksp,111,127,294,238,183
5e3914df9e4c7,bksp,bkspbksp,56,113,221,169,165
5e3914df9e4c7,bksp,bkspx,52,999,1120,1051,1068
5e3914df9e4c7,x,xm,69,343,473,412,404
5e3914df9e4c7,m,ma,61,428,563,489,502
5e3914df9e4c7,a,an,74,656,819,730,745
5e3914df9e4c7,n,nz,89,393,541,482,452
5e3914df9e4c7,z,za,59,191,325,250,266
5e3914df9e4c7,a,ameta1,75,325,476,400,401
5e3914df9e4c7,meta1,meta1@,76,773,924,849,848
5e3914df9e4c7,@,@normal,75,795,942,870,867
5e3914df9e4c7,normal,normalh,72,547,687,619,615
5e3914df9e4c7,h,ho,68,230,352,298,284
5e3914df9e4c7,o,ot,54,312,440,366,386
5e3914df9e4c7,t,tm,74,395,522,469,448
5e3914df9e4c7,m,ma,53,412,553,465,500
5e3914df9e4c7,a,ai,88,413,587,501,499
5e3914df9e4c7,i,il,86,248,372,334,286
5e3914df9e4c7,l,l.,38,279,370,317,332
5e3914df9e4c7,.,.c,53,559,708,612,655
5e3914df9e4c7,c,cm,96,654,824,750,728
5e3914df9e4c7,m,mx,74,35398,35513,35472,35439
5e3914df9e4c7,x,xx,41,1596,1706,1637,1665
5e3914df9e4c7,x,xm,69,311,434,380,365
5e3914df9e4c7,m,ma,54,446,587,500,533
5e3914df9e4c7,a,an,87,465,636,552,549
5e3914df9e4c7,n,nz,84,377,521,461,437
5e3914df9e4c7,z,za,60,214,341,274,281
5e3914df9e4c7,a,ameta1,67,276,419,343,352
5e3914df9e4c7,meta1,meta1@,76,560,707,636,631
5e3914df9e4c7,@,@normal,71,400,564,471,493
5e3914df9e4c7,normal,normalh,93,493,683,586,590
5e3914df9e4c7,h,ho,97,211,363,308,266
5e3914df9e4c7,o,ot,55,313,424,368,369
5e3914df9e4c7,t,tm,56,344,473,400,417
5e3914df9e4c7,m,ma,73,459,624,532,551
5e3914df9e4c7,a,ai,92,447,606,539,514
5e3914df9e4c7,i,il,67,193,317,260,250
5e3914df9e4c7,l,l.,57,567,688,624,631
5e3914df9e4c7,.,.c,64,533,652,597,588
5e3914df9e4c7,c,co,55,324,438,379,383
5e3914df9e4c7,o,om,59,209,340,268,281
5e3914df9e4c7,m,mo,72,36751,36878,36823,36806
5e3914df9e4c7,o,ox,55,395,518,450,463
5e3914df9e4c7,x,xm,68,261,402,329,334
5e3914df9e4c7,m,ma,73,527,675,600,602
5e3914df9e4c7,a,an,75,876,1026,951,951
5e3914df9e4c7,n,nz,75,342,474,417,399
5e3914df9e4c7,z,za,57,175,325,232,268
5e3914df9e4c7,a,ameta1,93,226,392,319,299
5e3914df9e4c7,meta1,meta1@,73,481,618,554,545
5e3914df9e4c7,@,@normal,64,380,516,444,452
5e3914df9e4c7,normal,normalh,72,598,725,670,653
5e3914df9e4c7,h,ho,55,191,319,246,264
5e3914df9e4c7,o,ot,73,382,525,455,452
5e3914df9e4c7,t,tm,70,511,655,581,585
5e3914df9e4c7,m,ma,74,477,621,551,547
5e3914df9e4c7,a,ai,70,349,503,419,433
5e3914df9e4c7,i,il,84,198,333,282,249
5e3914df9e4c7,l,l.,51,278,402,329,351
5e3914df9e4c7,.,.c,73,414,543,487,470
5e3914df9e4c7,c,co,56,274,373,330,317
5e3914df9e4c7,o,om,43,227,341,270,298
5e3914df9e4c7,m,mn,71,-297612,-297483,-297541,-297554
5e39158464625,n,nu,58,267,363,325,305
5e39158464625,u,ut,38,143,235,181,197
5e39158464625,t,ts,54,632,740,686,686
5e39158464625,s,su,54,159,254,213,200
5e39158464625,u,ut,41,233,306,274,265
5e39158464625,t,to,32,91,198,123,166
5e39158464625,o,ometa1,75,229,358,304,283
5e39158464625,meta1,meta12,54,333,459,387,405
5e39158464625,2,2normal,72,785,903,857,831
5e39158464625,normal,normalnormal,46,965,1068,1011,1022
5e39158464625,normal,normalg,57,444,582,501,525
5e39158464625,g,gm,81,290,421,371,340
5e39158464625,m,mi,50,323,461,373,411
5e39158464625,i,ic,88,538,687,626,599
5e39158464625,c,co,61,150,312,211,251
5e39158464625,o,om,101,221,402,322,301
5e39158464625,m,mbksp,80,1480,1647,1560,1567
5e39158464625,bksp,bkspbksp,87,198,352,285,265
5e39158464625,bksp,bkspbksp,67,215,369,282,302
5e39158464625,bksp,bkspbksp,87,148,336,235,249
5e39158464625,bksp,bkspbksp,101,414,570,515,469
5e39158464625,bksp,bkspl,55,689,835,744,780
5e39158464625,l,l.,91,179,358,270,267
5e39158464625,.,.c,88,197,339,285,251
5e39158464625,c,co,54,183,319,237,265
5e39158464625,o,om,82,146,332,228,250
5e39158464625,m,mn,104,39252,39400,39356,39296
5e39158464625,n,nu,44,170,253,214,209
5e39158464625,u,ut,39,148,253,187,214
5e39158464625,t,ts,66,615,736,681,670
5e39158464625,s,su,55,126,236,181,181
5e39158464625,u,ut,55,181,288,236,233
5e39158464625,t,to,52,56,188,108,136
5e39158464625,o,ometa1,80,445,582,525,502
5e39158464625,meta1,meta12,57,293,421,350,364
5e39158464625,2,2@,71,197,323,268,252
5e39158464625,@,@g,55,878,988,933,933
5e39158464625,g,gm,55,263,404,318,349
5e39158464625,m,mi,86,257,368,343,282
5e39158464625,i,ip,25,145,259,170,234
5e39158464625,p,p.,89,160,354,249,265
5e39158464625,.,.c,105,164,321,269,216
5e39158464625,c,co,52,146,303,198,251
5e39158464625,o,om,105,164,354,269,249
5e39158464625,m,mbksp,85,2265,2407,2350,2322
5e39158464625,bksp,bkspbksp,57,120,271,177,214
5e39158464625,bksp,bkspbksp,94,106,279,200,185
5e39158464625,bksp,bkspbksp,79,144,311,223,232
5e39158464625,bksp,bkspbksp,88,1131,1305,1219,1217
5e39158464625,bksp,bkspbksp,86,127,283,213,197
5e39158464625,bksp,bkspl,70,786,939,856,869
5e39158464625,l,l.,83,148,350,231,267
5e39158464625,.,.c,119,163,350,282,231
5e39158464625,c,co,68,182,337,250,269
5e39158464625,o,om,87,162,338,249,251
5e39158464625,m,mbksp,89,2330,2476,2419,2387
5e39158464625,bksp,bkspbksp,57,124,270,181,213
5e39158464625,bksp,bkspbksp,89,88,288,177,199
5e39158464625,bksp,bkspbksp,111,90,293,201,182
5e39158464625,bksp,bkspbksp,92,91,292,183,200
5e39158464625,bksp,bkspbksp,109,80,278,189,169
5e39158464625,bksp,bkspbksp,89,111,304,200,215
5e39158464625,bksp,bkspbksp,104,474,668,578,564
5e39158464625,bksp,bkspi,90,1482,1661,1572,1571
5e39158464625,i,il,89,1393,1587,1482,1498
5e39158464625,l,l.,105,649,877,754,772
5e39158464625,.,.c,123,191,367,314,244
5e39158464625,c,co,53,166,320,219,267
5e39158464625,o,ok,101,132,351,233,250
5e39158464625,k,kbksp,118,668,906,786,788
5e39158464625,bksp,bkspm,120,129,332,249,212
5e39158464625,m,mn,83,33282,33403,33365,33320
5e39158464625,n,nu,38,195,320,233,282
5e39158464625,u,ut,87,131,304,218,217
5e39158464625,t,ts,86,314,505,400,419
5e39158464625,s,su,105,132,320,237,215
5e39158464625,u,ut,83,151,330,234,247
5e39158464625,t,to,96,70,248,166,152
5e39158464625,o,ometa1,82,702,856,784,774
5e39158464625,meta1,meta12,72,339,468,411,396
5e39158464625,2,2@,57,179,322,236,265
5e39158464625,@,@normal,86,281,424,367,338
5e39158464625,normal,normalg,57,490,604,547,547
5e39158464625,g,gm,57,311,474,368,417
5e39158464625,m,mi,106,394,569,500,463
5e39158464625,i,il,69,169,319,238,250
5e39158464625,l,lc,81,440,598,521,517
5e39158464625,c,co,77,90,276,167,199
5e39158464625,o,om,109,164,345,273,236
5e39158464625,m,mbksp,72,2029,2189,2101,2117
5e39158464625,bksp,bkspbksp,88,93,286,181,198
5e39158464625,bksp,bkspbksp,105,72,274,177,169
5e39158464625,bksp,bkspbksp,97,150,310,247,213
5e39158464625,bksp,bkspc,63,831,931,894,868
5e39158464625,c,co,37,532,656,569,619
5e39158464625,o,om,87,144,304,231,217
5e39158464625,m,mn,73,34421,34550,34494,34477
5e39158464625,n,nu,56,170,278,226,222
5e39158464625,u,ut,52,1135,1253,1187,1201
5e39158464625,t,ts,66,366,500,432,434
5e39158464625,s,sbksp,68,1149,1322,1217,1254
5e39158464625,bksp,bkspbksp,105,126,317,231,212
5e39158464625,bksp,bkspbksp,86,97,272,183,186
5e39158464625,bksp,bkspbksp,89,410,572,499,483
5e39158464625,bksp,bkspt,73,616,741,689,668
5e39158464625,t,ts,52,178,283,230,231
5e39158464625,s,su,53,90,236,143,183
5e39158464625,u,ut,93,163,309,256,216
5e39158464625,t,tmeta1,53,680,804,733,751
5e39158464625,meta1,meta12,71,328,472,399,401
5e39158464625,2,2normal,73,527,641,600,568
5e39158464625,normal,normalmeta1,41,990,1106,1031,1065
5e39158464625,meta1,meta1bksp,75,1754,1955,1829,1880
5e39158464625,bksp,bkspbksp,126,170,393,296,267
5e39158464625,bksp,bksp@,97,568,733,665,636
5e39158464625,@,@normal,68,330,454,398,386
5e39158464625,normal,normalg,56,644,770,700,714
5e39158464625,g,gm,70,316,469,386,399
5e39158464625,m,mi,83,350,484,433,401
5e39158464625,i,ip,51,129,283,180,232
5e39158464625,p,pc,103,321,505,424,402
5e39158464625,c,co,81,104,279,185,198
5e39158464625,o,om,94,198,377,292,283
5e39158464625,m,mbksp,85,1176,1320,1261,1235
5e39158464625,bksp,bkspbksp,59,106,260,165,201
5e39158464625,bksp,bkspbksp,95,75,261,170,166
5e39158464625,bksp,bkspbksp,91,74,258,165,167
5e39158464625,bksp,bkspbksp,93,89,276,182,183
5e39158464625,bksp,bkspbksp,94,70,260,164,166
5e39158464625,bksp,bkspbksp,96,328,497,424,401
5e39158464625,bksp,bkspbksp,73,620,755,693,682
5e39158464625,bksp,bkspc,62,1160,1264,1222,1202
5e39158464625,c,co,42,173,322,215,280
5e39158464625,o,om,107,182,377,289,270
5e39158464625,m,mmeta1,88,43120,43258,43208,43170
5e39158464625,meta1,meta10,50,376,517,426,467
5e39158464625,0,06,91,463,592,554,501
5e39158464625,6,64,38,308,376,346,338
5e39158464625,4,48,30,342,438,372,408
5e39158464625,8,87,66,179,317,245,251
5e39158464625,7,76,72,197,338,269,266
5e39158464625,6,65,69,244,355,313,286
5e39158464625,5,52,42,195,272,237,230
5e39158464625,2,22,35,114,186,149,151
5e39158464625,2,22,37,113,205,150,168
5e39158464625,2,2meta1,55,26881,26969,26936,26914
5e39158464625,meta1,meta10,33,479,621,512,588
5e39158464625,0,06,109,382,545,491,436
5e39158464625,6,64,54,246,329,300,275
5e39158464625,4,48,29,353,466,382,437
5e39158464625,8,87,84,134,250,218,166
5e39158464625,7,76,32,380,450,412,418
5e39158464625,6,65,38,332,438,370,400
5e39158464625,5,52,68,164,301,232,233
5e39158464625,2,22,69,97,267,166,198
5e39158464625,2,22,101,72,254,173,153
5e39158464625,2,2n,81,33176,33315,33257,33234
5e39158464625,n,nu,58,182,307,240,249
5e39158464625,u,ut,67,165,320,232,253
5e39158464625,t,ts,88,481,636,569,548
5e39158464625,s,su,67,382,503,449,436
5e39158464625,u,ut,54,264,386,318,332
5e39158464625,t,to,68,57,183,125,115
5e39158464625,o,ometa1,58,569,683,627,625
5e39158464625,meta1,meta12,56,356,468,412,412
5e39158464625,2,2normal,56,612,720,668,664
5e39158464625,normal,normalg,52,540,652,592,600
5e39158464625,g,gm,60,332,494,392,434
5e39158464625,m,mi,102,316,483,418,381
5e39158464625,i,ic,65,984,1100,1049,1035
5e39158464625,c,co,51,215,388,266,337
5e39158464625,o,om,122,242,450,364,328
5e39158464625,m,ma,86,2365,2540,2451,2454
5e39158464625,a,an,89,30679,30838,30768,30749
5e39158464625,n,nu,70,163,303,233,233
5e39158464625,u,ut,70,148,286,218,216
5e39158464625,t,ts,68,383,520,451,452
5e39158464625,s,su,69,130,287,199,218
5e39158464625,u,ut,88,230,355,318,267
5e39158464625,t,to,37,123,219,160,182
5e39158464625,o,ometa1,59,1034,1174,1093,1115
5e39158464625,meta1,meta12,81,380,520,461,439
5e39158464625,2,2@,59,278,408,337,349
5e39158464625,@,@normal,71,210,351,281,280
5e39158464625,normal,normalg,70,599,739,669,669
5e39158464625,g,gm,70,329,469,399,399
5e39158464625,m,mi,70,378,551,448,481
5e39158464625,i,ip,103,213,403,316,300
5e39158464625,p,pbksp,87,600,789,687,702
5e39158464625,bksp,bkspl,102,166,350,268,248
5e39158464625,l,l.,82,213,384,295,302
5e39158464625,.,.c,89,315,441,404,352
5e39158464625,c,co,37,195,333,232,296
5e39158464625,o,ok,101,149,369,250,268
5e39158464625,k,km,119,990,1185,1109,1066
5e39158464625,m,mbksp,76,940,1108,1016,1032
5e39158464625,bksp,bkspm,92,851,1011,943,919
5e39158464625,m,ma,68,1329,1484,1397,1416
5e39158464625,a,an,87,23931,24071,24018,23984
5e39158464625,n,nu,53,185,305,238,252
5e39158464625,u,ut,67,228,383,295,316
5e39158464625,t,ts,88,329,505,417,417
5e39158464625,s,su,88,180,354,268,266
5e39158464625,u,ut,86,195,335,281,249
5e39158464625,t,to,54,123,239,177,185
5e39158464625,o,ometa1,62,462,613,524,551
5e39158464625,meta1,meta12,89,311,491,400,402
5e39158464625,2,2@,91,178,371,269,280
5e39158464625,@,@normal,102,812,969,914,867
5e39158464625,normal,normalg,55,381,490,436,435
5e39158464625,g,gm,54,327,489,381,435
5e39158464625,m,mi,108,279,470,387,362
5e39158464625,i,il,83,199,382,282,299
5e39158464625,l,l.,100,530,706,630,606
5e39158464625,.,.c,76,1093,1207,1169,1131
5e39158464625,c,co,38,193,320,231,282
5e39158464625,o,om,89,168,338,257,249
5e39158464625,m,ma,81,1413,1551,1494,1470
5e39158464625,a,abksp,57,743,841,800,784
5e39158464625,bksp,bkspbksp,41,108,204,149,163
5e39158464625,bksp,bkspa,55,115,206,170,151
5e39158464625,a,ai,36,594,720,630,684
5e39158464625,i,in,90,31951,32107,32041,32017
5e39158464625,n,nu,66,216,350,282,284
5e39158464625,u,ut,68,148,300,216,232
5e39158464625,t,ts,84,297,438,381,354
5e39158464625,s,su,57,100,251,157,194
5e39158464625,u,ut,94,164,329,258,235
5e39158464625,t,to,71,60,204,131,133
5e39158464625,o,o2,73,718,893,791,820
5e39158464625,2,2@,102,212,401,314,299
5e39158464625,@,@normal,87,198,322,285,235
5e39158464625,normal,normalg,37,477,570,514,533
5e39158464625,g,gm,56,313,471,369,415
5e39158464625,m,mi,102,630,801,732,699
5e39158464625,i,ia,69,2298,2455,2367,2386
5e39158464625,a,ai,88,530,707,618,619
5e39158464625,i,il,89,226,385,315,296
5e39158464625,l,l.,70,1079,1271,1149,1201
5e39158464625,.,.c,122,150,335,272,213
5e39158464625,c,co,63,155,314,218,251
5e39158464625,o,om,96,155,347,251,251
5e39158464625,m,ms,96,-199640,-199438,-199544,-199534
5e3916401fdc6,s,sbksp,106,324,506,430,400
5e3916401fdc6,bksp,bksps,76,8193,8327,8269,8251
5e3916401fdc6,s,sk,58,301,437,359,379
5e3916401fdc6,k,ks,78,89,280,167,202
5e3916401fdc6,s,sbksp,113,793,998,906,885
5e3916401fdc6,bksp,bkspk,92,526,724,618,632
5e3916401fdc6,k,kd,106,344,556,450,450
5e3916401fdc6,d,da,106,144,339,250,233
5e3916401fdc6,a,ameta1,89,627,805,716,716
5e3916401fdc6,meta1,meta12,89,362,492,451,403
5e3916401fdc6,2,20,41,360,476,401,435
5e3916401fdc6,0,00,75,106,255,181,180
5e3916401fdc6,0,07,74,161,340,235,266
5e3916401fdc6,7,79,105,71,288,176,183
5e3916401fdc6,9,9@,112,1194,1367,1306,1255
5e3916401fdc6,@,@normal,61,272,394,333,333
5e3916401fdc6,normal,normalg,61,457,607,518,546
5e3916401fdc6,g,gm,89,121,322,210,233
5e3916401fdc6,m,ma,112,110,296,222,184
5e3916401fdc6,a,ai,74,94,255,168,181
5e3916401fdc6,i,il,87,113,256,200,169
5e3916401fdc6,l,l.,56,626,777,682,721
5e3916401fdc6,.,.c,95,424,594,519,499
5e3916401fdc6,c,co,75,89,255,164,180
5e3916401fdc6,o,om,91,90,272,181,181
5e3916401fdc6,m,ms,91,34879,35043,34970,34952
5e3916401fdc6,s,sk,73,336,526,409,453
5e3916401fdc6,k,kd,117,51,265,168,148
5e3916401fdc6,d,da,97,125,333,222,236
5e3916401fdc6,a,abksp,111,1925,2126,2036,2015
5e3916401fdc6,bksp,bkspk,90,616,807,706,717
5e3916401fdc6,k,kd,101,343,518,444,417
5e3916401fdc6,d,da,74,192,372,266,298
5e3916401fdc6,a,ameta1,106,528,724,634,618
5e3916401fdc6,meta1,meta12,90,342,505,432,415
5e3916401fdc6,2,20,73,613,761,686,688
5e3916401fdc6,0,00,75,89,254,164,179
5e3916401fdc6,0,07,90,363,560,453,470
5e3916401fdc6,7,79,107,90,271,197,164
5e3916401fdc6,9,9@,74,912,1075,986,1001
5e3916401fdc6,@,@normal,89,193,355,282,266
5e3916401fdc6,normal,normalg,73,377,511,450,438
5e3916401fdc6,g,gm,61,158,290,219,229
5e3916401fdc6,m,ma,71,141,305,212,234
5e3916401fdc6,a,ai,93,95,257,188,164
5e3916401fdc6,i,il,69,107,256,176,187
5e3916401fdc6,l,l.,80,481,614,561,534
5e3916401fdc6,.,.c,53,478,604,531,551
5e3916401fdc6,c,co,73,104,253,177,180
5e3916401fdc6,o,om,76,110,259,186,183
5e3916401fdc6,m,ms,73,44829,44974,44902,44901
5e3916401fdc6,s,sa,72,145,293,217,221
5e3916401fdc6,a,ak,76,93,258,169,182
5e3916401fdc6,k,kd,89,125,304,214,215
5e3916401fdc6,d,da,90,94,290,184,200
5e3916401fdc6,a,ameta1,106,510,692,616,586
5e3916401fdc6,meta1,meta12,76,291,459,367,383
5e3916401fdc6,2,20,92,490,641,582,549
5e3916401fdc6,0,00,59,126,241,185,182
5e3916401fdc6,0,07,56,378,538,434,482
5e3916401fdc6,7,79,104,360,554,464,450
5e3916401fdc6,9,9@,90,745,924,835,834
5e3916401fdc6,@,@normal,89,176,372,265,283
5e3916401fdc6,normal,normalg,107,442,610,549,503
5e3916401fdc6,g,gm,61,157,291,218,230
5e3916401fdc6,m,mi,73,346,505,419,432
5e3916401fdc6,i,il,86,119,288,205,202
5e3916401fdc6,l,lbksp,83,1996,2154,2079,2071
5e3916401fdc6,bksp,bksp.,75,359,525,434,450
5e3916401fdc6,.,.c,91,741,921,832,830
5e3916401fdc6,c,co,89,92,239,181,150
5e3916401fdc6,o,om,58,121,258,179,200
5e3916401fdc6,m,ms,79,34462,34650,34541,34571
5e3916401fdc6,s,sa,109,108,307,217,198
5e3916401fdc6,a,ak,90,475,640,565,550
5e3916401fdc6,k,ks,75,160,341,235,266
5e3916401fdc6,s,sa,106,126,327,232,221
5e3916401fdc6,a,ameta1,95,273,456,368,361
5e3916401fdc6,meta1,meta1bksp,88,994,1141,1082,1053
5e3916401fdc6,bksp,bkspd,59,910,1058,969,999
5e3916401fdc6,d,da,89,141,340,230,251
5e3916401fdc6,a,ameta1,110,208,375,318,265
5e3916401fdc6,meta1,meta12,57,377,543,434,486
5e3916401fdc6,2,20,109,309,496,418,387
5e3916401fdc6,0,00,78,119,271,197,193
5e3916401fdc6,0,06,74,146,326,220,252
5e3916401fdc6,6,69,106,126,304,232,198
5e3916401fdc6,9,9bksp,72,551,691,623,619
5e3916401fdc6,bksp,bkspbksp,68,393,549,461,481
5e3916401fdc6,bksp,bksp7,88,529,709,617,621
5e3916401fdc6,7,79,92,98,273,190,181
5e3916401fdc6,9,9@,83,376,566,459,483
5e3916401fdc6,@,@normal,107,293,505,400,398
5e3916401fdc6,normal,normalg,105,414,594,519,489
5e3916401fdc6,g,gm,75,141,306,216,231
5e3916401fdc6,m,mi,90,345,487,435,397
5e3916401fdc6,i,io,52,146,253,198,201
5e3916401fdc6,o,obksp,55,278,406,333,351
5e3916401fdc6,bksp,bkspbksp,73,95,224,168,151
5e3916401fdc6,bksp,bkspbksp,56,120,206,176,150
5e3916401fdc6,bksp,bkspm,30,844,963,874,933
5e3916401fdc6,m,mbksp,89,261,441,350,352
5e3916401fdc6,bksp,bkspm,91,1509,1677,1600,1586
5e3916401fdc6,m,ma,77,88,241,165,164
5e3916401fdc6,a,al,76,304,458,380,382
5e3916401fdc6,l,ll,78,777,948,855,870
5e3916401fdc6,l,l.,93,578,742,671,649
5e3916401fdc6,.,.c,71,427,587,498,516
5e3916401fdc6,c,co,89,127,271,216,182
5e3916401fdc6,o,om,55,70,223,125,168
5e3916401fdc6,m,ms,98,29683,29852,29781,29754
5e3916401fdc6,s,sa,71,106,274,177,203
5e3916401fdc6,a,ak,97,53,261,150,164
5e3916401fdc6,k,ks,111,36,262,147,151
5e3916401fdc6,s,sa,115,90,297,205,182
5e3916401fdc6,a,abksp,92,463,613,555,521
5e3916401fdc6,bksp,bkspbksp,58,106,236,164,178
5e3916401fdc6,bksp,bkspd,72,465,641,537,569
5e3916401fdc6,d,dmeta1,104,392,568,496,464
5e3916401fdc6,meta1,meta12,72,345,493,417,421
5e3916401fdc6,2,20,76,310,443,386,367
5e3916401fdc6,0,00,57,107,236,164,179
5e3916401fdc6,0,07,72,161,305,233,233
5e3916401fdc6,7,79,72,114,256,186,184
5e3916401fdc6,9,9&,70,298,423,368,353
5e3916401fdc6,&,&@,55,426,552,481,497
5e3916401fdc6,@,@bksp,71,919,1054,990,983
5e3916401fdc6,bksp,bksp@,64,1078,1220,1142,1156
5e3916401fdc6,@,@g,78,859,1027,937,949
5e3916401fdc6,g,gm,90,124,305,214,215
5e3916401fdc6,m,ma,91,70,274,161,183
5e3916401fdc6,a,ai,113,75,244,188,131
5e3916401fdc6,i,il,56,127,227,183,171
5e3916401fdc6,l,l.,44,559,695,603,651
5e3916401fdc6,.,.c,92,291,457,383,365
5e3916401fdc6,c,co,74,107,223,181,149
5e3916401fdc6,o,ok,42,87,244,129,202
5e3916401fdc6,k,kbksp,115,756,982,871,867
5e3916401fdc6,bksp,bkspm,111,139,341,250,230
5e3916401fdc6,m,ms,91,34448,34611,34539,34520
5e3916401fdc6,s,sa,72,109,270,181,198
5e3916401fdc6,a,ak,89,54,237,143,148
5e3916401fdc6,k,kd,94,89,246,183,152
5e3916401fdc6,d,da,63,128,280,191,217
5e3916401fdc6,a,ameta1,89,894,1056,983,967
5e3916401fdc6,meta1,meta12,73,327,457,400,384
5e3916401fdc6,2,20,57,302,439,359,382
5e3916401fdc6,0,00,80,105,282,185,202
5e3916401fdc6,0,07,97,145,328,242,231
5e3916401fdc6,7,79,86,123,287,209,201
5e3916401fdc6,9,9@,78,1144,1297,1222,1219
5e3916401fdc6,@,@normal,75,243,421,318,346
5e3916401fdc6,normal,normalg,103,480,656,583,553
5e3916401fdc6,g,gm,73,141,340,214,267
5e3916401fdc6,m,ma,126,123,341,249,215
5e3916401fdc6,a,ai,92,128,290,220,198
5e3916401fdc6,i,il,70,107,257,177,187
5e3916401fdc6,l,l.,80,542,712,622,632
5e3916401fdc6,.,.c,90,442,591,532,501
5e3916401fdc6,c,co,59,127,242,186,183
5e3916401fdc6,o,om,56,104,255,160,199
5e3916401fdc6,m,ms,95,27915,28081,28010,27986
5e3916401fdc6,s,sa,71,110,286,181,215
5e3916401fdc6,a,ak,105,70,256,175,151
5e3916401fdc6,k,kd,81,93,245,174,164
5e3916401fdc6,d,da,71,129,289,200,218
5e3916401fdc6,a,a2,89,847,993,936,904
5e3916401fdc6,2,20,57,326,456,383,399
5e3916401fdc6,0,00,73,108,237,181,164
5e3916401fdc6,0,07,56,163,308,219,252
5e3916401fdc6,7,79,89,102,253,191,164
5e3916401fdc6,9,9@,62,178,312,240,250
5e3916401fdc6,@,@normal,72,328,473,400,401
5e3916401fdc6,normal,normalg,73,364,494,437,421
5e3916401fdc6,g,gm,57,192,339,249,282
5e3916401fdc6,m,ma,90,124,272,214,182
5e3916401fdc6,a,ai,58,110,241,168,183
5e3916401fdc6,i,il,73,121,274,194,201
5e3916401fdc6,l,l.,80,426,580,506,500
5e3916401fdc6,.,.c,74,391,539,465,465
5e3916401fdc6,c,co,74,111,225,185,151
5e3916401fdc6,o,om,40,160,240,200,200
5e3916401fdc6,m,ms,40,29264,29375,29304,29335
5e3916401fdc6,s,sa,71,126,270,197,199
5e3916401fdc6,a,ak,73,89,237,162,164
5e3916401fdc6,k,kd,75,113,241,188,166
5e3916401fdc6,d,da,53,147,271,200,218
5e3916401fdc6,a,a2,71,1250,1427,1321,1356
5e3916401fdc6,2,20,106,156,333,262,227
5e3916401fdc6,0,00,71,114,224,185,153
5e3916401fdc6,0,07,39,175,273,214,234
5e3916401fdc6,7,79,59,349,490,408,431
5e3916401fdc6,9,9@,82,678,818,760,736
5e3916401fdc6,@,@g,58,710,807,768,749
5e3916401fdc6,g,gm,39,175,273,214,234
5e3916401fdc6,m,ma,59,158,292,217,233
5e3916401fdc6,a,ai,75,161,305,236,230
5e3916401fdc6,i,il,69,146,239,215,170
5e3916401fdc6,l,l.,24,644,708,668,684
5e3916401fdc6,.,.c,40,471,545,511,505
5e3916401fdc6,c,co,34,170,277,204,243
5e3916401fdc6,o,om,73,88,240,161,167
5e3916401fdc6,m,ms,79,29448,29611,29527,29532
5e3916401fdc6,s,sa,84,90,286,174,202
5e3916401fdc6,a,ak,112,36,231,148,119
5e3916401fdc6,k,kd,83,51,230,134,147
5e3916401fdc6,d,da,96,95,264,191,168
5e3916401fdc6,a,ameta1,73,825,960,898,887
5e3916401fdc6,meta1,meta12,62,342,463,404,401
5e3916401fdc6,2,20,59,423,572,482,513
5e3916401fdc6,0,00,90,90,257,180,167
5e3916401fdc6,0,07,77,184,326,261,249
5e3916401fdc6,7,79,65,122,280,187,215
5e3916401fdc6,9,9@,93,849,1012,942,919
5e3916401fdc6,@,@normal,70,191,384,261,314
5e3916401fdc6,normal,normalm,123,591,773,714,650
5e3916401fdc6,m,ma,59,212,362,271,303
5e3916401fdc6,a,ai,91,142,307,233,216
5e3916401fdc6,i,il,74,94,239,168,165
5e3916401fdc6,l,l.,71,511,656,582,585
5e3916401fdc6,.,.c,74,427,532,501,458
5e3916401fdc6,c,co,31,168,272,199,241
5e3916401fdc6,o,ok,73,72,257,145,184
5e3916401fdc6,k,km,112,1124,1317,1236,1205
5e3916401fdc6,m,ms,81,27944,28092,28025,28011
5e3916401fdc6,s,sa,67,116,284,183,217
5e3916401fdc6,a,ak,101,20,202,121,101
5e3916401fdc6,k,kd,81,106,233,187,152
5e3916401fdc6,d,da,46,86,244,132,198
5e3916401fdc6,a,ameta1,112,846,1030,958,918
5e3916401fdc6,meta1,meta12,72,410,542,482,470
5e3916401fdc6,2,20,60,308,440,368,380
5e3916401fdc6,0,00,72,127,254,199,182
5e3916401fdc6,0,07,55,178,324,233,269
5e3916401fdc6,7,79,91,87,255,178,164
5e3916401fdc6,9,9@,77,526,663,603,586
5e3916401fdc6,@,@normal,60,476,625,536,565
5e3916401fdc6,normal,normalg,89,379,556,468,467
5e3916401fdc6,g,gm,88,145,319,233,231
5e3916401fdc6,m,ma,86,90,255,176,169
5e3916401fdc6,a,ai,79,92,262,171,183
5e3916401fdc6,i,il,91,89,258,180,167
5e3916401fdc6,l,l.,78,461,631,539,553
5e3916401fdc6,.,.c,92,424,611,516,519
5e3916401fdc6,c,co,95,123,273,218,178
5e3916401fdc6,o,op,55,-385208,-385080,-385153,-385135
5e391648ea733,p,pp,73,129,240,202,167
5e391648ea733,p,pp,38,83,185,121,147
5e391648ea733,p,pr,64,881,1001,945,937
5e391648ea733,r,ro,56,363,489,419,433
5e391648ea733,o,ometa1,70,1442,1565,1512,1495
5e391648ea733,meta1,meta15,53,552,662,605,609
5e391648ea733,5,56,57,84,217,141,160
5e391648ea733,6,67,76,128,246,204,170
5e391648ea733,7,7@,42,826,926,868,884
5e391648ea733,@,@normal,58,578,690,636,632
5e391648ea733,normal,normalg,54,510,605,564,551
5e391648ea733,g,gm,41,279,401,320,360
5e391648ea733,m,ma,81,417,570,498,489
5e391648ea733,a,ai,72,422,539,494,467
5e391648ea733,i,il,45,194,278,239,233
5e391648ea733,l,l.,39,438,555,477,516
5e391648ea733,.,.c,78,1082,1244,1160,1166
5e391648ea733,c,co,84,385,532,469,448
5e391648ea733,o,om,63,498,653,561,590
5e391648ea733,m,mp,92,39430,39563,39522,39471
5e391648ea733,p,pp,41,82,167,123,126
5e391648ea733,p,pp,44,149,212,193,168
5e391648ea733,p,pr,19,614,688,633,669
5e391648ea733,r,ro,55,345,438,400,383
5e391648ea733,o,ometa1,38,425,518,463,480
5e391648ea733,meta1,meta15,55,498,593,553,538
5e391648ea733,5,56,40,144,221,184,181
5e391648ea733,6,67,37,109,201,146,164
5e391648ea733,7,7@,55,1649,1763,1704,1708
5e391648ea733,@,@normal,59,391,503,450,444
5e391648ea733,normal,normalg,53,410,521,463,468
5e391648ea733,g,gm,58,260,375,318,317
5e391648ea733,m,ma,57,376,474,433,417
5e391648ea733,a,ai,41,426,541,467,500
5e391648ea733,i,il,74,127,240,201,166
5e391648ea733,l,l.,39,278,390,317,351
5e391648ea733,.,.v,73,591,700,664,627
5e391648ea733,v,vc,36,1322,1426,1358,1390
5e391648ea733,c,co,68,342,484,410,416
5e391648ea733,o,om,74,162,288,236,214
5e391648ea733,m,mp,52,42700,42822,42752,42770
5e391648ea733,p,pp,70,111,221,181,151
5e391648ea733,p,pp,40,124,206,164,166
5e391648ea733,p,pr,42,663,795,705,753
5e391648ea733,r,ro,90,427,575,517,485
5e391648ea733,o,ometa1,58,575,689,633,631
5e391648ea733,meta1,meta15,56,476,605,532,549
5e391648ea733,5,56,73,127,253,200,180
5e391648ea733,6,67,53,147,240,200,187
5e391648ea733,7,7@,40,727,837,767,797
5e391648ea733,@,@normal,70,481,606,551,536
5e391648ea733,normal,normalg,55,444,558,499,503
5e391648ea733,g,gm,59,302,437,361,378
5e391648ea733,m,ma,76,381,515,457,439
5e391648ea733,a,ai,58,443,558,501,500
5e391648ea733,i,il,57,174,270,231,213
5e391648ea733,l,l.,39,312,409,351,370
5e391648ea733,.,.c,58,510,654,568,596
5e391648ea733,c,co,86,396,538,482,452
5e391648ea733,o,om,56,207,337,263,281
5e391648ea733,m,mp,74,35215,35358,35289,35284
5e391648ea733,p,pp,69,104,236,173,167
5e391648ea733,p,pp,63,67,178,130,115
5e391648ea733,p,pr,48,620,785,668,737
5e391648ea733,r,ro,117,243,415,360,298
5e391648ea733,o,ometa1,55,563,690,618,635
5e391648ea733,meta1,meta15,72,678,843,750,771
5e391648ea733,5,56,93,107,289,200,196
5e391648ea733,6,67,89,125,255,214,166
5e391648ea733,7,7normal,41,1577,1673,1618,1632
5e391648ea733,normal,normalg,55,463,590,518,535
5e391648ea733,g,gm,72,330,489,402,417
5e391648ea733,m,ma,87,129,321,216,234
5e391648ea733,a,ai,105,378,558,483,453
5e391648ea733,i,il,75,176,322,251,247
5e391648ea733,l,lc,71,709,853,780,782
5e391648ea733,c,cm,73,631,742,704,669
5e391648ea733,m,mbksp,38,1590,1662,1628,1624
5e391648ea733,bksp,bksp.,34,1451,1543,1485,1509
5e391648ea733,.,.c,58,661,807,719,749
5e391648ea733,c,co,88,426,556,514,468
5e391648ea733,o,om,42,226,324,268,282
5e391648ea733,m,mp,56,35296,35392,35352,35336
5e391648ea733,p,pp,40,112,190,152,150
5e391648ea733,p,pp,38,102,170,140,132
5e391648ea733,p,pr,30,683,765,713,735
5e391648ea733,r,ro,52,411,553,463,501
5e391648ea733,o,ometa1,90,410,552,500,462
5e391648ea733,meta1,meta15,52,530,637,582,585
5e391648ea733,5,56,55,113,237,168,182
5e391648ea733,6,67,69,145,256,214,187
5e391648ea733,7,7normal,42,394,507,436,465
5e391648ea733,normal,normalmeta1,71,3427,3571,3498,3500
5e391648ea733,meta1,meta1@,73,1079,1225,1152,1152
5e391648ea733,@,@normal,73,376,504,449,431
5e391648ea733,normal,normalg,55,896,1011,951,956
5e391648ea733,g,gm,60,358,456,418,396
5e391648ea733,m,ma,38,179,302,217,264
5e391648ea733,a,ai,85,366,537,451,452
5e391648ea733,i,il,86,210,351,296,265
5e391648ea733,l,l.,55,413,559,468,504
5e391648ea733,.,.c,91,770,938,861,847
5e391648ea733,c,co,77,380,543,457,466
5e391648ea733,o,om,86,283,406,369,320
5e391648ea733,m,mp,37,48648,48753,48685,48716
5e391648ea733,p,pp,68,93,217,161,149
5e391648ea733,p,pp,56,105,205,161,149
5e391648ea733,p,pr,44,715,800,759,756
5e391648ea733,r,ro,41,459,557,500,516
5e391648ea733,o,ometa1,57,536,669,593,612
5e391648ea733,meta1,meta15,76,516,679,592,603
5e391648ea733,5,56,87,145,286,232,199
5e391648ea733,6,67,54,146,240,200,186
5e391648ea733,7,7normal,40,980,1088,1020,1048
5e391648ea733,normal,normalg,68,462,589,530,521
5e391648ea733,g,gm,59,328,442,387,383
5e391648ea733,m,ma,55,427,519,482,464
5e391648ea733,a,ai,37,430,536,467,499
5e391648ea733,i,il,69,163,285,232,216
5e391648ea733,l,l.,53,429,522,482,469
5e391648ea733,.,.c,40,511,639,551,599
5e391648ea733,c,cm,88,646,788,734,700
5e391648ea733,m,mp,54,42333,42479,42387,42425
5e391648ea733,p,pp,92,66,250,158,158
5e391648ea733,p,pp,92,74,213,166,121
5e391648ea733,p,pr,47,695,778,742,731
5e391648ea733,r,ro,36,484,559,520,523
5e391648ea733,o,ometa1,39,1409,1499,1448,1460
5e391648ea733,meta1,meta15,51,494,601,545,550
5e391648ea733,5,56,56,131,239,187,183
5e391648ea733,6,67,52,162,243,214,191
5e391648ea733,7,7@,29,775,871,804,842
5e391648ea733,@,@meta2,67,465,602,532,535
5e391648ea733,meta2,meta2normal,70,929,1057,999,987
5e391648ea733,normal,normalg,58,575,692,633,634
5e391648ea733,g,gm,59,340,455,399,396
5e391648ea733,m,ma,56,444,560,500,504
5e391648ea733,a,ai,60,459,574,519,514
5e391648ea733,i,il,55,295,398,350,343
5e391648ea733,l,l.,48,1282,1390,1330,1342
5e391648ea733,.,.c,60,624,757,684,697
5e391648ea733,c,co,73,362,493,435,420
5e391648ea733,o,om,58,292,408,350,350
5e391648ea733,m,mp,58,34176,34306,34234,34248
5e391648ea733,p,pp,72,90,221,162,149
5e391648ea733,p,pp,59,57,161,116,102
5e391648ea733,p,pr,45,777,877,822,832
5e391648ea733,r,ro,55,399,523,454,468
5e391648ea733,o,ometa1,69,481,622,550,553
5e391648ea733,meta1,meta15,72,443,553,515,481
5e391648ea733,5,56,38,162,253,200,215
5e391648ea733,6,67,53,142,237,195,184
5e391648ea733,7,7normal,42,431,559,473,517
5e391648ea733,normal,normalmeta1,86,405,554,491,468
5e391648ea733,meta1,meta1@,63,1359,1481,1422,1418
5e391648ea733,@,@normal,59,740,873,799,814
5e391648ea733,normal,normalg,74,547,657,621,583
5e391648ea733,g,gm,36,344,453,380,417
5e391648ea733,m,ma,73,445,576,518,503
5e391648ea733,a,ai,58,461,558,519,500
5e391648ea733,i,i.,39,842,938,881,899
5e391648ea733,.,.c,57,943,1076,1000,1019
5e391648ea733,c,co,76,392,536,468,460
5e391648ea733,o,om,68,195,320,263,252
5e391648ea733,m,mp,57,33430,33577,33487,33520
5e391648ea733,p,pp,90,161,291,251,201
5e391648ea733,p,pp,40,123,205,163,165
5e391648ea733,p,pr,42,564,645,606,603
5e391648ea733,r,ro,39,443,517,482,478
5e391648ea733,o,ometa1,35,683,782,718,747
5e391648ea733,meta1,meta15,64,473,566,537,502
5e391648ea733,5,56,29,370,448,399,419
5e391648ea733,6,68,49,304,434,353,385
5e391648ea733,8,87,81,1275,1415,1356,1334
5e391648ea733,7,7@,59,1459,1607,1518,1548
5e391648ea733,@,@normal,89,435,589,524,500
5e391648ea733,normal,normalg,65,493,633,558,568
5e391648ea733,g,gm,75,397,508,472,433
5e391648ea733,m,ma,36,498,589,534,553
5e391648ea733,a,ai,55,440,569,495,514
5e391648ea733,i,ibksp,74,1547,1680,1621,1606
5e391648ea733,bksp,bkspl,59,673,791,732,732
5e391648ea733,l,l.,59,623,740,682,681
5e391648ea733,.,.c,58,728,858,786,800
5e391648ea733,c,co,72,427,556,499,484
5e391648ea733,o,om,57,358,488,415,431
5e391648ea733,m,mp,73,34916,35043,34989,34970
5e391648ea733,p,pp,54,84,201,138,147
5e391648ea733,p,pp,63,74,195,137,132
5e391648ea733,p,pr,58,767,878,825,820
5e391648ea733,r,ro,53,478,623,531,570
5e391648ea733,o,ometa1,92,671,821,763,729
5e391648ea733,meta1,meta15,58,479,610,537,552
5e391648ea733,5,56,73,127,271,200,198
5e391648ea733,6,67,71,111,253,182,182
5e391648ea733,7,7normal,71,447,570,518,499
5e391648ea733,normal,normalmeta1,52,997,1101,1049,1049
5e391648ea733,meta1,meta1@,52,781,906,833,854
5e391648ea733,@,@meta2,73,364,507,437,434
5e391648ea733,meta2,meta2normal,70,579,708,649,638
5e391648ea733,normal,normalg,59,554,672,613,613
5e391648ea733,g,gm,59,360,492,419,433
5e391648ea733,m,ma,73,440,573,513,500
5e391648ea733,a,ai,60,495,626,555,566
5e391648ea733,i,il,71,1498,1624,1569,1553
5e391648ea733,l,l.,55,526,653,581,598
5e391648ea733,.,.c,72,524,670,596,598
5e391648ea733,c,co,74,390,540,464,466
5e391648ea733,o,om,76,145,275,221,199
5e391648ea733,m,me,54,-363328,-363234,-363274,-363288
5e3916ad65d61,e,er,40,284,388,324,348
5e3916ad65d61,r,ry,64,123,245,187,181
5e3916ad65d61,y,yh,58,399,495,457,437
5e3916ad65d61,h,h.,38,480,572,518,534
5e3916ad65d61,.,.n,54,360,451,414,397
5e3916ad65d61,n,nc,37,380,487,417,450
5e3916ad65d61,c,ch,70,123,253,193,183
5e3916ad65d61,h,hh,60,478,609,538,549
5e3916ad65d61,h,ho,71,89,221,160,150
5e3916ad65d61,o,od,61,163,279,224,218
5e3916ad65d61,d,dbksp,55,1641,1736,1696,1681
5e3916ad65d61,bksp,bkspspace,40,449,1928,489,1888
5e3916ad65d61,space,spacebksp,1439,393,1907,1832,468
5e3916ad65d61,bksp,bkspbksp,75,211,322,286,247
5e3916ad65d61,bksp,bkspbksp,36,327,438,363,402
5e3916ad65d61,bksp,bkspbksp,75,94,223,169,148
5e3916ad65d61,bksp,bkspbksp,54,1578,1688,1632,1634
5e3916ad65d61,bksp,bkspbksp,56,72,172,128,116
5e3916ad65d61,bksp,bkspbksp,44,69,159,113,115
5e3916ad65d61,bksp,bkspbksp,46,53,184,99,138
5e3916ad65d61,bksp,bkspbksp,85,50,182,135,97
5e3916ad65d61,bksp,bkspbksp,47,72,180,119,133
5e3916ad65d61,bksp,bkspbksp,61,70,177,131,116
5e3916ad65d61,bksp,bkspbksp,46,73,179,119,133
5e3916ad65d61,bksp,bkspbksp,60,74,210,134,150
5e3916ad65d61,bksp,bkspbksp,76,57,195,133,119
5e3916ad65d61,bksp,bkspt,62,696,796,758,734
5e3916ad65d61,t,tg,38,86,168,124,130
5e3916ad65d61,g,g.,44,381,498,425,454
5e3916ad65d61,.,.n,73,245,372,318,299
5e3916ad65d61,n,nc,54,222,318,276,264
5e3916ad65d61,c,ch,42,131,210,173,168
5e3916ad65d61,h,hbksp,37,1379,1472,1416,1435
5e3916ad65d61,bksp,bkspbksp,56,52,170,108,114
5e3916ad65d61,bksp,bkspbksp,62,74,166,136,104
5e3916ad65d61,bksp,bkspbksp,30,66,178,96,148
5e3916ad65d61,bksp,bkspbksp,82,261,402,343,320
5e3916ad65d61,bksp,bkspbksp,59,392,508,451,449
5e3916ad65d61,bksp,bksph,57,294,424,351,367
5e3916ad65d61,h,h.,73,677,806,750,733
5e3916ad65d61,.,.n,56,208,335,264,279
5e3916ad65d61,n,nc,71,357,506,428,435
5e3916ad65d61,c,ch,78,144,294,222,216
5e3916ad65d61,h,hp,72,310,458,382,386
5e3916ad65d61,p,ph,76,160,289,236,213
5e3916ad65d61,h,ho,53,110,206,163,153
5e3916ad65d61,o,od,43,166,274,209,231
5e3916ad65d61,d,dmeta1,65,1563,1684,1628,1619
5e3916ad65d61,meta1,meta1@,56,1158,1246,1214,1190
5e3916ad65d61,@,@normal,32,118,223,150,191
5e3916ad65d61,normal,normalbksp,73,1028,1142,1101,1069
5e3916ad65d61,bksp,bkspbksp,41,54,155,95,114
5e3916ad65d61,bksp,bkspbksp,60,164,294,224,234
5e3916ad65d61,bksp,bkspbksp,70,73,203,143,133
5e3916ad65d61,bksp,bkspbksp,60,170,293,230,233
5e3916ad65d61,bksp,bkspa,63,930,1067,993,1004
5e3916ad65d61,a,ap,74,295,409,369,335
5e3916ad65d61,p,ph,40,291,388,331,348
5e3916ad65d61,h,ho,57,106,238,163,181
5e3916ad65d61,o,od,75,163,325,238,250
5e3916ad65d61,d,dmeta1,87,2493,2639,2580,2552
5e3916ad65d61,meta1,meta1@,59,745,875,804,816
5e3916ad65d61,@,@normal,71,55,186,126,115
5e3916ad65d61,normal,normalg,60,497,629,557,569
5e3916ad65d61,g,gm,72,86,237,158,165
5e3916ad65d61,m,ma,79,72,247,151,168
5e3916ad65d61,a,ai,96,79,212,175,116
5e3916ad65d61,i,il,37,147,252,184,215
5e3916ad65d61,l,l.,68,716,869,784,801
5e3916ad65d61,.,.c,85,164,318,249,233
5e3916ad65d61,c,co,69,90,205,159,136
5e3916ad65d61,o,om,46,161,245,207,199
5e3916ad65d61,m,me,38,43481,43553,43519,43515
5e3916ad65d61,e,er,34,502,588,536,554
5e3916ad65d61,r,rt,52,165,252,217,200
5e3916ad65d61,t,th,35,156,235,191,200
5e3916ad65d61,h,h.,44,447,580,491,536
5e3916ad65d61,.,.bksp,89,857,988,946,899
5e3916ad65d61,bksp,bkspbksp,42,70,158,112,116
5e3916ad65d61,bksp,bkspbksp,46,52,143,98,97
5e3916ad65d61,bksp,bkspbksp,45,73,179,118,134
5e3916ad65d61,bksp,bkspbksp,61,342,495,403,434
5e3916ad65d61,bksp,bkspbksp,92,436,576,528,484
5e3916ad65d61,bksp,bkspa,48,560,666,608,618
5e3916ad65d61,a,ar,58,879,1009,937,951
5e3916ad65d61,r,rt,72,228,368,300,296
5e3916ad65d61,t,th,68,114,234,182,166
5e3916ad65d61,h,h.,52,597,721,649,669
5e3916ad65d61,.,.n,72,229,371,301,299
5e3916ad65d61,n,nc,70,280,403,350,333
5e3916ad65d61,c,cbksp,53,682,804,735,751
5e3916ad65d61,bksp,bkspa,69,195,321,264,252
5e3916ad65d61,a,ac,57,530,640,587,583
5e3916ad65d61,c,ch,53,180,286,233,233
5e3916ad65d61,h,ha,53,578,721,631,668
5e3916ad65d61,a,ap,90,547,706,637,616
5e3916ad65d61,p,ph,69,111,234,180,165
5e3916ad65d61,h,ho,54,129,270,183,216
5e3916ad65d61,o,od,87,163,321,250,234
5e3916ad65d61,d,dmeta1,71,596,741,667,670
5e3916ad65d61,meta1,meta1@,74,345,488,419,414
5e3916ad65d61,@,@normal,69,94,218,163,149
5e3916ad65d61,normal,normalg,55,396,506,451,451
5e3916ad65d61,g,gm,55,213,322,268,267
5e3916ad65d61,m,mi,54,306,437,360,383
5e3916ad65d61,i,il,77,126,259,203,182
5e3916ad65d61,l,l.,56,262,408,318,352
5e3916ad65d61,.,.i,90,1496,1642,1586,1552
5e3916ad65d61,i,i.,56,320,436,376,380
5e3916ad65d61,.,.c,60,128,227,188,167
5e3916ad65d61,c,co,39,70,155,109,116
5e3916ad65d61,o,om,46,145,231,191,185
5e3916ad65d61,m,mbksp,40,1080,1157,1120,1117
5e3916ad65d61,bksp,bkspbksp,37,385,485,422,448
5e3916ad65d61,bksp,bkspbksp,63,265,382,328,319
5e3916ad65d61,bksp,bkspbksp,54,295,405,349,351
5e3916ad65d61,bksp,bkspl,56,458,570,514,514
5e3916ad65d61,l,l.,56,230,340,286,284
5e3916ad65d61,.,.c,54,146,255,200,201
5e3916ad65d61,c,co,55,108,220,163,165
5e3916ad65d61,o,om,57,212,323,269,266
5e3916ad65d61,m,me,54,34048,34177,34102,34123
5e3916ad65d61,e,er,75,437,589,512,514
5e3916ad65d61,r,rt,77,229,376,306,299
5e3916ad65d61,t,th,70,353,472,423,402
5e3916ad65d61,h,h.,49,828,947,877,898
5e3916ad65d61,.,.n,70,230,389,300,319
5e3916ad65d61,n,na,89,72,237,161,148
5e3916ad65d61,a,ac,76,204,304,280,228
5e3916ad65d61,c,ch,24,172,263,196,239
5e3916ad65d61,h,hp,67,328,467,395,400
5e3916ad65d61,p,ph,72,220,353,292,281
5e3916ad65d61,h,ho,61,105,246,166,185
5e3916ad65d61,o,od,80,162,282,242,202
5e3916ad65d61,d,dmeta1,40,2095,2193,2135,2153
5e3916ad65d61,meta1,meta1@,58,357,488,415,430
5e3916ad65d61,@,@normal,73,130,257,203,184
5e3916ad65d61,normal,normalg,54,423,553,477,499
5e3916ad65d61,g,gm,76,312,479,388,403
5e3916ad65d61,m,mi,91,385,518,476,427
5e3916ad65d61,i,il,42,242,346,284,304
5e3916ad65d61,l,la,62,622,764,684,702
5e3916ad65d61,a,abksp,80,463,608,543,528
5e3916ad65d61,bksp,bkspbksp,65,68,199,133,134
5e3916ad65d61,bksp,bkspa,66,513,670,579,604
5e3916ad65d61,a,ai,91,202,371,293,280
5e3916ad65d61,i,il,78,316,447,394,369
5e3916ad65d61,l,l.,53,545,684,598,631
5e3916ad65d61,.,.c,86,233,385,319,299
5e3916ad65d61,c,co,66,244,354,310,288
5e3916ad65d61,o,om,44,211,309,255,265
5e3916ad65d61,m,ma,54,36104,36248,36158,36194
5e3916ad65d61,a,ar,90,242,403,332,313
5e3916ad65d61,r,rt,71,215,339,286,268
5e3916ad65d61,t,th,53,165,270,218,217
5e3916ad65d61,h,h.,52,644,771,696,719
5e3916ad65d61,.,.n,75,260,423,335,348
5e3916ad65d61,n,na,88,144,304,232,216
5e3916ad65d61,a,ac,72,329,490,401,418
5e3916ad65d61,c,ch,89,161,320,250,231
5e3916ad65d61,h,ha,70,179,340,249,270
5e3916ad65d61,a,ap,91,228,388,319,297
5e3916ad65d61,p,ph,69,163,269,232,200
5e3916ad65d61,h,ho,37,171,288,208,251
5e3916ad65d61,o,od,80,250,382,330,302
5e3916ad65d61,d,dmeta1,52,329,452,381,400
5e3916ad65d61,meta1,meta1@,71,1977,2106,2048,2035
5e3916ad65d61,@,@normal,58,67,203,125,145
5e3916ad65d61,normal,normalg,78,398,533,476,455
5e3916ad65d61,g,gm,57,104,252,161,195
5e3916ad65d61,m,ma,91,848,1010,939,919
5e3916ad65d61,a,ai,71,447,620,518,549
5e3916ad65d61,i,il,102,77,251,179,149
5e3916ad65d61,l,l.,72,713,856,785,784
5e3916ad65d61,.,.c,71,264,376,335,305
5e3916ad65d61,c,co,41,356,440,397,399
5e3916ad65d61,o,om,43,175,274,218,231
5e3916ad65d61,m,me,56,36553,36659,36609,36603
5e3916ad65d61,e,ea,50,175,299,225,249
5e3916ad65d61,a,ar,74,162,307,236,233
5e3916ad65d61,r,rt,71,279,422,350,351
5e3916ad65d61,t,th,72,192,320,264,248
5e3916ad65d61,h,h.,56,794,909,850,853
5e3916ad65d61,.,.n,59,396,524,455,465
5e3916ad65d61,n,na,69,180,337,249,268
5e3916ad65d61,a,ac,88,195,352,283,264
5e3916ad65d61,c,ch,69,180,337,249,268
5e3916ad65d61,h,hp,88,420,553,508,465
5e3916ad65d61,p,ph,45,137,262,182,217
5e3916ad65d61,h,ho,80,141,298,221,218
5e3916ad65d61,o,od,77,127,261,204,184
5e3916ad65d61,d,dmeta1,57,806,923,863,866
5e3916ad65d61,meta1,meta1@,60,512,629,572,569
5e3916ad65d61,@,@normal,57,104,238,161,181
5e3916ad65d61,normal,normalg,77,414,547,491,470
5e3916ad65d61,g,gm,56,206,370,262,314
5e3916ad65d61,m,mi,108,348,508,456,400
5e3916ad65d61,i,il,52,147,267,199,215
5e3916ad65d61,l,l.,68,763,903,831,835
5e3916ad65d61,.,.c,72,529,672,601,600
5e3916ad65d61,c,cm,71,328,452,399,381
5e3916ad65d61,m,me,53,28351,28472,28404,28419
5e3916ad65d61,e,ea,68,181,302,249,234
5e3916ad65d61,a,ar,53,228,337,281,284
5e3916ad65d61,r,rt,56,162,272,218,216
5e3916ad65d61,t,th,54,196,288,250,234
5e3916ad65d61,h,h.,38,311,423,349,385
5e3916ad65d61,.,.n,74,877,1010,951,936
5e3916ad65d61,n,na,59,190,358,249,299
5e3916ad65d61,a,ac,109,174,341,283,232
5e3916ad65d61,c,ch,58,1559,1691,1617,1633
5e3916ad65d61,h,ha,74,261,408,335,334
5e3916ad65d61,a,ap,73,843,1022,916,949
5e3916ad65d61,p,ph,106,193,371,299,265
5e3916ad65d61,h,ho,72,198,340,270,268
5e3916ad65d61,o,od,70,161,269,231,199
5e3916ad65d61,d,dmeta1,38,261,361,299,323
5e3916ad65d61,meta1,meta1@,62,340,475,402,413
5e3916ad65d61,@,@normal,73,176,322,249,249
5e3916ad65d61,normal,normalg,73,363,473,436,400
5e3916ad65d61,g,gm,37,846,937,883,900
5e3916ad65d61,m,ma,54,162,304,216,250
5e3916ad65d61,a,ai,88,177,305,265,217
5e3916ad65d61,i,il,40,159,240,199,200
5e3916ad65d61,l,l.,41,628,725,669,684
5e3916ad65d61,.,.c,56,263,405,319,349
5e3916ad65d61,c,co,86,127,285,213,199
5e3916ad65d61,o,om,72,195,295,267,223
5e3916ad65d61,m,me,28,28262,28358,28290,28330
5e3916ad65d61,e,ea,68,331,468,399,400
5e3916ad65d61,a,ar,69,144,267,213,198
5e3916ad65d61,r,rt,54,91,221,145,167
5e3916ad65d61,t,th,76,629,761,705,685
5e3916ad65d61,h,h.,56,262,358,318,302
5e3916ad65d61,.,.n,40,242,353,282,313
5e3916ad65d61,n,na,71,147,305,218,234
5e3916ad65d61,a,ac,87,164,320,251,233
5e3916ad65d61,c,ch,69,147,243,216,174
5e3916ad65d61,h,hp,27,374,454,401,427
5e3916ad65d61,p,ph,53,150,251,203,198
5e3916ad65d61,h,ho,48,139,282,187,234
5e3916ad65d61,o,od,95,102,278,197,183
5e3916ad65d61,d,dmeta1,81,1566,1706,1647,1625
5e3916ad65d61,meta1,meta1@,59,739,857,798,798
5e3916ad65d61,@,@normal,59,99,220,158,161
5e3916ad65d61,normal,normalg,62,412,546,474,484
5e3916ad65d61,g,gm,72,196,338,268,266
5e3916ad65d61,m,ma,70,175,321,245,251
5e3916ad65d61,a,ai,76,106,225,182,149
5e3916ad65d61,i,il,43,149,243,192,200
5e3916ad65d61,l,l.,51,461,585,512,534
5e3916ad65d61,.,.c,73,178,339,251,266
5e3916ad65d61,c,co,88,71,221,159,133
5e3916ad65d61,o,om,62,129,245,191,183
5e3916ad65d61,m,me,54,32885,32978,32939,32924
5e3916ad65d61,e,ea,39,124,234,163,195
5e3916ad65d61,a,ar,71,108,221,179,150
5e3916ad65d61,r,rt,42,129,211,171,169
5e3916ad65d61,t,th,40,146,239,186,199
5e3916ad65d61,h,h.,53,647,755,700,702
5e3916ad65d61,.,.n,55,214,335,269,280
5e3916ad65d61,n,na,66,96,218,162,152
5e3916ad65d61,a,ac,56,182,273,238,217
5e3916ad65d61,c,ch,35,120,216,155,181
5e3916ad65d61,h,ha,61,107,213,168,152
5e3916ad65d61,a,ap,45,163,246,208,201
5e3916ad65d61,p,ph,38,212,275,250,237
5e3916ad65d61,h,ho,25,139,203,164,178
5e3916ad65d61,o,od,39,165,239,204,200
5e3916ad65d61,d,dmeta1,35,2084,2168,2119,2133
5e3916ad65d61,meta1,meta1@,49,290,387,339,338
5e3916ad65d61,@,@normal,48,142,245,190,197
5e3916ad65d61,normal,normalg,55,393,484,448,429
5e3916ad65d61,g,gm,36,182,289,218,253
5e3916ad65d61,m,mi,71,392,520,463,449
5e3916ad65d61,i,il,57,148,231,205,174
5e3916ad65d61,l,l.,26,591,688,617,662
5e3916ad65d61,.,.c,71,162,302,233,231
5e3916ad65d61,c,co,69,112,220,181,151
5e3916ad65d61,o,om,39,127,207,166,168
5e3916ad65d61,m,me,41,26328,26408,26369,26367
5e3916ad65d61,e,ea,39,146,256,185,217
5e3916ad65d61,a,ar,71,201,336,272,265
5e3916ad65d61,r,rt,64,104,232,168,168
5e3916ad65d61,t,th,64,141,263,205,199
5e3916ad65d61,h,h.,58,665,781,723,723
5e3916ad65d61,.,.n,58,206,336,264,278
5e3916ad65d61,n,na,72,109,256,181,184
5e3916ad65d61,a,ac,75,148,293,223,218
5e3916ad65d61,c,ch,70,158,286,228,216
5e3916ad65d61,h,ha,58,88,205,146,147
5e3916ad65d61,a,ap,59,445,562,504,503
5e3916ad65d61,p,ph,58,142,241,200,183
5e3916ad65d61,h,ho,41,70,173,111,132
5e3916ad65d61,o,od,62,91,213,153,151
5e3916ad65d61,d,dmeta1,60,540,694,600,634
5e3916ad65d61,meta1,meta1@,94,742,895,836,801
5e3916ad65d61,@,@normal,59,76,191,135,132
5e3916ad65d61,normal,normalg,56,545,639,601,583
5e3916ad65d61,g,gm,38,145,255,183,217
5e3916ad65d61,m,ma,72,53,207,125,135
5e3916ad65d61,a,ai,82,111,248,193,166
5e3916ad65d61,i,il,55,182,266,237,211
5e3916ad65d61,l,l.,29,567,635,596,606
5e3916ad65d61,.,.c,39,195,286,234,247
5e3916ad65d61,c,co,52,117,204,169,152
5e3916ad65d61,o,om,35,122,200,157,165
5e3916ad65d61,m,me,43,28115,28228,28158,28185
5e3916ad65d61,e,ea,70,137,235,207,165
5e3916ad65d61,a,ar,28,119,195,147,167
5e3916ad65d61,r,rt,48,103,199,151,151
5e3916ad65d61,t,th,48,121,218,169,170
5e3916ad65d61,h,h.,49,613,733,662,684
5e3916ad65d61,.,.n,71,129,253,200,182
5e3916ad65d61,n,na,53,105,220,158,167
5e3916ad65d61,a,ac,62,144,259,206,197
5e3916ad65d61,c,ch,53,126,238,179,185
5e3916ad65d61,h,ha,59,70,192,129,133
5e3916ad65d61,a,ap,63,179,295,242,232
5e3916ad65d61,p,ph,53,132,221,185,168
5e3916ad65d61,h,ho,36,161,222,197,186
5e3916ad65d61,o,od,25,179,233,204,208
5e3916ad65d61,d,dmeta1,29,234,318,263,289
5e3916ad65d61,meta1,meta1@,55,481,573,536,518
5e3916ad65d61,@,@normal,37,118,234,155,197
5e3916ad65d61,normal,normalg,79,513,650,592,571
5e3916ad65d61,g,gm,58,109,239,167,181
5e3916ad65d61,m,ma,72,90,222,162,150
5e3916ad65d61,a,al,60,265,378,325,318
5e3916ad65d61,l,l.,53,178,271,231,218
5e3916ad65d61,.,.c,40,178,287,218,247
5e3916ad65d61,c,co,69,96,203,165,134
5e3916ad65d61,o,om,38,139,237,177,199
5e3916ad65d61,m,mbksp,60,1136,1245,1196,1185
5e3916ad65d61,bksp,bkspbksp,49,69,165,118,116
5e3916ad65d61,bksp,bkspbksp,47,70,149,117,102
5e3916ad65d61,bksp,bkspbksp,32,104,165,136,133
5e3916ad65d61,bksp,bkspbksp,29,50,161,79,132
5e3916ad65d61,bksp,bkspbksp,82,36,197,118,115
5e3916ad65d61,bksp,bkspbksp,79,814,950,893,871
5e3916ad65d61,bksp,bkspi,57,259,371,316,314
5e3916ad65d61,i,il,55,112,195,167,140
5e3916ad65d61,l,l.,28,437,524,465,496
5e3916ad65d61,.,.c,59,244,347,303,288
5e3916ad65d61,c,co,44,100,202,144,158
5e3916ad65d61,o,om,58,162,261,220,203
5e3916ad65d61,m,ms,41,-247137,-247026,-247096,-247067
5e391760f3a2f,s,su,70,107,267,177,197
5e391760f3a2f,u,un,90,181,309,271,219
5e391760f3a2f,n,nd,38,182,303,220,265
5e391760f3a2f,d,de,83,136,283,219,200
5e391760f3a2f,e,ee,64,59,198,123,134
5e391760f3a2f,e,emeta1,75,1101,1229,1176,1154
5e391760f3a2f,meta1,meta14,53,580,703,633,650
5e391760f3a2f,4,44,70,54,200,124,130
5e391760f3a2f,4,42,76,249,378,325,302
5e391760f3a2f,2,2normal,53,896,990,949,937
5e391760f3a2f,normal,normalg,41,1009,1087,1050,1046
5e391760f3a2f,g,gm,37,404,502,441,465
5e391760f3a2f,m,ma,61,167,313,228,252
5e391760f3a2f,a,ai,85,107,250,192,165
5e391760f3a2f,i,il,58,151,259,209,201
5e391760f3a2f,l,l.,50,799,885,849,835
5e391760f3a2f,.,.c,36,313,451,349,415
5e391760f3a2f,c,co,102,78,250,180,148
5e391760f3a2f,o,on,70,109,255,179,185
5e391760f3a2f,n,nbksp,76,921,1096,997,1020
5e391760f3a2f,bksp,bkspm,99,104,280,203,181
5e391760f3a2f,m,ms,77,48367,48530,48444,48453
5e391760f3a2f,s,su,86,246,416,332,330
5e391760f3a2f,u,un,84,284,436,368,352
5e391760f3a2f,n,nd,68,281,451,349,383
5e391760f3a2f,d,de,102,180,309,282,207
5e391760f3a2f,e,ee,27,373,459,400,432
5e391760f3a2f,e,eR,59,1660,1773,1719,1714
5e391760f3a2f,R,Rmeta1,54,1327,1441,1381,1387
5e391760f3a2f,meta1,meta14,60,739,840,799,780
5e391760f3a2f,4,44,41,121,221,162,180
5e391760f3a2f,4,42,59,167,291,226,232
5e391760f3a2f,2,2normal,65,185,287,250,222
5e391760f3a2f,normal,normalmeta1,37,512,616,549,579
5e391760f3a2f,meta1,meta1@,67,546,650,613,583
5e391760f3a2f,@,@normal,37,72,171,109,134
5e391760f3a2f,normal,normalg,62,1215,1347,1277,1285
5e391760f3a2f,g,gm,70,432,603,502,533
5e391760f3a2f,m,mi,101,374,566,475,465
5e391760f3a2f,i,il,91,92,261,183,170
5e391760f3a2f,l,l.,78,164,277,242,199
5e391760f3a2f,.,.c,35,683,801,718,766
5e391760f3a2f,c,co,83,136,300,219,217
5e391760f3a2f,o,om,81,120,265,201,184
5e391760f3a2f,m,ms,64,48168,48268,48232,48204
5e391760f3a2f,s,su,36,179,300,215,264
5e391760f3a2f,u,un,85,264,405,349,320
5e391760f3a2f,n,nd,56,179,304,235,248
5e391760f3a2f,d,de,69,232,337,301,268
5e391760f3a2f,e,ee,36,105,184,141,148
5e391760f3a2f,e,emeta1,43,1316,1419,1359,1376
5e391760f3a2f,meta1,meta14,60,616,751,676,691
5e391760f3a2f,4,44,75,81,223,156,148
5e391760f3a2f,4,42,67,219,383,286,316
5e391760f3a2f,2,2@,97,86,282,183,185
5e391760f3a2f,@,@normal,99,105,281,204,182
5e391760f3a2f,normal,normalg,77,762,912,839,835
5e391760f3a2f,g,gm,73,415,557,488,484
5e391760f3a2f,m,mi,69,325,451,394,382
5e391760f3a2f,i,il,57,149,242,206,185
5e391760f3a2f,l,lbksp,36,2294,2387,2330,2351
5e391760f3a2f,bksp,bkspbksp,57,291,421,348,364
5e391760f3a2f,bksp,bkspa,73,542,690,615,617
5e391760f3a2f,a,ai,75,462,626,537,551
5e391760f3a2f,i,il,89,93,255,182,166
5e391760f3a2f,l,l.,73,245,374,318,301
5e391760f3a2f,.,.c,56,244,390,300,334
5e391760f3a2f,c,co,90,93,254,183,164
5e391760f3a2f,o,om,71,92,238,163,167
5e391760f3a2f,m,ms,75,40135,40278,40210,40203
5e391760f3a2f,s,su,68,211,351,279,283
5e391760f3a2f,u,un,72,150,288,222,216
5e391760f3a2f,n,nd,66,92,252,158,186
5e391760f3a2f,d,de,94,161,343,255,249
5e391760f3a2f,e,ee,88,74,221,162,133
5e391760f3a2f,e,emeta1,59,311,442,370,383
5e391760f3a2f,meta1,meta14,72,764,908,836,836
5e391760f3a2f,4,44,72,72,237,144,165
5e391760f3a2f,4,42,93,165,343,258,250
5e391760f3a2f,2,2@,85,245,386,330,301
5e391760f3a2f,@,@normal,56,226,353,282,297
5e391760f3a2f,normal,normalg,71,685,810,756,739
5e391760f3a2f,g,gm,54,409,534,463,480
5e391760f3a2f,m,ma,71,90,239,161,168
5e391760f3a2f,a,ai,78,110,244,188,166
5e391760f3a2f,i,il,56,145,256,201,200
5e391760f3a2f,l,lm,55,231,321,286,266
5e391760f3a2f,m,m.,35,824,933,859,898
5e391760f3a2f,.,.l,74,1029,1193,1103,1119
5e391760f3a2f,l,ll,90,98,241,188,151
5e391760f3a2f,l,lbksp,53,253,369,306,316
5e391760f3a2f,bksp,bkspbksp,63,620,760,683,697
5e391760f3a2f,bksp,bksp.,77,1464,1598,1541,1521
5e391760f3a2f,.,.c,57,708,873,765,816
5e391760f3a2f,c,co,108,110,305,218,197
5e391760f3a2f,o,om,87,132,272,219,185
5e391760f3a2f,m,ms,53,47119,47258,47172,47205
5e391760f3a2f,s,su,86,416,587,502,501
5e391760f3a2f,u,un,85,145,300,230,215
5e391760f3a2f,n,nd,70,70,221,140,151
5e391760f3a2f,d,de,81,329,482,410,401
5e391760f3a2f,e,ee,72,74,238,146,166
5e391760f3a2f,e,e4,92,1114,1263,1206,1171
5e391760f3a2f,4,44,57,102,218,159,161
5e391760f3a2f,4,42,59,185,296,244,237
5e391760f3a2f,2,2@,52,181,298,233,246
5e391760f3a2f,@,@normal,65,198,348,263,283
5e391760f3a2f,normal,normalg,85,770,906,855,821
5e391760f3a2f,g,gm,51,415,519,466,468
5e391760f3a2f,m,ma,53,258,402,311,349
5e391760f3a2f,a,ai,91,110,254,201,163
5e391760f3a2f,i,il,53,148,256,201,203
5e391760f3a2f,l,l.,55,679,820,734,765
5e391760f3a2f,.,.c,86,333,538,419,452
5e391760f3a2f,c,co,119,74,252,193,133
5e391760f3a2f,o,om,59,130,242,189,183
5e391760f3a2f,m,ms,53,36302,36427,36355,36374
5e391760f3a2f,s,su,72,613,752,685,680
5e391760f3a2f,u,un,67,232,368,299,301
5e391760f3a2f,n,nd,69,114,268,183,199
5e391760f3a2f,d,de,85,164,336,249,251
5e391760f3a2f,e,ee,87,70,252,157,165
5e391760f3a2f,e,emeta1,95,498,665,593,570
5e391760f3a2f,meta1,meta14,72,1005,1152,1077,1080
5e391760f3a2f,4,44,75,69,226,144,151
5e391760f3a2f,4,42,82,198,368,280,286
5e391760f3a2f,2,2@,88,1011,1184,1099,1096
5e391760f3a2f,@,@normal,85,247,401,332,316
5e391760f3a2f,normal,normalg,69,698,840,767,771
5e391760f3a2f,g,gm,73,342,487,415,414
5e391760f3a2f,m,mi,72,303,458,375,386
5e391760f3a2f,i,il,83,110,265,193,182
5e391760f3a2f,l,li,72,1737,1891,1809,1819
5e391760f3a2f,i,il,82,158,311,240,229
5e391760f3a2f,l,l.,71,698,860,769,789
5e391760f3a2f,.,.c,91,178,368,269,277
5e391760f3a2f,c,co,99,122,318,221,219
5e391760f3a2f,o,on,97,126,278,223,181
5e391760f3a2f,n,nbksp,55,701,861,756,806
5e391760f3a2f,bksp,bkspm,105,153,301,258,196
5e391760f3a2f,m,ms,43,32652,32748,32695,32705
5e391760f3a2f,s,su,53,213,349,266,296
5e391760f3a2f,u,un,83,131,282,214,199
5e391760f3a2f,n,nd,68,91,237,159,169
5e391760f3a2f,d,de,78,180,343,258,265
5e391760f3a2f,e,ee,85,71,237,156,152
5e391760f3a2f,e,emeta1,81,515,652,596,571
5e391760f3a2f,meta1,meta14,56,574,702,630,646
5e391760f3a2f,4,44,72,97,237,169,165
5e391760f3a2f,4,42,68,182,303,250,235
5e391760f3a2f,2,2normal,53,479,602,532,549
5e391760f3a2f,normal,normalg,70,648,786,718,716
5e391760f3a2f,g,gm,68,351,475,419,407
5e391760f3a2f,m,mi,56,233,348,289,292
5e391760f3a2f,i,il,59,109,243,168,184
5e391760f3a2f,l,lbksp,75,1404,1542,1479,1467
5e391760f3a2f,bksp,bkspbksp,63,495,600,558,537
5e391760f3a2f,bksp,bkspi,42,576,706,618,664
5e391760f3a2f,i,il,88,149,290,237,202
5e391760f3a2f,l,l.,53,749,870,802,817
5e391760f3a2f,.,.c,68,295,467,363,399
5e391760f3a2f,c,co,104,57,253,161,149
5e391760f3a2f,o,on,92,91,243,183,151
5e391760f3a2f,n,nbksp,60,629,775,689,715
5e391760f3a2f,bksp,bkspm,86,130,271,216,185
5e391760f3a2f,m,ms,55,35183,35304,35238,35249
5e391760f3a2f,s,su,66,284,421,350,355
5e391760f3a2f,u,un,71,145,267,216,196
5e391760f3a2f,n,nd,51,165,270,216,219
5e391760f3a2f,d,de,54,183,319,237,265
5e391760f3a2f,e,ee,82,58,232,140,150
5e391760f3a2f,e,emeta1,92,500,663,592,571
5e391760f3a2f,meta1,meta14,71,496,787,567,716
5e391760f3a2f,4,42,220,193,483,413,263
5e391760f3a2f,2,24,70,2098,2225,2168,2155
5e391760f3a2f,4,42,57,225,352,282,295
5e391760f3a2f,2,2@,70,1081,1223,1151,1153
5e391760f3a2f,@,@normal,72,246,386,318,314
5e391760f3a2f,normal,normalg,68,749,875,817,807
5e391760f3a2f,g,gm,58,407,522,465,464
5e391760f3a2f,m,mq,57,179,261,236,204
5e391760f3a2f,q,qbksp,25,1338,1434,1363,1409
5e391760f3a2f,bksp,bkspbksp,71,97,272,168,201
5e391760f3a2f,bksp,bkspa,104,764,922,868,818
5e391760f3a2f,a,ai,54,311,435,365,381
5e391760f3a2f,i,il,70,130,252,200,182
5e391760f3a2f,l,l.,52,616,739,668,687
5e391760f3a2f,.,.c,71,260,439,331,368
5e391760f3a2f,c,co,108,55,254,163,146
5e391760f3a2f,o,om,91,108,261,199,170
5e391760f3a2f,m,ms,62,41215,41361,41277,41299
5e391760f3a2f,s,su,84,183,353,267,269
5e391760f3a2f,u,un,86,147,285,233,199
5e391760f3a2f,n,nd,52,107,234,159,182
5e391760f3a2f,d,de,75,198,364,273,289
5e391760f3a2f,e,ee,91,71,220,162,129
5e391760f3a2f,e,emeta1,58,429,575,487,517
5e391760f3a2f,meta1,meta14,88,511,725,599,637
5e391760f3a2f,4,44,126,17,254,143,128
5e391760f3a2f,4,42,111,279,461,390,350
5e391760f3a2f,2,2@,71,833,988,904,917
5e391760f3a2f,@,@g,84,1350,1502,1434,1418
5e391760f3a2f,g,gm,68,462,618,530,550
5e391760f3a2f,m,ma,88,181,338,269,250
5e391760f3a2f,a,ai,69,162,285,231,216
5e391760f3a2f,i,il,54,147,239,201,185
5e391760f3a2f,l,l.,38,561,672,599,634
5e391760f3a2f,.,.c,73,346,489,419,416
5e391760f3a2f,c,co,70,147,269,217,199
5e391760f3a2f,o,om,52,312,439,364,387
5e391760f3a2f,m,ms,75,39514,39658,39589,39583
5e391760f3a2f,s,su,69,212,366,281,297
5e391760f3a2f,u,un,85,151,285,236,200
5e391760f3a2f,n,nd,49,173,281,222,232
5e391760f3a2f,d,de,59,169,311,228,252
5e391760f3a2f,e,ee,83,79,233,162,150
5e391760f3a2f,e,emeta1,71,452,622,523,551
5e391760f3a2f,meta1,meta14,99,535,882,634,783
5e391760f3a2f,4,42,248,179,466,427,218
5e391760f3a2f,2,24,39,1890,2039,1929,2000
5e391760f3a2f,4,42,110,215,392,325,282
5e391760f3a2f,2,2@,67,297,436,364,369
5e391760f3a2f,@,@normal,72,277,421,349,349
5e391760f3a2f,normal,normalg,72,798,906,870,834
5e391760f3a2f,g,gm,36,396,488,432,452
5e391760f3a2f,m,mi,56,1145,1270,1201,1214
5e391760f3a2f,i,ia,69,1181,1337,1250,1268
5e391760f3a2f,a,ai,87,478,638,565,551
5e391760f3a2f,i,il,73,174,337,247,264
5e391760f3a2f,l,l.,90,295,458,385,368
5e391760f3a2f,.,.c,73,377,556,450,483
5e391760f3a2f,c,co,106,195,403,301,297
5e391760f3a2f,o,on,102,166,337,268,235
5e391760f3a2f,n,nm,69,830,968,899,899
5e391760f3a2f,m,mp,69,-399934,-399795,-399865,-399864
5e3917b6b269d,p,pa,70,417,540,487,470
5e3917b6b269d,a,ak,53,408,505,461,452
5e3917b6b269d,k,kd,44,626,711,670,667
5e3917b6b269d,d,de,41,140,235,181,194
5e3917b6b269d,e,ee,54,94,194,148,140
5e3917b6b269d,e,eshift,46,986,1092,1032,1046
5e3917b6b269d,shift,shiftmeta1,60,728,852,788,792
5e3917b6b269d,meta1,meta1meta2,64,857,981,921,917
5e3917b6b269d,meta2,meta2_,60,416,521,476,461
5e3917b6b269d,_,_meta1,45,689,796,734,751
5e3917b6b269d,meta1,meta12,62,488,609,550,547
5e3917b6b269d,2,25,59,330,442,389,383
5e3917b6b269d,5,54,53,121,233,174,180
5e3917b6b269d,4,41,59,197,295,256,236
5e3917b6b269d,1,1@,39,679,761,718,722
5e3917b6b269d,@,@normal,43,760,853,803,810
5e3917b6b269d,normal,normalh,50,579,700,629,650
5e3917b6b269d,h,ho,71,399,510,470,439
5e3917b6b269d,o,ot,40,641,736,681,696
5e3917b6b269d,t,tm,55,413,507,468,452
5e3917b6b269d,m,ma,39,413,498,452,459
5e3917b6b269d,a,ai,46,471,572,517,526
5e3917b6b269d,i,i.,55,671,768,726,713
5e3917b6b269d,.,.c,42,427,509,469,467
5e3917b6b269d,c,co,40,328,439,368,399
5e3917b6b269d,o,om,71,153,287,224,216
5e3917b6b269d,m,mbksp,63,2325,2465,2388,2402
5e3917b6b269d,bksp,bkspbksp,77,114,257,191,180
5e3917b6b269d,bksp,bkspbksp,66,109,233,175,167
5e3917b6b269d,bksp,bkspbksp,58,109,243,167,185
5e3917b6b269d,bksp,bkspbksp,76,227,344,303,268
5e3917b6b269d,bksp,bkspl,41,541,642,582,601
5e3917b6b269d,l,l.,60,578,686,638,626
5e3917b6b269d,.,.c,48,451,539,499,491
5e3917b6b269d,c,co,40,392,489,432,449
5e3917b6b269d,o,om,57,282,381,339,324
5e3917b6b269d,m,mp,42,40614,40708,40656,40666
5e3917b6b269d,p,pa,52,484,583,536,531
5e3917b6b269d,a,ak,47,413,512,460,465
5e3917b6b269d,k,kd,52,579,688,631,636
5e3917b6b269d,d,de,57,138,236,195,179
5e3917b6b269d,e,ee,41,103,191,144,150
5e3917b6b269d,e,eshift,47,1243,1348,1290,1301
5e3917b6b269d,shift,shiftmeta1,58,779,900,837,842
5e3917b6b269d,meta1,meta1meta2,63,301,423,364,360
5e3917b6b269d,meta2,meta2_,59,440,544,499,485
5e3917b6b269d,_,_meta1,45,624,729,669,684
5e3917b6b269d,meta1,meta12,60,428,555,488,495
5e3917b6b269d,2,25,67,314,435,381,368
5e3917b6b269d,5,54,54,126,218,180,164
5e3917b6b269d,4,41,38,208,307,246,269
5e3917b6b269d,1,1@,61,1145,1245,1206,1184
5e3917b6b269d,@,@normal,39,431,502,470,463
5e3917b6b269d,normal,normalh,32,546,635,578,603
5e3917b6b269d,h,ho,57,226,324,283,267
5e3917b6b269d,o,ot,41,277,375,318,334
5e3917b6b269d,t,tm,57,593,708,650,651
5e3917b6b269d,m,ma,58,381,492,439,434
5e3917b6b269d,a,ai,53,446,565,499,512
5e3917b6b269d,i,il,66,286,401,352,335
5e3917b6b269d,l,l.,49,901,989,950,940
5e3917b6b269d,.,.c,39,472,550,511,511
5e3917b6b269d,c,co,39,317,422,356,383
5e3917b6b269d,o,obksp,66,1266,1398,1332,1332
5e3917b6b269d,bksp,bkspm,66,165,260,231,194
5e3917b6b269d,m,mp,29,32712,32785,32741,32756
5e3917b6b269d,p,pa,44,400,496,444,452
5e3917b6b269d,a,ak,52,365,458,417,406
5e3917b6b269d,k,kd,41,462,565,503,524
5e3917b6b269d,d,de,62,136,262,198,200
5e3917b6b269d,e,ee,64,88,198,152,134
5e3917b6b269d,e,eshift,46,1052,1155,1098,1109
5e3917b6b269d,shift,shiftmeta1,57,390,506,447,449
5e3917b6b269d,meta1,meta1meta2,59,556,657,615,598
5e3917b6b269d,meta2,meta2_,42,442,556,484,514
5e3917b6b269d,_,_meta1,72,629,758,701,686
5e3917b6b269d,meta1,meta12,57,411,537,468,480
5e3917b6b269d,2,25,69,292,421,361,352
5e3917b6b269d,5,54,60,123,241,183,181
5e3917b6b269d,4,41,58,199,309,257,251
5e3917b6b269d,1,1@,52,879,972,931,920
5e3917b6b269d,@,@normal,41,976,1079,1017,1038
5e3917b6b269d,normal,normalh,62,533,654,595,592
5e3917b6b269d,h,ho,59,190,307,249,248
5e3917b6b269d,o,ot,58,262,377,320,319
5e3917b6b269d,t,tm,57,612,727,669,670
5e3917b6b269d,m,ma,58,411,524,469,466
5e3917b6b269d,a,ai,55,714,820,769,765
5e3917b6b269d,i,il,51,199,282,250,231
5e3917b6b269d,l,l.,32,380,456,412,424
5e3917b6b269d,.,.c,44,344,439,388,395
5e3917b6b269d,c,co,51,299,416,350,365
5e3917b6b269d,o,om,66,215,309,281,243
5e3917b6b269d,m,mp,28,39605,39688,39633,39660
5e3917b6b269d,p,pa,55,383,484,438,429
5e3917b6b269d,a,ak,46,369,472,415,426
5e3917b6b269d,k,kd,57,342,442,399,385
5e3917b6b269d,d,de,43,158,255,201,212
5e3917b6b269d,e,ee,54,89,188,143,134
5e3917b6b269d,e,emeta1,45,1169,1270,1214,1225
5e3917b6b269d,meta1,meta1meta2,56,526,651,582,595
5e3917b6b269d,meta2,meta2_,69,376,502,445,433
5e3917b6b269d,_,_meta1,57,527,640,584,583
5e3917b6b269d,meta1,meta12,56,394,507,450,451
5e3917b6b269d,2,25,57,358,458,415,401
5e3917b6b269d,5,54,43,119,209,162,166
5e3917b6b269d,4,41,47,627,717,674,670
5e3917b6b269d,1,1@,43,1389,1491,1432,1448
5e3917b6b269d,@,@normal,59,431,554,490,495
5e3917b6b269d,normal,normalh,64,435,580,499,516
5e3917b6b269d,h,ho,81,213,334,294,253
5e3917b6b269d,o,ot,40,349,443,389,403
5e3917b6b269d,t,tm,54,1030,1139,1084,1085
5e3917b6b269d,m,ma,55,474,587,529,532
5e3917b6b269d,a,ai,58,370,491,428,433
5e3917b6b269d,i,ibksp,63,1596,1715,1659,1652
5e3917b6b269d,bksp,bkspl,56,163,271,219,215
5e3917b6b269d,l,l.,52,885,988,937,936
5e3917b6b269d,.,.c,51,384,480,435,429
5e3917b6b269d,c,co,45,316,443,361,398
5e3917b6b269d,o,om,82,174,301,256,219
5e3917b6b269d,m,mp,45,37961,38055,38006,38010
5e3917b6b269d,p,pa,49,461,564,510,515
5e3917b6b269d,a,ak,54,475,585,529,531
5e3917b6b269d,k,kd,56,412,526,468,470
5e3917b6b269d,d,de,58,162,271,220,213
5e3917b6b269d,e,ee,51,90,201,141,150
5e3917b6b269d,e,eshift,60,912,1042,972,982
5e3917b6b269d,shift,shiftmeta1,70,247,373,317,303
5e3917b6b269d,meta1,meta1meta2,56,546,666,602,610
5e3917b6b269d,meta2,meta2_,64,272,388,336,324
5e3917b6b269d,_,_meta1,52,599,719,651,667
5e3917b6b269d,meta1,meta12,68,459,584,527,516
5e3917b6b269d,2,25,57,565,676,622,619
5e3917b6b269d,5,54,54,128,248,182,194
5e3917b6b269d,4,41,66,218,336,284,270
5e3917b6b269d,1,1@,52,1125,1220,1177,1168
5e3917b6b269d,@,@normal,43,594,708,637,665
5e3917b6b269d,normal,normalh,71,630,755,701,684
5e3917b6b269d,h,ho,54,252,359,306,305
5e3917b6b269d,o,ot,53,694,801,747,748
5e3917b6b269d,t,tm,54,994,1117,1048,1063
5e3917b6b269d,m,ma,69,318,452,387,383
5e3917b6b269d,a,ai,65,462,585,527,520
5e3917b6b269d,i,il,58,247,372,305,314
5e3917b6b269d,l,l.,67,414,522,481,455
5e3917b6b269d,.,.c,41,560,648,601,607
5e3917b6b269d,c,co,47,350,489,397,442
5e3917b6b269d,o,om,92,162,288,254,196
5e3917b6b269d,m,mp,34,33718,33822,33752,33788
5e3917b6b269d,p,pa,70,379,503,449,433
5e3917b6b269d,a,ak,54,346,440,400,386
5e3917b6b269d,k,kd,40,579,669,619,629
5e3917b6b269d,d,de,50,151,233,201,183
5e3917b6b269d,e,ee,32,86,163,118,131
5e3917b6b269d,e,emeta1,45,934,1043,979,998
5e3917b6b269d,meta1,meta1meta2,64,417,543,481,479
5e3917b6b269d,meta2,meta2_,62,324,472,386,410
5e3917b6b269d,_,_meta1,86,620,775,706,689
5e3917b6b269d,meta1,meta12,69,427,533,496,464
5e3917b6b269d,2,25,37,344,434,381,397
5e3917b6b269d,5,54,53,117,217,170,164
5e3917b6b269d,4,41,47,195,284,242,237
5e3917b6b269d,1,1normal,42,1615,1718,1657,1676
5e3917b6b269d,normal,normalh,61,569,685,630,624
5e3917b6b269d,h,ho,55,227,336,282,281
5e3917b6b269d,o,ot,54,378,490,432,436
5e3917b6b269d,t,tm,58,581,705,639,647
5e3917b6b269d,m,ma,66,432,553,498,487
5e3917b6b269d,a,ai,55,527,623,582,568
5e3917b6b269d,i,il,41,347,439,388,398
5e3917b6b269d,l,l.,51,581,671,632,620
5e3917b6b269d,.,.c,39,628,707,667,668
5e3917b6b269d,c,co,40,409,501,449,461
5e3917b6b269d,o,om,52,244,334,296,282
5e3917b6b269d,m,mp,38,36955,37085,36993,37047
5e3917b6b269d,p,pk,92,943,1072,1035,980
5e3917b6b269d,k,kd,37,502,612,539,575
5e3917b6b269d,d,de,73,193,308,266,235
5e3917b6b269d,e,ee,42,89,173,131,131
5e3917b6b269d,e,emeta1,42,600,701,642,659
5e3917b6b269d,meta1,meta1meta2,59,472,600,531,541
5e3917b6b269d,meta2,meta2_,69,380,492,449,423
5e3917b6b269d,_,_meta1,43,518,636,561,593
5e3917b6b269d,meta1,meta12,75,414,564,489,489
5e3917b6b269d,2,25,75,376,507,451,432
5e3917b6b269d,5,54,56,143,255,199,199
5e3917b6b269d,4,41,56,513,624,569,568
5e3917b6b269d,1,1@,55,1111,1209,1166,1154
5e3917b6b269d,@,@normal,43,524,633,567,590
5e3917b6b269d,normal,normalh,66,482,619,548,553
5e3917b6b269d,h,ho,71,229,353,300,282
5e3917b6b269d,o,ot,53,434,540,487,487
5e3917b6b269d,t,tm,53,581,686,634,633
5e3917b6b269d,m,ma,52,447,569,499,517
5e3917b6b269d,a,ai,70,461,574,531,504
5e3917b6b269d,i,il,43,374,462,417,419
5e3917b6b269d,l,l.,45,238,337,283,292
5e3917b6b269d,.,.c,54,418,505,472,451
5e3917b6b269d,c,co,33,307,384,340,351
5e3917b6b269d,o,om,44,264,349,308,305
5e3917b6b269d,m,ma,41,54419,54502,54460,54461
5e3917b6b269d,a,ak,42,499,595,541,553
5e3917b6b269d,k,kd,54,315,453,369,399
5e3917b6b269d,d,de,84,196,318,280,234
5e3917b6b269d,e,ee,38,105,186,143,148
5e3917b6b269d,e,emeta1,43,1045,1142,1088,1099
5e3917b6b269d,meta1,meta1meta2,54,514,624,568,570
5e3917b6b269d,meta2,meta2_,56,371,489,427,433
5e3917b6b269d,_,_meta1,62,464,603,526,541
5e3917b6b269d,meta1,meta12,77,392,535,469,458
5e3917b6b269d,2,25,66,344,470,410,404
5e3917b6b269d,5,54,60,102,238,162,178
5e3917b6b269d,4,41,76,449,597,525,521
5e3917b6b269d,1,1@,72,1058,1175,1130,1103
5e3917b6b269d,@,@normal,45,776,872,821,827
5e3917b6b269d,normal,normalh,51,484,604,535,553
5e3917b6b269d,h,ho,69,327,452,396,383
5e3917b6b269d,o,ot,56,348,457,404,401
5e3917b6b269d,t,tm,53,616,702,669,649
5e3917b6b269d,m,ma,33,312,416,345,383
5e3917b6b269d,a,ai,71,430,556,501,485
5e3917b6b269d,i,il,55,264,360,319,305
5e3917b6b269d,l,l.,41,342,424,383,383
5e3917b6b269d,.,.c,41,309,388,350,347
5e3917b6b269d,c,co,38,328,419,366,381
5e3917b6b269d,o,om,53,178,267,231,214
5e3917b6b269d,m,mp,36,31087,31185,31123,31149
5e3917b6b269d,p,pa,62,386,502,448,440
5e3917b6b269d,a,ak,54,495,603,549,549
5e3917b6b269d,k,kd,54,277,404,331,350
5e3917b6b269d,d,de,73,164,290,237,217
5e3917b6b269d,e,ee,53,67,167,120,114
5e3917b6b269d,e,emeta1,47,746,861,793,814
5e3917b6b269d,meta1,meta1meta2,68,700,829,768,761
5e3917b6b269d,meta2,meta2_,61,470,591,531,530
5e3917b6b269d,_,_meta1,60,590,712,650,652
5e3917b6b269d,meta1,meta12,62,439,576,501,514
5e3917b6b269d,2,25,75,443,558,518,483
5e3917b6b269d,5,54,40,162,237,202,197
5e3917b6b269d,4,41,35,483,560,518,525
5e3917b6b269d,1,1@,42,858,966,900,924
5e3917b6b269d,@,@normal,66,568,715,634,649
5e3917b6b269d,normal,normalh,81,604,764,685,683
5e3917b6b269d,h,ho,79,384,502,463,423
5e3917b6b269d,o,ot,39,378,456,417,417
5e3917b6b269d,t,tm,39,610,702,649,663
5e3917b6b269d,m,ma,53,379,488,432,435
5e3917b6b269d,a,ai,56,376,489,432,433
5e3917b6b269d,i,i.,57,948,1042,1005,985
5e3917b6b269d,.,.c,37,458,551,495,514
5e3917b6b269d,c,co,56,296,393,352,337
5e3917b6b269d,o,om,41,257,340,298,299
5e3917b6b269d,m,mp,42,30447,30558,30489,30516
5e3917b6b269d,p,pa,69,431,544,500,475
5e3917b6b269d,a,ak,44,355,441,399,397
5e3917b6b269d,k,kd,42,728,808,770,766
5e3917b6b269d,d,de,38,156,232,194,194
5e3917b6b269d,e,ee,38,92,173,130,135
5e3917b6b269d,e,emeta1,43,641,750,684,707
5e3917b6b269d,meta1,meta1meta2,66,357,488,423,422
5e3917b6b269d,meta2,meta2_,65,299,420,364,355
5e3917b6b269d,_,_meta1,56,999,1111,1055,1055
5e3917b6b269d,meta1,meta12,56,487,602,543,546
5e3917b6b269d,2,25,59,261,359,320,300
5e3917b6b269d,5,54,39,128,219,167,180
5e3917b6b269d,4,41,52,199,304,251,252
5e3917b6b269d,1,1@,53,827,937,880,884
5e3917b6b269d,@,@normal,57,413,523,470,466
5e3917b6b269d,normal,normalh,53,546,637,599,584
5e3917b6b269d,h,ho,38,213,286,251,248
5e3917b6b269d,o,ot,35,265,352,300,317
5e3917b6b269d,t,tm,52,550,642,602,590
5e3917b6b269d,m,ma,40,430,519,470,479
5e3917b6b269d,a,ai,49,447,534,496,485
5e3917b6b269d,i,i.,38,524,619,562,581
5e3917b6b269d,.,.c,57,293,407,350,350
5e3917b6b269d,c,co,57,262,373,319,316
5e3917b6b269d,o,om,54,164,255,218,201
5e3917b6b269d,m,mbksp,37,1386,1468,1423,1431
5e3917b6b269d,bksp,bkspbksp,45,334,424,379,379
5e3917b6b269d,bksp,bkspbksp,45,267,350,312,305
5e3917b6b269d,bksp,bkspbksp,38,313,406,351,368
5e3917b6b269d,bksp,bkspl,55,494,594,549,539
5e3917b6b269d,l,lc,45,2091,2172,2136,2127
5e3917b6b269d,c,cbksp,36,749,853,785,817
5e3917b6b269d,bksp,bksp.,68,201,319,269,251
5e3917b6b269d,.,.c,50,731,818,781,768
5e3917b6b269d,c,co,37,310,436,347,399
5e3917b6b269d,o,om,89,174,306,263,217
5e3917b6b269d,m,mp,43,-351676,-351547,-351633,-351590
5e3918222d011,p,pu,86,311,456,397,370
5e3918222d011,u,un,59,658,777,717,718
5e3918222d011,n,ng,60,222,339,282,279
5e3918222d011,g,gmeta1,57,1260,1390,1317,1333
5e3918222d011,meta1,meta1meta2,73,828,960,901,887
5e3918222d011,meta2,meta2_,59,423,540,482,481
5e3918222d011,_,_normal,58,424,543,482,485
5e3918222d011,normal,normalc,61,557,677,618,616
5e3918222d011,c,cr,59,209,321,268,262
5e3918222d011,r,ro,53,264,356,317,303
5e3918222d011,o,om,39,211,305,250,266
5e3918222d011,m,ma,55,692,791,747,736
5e3918222d011,a,at,44,343,428,387,384
5e3918222d011,t,ti,41,325,455,366,414
5e3918222d011,i,ie,89,276,422,365,333
5e3918222d011,e,emeta1,57,1042,1154,1099,1097
5e3918222d011,meta1,meta1@,55,814,941,869,886
5e3918222d011,@,@normal,72,445,571,517,499
5e3918222d011,normal,normalh,54,529,641,583,587
5e3918222d011,h,ho,58,191,339,249,281
5e3918222d011,o,ot,90,743,891,833,801
5e3918222d011,t,tm,58,299,421,357,363
5e3918222d011,m,mshift,64,464,601,528,537
5e3918222d011,shift,shiftshift,73,793,924,866,851
5e3918222d011,shift,shifta,58,158,272,216,214
5e3918222d011,a,ai,56,377,508,433,452
5e3918222d011,i,il,75,125,258,200,183
5e3918222d011,l,lmeta1,58,492,606,550,548
5e3918222d011,meta1,meta1normal,56,379,508,435,452
5e3918222d011,normal,normalnormal,73,1341,1506,1414,1433
5e3918222d011,normal,normalc,92,926,1077,1018,985
5e3918222d011,c,co,59,281,406,340,347
5e3918222d011,o,o.,66,345,468,411,402
5e3918222d011,.,.t,57,609,726,666,669
5e3918222d011,t,th,60,187,324,247,264
5e3918222d011,h,hp,77,39044,39195,39121,39118
5e3918222d011,p,pu,74,428,577,502,503
5e3918222d011,u,un,75,690,839,765,764
5e3918222d011,n,ng,74,227,355,301,281
5e3918222d011,g,gmeta1,54,1113,1225,1167,1171
5e3918222d011,meta1,meta1-,58,525,641,583,583
5e3918222d011,-,-bksp,58,1259,1391,1317,1333
5e3918222d011,bksp,bkspmeta2,74,1092,1222,1166,1148
5e3918222d011,meta2,meta2_,56,345,474,401,418
5e3918222d011,_,_normal,73,292,424,365,351
5e3918222d011,normal,normalc,59,441,574,500,515
5e3918222d011,c,cr,74,194,358,268,284
5e3918222d011,r,ro,90,292,472,382,382
5e3918222d011,o,om,90,178,341,268,251
5e3918222d011,m,ma,73,327,476,400,403
5e3918222d011,a,at,76,274,409,350,333
5e3918222d011,t,ti,59,273,406,332,347
5e3918222d011,i,ie,74,276,426,350,352
5e3918222d011,e,emeta1,76,1056,1188,1132,1112
5e3918222d011,meta1,meta1@,56,530,627,586,571
5e3918222d011,@,@h,41,1142,1221,1183,1180
5e3918222d011,h,ho,38,211,325,249,287
5e3918222d011,o,ot,76,324,457,400,381
5e3918222d011,t,tm,57,422,556,479,499
5e3918222d011,m,ma,77,361,512,438,435
5e3918222d011,a,ai,74,309,425,383,351
5e3918222d011,i,il,42,208,322,250,280
5e3918222d011,l,l.,72,478,609,550,537
5e3918222d011,.,.c,59,391,541,450,482
5e3918222d011,c,co,91,259,442,350,351
5e3918222d011,o,o.,92,307,473,399,381
5e3918222d011,.,.t,74,345,491,419,417
5e3918222d011,t,th,72,161,259,233,187
5e3918222d011,h,hp,26,62162,62259,62188,62233
5e3918222d011,p,pu,71,400,554,471,483
5e3918222d011,u,un,83,253,401,336,318
5e3918222d011,n,ng,65,245,364,310,299
5e3918222d011,g,gmeta1,54,795,903,849,849
5e3918222d011,meta1,meta1meta2,54,611,713,665,659
5e3918222d011,meta2,meta2_,48,286,395,334,347
5e3918222d011,_,_normal,61,407,525,468,464
5e3918222d011,normal,normalc,57,544,640,601,583
5e3918222d011,c,cr,39,244,339,283,300
5e3918222d011,r,ro,56,276,422,332,366
5e3918222d011,o,om,90,194,356,284,266
5e3918222d011,m,ma,72,393,540,465,468
5e3918222d011,a,at,75,393,507,468,432
5e3918222d011,t,ti,39,361,473,400,434
5e3918222d011,i,ie,73,628,744,701,671
5e3918222d011,e,emeta1,43,655,771,698,728
5e3918222d011,meta1,meta1normal,73,1711,1844,1784,1771
5e3918222d011,normal,normalh,60,440,575,500,515
5e3918222d011,h,ho,75,156,340,231,265
5e3918222d011,o,ot,109,459,643,568,534
5e3918222d011,t,tm,75,294,442,369,367
5e3918222d011,m,ma,73,358,508,431,435
5e3918222d011,a,ai,77,273,423,350,346
5e3918222d011,i,il,73,141,259,214,186
5e3918222d011,l,l.,45,973,1079,1018,1034
5e3918222d011,.,.c,61,392,511,453,450
5e3918222d011,c,co,58,157,290,215,232
5e3918222d011,o,o.,75,243,389,318,314
5e3918222d011,.,.t,71,304,456,375,385
5e3918222d011,t,th,81,126,281,207,200
5e3918222d011,h,hp,74,37267,37441,37341,37367
5e3918222d011,p,pu,100,499,718,599,618
5e3918222d011,u,un,119,345,536,464,417
5e3918222d011,n,ng,72,294,427,366,355
5e3918222d011,g,gmeta1,61,756,860,817,799
5e3918222d011,meta1,meta1meta2,43,640,756,683,713
5e3918222d011,meta2,meta2_,73,410,543,483,470
5e3918222d011,_,_normal,60,357,490,417,430
5e3918222d011,normal,normalc,73,612,743,685,670
5e3918222d011,c,cr,58,307,422,365,364
5e3918222d011,r,ro,57,493,589,550,532
5e3918222d011,o,om,39,1163,1260,1202,1221
5e3918222d011,m,ma,58,557,690,615,632
5e3918222d011,a,at,75,508,673,583,598
5e3918222d011,t,ti,90,482,669,572,579
5e3918222d011,i,ie,97,492,651,589,554
5e3918222d011,e,emeta1,62,426,545,488,483
5e3918222d011,meta1,meta1@,57,912,1057,969,1000
5e3918222d011,@,@normal,88,1194,1339,1282,1251
5e3918222d011,normal,normalh,57,677,794,734,737
5e3918222d011,h,hi,60,356,489,416,429
5e3918222d011,i,it,73,526,658,599,585
5e3918222d011,t,tbksp,59,1042,1191,1101,1132
5e3918222d011,bksp,bkspbksp,90,127,290,217,200
5e3918222d011,bksp,bkspo,73,859,992,932,919
5e3918222d011,o,ot,60,508,628,568,568
5e3918222d011,t,tm,60,490,608,550,548
5e3918222d011,m,ma,58,443,573,501,515
5e3918222d011,a,ai,72,327,474,399,402
5e3918222d011,i,ibksp,75,2657,2829,2732,2754
5e3918222d011,bksp,bkspl,97,605,776,702,679
5e3918222d011,l,l.,74,394,541,468,467
5e3918222d011,.,.c,73,375,523,448,450
5e3918222d011,c,co,75,442,575,517,500
5e3918222d011,o,o.,58,492,644,550,586
5e3918222d011,.,.t,94,439,590,533,496
5e3918222d011,t,th,57,160,290,217,233
5e3918222d011,h,hp,73,31577,31725,31650,31652
5e3918222d011,p,pu,75,366,505,441,430
5e3918222d011,u,un,64,242,335,306,271
5e3918222d011,n,ng,29,277,366,306,337
5e3918222d011,g,gmeta1,60,690,822,750,762
5e3918222d011,meta1,meta1meta2,72,396,528,468,456
5e3918222d011,meta2,meta2_,60,336,438,396,378
5e3918222d011,_,_normal,42,344,458,386,416
5e3918222d011,normal,normalc,72,528,659,600,587
5e3918222d011,c,cr,59,541,672,600,613
5e3918222d011,r,ro,72,260,407,332,335
5e3918222d011,o,om,75,243,373,318,298
5e3918222d011,m,ma,55,527,640,582,585
5e3918222d011,a,at,58,410,527,468,469
5e3918222d011,t,ti,59,273,389,332,330
5e3918222d011,i,ie,57,328,456,385,399
5e3918222d011,e,emeta1,71,443,570,514,499
5e3918222d011,meta1,meta1@,56,513,642,569,586
5e3918222d011,@,@normal,73,340,504,413,431
5e3918222d011,normal,normalh,91,547,676,638,585
5e3918222d011,h,ho,38,160,287,198,249
5e3918222d011,o,ot,89,379,540,468,451
5e3918222d011,t,tm,72,528,673,600,601
5e3918222d011,m,ma,73,359,508,432,435
5e3918222d011,a,ai,76,289,440,365,364
5e3918222d011,i,il,75,161,308,236,233
5e3918222d011,l,l.,72,456,604,528,532
5e3918222d011,.,.c,76,646,781,722,705
5e3918222d011,c,co,59,323,460,382,401
5e3918222d011,o,o.,78,297,442,375,364
5e3918222d011,.,.t,67,440,582,507,515
5e3918222d011,t,th,75,192,340,267,265
5e3918222d011,h,hp,73,31730,31862,31803,31789
5e3918222d011,p,pu,59,309,427,368,368
5e3918222d011,u,un,59,174,289,233,230
5e3918222d011,n,ng,56,478,608,534,552
5e3918222d011,g,gmeta1,74,258,403,332,329
5e3918222d011,meta1,meta1-,71,379,523,450,452
5e3918222d011,-,-bksp,73,895,1024,968,951
5e3918222d011,bksp,bkspmeta2,56,344,471,400,415
5e3918222d011,meta2,meta2_,71,243,369,314,298
5e3918222d011,_,_normal,55,547,660,602,605
5e3918222d011,normal,normalc,58,342,459,400,401
5e3918222d011,c,ct,59,193,339,252,280
5e3918222d011,t,tr,87,727,870,814,783
5e3918222d011,r,rbksp,56,1561,1689,1617,1633
5e3918222d011,bksp,bkspr,72,560,689,632,617
5e3918222d011,r,ro,57,262,391,319,334
5e3918222d011,o,om,72,245,387,317,315
5e3918222d011,m,ma,70,329,473,399,403
5e3918222d011,a,at,74,492,607,566,533
5e3918222d011,t,ti,41,277,390,318,349
5e3918222d011,i,ie,72,278,406,350,334
5e3918222d011,e,emeta1,56,593,721,649,665
5e3918222d011,meta1,meta1@,72,642,805,714,733
5e3918222d011,@,@normal,91,796,946,887,855
5e3918222d011,normal,normalh,59,540,659,599,600
5e3918222d011,h,ho,60,172,305,232,245
5e3918222d011,o,ot,73,227,390,300,317
5e3918222d011,t,tm,90,211,389,301,299
5e3918222d011,m,ma,88,293,457,381,369
5e3918222d011,a,ai,76,242,376,318,300
5e3918222d011,i,il,58,161,290,219,232
5e3918222d011,l,l.,71,495,625,566,554
5e3918222d011,.,.c,59,438,576,497,517
5e3918222d011,c,co,79,190,343,269,264
5e3918222d011,o,ospace,74,176,325,250,251
5e3918222d011,space,spacet,75,1501,1641,1576,1566
5e3918222d011,t,tbksp,65,744,883,809,818
5e3918222d011,bksp,bkspbksp,74,124,240,198,166
5e3918222d011,bksp,bksp.,42,424,541,466,499
5e3918222d011,.,.t,75,358,508,433,433
5e3918222d011,t,th,75,143,277,218,202
5e3918222d011,h,hp,59,33900,34049,33959,33990
5e3918222d011,p,pu,90,246,407,336,317
5e3918222d011,u,un,71,178,321,249,250
5e3918222d011,n,ng,72,242,370,314,298
5e3918222d011,g,gmeta1,56,712,840,768,784
5e3918222d011,meta1,meta1meta2,72,528,656,600,584
5e3918222d011,meta2,meta2_,56,261,373,317,317
5e3918222d011,_,_normal,56,377,505,433,449
5e3918222d011,normal,normalc,72,352,522,424,450
5e3918222d011,c,cr,98,156,350,254,252
5e3918222d011,r,ro,96,208,381,304,285
5e3918222d011,o,om,77,192,341,269,264
5e3918222d011,m,ma,72,345,492,417,420
5e3918222d011,a,at,75,289,422,364,347
5e3918222d011,t,ti,58,228,341,286,283
5e3918222d011,i,ie,55,346,440,401,385
5e3918222d011,e,emeta1,39,441,543,480,504
5e3918222d011,meta1,meta1@,63,556,706,619,643
5e3918222d011,@,@normal,87,377,554,464,467
5e3918222d011,normal,normalh,90,597,758,687,668
5e3918222d011,h,ht,71,728,839,799,768
5e3918222d011,t,tm,40,310,389,350,349
5e3918222d011,m,ma,39,375,488,414,449
5e3918222d011,a,ai,74,223,373,297,299
5e3918222d011,i,il,76,177,314,253,238
5e3918222d011,l,l.,61,539,659,600,598
5e3918222d011,.,.c,59,427,558,486,499
5e3918222d011,c,co,72,242,357,314,285
5e3918222d011,o,o.,43,293,414,336,371
5e3918222d011,.,.t,78,336,490,414,412
5e3918222d011,t,th,76,142,290,218,214
5e3918222d011,h,hp,72,26448,26576,26520,26504
5e3918222d011,p,pu,56,293,408,349,352
5e3918222d011,u,un,59,227,355,286,296
5e3918222d011,n,ng,69,213,353,282,284
5e3918222d011,g,gmeta1,71,480,622,551,551
5e3918222d011,meta1,meta1meta2,71,310,439,381,368
5e3918222d011,meta2,meta2_,58,209,338,267,280
5e3918222d011,_,_normal,71,312,440,383,369
5e3918222d011,normal,normalc,57,428,544,485,487
5e3918222d011,c,cr,59,191,319,250,260
5e3918222d011,r,ro,69,297,426,366,357
5e3918222d011,o,om,60,174,305,234,245
5e3918222d011,m,ma,71,744,887,815,816
5e3918222d011,a,at,72,379,510,451,438
5e3918222d011,t,ti,59,326,456,385,397
5e3918222d011,i,ie,71,293,424,364,353
5e3918222d011,e,emeta1,60,607,739,667,679
5e3918222d011,meta1,meta1@,72,661,805,733,733
5e3918222d011,@,@normal,72,362,507,434,435
5e3918222d011,normal,normalh,73,575,708,648,635
5e3918222d011,h,ho,60,175,323,235,263
5e3918222d011,o,ot,88,346,493,434,405
5e3918222d011,t,tm,59,274,392,333,333
5e3918222d011,m,ma,59,274,411,333,352
5e3918222d011,a,ai,78,305,457,383,379
5e3918222d011,i,il,74,126,272,200,198
5e3918222d011,l,l.,72,378,510,450,438
5e3918222d011,.,.c,60,724,842,784,782
5e3918222d011,c,co,58,242,357,300,299
5e3918222d011,o,ot,57,726,823,783,766
5e3918222d011,t,tbksp,40,1579,1690,1619,1650
5e3918222d011,bksp,bksp.,71,611,721,682,650
5e3918222d011,.,.t,39,1193,1291,1232,1252
5e3918222d011,t,th,59,159,272,218,213
5e3918222d011,h,hp,54,28557,28637,28611,28583
5e3918222d011,p,pu,26,1065,1161,1091,1135
5e3918222d011,u,un,70,162,286,232,216
5e3918222d011,n,ng,54,513,642,567,588
5e3918222d011,g,gmeta1,75,292,439,367,364
5e3918222d011,meta1,meta1meta2,72,278,408,350,336
5e3918222d011,meta2,meta2_,58,242,330,300,272
5e3918222d011,_,_normal,30,285,373,315,343
5e3918222d011,normal,normalc,58,427,578,485,520
5e3918222d011,c,cr,93,758,908,851,815
5e3918222d011,r,ro,57,226,370,283,313
5e3918222d011,o,om,87,163,304,250,217
5e3918222d011,m,ma,54,395,525,449,471
5e3918222d011,a,at,76,425,541,501,465
5e3918222d011,t,ti,40,242,323,282,283
5e3918222d011,i,ie,41,326,422,367,381
5e3918222d011,e,emeta1,55,444,591,499,536
5e3918222d011,meta1,meta1@,92,377,539,469,447
5e3918222d011,@,@normal,70,962,1096,1032,1026
5e3918222d011,normal,normalh,64,1014,1155,1078,1091
5e3918222d011,h,ho,77,176,328,253,251
5e3918222d011,o,ot,75,294,430,369,355
5e3918222d011,t,tm,61,274,394,335,333
5e3918222d011,m,ms,59,342,488,401,429
5e3918222d011,s,sa,87,1209,1355,1296,1268
5e3918222d011,a,ai,59,393,528,452,469
5e3918222d011,i,il,76,104,256,180,180
5e3918222d011,l,l.,76,310,479,386,403
5e3918222d011,.,.v,93,358,540,451,447
5e3918222d011,v,vbksp,89,510,672,599,583
5e3918222d011,bksp,bkspc,73,395,507,468,434
5e3918222d011,c,co,39,243,356,282,317
5e3918222d011,o,o.,74,193,356,267,282
5e3918222d011,.,.t,89,344,491,433,402
5e3918222d011,t,th,58,126,239,184,181
5e3918222d011,h,hp,55,34545,34640,34600,34585
5e3918222d011,p,pu,40,528,608,568,568
5e3918222d011,u,un,40,291,392,331,352
5e3918222d011,n,ng,61,225,340,286,279
5e3918222d011,g,gmeta1,54,660,769,714,715
5e3918222d011,meta1,meta1meta2,55,296,409,351,354
5e3918222d011,meta2,meta2_,58,241,375,299,317
5e3918222d011,_,_normal,76,278,411,354,335
5e3918222d011,normal,normalc,57,358,473,415,416
5e3918222d011,c,cr,58,177,289,235,231
5e3918222d011,r,ro,54,210,337,264,283
5e3918222d011,o,om,73,177,306,250,233
5e3918222d011,m,ma,56,280,395,336,339
5e3918222d011,a,at,59,591,688,650,629
5e3918222d011,t,ti,38,276,373,314,335
5e3918222d011,i,ie,59,341,443,400,384
5e3918222d011,e,emeta1,43,325,441,368,398
5e3918222d011,meta1,meta1meta2,73,158,304,231,231
5e3918222d011,meta2,meta2meta1,73,660,809,733,736
5e3918222d011,meta1,meta1@,76,416,559,492,483
5e3918222d011,@,@normal,67,322,468,389,401
5e3918222d011,normal,normalh,79,495,648,574,569
5e3918222d011,h,ho,74,175,320,249,246
5e3918222d011,o,oy,71,211,307,282,236
5e3918222d011,y,yt,25,1060,1144,1085,1119
5e3918222d011,t,tm,59,423,558,482,499
5e3918222d011,m,ma,76,291,441,367,365
5e3918222d011,a,ai,74,276,423,350,349
5e3918222d011,i,il,73,144,271,217,198
5e3918222d011,l,l.,54,313,440,367,386
5e3918222d011,.,.c,73,343,473,416,400
5e3918222d011,c,co,57,176,321,233,264
5e3918222d011,o,ot,88,613,779,701,691
5e3918222d011,t,th,78,138,271,216,193
5e3918222d011,h,hd,55,602485677,602485771,602485732,602485716
5e424ba490cf3,d,dbksp,39,1591,1773,1630,1734
5e424ba490cf3,bksp,bkspbksp,143,94,322,237,179
5e424ba490cf3,bksp,bkspn,85,666,839,751,754
5e424ba490cf3,n,ny,88,216,382,304,294
5e424ba490cf3,y,yx,78,248,416,326,338
5e424ba490cf3,x,x.,90,185,371,275,281
5e424ba490cf3,.,.n,96,611,816,707,720
5e424ba490cf3,n,nu,109,331,507,440,398
5e424ba490cf3,u,ut,67,181,334,248,267
5e424ba490cf3,t,tt,86,89,235,175,149
5e424ba490cf3,t,th,60,265,411,325,351
5e424ba490cf3,h,ha,86,241,435,327,349
5e424ba490cf3,a,ap,108,128,325,236,217
5e424ba490cf3,p,po,89,148,305,237,216
5e424ba490cf3,o,on,68,245,386,313,318
5e424ba490cf3,n,nmeta1,73,364,523,437,450
5e424ba490cf3,meta1,meta1@,86,763,919,849,833
5e424ba490cf3,@,@normal,70,178,336,248,266
5e424ba490cf3,normal,normalg,88,364,492,452,404
5e424ba490cf3,g,gm,40,411,535,451,495
5e424ba490cf3,m,ma,84,415,587,499,503
5e424ba490cf3,a,ai,88,226,368,314,280
5e424ba490cf3,i,i.,54,821,956,875,902
5e424ba490cf3,.,.c,81,295,483,376,402
5e424ba490cf3,c,co,107,410,573,517,466
5e424ba490cf3,o,om,56,308,420,364,364
5e424ba490cf3,m,mn,56,30401,30528,30457,30472
5e424ba490cf3,n,ny,71,178,317,249,246
5e424ba490cf3,y,yx,68,232,369,300,301
5e424ba490cf3,x,x.,69,180,354,249,285
5e424ba490cf3,.,.n,105,932,1107,1037,1002
5e424ba490cf3,n,nu,70,238,384,308,314
5e424ba490cf3,u,ut,76,194,342,270,266
5e424ba490cf3,t,tt,72,113,238,185,166
5e424ba490cf3,t,th,53,297,440,350,387
5e424ba490cf3,h,ha,90,211,391,301,301
5e424ba490cf3,a,ap,90,128,304,218,214
5e424ba490cf3,p,po,86,90,250,176,164
5e424ba490cf3,o,on,74,263,409,337,335
5e424ba490cf3,n,nmeta1,72,478,624,550,552
5e424ba490cf3,meta1,meta1@,74,622,774,696,700
5e424ba490cf3,@,@normal,78,158,343,236,265
5e424ba490cf3,normal,normalg,107,493,674,600,567
5e424ba490cf3,g,gm,74,294,441,368,367
5e424ba490cf3,m,ma,73,177,343,250,270
5e424ba490cf3,a,ai,93,157,324,250,231
5e424ba490cf3,i,il,74,276,440,350,366
5e424ba490cf3,l,l.,90,247,424,337,334
5e424ba490cf3,.,.c,87,314,487,401,400
5e424ba490cf3,c,co,86,232,368,318,282
5e424ba490cf3,o,om,50,182,298,232,248
5e424ba490cf3,m,mn,66,26918,27072,26984,27006
5e424ba490cf3,n,ny,88,230,384,318,296
5e424ba490cf3,y,yx,66,314,468,380,402
5e424ba490cf3,x,x.,88,161,356,249,268
5e424ba490cf3,.,.n,107,193,390,300,283
5e424ba490cf3,n,nu,90,261,425,351,335
5e424ba490cf3,u,ut,74,176,304,250,230
5e424ba490cf3,t,tt,54,113,236,167,182
5e424ba490cf3,t,th,69,252,386,321,317
5e424ba490cf3,h,ha,65,184,351,249,286
5e424ba490cf3,a,ap,102,229,418,331,316
5e424ba490cf3,p,po,87,90,236,177,149
5e424ba490cf3,o,on,59,200,340,259,281
5e424ba490cf3,n,nmeta1,81,196,348,277,267
5e424ba490cf3,meta1,meta1@,71,943,1089,1014,1018
5e424ba490cf3,@,@normal,75,206,376,281,301
5e424ba490cf3,normal,normalg,95,630,795,725,700
5e424ba490cf3,g,gm,70,298,435,368,365
5e424ba490cf3,m,ma,67,200,370,267,303
5e424ba490cf3,a,ai,103,179,353,282,250
5e424ba490cf3,i,il,71,261,402,332,331
5e424ba490cf3,l,l.,70,362,522,432,452
5e424ba490cf3,.,.c,90,298,457,388,367
5e424ba490cf3,c,co,69,160,301,229,232
5e424ba490cf3,o,om,72,229,355,301,283
5e424ba490cf3,m,mn,54,25951,26090,26005,26036
5e424ba490cf3,n,ny,85,199,350,284,265
5e424ba490cf3,y,yx,66,233,368,299,302
5e424ba490cf3,x,x.,69,199,353,268,284
5e424ba490cf3,.,.n,85,545,703,630,618
5e424ba490cf3,n,nu,73,397,524,470,451
5e424ba490cf3,u,ut,54,328,453,382,399
5e424ba490cf3,t,tt,71,349,500,420,429
5e424ba490cf3,t,th,80,153,316,233,236
5e424ba490cf3,h,ha,83,155,303,238,220
5e424ba490cf3,a,ap,65,116,277,181,212
5e424ba490cf3,p,po,96,90,262,186,166
5e424ba490cf3,o,on,76,179,346,255,270
5e424ba490cf3,n,nmeta1,91,147,304,238,213
5e424ba490cf3,meta1,meta1@,66,381,535,447,469
5e424ba490cf3,@,@normal,88,127,303,215,215
5e424ba490cf3,normal,normalg,88,498,642,586,554
5e424ba490cf3,g,gm,56,326,454,382,398
5e424ba490cf3,m,ma,72,178,340,250,268
5e424ba490cf3,a,ai,90,179,320,269,230
5e424ba490cf3,i,il,51,312,420,363,369
5e424ba490cf3,l,l.,57,329,491,386,434
5e424ba490cf3,.,.c,105,314,488,419,383
5e424ba490cf3,c,co,69,276,417,345,348
5e424ba490cf3,o,om,72,195,308,267,236
5e424ba490cf3,m,mn,41,30385,30506,30426,30465
5e424ba490cf3,n,ny,80,247,383,327,303
5e424ba490cf3,y,yx,56,176,305,232,249
5e424ba490cf3,x,x.,73,300,457,373,384
5e424ba490cf3,.,.n,84,346,536,430,452
5e424ba490cf3,n,nu,106,215,384,321,278
5e424ba490cf3,u,ut,63,181,314,244,251
5e424ba490cf3,t,tt,70,111,236,181,166
5e424ba490cf3,t,th,55,257,373,312,318
5e424ba490cf3,h,ha,61,185,362,246,301
5e424ba490cf3,a,ap,116,156,384,272,268
5e424ba490cf3,p,po,112,73,278,185,166
5e424ba490cf3,o,on,93,229,392,322,299
5e424ba490cf3,n,nmeta1,70,149,286,219,216
5e424ba490cf3,meta1,meta1@,67,495,655,562,588
5e424ba490cf3,@,@normal,93,146,304,239,211
5e424ba490cf3,normal,normalg,65,573,685,638,620
5e424ba490cf3,g,gm,47,346,461,393,414
5e424ba490cf3,m,ma,68,362,523,430,455
5e424ba490cf3,a,ai,93,258,423,351,330
5e424ba490cf3,i,il,72,233,369,305,297
5e424ba490cf3,l,l.,64,299,451,363,387
5e424ba490cf3,.,.c,88,244,403,332,315
5e424ba490cf3,c,co,71,246,406,317,335
5e424ba490cf3,o,om,89,233,388,322,299
5e424ba490cf3,m,mn,66,25851,25984,25917,25918
5e424ba490cf3,n,ny,67,229,365,296,298
5e424ba490cf3,y,yx,69,302,439,371,370
5e424ba490cf3,x,x.,68,228,367,296,299
5e424ba490cf3,.,.n,71,178,336,249,265
5e424ba490cf3,n,nu,87,482,658,569,571
5e424ba490cf3,u,ut,89,193,337,282,248
5e424ba490cf3,t,tt,55,112,220,167,165
5e424ba490cf3,t,th,53,417,535,470,482
5e424ba490cf3,h,ha,65,148,320,213,255
5e424ba490cf3,a,ap,107,129,320,236,213
5e424ba490cf3,p,po,84,79,249,163,165
5e424ba490cf3,o,on,86,162,320,248,234
5e424ba490cf3,n,nmeta1,72,213,356,285,284
5e424ba490cf3,meta1,meta1@,71,646,825,717,754
5e424ba490cf3,@,@normal,108,111,305,219,197
5e424ba490cf3,normal,normalg,86,463,604,549,518
5e424ba490cf3,g,gm,55,283,403,338,348
5e424ba490cf3,m,ma,65,236,400,301,335
5e424ba490cf3,a,ai,99,158,315,257,216
5e424ba490cf3,i,il,58,147,275,205,217
5e424ba490cf3,l,l.,70,267,421,337,351
5e424ba490cf3,.,.c,84,248,417,332,333
5e424ba490cf3,c,cm,85,406,552,491,467
5e424ba490cf3,m,mn,61,25081,25227,25142,25166
5e424ba490cf3,n,ny,85,246,404,331,319
5e424ba490cf3,y,yx,73,232,371,305,298
5e424ba490cf3,x,x.,66,197,333,263,267
5e424ba490cf3,.,.n,70,316,455,386,385
5e424ba490cf3,n,nu,69,215,335,284,266
5e424ba490cf3,u,ut,51,161,266,212,215
5e424ba490cf3,t,tt,54,92,221,146,167
5e424ba490cf3,t,th,75,230,360,305,285
5e424ba490cf3,h,ha,55,179,335,234,280
5e424ba490cf3,a,ap,101,177,353,278,252
5e424ba490cf3,p,po,75,135,273,210,198
5e424ba490cf3,o,on,63,204,365,267,302
5e424ba490cf3,n,nmeta1,98,139,330,237,232
5e424ba490cf3,meta1,meta1@,93,298,461,391,368
5e424ba490cf3,@,@normal,70,162,320,232,250
5e424ba490cf3,normal,normalh,88,497,640,585,552
5e424ba490cf3,h,hg,55,548,670,603,615
5e424ba490cf3,g,gm,67,900,1050,967,983
5e424ba490cf3,m,ma,83,98,269,181,186
5e424ba490cf3,a,ai,88,112,252,200,164
5e424ba490cf3,i,il,52,168,285,220,233
5e424ba490cf3,l,l.,65,675,834,740,769
5e424ba490cf3,.,.c,94,247,428,341,334
5e424ba490cf3,c,co,87,131,268,218,181
5e424ba490cf3,o,om,50,163,283,213,233
5e424ba490cf3,m,mn,70,23813,23942,23883,23872
5e424ba490cf3,n,ny,59,192,340,251,281
5e424ba490cf3,y,yx,89,197,436,286,347
5e424ba490cf3,x,x.,150,253,502,403,352
5e424ba490cf3,.,.n,99,583,749,682,650
5e424ba490cf3,n,nu,67,380,517,447,450
5e424ba490cf3,u,ut,70,179,320,249,250
5e424ba490cf3,t,tt,71,96,207,167,136
5e424ba490cf3,t,th,40,261,389,301,349
5e424ba490cf3,h,ha,88,163,339,251,251
5e424ba490cf3,a,ap,88,144,301,232,213
5e424ba490cf3,p,po,69,98,236,167,167
5e424ba490cf3,o,on,69,168,303,237,234
5e424ba490cf3,n,nmeta1,66,734,883,800,817
5e424ba490cf3,meta1,meta1@,83,451,631,534,548
5e424ba490cf3,@,@normal,97,102,297,199,200
5e424ba490cf3,normal,normalg,98,444,618,542,520
5e424ba490cf3,g,gm,76,282,426,358,350
5e424ba490cf3,m,ma,68,111,268,179,200
5e424ba490cf3,a,ai,89,113,256,202,167
5e424ba490cf3,i,il,54,233,353,287,299
5e424ba490cf3,l,l.,66,314,450,380,384
5e424ba490cf3,.,.c,70,231,404,301,334
5e424ba490cf3,c,co,103,214,386,317,283
5e424ba490cf3,o,om,69,195,317,264,248
5e424ba490cf3,m,mn,53,24248,24358,24301,24305
5e424ba490cf3,n,ny,57,231,352,288,295
5e424ba490cf3,y,yx,64,185,284,249,220
5e424ba490cf3,x,x.,35,178,319,213,284
5e424ba490cf3,.,.n,106,313,506,419,400
5e424ba490cf3,n,nu,87,194,320,281,233
5e424ba490cf3,u,ut,39,161,253,200,214
5e424ba490cf3,t,tt,53,115,220,168,167
5e424ba490cf3,t,th,52,167,303,219,251
5e424ba490cf3,h,ha,84,130,336,214,252
5e424ba490cf3,a,ap,122,128,303,250,181
5e424ba490cf3,p,po,53,115,236,168,183
5e424ba490cf3,o,on,68,183,304,251,236
5e424ba490cf3,n,nspace,53,263,385,316,332
5e424ba490cf3,space,spacemeta1,69,1213,1369,1282,1300
5e424ba490cf3,meta1,meta1@,87,513,686,600,599
5e424ba490cf3,@,@normal,86,484,639,570,553
5e424ba490cf3,normal,normalg,69,712,854,781,785
5e424ba490cf3,g,gm,73,296,439,369,366
5e424ba490cf3,m,ma,70,192,352,262,282
5e424ba490cf3,a,ai,90,197,354,287,264
5e424ba490cf3,i,il,67,183,316,250,249
5e424ba490cf3,l,l.,66,565,719,631,653
5e424ba490cf3,.,.c,88,245,420,333,332
5e424ba490cf3,c,co,87,150,287,237,200
5e424ba490cf3,o,om,50,213,303,263,253
5e424ba490cf3,m,mn,40,24757,24872,24797,24832
5e424ba490cf3,n,ny,75,197,342,272,267
5e424ba490cf3,y,yx,70,198,352,268,282
5e424ba490cf3,x,x.,84,180,356,264,272
5e424ba490cf3,.,.n,92,193,356,285,264
5e424ba490cf3,n,nu,71,312,456,383,385
5e424ba490cf3,u,ut,73,166,286,239,213
5e424ba490cf3,t,tt,47,106,215,153,168
5e424ba490cf3,t,th,62,183,313,245,251
5e424ba490cf3,h,ha,68,145,319,213,251
5e424ba490cf3,a,ap,106,122,303,228,197
5e424ba490cf3,p,po,75,92,241,167,166
5e424ba490cf3,o,on,74,230,375,304,301
5e424ba490cf3,n,nmeta1,71,262,405,333,334
5e424ba490cf3,meta1,meta1@,72,438,574,510,502
5e424ba490cf3,@,@normal,64,127,292,191,228
5e424ba490cf3,normal,normalg,101,466,640,567,539
5e424ba490cf3,g,gm,73,259,404,332,331
5e424ba490cf3,m,ma,72,134,289,206,217
5e424ba490cf3,a,ai,83,146,280,229,197
5e424ba490cf3,i,il,51,181,305,232,254
5e424ba490cf3,l,l.,73,246,424,319,351
5e424ba490cf3,.,.c,105,227,401,332,296
5e424ba490cf3,c,co,69,1048,1187,1117,1118
5e424ba490cf3,o,om,70,169,270,239,200
5e424ba490cf3,m,ms,31,-283743,-283663,-283712,-283694
5e424bb15b87f,s,su,49,574,698,623,649
5e424bb15b87f,u,up,75,229,372,304,297
5e424bb15b87f,p,pa,68,1077,1235,1145,1167
5e424bb15b87f,a,al,90,445,579,535,489
5e424bb15b87f,l,le,44,423,556,467,512
5e424bb15b87f,e,er,89,226,405,315,316
5e424bb15b87f,r,rk,90,426,575,516,485
5e424bb15b87f,k,kc,59,357,526,416,467
5e424bb15b87f,c,ch,110,358,543,468,433
5e424bb15b87f,h,ho,75,340,506,415,431
5e424bb15b87f,o,ok,91,293,460,384,369
5e424bb15b87f,k,kw,76,372,525,448,449
5e424bb15b87f,w,wa,77,216,392,293,315
5e424bb15b87f,a,ar,99,308,536,407,437
5e424bb15b87f,r,rbksp,129,1374,1577,1503,1448
5e424bb15b87f,bksp,bkspbksp,74,105,224,179,150
5e424bb15b87f,bksp,bkspbksp,45,103,208,148,163
5e424bb15b87f,bksp,bkspbksp,60,106,228,166,168
5e424bb15b87f,bksp,bkspbksp,62,110,214,172,152
5e424bb15b87f,bksp,bkspbksp,42,86,192,128,150
5e424bb15b87f,bksp,bkspbksp,64,71,216,135,152
5e424bb15b87f,bksp,bkspbksp,81,87,216,168,135
5e424bb15b87f,bksp,bkspbksp,48,83,194,131,146
5e424bb15b87f,bksp,bkspbksp,63,89,213,152,150
5e424bb15b87f,bksp,bkspbksp,61,105,227,166,166
5e424bb15b87f,bksp,bkspbksp,61,71,228,132,167
5e424bb15b87f,bksp,bkspbksp,96,53,245,149,149
5e424bb15b87f,bksp,bkspbksp,96,55,231,151,135
5e424bb15b87f,bksp,bkspbksp,80,74,212,154,132
5e424bb15b87f,bksp,bkspp,58,329,464,387,406
5e424bb15b87f,p,pn,77,474,624,551,547
5e424bb15b87f,n,ng,73,265,451,338,378
5e424bb15b87f,g,g.,113,722,935,835,822
5e424bb15b87f,.,.s,100,483,681,583,581
5e424bb15b87f,s,sp,98,302,466,400,368
5e424bb15b87f,p,pl,66,527,626,593,560
5e424bb15b87f,l,lmeta1,33,435,557,468,524
5e424bb15b87f,meta1,meta1@,89,640,838,729,749
5e424bb15b87f,@,@normal,109,294,494,403,385
5e424bb15b87f,normal,normalg,91,471,689,562,598
5e424bb15b87f,g,gm,127,294,512,421,385
5e424bb15b87f,m,mu,91,774,941,865,850
5e424bb15b87f,u,ui,76,741,890,817,814
5e424bb15b87f,i,il,73,281,423,354,350
5e424bb15b87f,l,l.,69,611,752,680,683
5e424bb15b87f,.,.c,72,329,476,401,404
5e424bb15b87f,c,co,75,343,475,418,400
5e424bb15b87f,o,om,57,438,556,495,499
5e424bb15b87f,m,mp,61,35118,35244,35179,35183
5e424bb15b87f,p,pn,65,300,451,365,386
5e424bb15b87f,n,ng,86,244,401,330,315
5e424bb15b87f,g,g.,71,166,274,237,203
5e424bb15b87f,.,.s,37,377,486,414,449
5e424bb15b87f,s,sp,72,376,520,448,448
5e424bb15b87f,p,pmeta1,72,803,937,875,865
5e424bb15b87f,meta1,meta1bksp,62,1187,1313,1249,1251
5e424bb15b87f,bksp,bkspnormal,64,287,430,351,366
5e424bb15b87f,normal,normall,79,388,530,467,451
5e424bb15b87f,l,lmeta1,63,253,397,316,334
5e424bb15b87f,meta1,meta1@,81,636,779,717,698
5e424bb15b87f,@,@normal,62,339,482,401,420
5e424bb15b87f,normal,normalm,81,1150,1314,1231,1233
5e424bb15b87f,m,ma,83,707,869,790,786
5e424bb15b87f,a,ai,79,453,610,532,531
5e424bb15b87f,i,il,78,259,395,337,317
5e424bb15b87f,l,l.,58,342,461,400,403
5e424bb15b87f,.,.c,61,311,441,372,380
5e424bb15b87f,c,co,69,213,336,282,267
5e424bb15b87f,o,om,54,522,637,576,583
5e424bb15b87f,m,mp,61,30238,30394,30299,30333
5e424bb15b87f,p,pn,95,304,444,399,349
5e424bb15b87f,n,ng,45,271,380,316,335
5e424bb15b87f,g,g.,64,274,384,338,320
5e424bb15b87f,.,.s,46,270,407,316,361
5e424bb15b87f,s,sp,91,437,608,528,517
5e424bb15b87f,p,pl,80,302,465,382,385
5e424bb15b87f,l,lmeta1,83,437,554,520,471
5e424bb15b87f,meta1,meta1@,34,399,482,433,448
5e424bb15b87f,@,@normal,49,261,380,310,331
5e424bb15b87f,normal,normalg,70,387,571,457,501
5e424bb15b87f,g,gm,114,269,463,383,349
5e424bb15b87f,m,mi,80,620,762,700,682
5e424bb15b87f,i,ii,62,1120,1245,1182,1183
5e424bb15b87f,i,il,63,237,331,300,268
5e424bb15b87f,l,l.,31,537,663,568,632
5e424bb15b87f,.,.c,95,161,383,256,288
5e424bb15b87f,c,co,127,90,275,217,148
5e424bb15b87f,o,om,58,319,408,377,350
5e424bb15b87f,m,mp,31,37304,37416,37335,37385
5e424bb15b87f,p,pn,81,288,433,369,352
5e424bb15b87f,n,ng,64,168,360,232,296
5e424bb15b87f,g,g.,128,154,330,282,202
5e424bb15b87f,.,.s,48,302,430,350,382
5e424bb15b87f,s,sp,80,454,599,534,519
5e424bb15b87f,p,pl,65,319,446,384,381
5e424bb15b87f,l,lmeta1,62,238,380,300,318
5e424bb15b87f,meta1,meta1@,80,1124,1278,1204,1198
5e424bb15b87f,@,@normal,74,581,715,655,641
5e424bb15b87f,normal,normalg,60,780,936,840,876
5e424bb15b87f,g,gm,96,222,395,318,299
5e424bb15b87f,m,mi,77,515,648,592,571
5e424bb15b87f,i,il,56,232,337,288,281
5e424bb15b87f,l,lbksp,49,477,616,526,567
5e424bb15b87f,bksp,bkspbksp,90,295,433,385,343
5e424bb15b87f,bksp,bkspa,48,484,640,532,592
5e424bb15b87f,a,ai,108,359,540,467,432
5e424bb15b87f,i,il,73,293,427,366,354
5e424bb15b87f,l,l.,61,456,561,517,500
5e424bb15b87f,.,.c,44,175,323,219,279
5e424bb15b87f,c,co,104,128,286,232,182
5e424bb15b87f,o,om,54,278,368,332,314
5e424bb15b87f,m,mp,36,30333,30442,30369,30406
5e424bb15b87f,p,pn,73,782,910,855,837
5e424bb15b87f,n,ng,55,176,334,231,279
5e424bb15b87f,g,g.,103,159,321,262,218
5e424bb15b87f,.,.s,59,343,477,402,418
5e424bb15b87f,s,sp,75,375,511,450,436
5e424bb15b87f,p,pl,61,455,573,516,512
5e424bb15b87f,l,lmeta1,57,742,858,799,801
5e424bb15b87f,meta1,meta1meta2,59,390,512,449,453
5e424bb15b87f,meta2,meta2meta1,63,340,461,403,398
5e424bb15b87f,meta1,meta1@,58,323,442,381,384
5e424bb15b87f,@,@meta2,61,272,424,333,363
5e424bb15b87f,meta2,meta2normal,91,326,480,417,389
5e424bb15b87f,normal,normalg,63,554,714,617,651
5e424bb15b87f,g,gm,97,287,457,384,360
5e424bb15b87f,m,ma,73,160,326,233,253
5e424bb15b87f,a,ai,93,389,577,482,484
5e424bb15b87f,i,il,95,213,343,308,248
5e424bb15b87f,l,l.,35,510,587,545,552
5e424bb15b87f,.,.c,42,245,342,287,300
5e424bb15b87f,c,co,55,177,256,232,201
5e424bb15b87f,o,om,24,274,329,298,305
5e424bb15b87f,m,mp,31,30467,30592,30498,30561
5e424bb15b87f,p,pn,94,277,428,371,334
5e424bb15b87f,n,ng,57,212,355,269,298
5e424bb15b87f,g,g.,86,111,268,197,182
5e424bb15b87f,.,.meta1,71,363,507,434,436
5e424bb15b87f,meta1,meta1normal,73,1142,1320,1215,1247
5e424bb15b87f,normal,normals,105,346,526,451,421
5e424bb15b87f,s,sp,75,260,391,335,316
5e424bb15b87f,p,pl,56,248,339,304,283
5e424bb15b87f,l,lmeta1,35,361,468,396,433
5e424bb15b87f,meta1,meta1@,72,508,643,580,571
5e424bb15b87f,@,@normal,63,256,409,319,346
5e424bb15b87f,normal,normalg,90,392,588,482,498
5e424bb15b87f,g,gm,106,277,456,383,350
5e424bb15b87f,m,ma,73,141,274,214,201
5e424bb15b87f,a,ai,60,213,310,273,250
5e424bb15b87f,i,i.,37,943,1039,980,1002
5e424bb15b87f,.,.c,59,193,356,252,297
5e424bb15b87f,c,co,104,72,222,176,118
5e424bb15b87f,o,om,46,146,233,192,187
5e424bb15b87f,m,mp,41,32817,32939,32858,32898
5e424bb15b87f,p,pn,81,212,363,293,282
5e424bb15b87f,n,ng,70,122,304,192,234
5e424bb15b87f,g,g.,112,159,327,271,215
5e424bb15b87f,.,.s,56,398,542,454,486
5e424bb15b87f,s,sp,88,311,456,399,368
5e424bb15b87f,p,pl,57,289,421,346,364
5e424bb15b87f,l,lmeta1,75,199,342,274,267
5e424bb15b87f,meta1,meta1@,68,358,472,426,404
5e424bb15b87f,@,@normal,46,138,292,184,246
5e424bb15b87f,normal,normalg,108,337,559,445,451
5e424bb15b87f,g,gm,114,225,394,339,280
5e424bb15b87f,m,mu,55,351,457,406,402
5e424bb15b87f,u,ua,51,539,688,590,637
5e424bb15b87f,a,aa,98,587,762,685,664
5e424bb15b87f,a,ai,77,380,544,457,467
5e424bb15b87f,i,il,87,251,388,338,301
5e424bb15b87f,l,l.,50,543,638,593,588
5e424bb15b87f,.,.c,45,206,341,251,296
5e424bb15b87f,c,co,90,173,322,263,232
5e424bb15b87f,o,om,59,224,317,283,258
5e424bb15b87f,m,mp,34,31145,31234,31179,31200
5e424bb15b87f,p,pn,55,242,384,297,329
5e424bb15b87f,n,ng,87,125,306,212,219
5e424bb15b87f,g,g.,94,476,630,570,536
5e424bb15b87f,.,.s,60,187,340,247,280
5e424bb15b87f,s,sp,93,177,309,270,216
5e424bb15b87f,p,pk,39,157,240,196,201
5e424bb15b87f,k,kbksp,44,647,760,691,716
5e424bb15b87f,bksp,bkspl,69,162,271,231,202
5e424bb15b87f,l,lmeta1,40,248,371,288,331
5e424bb15b87f,meta1,meta1@,83,529,652,612,569
5e424bb15b87f,@,@normal,40,178,340,218,300
5e424bb15b87f,normal,normalg,122,274,456,396,334
5e424bb15b87f,g,gm,60,280,392,340,332
5e424bb15b87f,m,mi,52,505,632,557,580
5e424bb15b87f,i,il,75,179,280,254,205
5e424bb15b87f,l,l.,26,471,574,497,548
5e424bb15b87f,.,.c,77,223,394,300,317
5e424bb15b87f,c,co,94,106,259,200,165
5e424bb15b87f,o,om,59,175,278,234,219
5e424bb15b87f,m,mp,44,30430,30544,30474,30500
5e424bb15b87f,p,pn,70,225,386,295,316
5e424bb15b87f,n,ng,91,71,257,162,166
5e424bb15b87f,g,g.,95,148,280,243,185
5e424bb15b87f,.,.meta1,37,523,656,560,619
5e424bb15b87f,meta1,meta1meta1,96,1342,1530,1438,1434
5e424bb15b87f,meta1,meta1normal,92,423,573,515,481
5e424bb15b87f,normal,normals,58,367,524,425,466
5e424bb15b87f,s,sp,99,407,565,506,466
5e424bb15b87f,p,pl,59,142,277,201,218
5e424bb15b87f,l,lmeta1,76,709,875,785,799
5e424bb15b87f,meta1,meta1@,90,348,478,438,388
5e424bb15b87f,@,@normal,40,108,234,148,194
5e424bb15b87f,normal,normalg,86,278,457,364,371
5e424bb15b87f,g,gn,93,290,428,383,335
5e424bb15b87f,n,nbksp,45,670,762,715,717
5e424bb15b87f,bksp,bkspbksp,47,66,191,113,144
5e424bb15b87f,bksp,bkspm,78,192,328,270,250
5e424bb15b87f,m,ma,58,230,331,288,273
5e424bb15b87f,a,ai,43,421,522,464,479
5e424bb15b87f,i,ia,58,890,1044,948,986
5e424bb15b87f,a,ai,96,634,793,730,697
5e424bb15b87f,i,il,63,141,247,204,184
5e424bb15b87f,l,l.,43,623,729,666,686
5e424bb15b87f,.,.c,63,157,310,220,247
5e424bb15b87f,c,co,90,129,271,219,181
5e424bb15b87f,o,om,52,124,222,176,170
5e424bb15b87f,m,mp,46,31904,32005,31950,31959
5e424bb15b87f,p,pn,55,419,516,474,461
5e424bb15b87f,n,ng,42,176,306,218,264
5e424bb15b87f,g,g.,88,144,287,232,199
5e424bb15b87f,.,.s,55,1145,1239,1200,1184
5e424bb15b87f,s,sp,39,140,238,179,199
5e424bb15b87f,p,pbksp,59,453,578,512,519
5e424bb15b87f,bksp,bkspbksp,66,1042,1180,1108,1114
5e424bb15b87f,bksp,bksps,72,381,543,453,471
5e424bb15b87f,s,sp,90,345,490,435,400
5e424bb15b87f,p,pk,55,209,317,264,262
5e424bb15b87f,k,kmeta1,53,260,420,313,367
5e424bb15b87f,meta1,meta1normal,107,546,726,653,619
5e424bb15b87f,normal,normalbksp,73,342,474,415,401
5e424bb15b87f,bksp,bkspl,59,773,908,832,849
5e424bb15b87f,l,lmeta1,76,242,408,318,332
5e424bb15b87f,meta1,meta1@,90,1428,1577,1518,1487
5e424bb15b87f,@,@normal,59,290,440,349,381
5e424bb15b87f,normal,normalg,91,292,459,383,368
5e424bb15b87f,g,gm,76,322,459,398,383
5e424bb15b87f,m,ma,61,188,344,249,283
5e424bb15b87f,a,ai,95,194,377,289,282
5e424bb15b87f,i,il,88,175,290,263,202
5e424bb15b87f,l,l.,27,474,545,501,518
5e424bb15b87f,.,.c,44,210,340,254,296
5e424bb15b87f,c,co,86,96,222,182,136
5e424bb15b87f,o,om,40,109,205,149,165
5e424bb15b87f,m,mo,56,-326186,-326059,-326130,-326115
5e424bd56f820,o,ox,71,346,486,417,415
5e424bd56f820,x,xm,69,312,454,381,385
5e424bd56f820,m,ma,73,527,675,600,602
5e424bd56f820,a,an,75,457,574,532,499
5e424bd56f820,n,nz,42,358,491,400,449
5e424bd56f820,z,za,91,158,308,249,217
5e424bd56f820,a,ameta1,59,392,523,451,464
5e424bd56f820,meta1,meta1@,72,802,941,874,869
5e424bd56f820,@,@normal,67,928,1067,995,1000
5e424bd56f820,normal,normalh,72,446,589,518,517
5e424bd56f820,h,ho,71,210,352,281,281
5e424bd56f820,o,ot,71,247,391,318,320
5e424bd56f820,t,tm,73,558,687,631,614
5e424bd56f820,m,ma,56,344,475,400,419
5e424bd56f820,a,ai,75,426,574,501,499
5e424bd56f820,i,il,73,212,354,285,281
5e424bd56f820,l,l.,69,581,707,650,638
5e424bd56f820,.,.c,57,376,491,433,434
5e424bd56f820,c,co,58,323,455,381,397
5e424bd56f820,o,om,74,545,678,619,604
5e424bd56f820,m,mo,59,34998,35103,35057,35044
5e424bd56f820,o,ox,46,417,502,463,456
5e424bd56f820,x,xm,39,462,557,501,518
5e424bd56f820,m,ma,56,503,636,559,580
5e424bd56f820,a,an,77,513,647,590,570
5e424bd56f820,n,nz,57,406,539,463,482
5e424bd56f820,z,za,76,176,308,252,232
5e424bd56f820,a,ameta1,56,345,459,401,403
5e424bd56f820,meta1,meta1@,58,586,721,644,663
5e424bd56f820,@,@normal,77,394,544,471,467
5e424bd56f820,normal,normalh,73,613,790,686,717
5e424bd56f820,h,ho,104,278,417,382,313
5e424bd56f820,o,ot,35,248,355,283,320
5e424bd56f820,t,tm,72,359,473,431,401
5e424bd56f820,m,ma,42,326,458,368,416
5e424bd56f820,a,ai,90,361,524,451,434
5e424bd56f820,i,il,73,209,338,282,265
5e424bd56f820,l,l.,56,580,674,636,618
5e424bd56f820,.,.c,38,394,488,432,450
5e424bd56f820,c,co,56,278,406,334,350
5e424bd56f820,o,om,72,211,337,283,265
5e424bd56f820,m,mo,54,37983,38106,38037,38052
5e424bd56f820,o,ox,69,320,485,389,416
5e424bd56f820,x,xm,96,348,516,444,420
5e424bd56f820,m,ma,72,578,727,650,655
5e424bd56f820,a,an,77,434,569,511,492
5e424bd56f820,n,nz,58,336,492,394,434
5e424bd56f820,z,za,98,137,299,235,201
5e424bd56f820,a,ashift,64,1092,1212,1156,1148
5e424bd56f820,shift,shiftshift,56,930,1075,986,1019
5e424bd56f820,shift,shiftmeta1,89,461,605,550,516
5e424bd56f820,meta1,meta1@,55,982,1109,1037,1054
5e424bd56f820,@,@normal,72,423,569,495,497
5e424bd56f820,normal,normalh,74,563,707,637,633
5e424bd56f820,h,ho,70,211,336,281,266
5e424bd56f820,o,ot,55,246,373,301,318
5e424bd56f820,t,tm,72,512,622,584,550
5e424bd56f820,m,ma,38,359,489,397,451
5e424bd56f820,a,ai,92,417,590,509,498
5e424bd56f820,i,il,81,210,363,291,282
5e424bd56f820,l,l.,72,347,459,419,387
5e424bd56f820,.,.c,40,359,440,399,400
5e424bd56f820,c,co,41,327,423,368,382
5e424bd56f820,o,om,55,212,306,267,251
5e424bd56f820,m,mo,39,30716,30844,30755,30805
5e424bd56f820,o,ox,89,360,520,449,431
5e424bd56f820,x,xa,71,910,1071,981,1000
5e424bd56f820,a,an,90,442,592,532,502
5e424bd56f820,n,nz,60,358,479,418,419
5e424bd56f820,z,za,61,157,288,218,227
5e424bd56f820,a,ameta1,70,243,387,313,317
5e424bd56f820,meta1,meta1@,74,563,723,637,649
5e424bd56f820,@,@normal,86,309,471,395,385
5e424bd56f820,normal,normalh,76,479,612,555,536
5e424bd56f820,h,ho,57,324,440,381,383
5e424bd56f820,o,ot,59,532,657,591,598
5e424bd56f820,t,tm,66,480,616,546,550
5e424bd56f820,m,ma,70,443,572,513,502
5e424bd56f820,a,ai,59,342,493,401,434
5e424bd56f820,i,il,92,258,407,350,315
5e424bd56f820,l,l.,57,543,637,600,580
5e424bd56f820,.,.c,37,363,473,400,436
5e424bd56f820,c,co,73,461,608,534,535
5e424bd56f820,o,om,74,192,321,266,247
5e424bd56f820,m,mo,55,33531,33658,33586,33603
5e424bd56f820,o,ox,72,293,423,365,351
5e424bd56f820,x,xbksp,58,295,424,353,366
5e424bd56f820,bksp,bkspbksp,71,1176,1339,1247,1268
5e424bd56f820,bksp,bkspx,92,507,658,599,566
5e424bd56f820,x,xm,59,393,509,452,450
5e424bd56f820,m,ma,57,479,594,536,537
5e424bd56f820,a,an,58,455,589,513,531
5e424bd56f820,n,nz,76,506,659,582,583
5e424bd56f820,z,za,77,190,344,267,267
5e424bd56f820,a,ameta1,77,261,422,338,345
5e424bd56f820,meta1,meta1@,84,765,888,849,804
5e424bd56f820,@,@normal,39,329,428,368,389
5e424bd56f820,normal,normalh,60,418,570,478,510
5e424bd56f820,h,ho,92,212,330,304,238
5e424bd56f820,o,ot,26,288,370,314,344
5e424bd56f820,t,tm,56,362,457,418,401
5e424bd56f820,m,ma,39,451,539,490,500
5e424bd56f820,a,ai,49,476,584,525,535
5e424bd56f820,i,il,59,258,375,317,316
5e424bd56f820,l,lc,58,879,976,937,918
5e424bd56f820,c,co,39,311,407,350,368
5e424bd56f820,o,om,57,259,354,316,297
5e424bd56f820,m,mo,38,31936,32023,31974,31985
5e424bd56f820,o,ox,49,394,533,443,484
5e424bd56f820,x,xm,90,478,642,568,552
5e424bd56f820,m,ma,74,358,511,432,437
5e424bd56f820,a,an,79,496,657,575,578
5e424bd56f820,n,nz,82,329,480,411,398
5e424bd56f820,z,za,69,194,306,263,237
5e424bd56f820,a,ameta1,43,276,374,319,331
5e424bd56f820,meta1,meta1@,55,577,707,632,652
5e424bd56f820,@,@normal,75,351,507,426,432
5e424bd56f820,normal,normalh,81,579,717,660,636
5e424bd56f820,h,ho,57,207,321,264,264
5e424bd56f820,o,ot,57,480,625,537,568
5e424bd56f820,t,tm,88,354,525,442,437
5e424bd56f820,m,ma,83,405,579,488,496
5e424bd56f820,a,ai,91,421,573,512,482
5e424bd56f820,i,il,61,278,398,339,337
5e424bd56f820,l,lc,59,1024,1139,1083,1080
5e424bd56f820,c,co,56,275,406,331,350
5e424bd56f820,o,om,75,193,295,268,220
5e424bd56f820,m,mo,27,30661,30759,30688,30732
5e424bd56f820,o,ox,71,329,470,400,399
5e424bd56f820,x,xm,70,348,474,418,404
5e424bd56f820,m,ma,56,508,639,564,583
5e424bd56f820,a,an,75,476,606,551,531
5e424bd56f820,n,nz,55,380,491,435,436
5e424bd56f820,z,za,56,157,242,213,186
5e424bd56f820,a,ameta1,29,271,361,300,332
5e424bd56f820,meta1,meta1normal,61,1390,1510,1451,1449
5e424bd56f820,normal,normalmeta1,59,1440,1558,1499,1499
5e424bd56f820,meta1,meta1@,59,473,574,532,515
5e424bd56f820,@,@normal,42,426,542,468,500
5e424bd56f820,normal,normalh,74,477,642,551,568
5e424bd56f820,h,ho,91,944,1092,1035,1001
5e424bd56f820,o,ot,57,458,622,515,565
5e424bd56f820,t,tm,107,792,973,899,866
5e424bd56f820,m,ma,74,326,474,400,400
5e424bd56f820,a,ai,74,345,477,419,403
5e424bd56f820,i,il,58,224,354,282,296
5e424bd56f820,l,l.,72,190,354,262,282
5e424bd56f820,.,.c,92,364,514,456,422
5e424bd56f820,c,co,58,224,369,282,311
5e424bd56f820,o,om,87,194,355,281,268
5e424bd56f820,m,mx,74,31785,31911,31859,31837
5e424bd56f820,x,xbksp,52,495,639,547,587
5e424bd56f820,bksp,bkspo,92,191,372,283,280
5e424bd56f820,o,ox,89,344,491,433,402
5e424bd56f820,x,xm,58,244,406,302,348
5e424bd56f820,m,ma,104,528,707,632,603
5e424bd56f820,a,an,75,475,624,550,549
5e424bd56f820,n,nz,74,326,438,400,364
5e424bd56f820,z,za,38,194,288,232,250
5e424bd56f820,a,ameta1,56,676,793,732,737
5e424bd56f820,meta1,meta1@,61,491,625,552,564
5e424bd56f820,@,@normal,73,625,772,698,699
5e424bd56f820,normal,normalh,74,412,561,486,487
5e424bd56f820,h,ho,75,257,406,332,331
5e424bd56f820,o,ot,74,545,709,619,635
5e424bd56f820,t,tm,90,426,589,516,499
5e424bd56f820,m,ma,73,448,587,521,514
5e424bd56f820,a,ai,66,337,469,403,403
5e424bd56f820,i,il,66,294,415,360,349
5e424bd56f820,l,l.,55,445,590,500,535
5e424bd56f820,.,.c,90,377,506,467,416
5e424bd56f820,c,co,39,325,423,364,384
5e424bd56f820,o,om,59,641,734,700,675
5e424bd56f820,m,mo,34,30670,30759,30704,30725
5e424bd56f820,o,ox,55,325,453,380,398
5e424bd56f820,x,xm,73,263,408,336,335
5e424bd56f820,m,ma,72,496,641,568,569
5e424bd56f820,a,am,73,343,505,416,432
5e424bd56f820,m,mn,89,1777,1955,1866,1866
5e424bd56f820,n,nz,89,361,500,450,411
5e424bd56f820,z,za,50,205,304,255,254
5e424bd56f820,a,ameta1,49,236,367,285,318
5e424bd56f820,meta1,meta1@,82,912,1068,994,986
5e424bd56f820,@,@normal,74,300,438,374,364
5e424bd56f820,normal,normalh,64,610,733,674,669
5e424bd56f820,h,ho,59,190,306,249,247
5e424bd56f820,o,ot,57,248,343,305,286
5e424bd56f820,t,tm,38,393,504,431,466
5e424bd56f820,m,ma,73,628,758,701,685
5e424bd56f820,a,ai,57,362,489,419,432
5e424bd56f820,i,il,70,243,403,313,333
5e424bd56f820,l,l.,90,210,371,300,281
5e424bd56f820,.,.c,71,311,440,382,369
5e424bd56f820,c,co,58,278,372,336,314
5e424bd56f820,o,om,36,220,285,256,249
5e424bd56f820,m,mo,29,29799,29904,29828,29875
5e424bd56f820,o,ox,76,759,890,835,814
5e424bd56f820,x,xm,55,529,655,584,600
5e424bd56f820,m,ma,71,412,540,483,469
5e424bd56f820,a,an,57,508,638,565,581
5e424bd56f820,n,nz,73,305,454,378,381
5e424bd56f820,z,za,76,195,312,271,236
5e424bd56f820,a,ameta1,41,460,573,501,532
5e424bd56f820,meta1,meta1normal,72,1051,1172,1123,1100
5e424bd56f820,normal,normalh,49,564,717,613,668
5e424bd56f820,h,ho,104,260,420,364,316
5e424bd56f820,o,ot,56,246,371,302,315
5e424bd56f820,t,tm,69,429,569,498,500
5e424bd56f820,m,ma,71,392,508,463,437
5e424bd56f820,a,ai,45,428,529,473,484
5e424bd56f820,i,il,56,258,388,314,332
5e424bd56f820,l,lc,74,877,1041,951,967
5e424bd56f820,c,co,90,291,456,381,366
5e424bd56f820,o,om,75,225,341,300,266
5e424bd56f820,m,mp,41,-119202,-119126,-119161,-119167
5e424d1fa0f3d,p,pbksp,35,500,619,535,584
5e424d1fa0f3d,bksp,bkspf,84,380,536,464,452
5e424d1fa0f3d,f,fr,72,245,402,317,330
5e424d1fa0f3d,r,rr,85,56,237,141,152
5e424d1fa0f3d,r,ra,96,128,314,224,218
5e424d1fa0f3d,a,abksp,90,595,740,685,650
5e424d1fa0f3d,bksp,bkspbksp,55,71,204,126,149
5e424d1fa0f3d,bksp,bkspbksp,78,496,646,574,568
5e424d1fa0f3d,bksp,bkspa,72,348,492,420,420
5e424d1fa0f3d,a,ar,72,559,704,631,632
5e424d1fa0f3d,r,rr,73,88,236,161,163
5e424d1fa0f3d,r,rf,75,382,525,457,450
5e424d1fa0f3d,f,fmeta1,68,533,670,601,602
5e424d1fa0f3d,meta1,meta12,69,362,519,431,450
5e424d1fa0f3d,2,22,88,81,253,169,165
5e424d1fa0f3d,2,25,84,298,452,382,368
5e424d1fa0f3d,5,50,70,262,420,332,350
5e424d1fa0f3d,0,05,88,56,204,144,116
5e424d1fa0f3d,5,5@,60,131,244,191,184
5e424d1fa0f3d,@,@normal,53,611,726,664,673
5e424d1fa0f3d,normal,normalg,62,488,621,550,559
5e424d1fa0f3d,g,gm,71,393,524,464,453
5e424d1fa0f3d,m,ma,60,194,295,254,235
5e424d1fa0f3d,a,ai,41,242,337,283,296
5e424d1fa0f3d,i,il,54,183,287,237,233
5e424d1fa0f3d,l,l.,50,631,751,681,701
5e424d1fa0f3d,.,.c,70,280,420,350,350
5e424d1fa0f3d,c,co,70,79,203,149,133
5e424d1fa0f3d,o,om,54,179,270,233,216
5e424d1fa0f3d,m,mf,37,22850,22971,22887,22934
5e424d1fa0f3d,f,fa,84,97,251,181,167
5e424d1fa0f3d,a,ar,70,38,171,108,101
5e424d1fa0f3d,r,rr,63,54,213,117,150
5e424d1fa0f3d,r,ra,96,57,230,153,134
5e424d1fa0f3d,a,af,77,53,209,130,132
5e424d1fa0f3d,f,fmeta1,79,467,613,546,534
5e424d1fa0f3d,meta1,meta12,67,298,472,365,405
5e424d1fa0f3d,2,22,107,52,253,159,146
5e424d1fa0f3d,2,25,94,229,396,323,302
5e424d1fa0f3d,5,50,73,-16,152,57,79
5e424d1fa0f3d,0,05,95,39,213,134,118
5e424d1fa0f3d,5,5@,79,71,229,150,150
5e424d1fa0f3d,@,@bksp,79,661,797,740,718
5e424d1fa0f3d,bksp,bkspbksp,57,73,204,130,147
5e424d1fa0f3d,bksp,bksp0,74,378,527,452,453
5e424d1fa0f3d,0,05,75,197,359,272,284
5e424d1fa0f3d,5,5@,87,51,234,138,147
5e424d1fa0f3d,@,@normal,96,581,734,677,638
5e424d1fa0f3d,normal,normalf,57,392,522,449,465
5e424d1fa0f3d,f,fg,73,1260,1387,1333,1314
5e424d1fa0f3d,g,gm,54,295,442,349,388
5e424d1fa0f3d,m,ma,93,84,275,177,182
5e424d1fa0f3d,a,ai,98,112,281,210,183
5e424d1fa0f3d,i,il,71,142,270,213,199
5e424d1fa0f3d,l,l.,57,243,377,300,320
5e424d1fa0f3d,.,.c,77,124,271,201,194
5e424d1fa0f3d,c,co,70,93,255,163,185
5e424d1fa0f3d,o,om,92,194,377,286,285
5e424d1fa0f3d,m,mf,91,22693,22825,22784,22734
5e424d1fa0f3d,f,fa,41,129,240,170,199
5e424d1fa0f3d,a,ar,70,54,187,124,117
5e424d1fa0f3d,r,rr,63,70,231,133,168
5e424d1fa0f3d,r,ra,98,89,262,187,164
5e424d1fa0f3d,a,af,75,54,208,129,133
5e424d1fa0f3d,f,fmeta1,79,266,430,345,351
5e424d1fa0f3d,meta1,meta12,85,315,488,400,403
5e424d1fa0f3d,2,22,88,89,252,177,164
5e424d1fa0f3d,2,25,75,264,413,339,338
5e424d1fa0f3d,5,50,74,69,242,143,168
5e424d1fa0f3d,0,05,99,5,174,104,75
5e424d1fa0f3d,5,5@,70,73,221,143,151
5e424d1fa0f3d,@,@normal,78,730,867,808,789
5e424d1fa0f3d,normal,normalg,59,323,459,382,400
5e424d1fa0f3d,g,gm,77,305,458,382,381
5e424d1fa0f3d,m,ma,76,103,259,179,183
5e424d1fa0f3d,a,ai,80,126,261,206,181
5e424d1fa0f3d,i,il,55,145,273,200,218
5e424d1fa0f3d,l,l.,73,177,307,250,234
5e424d1fa0f3d,.,.c,57,126,256,183,199
5e424d1fa0f3d,c,co,73,113,275,186,202
5e424d1fa0f3d,o,om,89,192,352,281,263
5e424d1fa0f3d,m,mf,71,22884,23025,22955,22954
5e424d1fa0f3d,f,fr,70,221,367,291,297
5e424d1fa0f3d,r,rr,76,77,227,153,151
5e424d1fa0f3d,r,ra,74,73,242,147,168
5e424d1fa0f3d,a,af,95,22,177,117,82
5e424d1fa0f3d,f,fbksp,60,771,879,831,819
5e424d1fa0f3d,bksp,bkspbksp,48,310,435,358,387
5e424d1fa0f3d,bksp,bkspa,77,824,973,901,896
5e424d1fa0f3d,a,ar,72,92,223,164,151
5e424d1fa0f3d,r,rr,59,103,208,162,149
5e424d1fa0f3d,r,rf,46,270,399,316,353
5e424d1fa0f3d,f,ff,83,587,746,670,663
5e424d1fa0f3d,f,fmeta1,76,245,409,321,333
5e424d1fa0f3d,meta1,meta12,88,730,908,818,820
5e424d1fa0f3d,2,22,90,88,255,178,165
5e424d1fa0f3d,2,25,77,432,561,509,484
5e424d1fa0f3d,5,50,52,75,199,127,147
5e424d1fa0f3d,0,05,72,55,190,127,118
5e424d1fa0f3d,5,5@,63,214,329,277,266
5e424d1fa0f3d,@,@g,52,864,1021,916,969
5e424d1fa0f3d,g,gm,105,311,523,416,418
5e424d1fa0f3d,m,mi,107,369,521,476,414
5e424d1fa0f3d,i,il,45,211,345,256,300
5e424d1fa0f3d,l,l.,89,444,605,533,516
5e424d1fa0f3d,.,.c,72,149,305,221,233
5e424d1fa0f3d,c,co,84,198,334,282,250
5e424d1fa0f3d,o,om,52,179,301,231,249
5e424d1fa0f3d,m,mf,70,24245,24390,24315,24320
5e424d1fa0f3d,f,fr,75,369,508,444,433
5e424d1fa0f3d,r,ra,64,149,281,213,217
5e424d1fa0f3d,a,ar,68,1099,1266,1167,1198
5e424d1fa0f3d,r,ra,99,77,266,176,167
5e424d1fa0f3d,a,af,90,21,208,111,118
5e424d1fa0f3d,f,fmeta1,97,310,513,407,416
5e424d1fa0f3d,meta1,meta12,106,363,578,469,472
5e424d1fa0f3d,2,22,109,108,271,217,162
5e424d1fa0f3d,2,25,54,179,303,233,249
5e424d1fa0f3d,5,50,70,57,223,127,153
5e424d1fa0f3d,0,05,96,36,210,132,114
5e424d1fa0f3d,5,5@,78,73,196,151,118
5e424d1fa0f3d,@,@meta2,45,453,545,498,500
5e424d1fa0f3d,meta2,meta2normal,47,644,781,691,734
5e424d1fa0f3d,normal,normalg,90,379,541,469,451
5e424d1fa0f3d,g,gm,72,337,488,409,416
5e424d1fa0f3d,m,ma,79,193,328,272,249
5e424d1fa0f3d,a,ai,56,146,271,202,215
5e424d1fa0f3d,i,il,69,148,286,217,217
5e424d1fa0f3d,l,l.,69,196,318,265,249
5e424d1fa0f3d,.,.c,53,214,321,267,268
5e424d1fa0f3d,c,co,54,39,173,93,119
5e424d1fa0f3d,o,om,80,313,421,393,341
5e424d1fa0f3d,m,mo,28,735,835,763,807
5e424d1fa0f3d,o,om,72,246,356,318,284
5e424d1fa0f3d,m,mf,38,27482,27589,27520,27551
5e424d1fa0f3d,f,fr,69,254,404,323,335
5e424d1fa0f3d,r,rr,81,69,230,150,149
5e424d1fa0f3d,r,ra,80,107,284,187,204
5e424d1fa0f3d,a,af,97,74,225,171,128
5e424d1fa0f3d,f,fbksp,54,589,705,643,651
5e424d1fa0f3d,bksp,bkspbksp,62,803,929,865,867
5e424d1fa0f3d,bksp,bkspbksp,64,313,467,377,403
5e424d1fa0f3d,bksp,bkspbksp,90,274,455,364,365
5e424d1fa0f3d,bksp,bkspr,91,543,741,634,650
5e424d1fa0f3d,r,ra,107,128,320,235,213
5e424d1fa0f3d,a,af,85,35,218,120,133
5e424d1fa0f3d,f,fmeta1,98,255,449,353,351
5e424d1fa0f3d,meta1,meta12,96,382,569,478,473
5e424d1fa0f3d,2,22,91,85,271,176,180
5e424d1fa0f3d,2,25,95,218,410,313,315
5e424d1fa0f3d,5,50,97,37,214,134,117
5e424d1fa0f3d,0,05,80,87,246,167,166
5e424d1fa0f3d,5,5@,79,37,197,116,118
5e424d1fa0f3d,@,@normal,81,444,584,525,503
5e424d1fa0f3d,normal,normalg,59,492,607,551,548
5e424d1fa0f3d,g,gm,56,393,524,449,468
5e424d1fa0f3d,m,ma,75,244,406,319,331
5e424d1fa0f3d,a,ai,87,144,287,231,200
5e424d1fa0f3d,i,il,56,181,304,237,248
5e424d1fa0f3d,l,l.,67,216,336,283,269
5e424d1fa0f3d,.,.c,53,146,286,199,233
5e424d1fa0f3d,c,co,87,71,220,158,133
5e424d1fa0f3d,o,om,62,211,330,273,268
5e424d1fa0f3d,m,mf,57,91173,91309,91230,91252
5e424d1fa0f3d,f,fa,79,86,246,165,167
5e424d1fa0f3d,a,ar,81,52,215,133,134
5e424d1fa0f3d,r,rr,82,85,247,167,165
5e424d1fa0f3d,r,ra,80,203,364,283,284
5e424d1fa0f3d,a,af,81,86,230,167,149
5e424d1fa0f3d,f,fmeta1,63,422,565,485,502
5e424d1fa0f3d,meta1,meta12,80,319,496,399,416
5e424d1fa0f3d,2,22,97,587,747,684,650
5e424d1fa0f3d,2,25,63,537,698,600,635
5e424d1fa0f3d,5,50,98,119,298,217,200
5e424d1fa0f3d,0,05,81,86,262,167,181
5e424d1fa0f3d,5,5@,95,53,230,148,135
5e424d1fa0f3d,@,@g,82,913,1025,995,943
5e424d1fa0f3d,g,gm,30,377,489,407,459
5e424d1fa0f3d,m,ma,82,91,229,173,147
5e424d1fa0f3d,a,ai,56,265,360,321,304
5e424d1fa0f3d,i,il,39,602,685,641,646
5e424d1fa0f3d,l,l.,44,320,431,364,387
5e424d1fa0f3d,.,.c,67,232,350,299,283
5e424d1fa0f3d,c,co,51,211,299,262,248
5e424d1fa0f3d,o,om,37,202,288,239,251
5e424d1fa0f3d,m,mf,49,25188,25285,25237,25236
5e424d1fa0f3d,f,fr,48,210,312,258,264
5e424d1fa0f3d,r,rr,54,73,203,127,149
5e424d1fa0f3d,r,ra,76,75,262,151,186
5e424d1fa0f3d,a,abksp,111,673,843,784,732
5e424d1fa0f3d,bksp,bkspbksp,59,331,443,390,384
5e424d1fa0f3d,bksp,bkspa,53,795,943,848,890
5e424d1fa0f3d,a,ar,95,86,239,181,144
5e424d1fa0f3d,r,rr,58,88,208,146,150
5e424d1fa0f3d,r,ra,62,111,226,173,164
5e424d1fa0f3d,a,af,53,87,187,140,134
5e424d1fa0f3d,f,fmeta1,47,303,431,350,384
5e424d1fa0f3d,meta1,meta12,81,377,547,458,466
5e424d1fa0f3d,2,22,89,95,275,184,186
5e424d1fa0f3d,2,25,91,229,407,320,316
5e424d1fa0f3d,5,50,87,72,235,159,148
5e424d1fa0f3d,0,05,76,56,209,132,133
5e424d1fa0f3d,5,5@,77,74,226,151,149
5e424d1fa0f3d,@,@normal,75,400,561,475,486
5e424d1fa0f3d,normal,normalg,86,400,551,486,465
5e424d1fa0f3d,g,gm,65,418,518,483,453
5e424d1fa0f3d,m,ma,35,118,253,153,218
5e424d1fa0f3d,a,ai,100,125,330,225,230
5e424d1fa0f3d,i,il,105,201,369,306,264
5e424d1fa0f3d,l,l.,63,255,382,318,319
5e424d1fa0f3d,.,.c,64,147,299,211,235
5e424d1fa0f3d,c,co,88,99,236,187,148
5e424d1fa0f3d,o,om,49,183,282,232,233
5e424d1fa0f3d,m,mf,50,24814,24951,24864,24901
5e424d1fa0f3d,f,fa,87,76,237,163,150
5e424d1fa0f3d,a,ar,74,23,156,97,82
5e424d1fa0f3d,r,rr,59,57,210,116,151
5e424d1fa0f3d,r,ra,94,127,295,221,201
5e424d1fa0f3d,a,ar,74,919,1072,993,998
5e424d1fa0f3d,r,rf,79,172,330,251,251
5e424d1fa0f3d,f,fmeta1,79,302,449,381,370
5e424d1fa0f3d,meta1,meta1bksp,68,598,701,666,633
5e424d1fa0f3d,bksp,bkspnormal,35,266,363,301,328
5e424d1fa0f3d,normal,normalf,62,665,830,727,768
5e424d1fa0f3d,f,fa,103,741,880,844,777
5e424d1fa0f3d,a,af,36,208,309,244,273
5e424d1fa0f3d,f,fmeta1,65,352,501,417,436
5e424d1fa0f3d,meta1,meta1normal,84,1635,1783,1719,1699
5e424d1fa0f3d,normal,normala,64,434,602,498,538
5e424d1fa0f3d,a,af,104,161,315,265,211
5e424d1fa0f3d,f,fmeta1,50,485,651,535,601
5e424d1fa0f3d,meta1,meta12,116,481,701,597,585
5e424d1fa0f3d,2,22,104,100,268,204,164
5e424d1fa0f3d,2,25,64,236,419,300,355
5e424d1fa0f3d,5,50,119,112,265,231,146
5e424d1fa0f3d,0,05,34,90,199,124,165
5e424d1fa0f3d,5,5@,75,554,678,629,603
5e424d1fa0f3d,@,@normal,49,316,418,365,369
5e424d1fa0f3d,normal,normalg,53,512,617,565,564
5e424d1fa0f3d,g,gm,52,364,484,416,432
5e424d1fa0f3d,m,ma,68,134,274,202,206
5e424d1fa0f3d,a,ai,72,129,249,201,177
5e424d1fa0f3d,i,il,48,184,298,232,250
5e424d1fa0f3d,l,l.,66,186,367,252,301
5e424d1fa0f3d,.,.c,115,196,365,311,250
5e424d1fa0f3d,c,co,54,500,621,554,567
5e424d1fa0f3d,o,om,67,184,283,251,216
5e424d1fa0f3d,m,mf,32,31169,31301,31201,31269
5e424d1fa0f3d,f,fr,100,227,381,327,281
5e424d1fa0f3d,r,rr,54,89,239,143,185
5e424d1fa0f3d,r,rbksp,96,856,1031,952,935
5e424d1fa0f3d,bksp,bkspbksp,79,311,430,390,351
5e424d1fa0f3d,bksp,bkspbksp,40,315,407,355,367
5e424d1fa0f3d,bksp,bkspa,52,584,754,636,702
5e424d1fa0f3d,a,ar,118,122,313,240,195
5e424d1fa0f3d,r,rr,73,88,237,161,164
5e424d1fa0f3d,r,rf,76,272,446,348,370
5e424d1fa0f3d,f,fmeta1,98,194,398,292,300
5e424d1fa0f3d,meta1,meta1bksp,106,571,741,677,635
5e424d1fa0f3d,bksp,bkspnormal,64,336,464,400,400
5e424d1fa0f3d,normal,normala,64,441,602,505,538
5e424d1fa0f3d,a,af,97,262,424,359,327
5e424d1fa0f3d,f,fmeta1,65,92,249,157,184
5e424d1fa0f3d,meta1,meta12,92,498,660,590,568
5e424d1fa0f3d,2,22,70,101,234,171,164
5e424d1fa0f3d,2,25,63,289,445,352,382
5e424d1fa0f3d,5,50,93,125,279,218,186
5e424d1fa0f3d,0,05,61,92,227,153,166
5e424d1fa0f3d,5,5@,74,40,192,114,118
5e424d1fa0f3d,@,@normal,78,364,529,442,451
5e424d1fa0f3d,normal,normalg,87,658,822,745,735
5e424d1fa0f3d,g,gm,77,364,509,441,432
5e424d1fa0f3d,m,ma,68,113,266,181,198
5e424d1fa0f3d,a,ai,85,57,202,142,117
5e424d1fa0f3d,i,il,60,138,294,198,234
5e424d1fa0f3d,l,l.,96,166,328,262,232
5e424d1fa0f3d,.,.c,66,127,266,193,200
5e424d1fa0f3d,c,co,73,110,240,183,167
5e424d1fa0f3d,o,om,57,301,395,358,338
5e424d1fa0f3d,m,mt,37,21241,21342,21278,21305
5e424eb65c6a1,t,th,64,145,316,209,252
5e424eb65c6a1,h,ha,107,243,475,350,368
5e424eb65c6a1,a,an,125,493,721,618,596
5e424eb65c6a1,n,nu,103,210,422,313,319
5e424eb65c6a1,u,ut,109,246,494,355,385
5e424eb65c6a1,t,tspace,139,19,253,158,114
5e424eb65c6a1,space,spacep,95,183,427,278,332
5e424eb65c6a1,p,pbksp,149,679,918,828,769
5e424eb65c6a1,bksp,bkspbksp,90,83,237,173,147
5e424eb65c6a1,bksp,bksp.,64,830,1041,894,977
5e424eb65c6a1,.,.p,147,548,825,695,678
5e424eb65c6a1,p,pi,130,258,478,388,348
5e424eb65c6a1,i,iy,90,856,1038,946,948
5e424eb65c6a1,y,yv,92,680,846,772,754
5e424eb65c6a1,v,va,74,186,393,260,319
5e424eb65c6a1,a,abksp,133,2191,2413,2324,2280
5e424eb65c6a1,bksp,bkspbksp,89,345,524,434,435
5e424eb65c6a1,bksp,bkspv,90,1427,1604,1517,1514
5e424eb65c6a1,v,vbksp,87,509,686,596,599
5e424eb65c6a1,bksp,bkspa,90,261,459,351,369
5e424eb65c6a1,a,av,108,559,791,667,683
5e424eb65c6a1,v,va,124,54,323,178,199
5e424eb65c6a1,a,at,145,280,546,425,401
5e424eb65c6a1,t,tmeta1,121,767,970,888,849
5e424eb65c6a1,meta1,meta1@,82,598,784,680,702
5e424eb65c6a1,@,@g,104,726,919,830,815
5e424eb65c6a1,g,gm,89,330,506,419,417
5e424eb65c6a1,m,ma,87,194,407,281,320
5e424eb65c6a1,a,ai,126,142,374,268,248
5e424eb65c6a1,i,il,106,176,404,282,298
5e424eb65c6a1,l,l.,122,295,525,417,403
5e424eb65c6a1,.,.c,108,175,355,283,247
5e424eb65c6a1,c,co,72,510,708,582,636
5e424eb65c6a1,o,om,126,307,507,433,381
5e424eb65c6a1,m,mt,74,37882,38112,37956,38038
5e424eb65c6a1,t,th,156,162,421,318,265
5e424eb65c6a1,h,ha,103,527,753,630,650
5e424eb65c6a1,a,an,123,378,606,501,483
5e424eb65c6a1,n,nu,105,226,405,331,300
5e424eb65c6a1,u,ut,74,176,450,250,376
5e424eb65c6a1,t,t.,200,490,771,690,571
5e424eb65c6a1,.,.p,81,692,867,773,786
5e424eb65c6a1,p,pi,94,293,478,387,384
5e424eb65c6a1,i,iy,91,213,408,304,317
5e424eb65c6a1,y,ya,104,260,473,364,369
5e424eb65c6a1,a,av,109,242,423,351,314
5e424eb65c6a1,v,va,72,145,322,217,250
5e424eb65c6a1,a,at,105,277,439,382,334
5e424eb65c6a1,t,tmeta1,57,312,441,369,384
5e424eb65c6a1,meta1,meta1@,72,610,755,682,683
5e424eb65c6a1,@,@normal,73,262,422,335,349
5e424eb65c6a1,normal,normalg,87,528,706,615,619
5e424eb65c6a1,g,gm,91,308,491,399,400
5e424eb65c6a1,m,ma,92,176,410,268,318
5e424eb65c6a1,a,ai,142,89,337,231,195
5e424eb65c6a1,i,il,106,246,443,352,337
5e424eb65c6a1,l,l.,91,479,657,570,566
5e424eb65c6a1,.,.c,87,193,384,280,297
5e424eb65c6a1,c,co,104,131,322,235,218
5e424eb65c6a1,o,om,87,177,354,264,267
5e424eb65c6a1,m,mbksp,90,26381,26577,26471,26487
5e424eb65c6a1,bksp,bkspt,106,494,722,600,616
5e424eb65c6a1,t,th,122,796,1021,918,899
5e424eb65c6a1,h,ha,103,460,705,563,602
5e424eb65c6a1,a,an,142,158,405,300,263
5e424eb65c6a1,n,nu,105,157,356,262,251
5e424eb65c6a1,u,ut,94,380,597,474,503
5e424eb65c6a1,t,t.,123,91,319,214,196
5e424eb65c6a1,.,.p,105,385,622,490,517
5e424eb65c6a1,p,pi,132,414,632,546,500
5e424eb65c6a1,i,iy,86,429,587,515,501
5e424eb65c6a1,y,ya,72,194,357,266,285
5e424eb65c6a1,a,av,91,243,404,334,313
5e424eb65c6a1,v,va,70,164,322,234,252
5e424eb65c6a1,a,at,88,377,538,465,450
5e424eb65c6a1,t,tmeta1,73,264,421,337,348
5e424eb65c6a1,meta1,meta1@,84,358,535,442,451
5e424eb65c6a1,@,@normal,93,164,359,257,266
5e424eb65c6a1,normal,normalg,102,362,536,464,434
5e424eb65c6a1,g,gm,72,978,1157,1050,1085
5e424eb65c6a1,m,ma,107,193,408,300,301
5e424eb65c6a1,a,ai,108,123,306,231,198
5e424eb65c6a1,i,il,75,230,391,305,316
5e424eb65c6a1,l,l.,86,277,455,363,369
5e424eb65c6a1,.,.c,92,195,406,287,314
5e424eb65c6a1,c,co,119,78,303,197,184
5e424eb65c6a1,o,om,106,161,357,267,251
5e424eb65c6a1,m,mt,90,25449,25659,25539,25569
5e424eb65c6a1,t,th,120,128,319,248,199
5e424eb65c6a1,h,ha,71,243,457,314,386
5e424eb65c6a1,a,an,143,296,539,439,396
5e424eb65c6a1,n,nu,100,165,367,265,267
5e424eb65c6a1,u,ut,102,344,557,446,455
5e424eb65c6a1,t,t.,111,126,323,237,212
5e424eb65c6a1,.,.p,86,284,436,370,350
5e424eb65c6a1,p,pi,66,281,419,347,353
5e424eb65c6a1,i,iy,72,393,537,465,465
5e424eb65c6a1,y,ya,72,227,406,299,334
5e424eb65c6a1,a,av,107,225,423,332,316
5e424eb65c6a1,v,va,91,76,308,167,217
5e424eb65c6a1,a,at,141,246,457,387,316
5e424eb65c6a1,t,tmeta1,70,406,554,476,484
5e424eb65c6a1,meta1,meta1@,78,782,945,860,867
5e424eb65c6a1,@,@normal,85,228,399,313,314
5e424eb65c6a1,normal,normalg,86,529,689,615,603
5e424eb65c6a1,g,gm,74,312,457,386,383
5e424eb65c6a1,m,ma,71,179,337,250,266
5e424eb65c6a1,a,ai,87,145,302,232,215
5e424eb65c6a1,i,il,70,198,355,268,285
5e424eb65c6a1,l,l.,87,211,355,298,268
5e424eb65c6a1,.,.c,57,210,371,267,314
5e424eb65c6a1,c,co,104,132,305,236,201
5e424eb65c6a1,o,om,69,280,419,349,350
5e424eb65c6a1,m,mt,70,24116,24324,24186,24254
5e424eb65c6a1,t,th,138,123,353,261,215
5e424eb65c6a1,h,ha,92,208,427,300,335
5e424eb65c6a1,a,an,127,179,373,306,246
5e424eb65c6a1,n,nu,67,196,351,263,284
5e424eb65c6a1,u,ut,88,214,423,302,335
5e424eb65c6a1,t,t.,121,145,356,266,235
5e424eb65c6a1,.,.p,90,392,574,482,484
5e424eb65c6a1,p,pi,92,276,455,368,363
5e424eb65c6a1,i,ibksp,87,1098,1270,1185,1183
5e424eb65c6a1,bksp,bkspy,85,261,454,346,369
5e424eb65c6a1,y,ya,108,503,744,611,636
5e424eb65c6a1,a,av,133,310,530,443,397
5e424eb65c6a1,v,va,87,109,288,196,201
5e424eb65c6a1,a,at,92,240,389,332,297
5e424eb65c6a1,t,tmeta1,57,597,728,654,671
5e424eb65c6a1,meta1,meta1@,74,498,655,572,581
5e424eb65c6a1,@,@normal,83,136,331,219,248
5e424eb65c6a1,normal,normalg,112,547,749,659,637
5e424eb65c6a1,g,gbksp,90,177,370,267,280
5e424eb65c6a1,bksp,bkspa,103,308,489,411,386
5e424eb65c6a1,a,ai,78,194,360,272,282
5e424eb65c6a1,i,ibksp,88,378,559,466,471
5e424eb65c6a1,bksp,bkspbksp,93,86,252,179,159
5e424eb65c6a1,bksp,bkspg,73,864,1042,937,969
5e424eb65c6a1,g,gm,105,178,356,283,251
5e424eb65c6a1,m,ma,73,194,356,267,283
5e424eb65c6a1,a,ai,89,146,289,235,200
5e424eb65c6a1,i,il,54,198,320,252,266
5e424eb65c6a1,l,l.,68,581,708,649,640
5e424eb65c6a1,.,.c,59,406,539,465,480
5e424eb65c6a1,c,co,74,676,872,750,798
5e424eb65c6a1,o,om,122,159,353,281,231
5e424eb65c6a1,m,mt,72,32986,33144,33058,33072
5e424eb65c6a1,t,th,86,173,332,259,246
5e424eb65c6a1,h,ha,73,90,278,163,205
5e424eb65c6a1,a,an,115,457,680,572,565
5e424eb65c6a1,n,nu,108,211,390,319,282
5e424eb65c6a1,u,ut,71,198,371,269,300
5e424eb65c6a1,t,t.,102,416,624,518,522
5e424eb65c6a1,.,.p,106,244,452,350,346
5e424eb65c6a1,p,pi,102,197,419,299,317
5e424eb65c6a1,i,iy,120,298,471,418,351
5e424eb65c6a1,y,ya,53,246,388,299,335
5e424eb65c6a1,a,av,89,1289,1452,1378,1363
5e424eb65c6a1,v,va,74,131,291,205,217
5e424eb65c6a1,a,at,86,309,453,395,367
5e424eb65c6a1,t,tmeta1,58,847,976,905,918
5e424eb65c6a1,meta1,meta1@,71,429,605,500,534
5e424eb65c6a1,@,@normal,105,140,335,245,230
5e424eb65c6a1,normal,normalg,90,479,644,569,554
5e424eb65c6a1,g,gm,75,180,338,255,263
5e424eb65c6a1,m,ma,83,147,316,230,233
5e424eb65c6a1,a,ai,86,146,272,232,186
5e424eb65c6a1,i,il,40,211,304,251,264
5e424eb65c6a1,l,l.,53,560,738,613,685
5e424eb65c6a1,.,.c,125,180,391,305,266
5e424eb65c6a1,c,co,86,114,286,200,200
5e424eb65c6a1,o,om,86,195,371,281,285
5e424eb65c6a1,m,mt,90,29195,29373,29285,29283
5e424eb65c6a1,t,th,88,130,306,218,218
5e424eb65c6a1,h,ha,88,261,422,349,334
5e424eb65c6a1,a,an,73,177,338,250,265
5e424eb65c6a1,n,nu,88,212,405,300,317
5e424eb65c6a1,u,ut,105,194,405,299,300
5e424eb65c6a1,t,t.,106,196,388,302,282
5e424eb65c6a1,.,.p,86,209,404,295,318
5e424eb65c6a1,p,pi,109,245,427,354,318
5e424eb65c6a1,i,iu,73,194,355,267,282
5e424eb65c6a1,u,ua,88,173,357,261,269
5e424eb65c6a1,a,av,96,262,430,358,334
5e424eb65c6a1,v,va,72,126,286,198,214
5e424eb65c6a1,a,at,88,328,471,416,383
5e424eb65c6a1,t,tbksp,55,904,1040,959,985
5e424eb65c6a1,bksp,bkspbksp,81,91,279,172,198
5e424eb65c6a1,bksp,bkspbksp,107,96,274,203,167
5e424eb65c6a1,bksp,bkspy,71,945,1106,1016,1035
5e424eb65c6a1,y,ya,90,310,492,400,402
5e424eb65c6a1,a,av,92,389,556,481,464
5e424eb65c6a1,v,va,75,93,291,168,216
5e424eb65c6a1,a,at,123,228,460,351,337
5e424eb65c6a1,t,tmeta1,109,927,1093,1036,984
5e424eb65c6a1,meta1,meta1@,57,388,504,445,447
5e424eb65c6a1,@,@normal,59,178,324,237,265
5e424eb65c6a1,normal,normalg,87,495,672,582,585
5e424eb65c6a1,g,gm,90,160,341,250,251
5e424eb65c6a1,m,ma,91,277,473,368,382
5e424eb65c6a1,a,ai,105,149,304,254,199
5e424eb65c6a1,i,il,50,237,375,287,325
5e424eb65c6a1,l,l.,88,352,530,440,442
5e424eb65c6a1,.,.c,90,147,306,237,216
5e424eb65c6a1,c,co,69,564,720,633,651
5e424eb65c6a1,o,om,87,230,371,317,284
5e424eb65c6a1,m,mt,54,25349,25522,25403,25468
5e424eb65c6a1,t,th,119,112,318,231,199
5e424eb65c6a1,h,ha,87,181,372,268,285
5e424eb65c6a1,a,an,104,146,355,250,251
5e424eb65c6a1,n,nu,105,158,356,263,251
5e424eb65c6a1,u,ut,93,188,373,281,280
5e424eb65c6a1,t,t.,92,163,344,255,252
5e424eb65c6a1,.,.p,89,162,388,251,299
5e424eb65c6a1,p,pi,137,273,484,410,347
5e424eb65c6a1,i,iy,74,231,374,305,300
5e424eb65c6a1,y,ya,69,235,402,304,333
5e424eb65c6a1,a,av,98,221,404,319,306
5e424eb65c6a1,v,va,85,158,349,243,264
5e424eb65c6a1,a,at,106,281,471,387,365
5e424eb65c6a1,t,tmeta1,84,466,638,550,554
5e424eb65c6a1,meta1,meta1normal,88,694,851,782,763
5e424eb65c6a1,normal,normalg,69,430,604,499,535
5e424eb65c6a1,g,gm,105,214,386,319,281
5e424eb65c6a1,m,ma,67,100,269,167,202
5e424eb65c6a1,a,ai,102,94,252,196,150
5e424eb65c6a1,i,il,56,180,289,236,233
5e424eb65c6a1,l,l.,53,511,656,564,603
5e424eb65c6a1,.,.c,92,277,472,369,380
5e424eb65c6a1,c,co,103,107,285,210,182
5e424eb65c6a1,o,om,75,282,426,357,351
5e424eb65c6a1,m,mt,69,25780,25956,25849,25887
5e424eb65c6a1,t,th,107,147,306,254,199
5e424eb65c6a1,h,ha,52,210,370,262,318
5e424eb65c6a1,a,an,108,175,373,283,265
5e424eb65c6a1,n,nu,90,196,355,286,265
5e424eb65c6a1,u,ut,69,248,405,317,336
5e424eb65c6a1,t,t.,88,212,389,300,301
5e424eb65c6a1,.,.p,89,531,740,620,651
5e424eb65c6a1,p,pi,120,261,471,381,351
5e424eb65c6a1,i,iy,90,260,421,350,331
5e424eb65c6a1,y,ya,71,155,338,226,267
5e424eb65c6a1,a,av,112,230,409,342,297
5e424eb65c6a1,v,va,67,96,236,163,169
5e424eb65c6a1,a,at,73,595,723,668,650
5e424eb65c6a1,t,tmeta1,55,428,554,483,499
5e424eb65c6a1,meta1,meta1@,71,364,541,435,470
5e424eb65c6a1,@,@normal,106,144,335,250,229
5e424eb65c6a1,normal,normalg,85,544,736,629,651
5e424eb65c6a1,g,gm,107,161,339,268,232
5e424eb65c6a1,m,ma,71,146,306,217,235
5e424eb65c6a1,a,ai,89,126,288,215,199
5e424eb65c6a1,i,il,73,175,325,248,252
5e424eb65c6a1,l,l.,77,310,477,387,400
5e424eb65c6a1,.,.c,90,161,355,251,265
5e424eb65c6a1,c,co,104,90,304,194,200
5e424eb65c6a1,o,o.,110,263,465,373,355
5e424eb65c6a1,.,.m,92,1142,1304,1234,1212
5e424eb65c6a1,m,mt,70,27481,27691,27551,27621
5e424eb65c6a1,t,th,140,159,356,299,216
5e424eb65c6a1,h,ha,57,225,375,282,318
5e424eb65c6a1,a,an,93,162,322,255,229
5e424eb65c6a1,n,nu,67,165,318,232,251
5e424eb65c6a1,u,ut,86,244,423,330,337
5e424eb65c6a1,t,t.,93,89,275,182,182
5e424eb65c6a1,.,.p,93,162,392,255,299
5e424eb65c6a1,p,pi,137,213,418,350,281
5e424eb65c6a1,i,iy,68,214,352,282,284
5e424eb65c6a1,y,ya,70,111,273,181,203
5e424eb65c6a1,a,ab,92,146,306,238,214
5e424eb65c6a1,b,ba,68,73,235,141,167
5e424eb65c6a1,a,at,94,277,444,371,350
5e424eb65c6a1,t,tbksp,73,537,707,610,634
5e424eb65c6a1,bksp,bkspbksp,97,86,279,183,182
5e424eb65c6a1,bksp,bkspbksp,96,211,414,307,318
5e424eb65c6a1,bksp,bkspv,107,563,760,670,653
5e424eb65c6a1,v,va,90,90,272,180,182
5e424eb65c6a1,a,at,92,240,407,332,315
5e424eb65c6a1,t,tmeta1,75,194,374,269,299
5e424eb65c6a1,meta1,meta1@,105,313,507,418,402
5e424eb65c6a1,@,@normal,89,129,290,218,201
5e424eb65c6a1,normal,normalg,72,928,1073,1000,1001
5e424eb65c6a1,g,gm,73,109,270,182,197
5e424eb65c6a1,m,ma,88,106,289,194,201
5e424eb65c6a1,a,ai,95,88,244,183,149
5e424eb65c6a1,i,il,61,173,293,234,232
5e424eb65c6a1,l,l.,59,497,612,556,553
5e424eb65c6a1,.,.c,56,228,387,284,331
5e424eb65c6a1,c,co,103,97,286,200,183
5e424eb65c6a1,o,om,86,162,305,248,219
5e424eb65c6a1,m,mm,57,-352459,-352347,-352402,-352404
5e424ec6db911,m,ma,55,407,522,462,467
5e424ec6db911,a,ag,60,342,491,402,431
5e424ec6db911,g,gg,89,85,238,174,149
5e424ec6db911,g,gz,64,711,850,775,786
5e424ec6db911,z,za,75,158,291,233,216
5e424ec6db911,a,as,58,135,273,193,215
5e424ec6db911,s,smeta1,80,226,364,306,284
5e424ec6db911,meta1,meta1@,58,968,1075,1026,1017
5e424ec6db911,@,@normal,49,294,414,343,365
5e424ec6db911,normal,normalg,71,429,559,500,488
5e424ec6db911,g,gm,59,191,307,250,248
5e424ec6db911,m,ma,57,310,444,367,387
5e424ec6db911,a,ai,77,405,525,482,448
5e424ec6db911,i,il,43,189,290,232,247
5e424ec6db911,l,l.,58,342,460,400,402
5e424ec6db911,.,.c,60,422,541,482,481
5e424ec6db911,c,co,59,278,395,337,336
5e424ec6db911,o,om,58,141,254,199,196
5e424ec6db911,m,mm,55,37035,37160,37090,37105
5e424ec6db911,m,ma,70,373,521,443,451
5e424ec6db911,a,ag,78,276,410,354,332
5e424ec6db911,g,gg,56,104,220,160,164
5e424ec6db911,g,gy,60,186,295,246,235
5e424ec6db911,y,yz,49,629,749,678,700
5e424ec6db911,z,za,71,197,335,268,264
5e424ec6db911,a,as,67,108,235,175,168
5e424ec6db911,s,smeta1,60,177,293,237,233
5e424ec6db911,meta1,meta1@,56,867,976,923,920
5e424ec6db911,@,@normal,53,293,435,346,382
5e424ec6db911,normal,normalg,89,510,656,599,567
5e424ec6db911,g,gm,57,193,304,250,247
5e424ec6db911,m,mi,54,779,904,833,850
5e424ec6db911,i,il,71,179,305,250,234
5e424ec6db911,l,l.,55,282,406,337,351
5e424ec6db911,.,.c,69,565,690,634,621
5e424ec6db911,c,co,56,304,405,360,349
5e424ec6db911,o,om,45,142,258,187,213
5e424ec6db911,m,mm,71,25312,25425,25383,25354
5e424ec6db911,m,mg,42,727,839,769,797
5e424ec6db911,g,gg,70,111,236,181,166
5e424ec6db911,g,gy,55,148,257,203,202
5e424ec6db911,y,yz,54,361,490,415,436
5e424ec6db911,z,za,75,159,306,234,231
5e424ec6db911,a,as,72,111,252,183,180
5e424ec6db911,s,sbksp,69,2064,2193,2133,2124
5e424ec6db911,bksp,bkspbksp,60,101,221,161,161
5e424ec6db911,bksp,bkspbksp,60,90,230,150,170
5e424ec6db911,bksp,bkspbksp,80,86,245,166,165
5e424ec6db911,bksp,bkspbksp,79,69,228,148,149
5e424ec6db911,bksp,bkspbksp,80,494,646,574,566
5e424ec6db911,bksp,bkspmeta1,72,529,691,601,619
5e424ec6db911,meta1,meta1-,90,373,526,463,436
5e424ec6db911,-,-bksp,63,692,813,755,750
5e424ec6db911,bksp,bkspnormal,58,611,755,669,697
5e424ec6db911,normal,normala,86,544,702,630,616
5e424ec6db911,a,ag,72,593,738,665,666
5e424ec6db911,g,gg,73,89,239,162,166
5e424ec6db911,g,gy,77,169,297,246,220
5e424ec6db911,y,yz,51,496,633,547,582
5e424ec6db911,z,za,86,183,353,269,267
5e424ec6db911,a,as,84,103,252,187,168
5e424ec6db911,s,smeta1,65,570,728,635,663
5e424ec6db911,meta1,meta1@,93,778,931,871,838
5e424ec6db911,@,@meta1,60,1342,1476,1402,1416
5e424ec6db911,meta1,meta1normal,74,174,305,248,231
5e424ec6db911,normal,normalg,57,663,776,720,719
5e424ec6db911,g,gm,56,211,336,267,280
5e424ec6db911,m,ma,69,362,490,431,421
5e424ec6db911,a,ai,59,356,475,415,416
5e424ec6db911,i,il,60,175,307,235,247
5e424ec6db911,l,l.,72,260,392,332,320
5e424ec6db911,.,.c,60,327,474,387,414
5e424ec6db911,c,co,87,227,385,314,298
5e424ec6db911,o,om,71,178,290,249,219
5e424ec6db911,m,mm,41,25625,25727,25666,25686
5e424ec6db911,m,ma,61,331,462,392,401
5e424ec6db911,a,ag,70,244,369,314,299
5e424ec6db911,g,gg,55,103,234,158,179
5e424ec6db911,g,gy,76,143,279,219,203
5e424ec6db911,y,yz,60,497,644,557,584
5e424ec6db911,z,za,87,144,305,231,218
5e424ec6db911,a,as,74,101,236,175,162
5e424ec6db911,s,smeta1,61,179,295,240,234
5e424ec6db911,meta1,meta1@,55,863,975,918,920
5e424ec6db911,@,@normal,57,277,406,334,349
5e424ec6db911,normal,normalg,72,407,556,479,484
5e424ec6db911,g,gm,77,208,343,285,266
5e424ec6db911,m,ma,58,322,478,380,420
5e424ec6db911,a,ai,98,325,482,423,384
5e424ec6db911,i,il,59,203,321,262,262
5e424ec6db911,l,l.,59,278,397,337,338
5e424ec6db911,.,.c,60,335,475,395,415
5e424ec6db911,c,co,80,246,394,326,314
5e424ec6db911,o,om,68,139,251,207,183
5e424ec6db911,m,mm,44,24098,24181,24142,24137
5e424ec6db911,m,ma,39,322,458,361,419
5e424ec6db911,a,ag,97,273,444,370,347
5e424ec6db911,g,gg,74,107,237,181,163
5e424ec6db911,g,gz,56,564,693,620,637
5e424ec6db911,z,za,73,175,321,248,248
5e424ec6db911,a,as,73,105,238,178,165
5e424ec6db911,s,smeta1,60,162,278,222,218
5e424ec6db911,meta1,meta1@,56,826,943,882,887
5e424ec6db911,@,@normal,61,307,444,368,383
5e424ec6db911,normal,normalg,76,473,641,549,565
5e424ec6db911,g,gm,92,192,340,284,248
5e424ec6db911,m,ma,56,310,443,366,387
5e424ec6db911,a,ai,77,287,441,364,364
5e424ec6db911,i,il,77,173,309,250,232
5e424ec6db911,l,l.,59,179,295,238,236
5e424ec6db911,.,.c,57,326,457,383,400
5e424ec6db911,c,co,74,240,388,314,314
5e424ec6db911,o,om,74,147,273,221,199
5e424ec6db911,m,mm,52,27386,27479,27438,27427
5e424ec6db911,m,ma,41,339,470,380,429
5e424ec6db911,a,ag,90,292,440,382,350
5e424ec6db911,g,gg,58,127,228,185,170
5e424ec6db911,g,gy,43,135,254,178,211
5e424ec6db911,y,yz,76,329,479,405,403
5e424ec6db911,z,zs,74,340,472,414,398
5e424ec6db911,s,smeta1,58,178,290,236,232
5e424ec6db911,meta1,meta1@,54,497,622,551,568
5e424ec6db911,@,@normal,71,341,474,412,403
5e424ec6db911,normal,normalg,62,539,661,601,599
5e424ec6db911,g,gm,60,223,340,283,280
5e424ec6db911,m,ma,57,327,447,384,390
5e424ec6db911,a,ai,63,339,461,402,398
5e424ec6db911,i,il,59,172,287,231,228
5e424ec6db911,l,lbksp,56,181,291,237,235
5e424ec6db911,bksp,bkspo,54,1139,1237,1193,1183
5e424ec6db911,o,obksp,44,611,744,655,700
5e424ec6db911,bksp,bkspl,89,193,341,282,252
5e424ec6db911,l,lbksp,59,524,641,583,582
5e424ec6db911,bksp,bkspl,58,1178,1292,1236,1234
5e424ec6db911,l,l.,56,280,390,336,334
5e424ec6db911,.,.c,54,760,888,814,834
5e424ec6db911,c,co,74,376,491,450,417
5e424ec6db911,o,om,41,172,272,213,231
5e424ec6db911,m,mmeta1,59,1148,1278,1207,1219
5e424ec6db911,meta1,meta1m,71,28694,28838,28765,28767
5e424ec6db911,m,ma,73,364,505,437,432
5e424ec6db911,a,ag,68,313,437,381,369
5e424ec6db911,g,gg,56,104,204,160,148
5e424ec6db911,g,gy,44,144,244,188,200
5e424ec6db911,y,yz,56,376,524,432,468
5e424ec6db911,z,za,92,157,324,249,232
5e424ec6db911,a,as,75,126,243,201,168
5e424ec6db911,s,smeta1,42,208,307,250,265
5e424ec6db911,meta1,meta1@,57,730,842,787,785
5e424ec6db911,@,@normal,55,295,420,350,365
5e424ec6db911,normal,normalg,70,442,587,512,517
5e424ec6db911,g,gm,75,159,295,234,220
5e424ec6db911,m,ma,61,341,497,402,436
5e424ec6db911,a,ai,95,308,458,403,363
5e424ec6db911,i,il,55,176,285,231,230
5e424ec6db911,l,l.,54,246,370,300,316
5e424ec6db911,.,.c,70,331,475,401,405
5e424ec6db911,c,co,74,275,404,349,330
5e424ec6db911,o,om,55,144,272,199,217
5e424ec6db911,m,mm,73,24894,25027,24967,24954
5e424ec6db911,m,ma,60,287,442,347,382
5e424ec6db911,a,ag,95,224,392,319,297
5e424ec6db911,g,gg,73,91,224,164,151
5e424ec6db911,g,gy,60,159,275,219,215
5e424ec6db911,y,yz,56,448,576,504,520
5e424ec6db911,z,za,72,177,319,249,247
5e424ec6db911,a,as,70,127,240,197,170
5e424ec6db911,s,smeta1,43,175,276,218,233
5e424ec6db911,meta1,meta1@,58,726,841,784,783
5e424ec6db911,@,@normal,57,261,407,318,350
5e424ec6db911,normal,normalg,89,543,692,632,603
5e424ec6db911,g,gm,60,208,338,268,278
5e424ec6db911,m,mi,70,763,924,833,854
5e424ec6db911,i,il,91,159,290,250,199
5e424ec6db911,l,l.,40,209,306,249,266
5e424ec6db911,.,.c,57,308,439,365,382
5e424ec6db911,c,co,74,225,359,299,285
5e424ec6db911,o,om,60,159,274,219,214
5e424ec6db911,m,mm,55,24547,24660,24602,24605
5e424ec6db911,m,ma,58,318,456,376,398
5e424ec6db911,a,ag,80,261,400,341,320
5e424ec6db911,g,gg,59,122,225,181,166
5e424ec6db911,g,gy,44,157,256,201,212
5e424ec6db911,y,ys,55,318,439,373,384
5e424ec6db911,s,sa,66,144,284,210,218
5e424ec6db911,a,abksp,74,578,690,652,616
5e424ec6db911,bksp,bkspbksp,38,826,922,864,884
5e424ec6db911,bksp,bkspbksp,58,742,844,800,786
5e424ec6db911,bksp,bkspz,44,687,823,731,779
5e424ec6db911,z,za,92,178,360,270,268
5e424ec6db911,a,as,90,128,272,218,182
5e424ec6db911,s,smeta1,54,178,303,232,249
5e424ec6db911,meta1,meta1@,71,566,689,637,618
5e424ec6db911,@,@normal,52,309,437,361,385
5e424ec6db911,normal,normalg,76,461,590,537,514
5e424ec6db911,g,gm,53,244,355,297,302
5e424ec6db911,m,ml,58,949,1073,1007,1015
5e424ec6db911,l,l.,66,346,453,412,387
5e424ec6db911,.,.c,41,621,725,662,684
5e424ec6db911,c,co,63,266,394,329,331
5e424ec6db911,o,om,65,153,285,218,220
5e424ec6db911,m,mm,67,25474,25601,25541,25534
5e424ec6db911,m,mg,60,795,923,855,863
5e424ec6db911,g,gg,68,112,219,180,151
5e424ec6db911,g,gy,39,176,253,215,214
5e424ec6db911,y,yz,38,420,538,458,500
5e424ec6db911,z,za,80,193,349,273,269
5e424ec6db911,a,as,76,147,292,223,216
5e424ec6db911,s,smeta1,69,286,434,355,365
5e424ec6db911,meta1,meta1@,79,966,1105,1045,1026
5e424ec6db911,@,@normal,60,340,471,400,411
5e424ec6db911,normal,normalg,71,484,639,555,568
5e424ec6db911,g,gm,84,237,399,321,315
5e424ec6db911,m,ma,78,358,497,436,419
5e424ec6db911,a,ai,61,341,462,402,401
5e424ec6db911,i,il,60,171,275,231,215
5e424ec6db911,l,l.,44,211,309,255,265
5e424ec6db911,.,.c,54,341,456,395,402
5e424ec6db911,c,co,61,276,395,337,334
5e424ec6db911,o,om,58,159,254,217,196
5e424ec6db911,m,mp,37,157940,158077,157977,158040
5e4250a680346,p,pe,100,163,317,263,217
5e4250a680346,e,ec,54,458,546,512,492
5e4250a680346,c,ca,34,935,1059,969,1025
5e4250a680346,a,abksp,90,577,741,667,651
5e4250a680346,bksp,bkspbksp,74,72,205,146,131
5e4250a680346,bksp,bkspbksp,59,514,644,573,585
5e4250a680346,bksp,bkspa,71,555,704,626,633
5e4250a680346,a,ac,78,313,445,391,367
5e4250a680346,c,ce,54,160,302,214,248
5e4250a680346,e,emeta1,88,734,877,822,789
5e4250a680346,meta1,meta1meta2,55,943,1062,998,1007
5e4250a680346,meta2,meta2_,64,435,555,499,491
5e4250a680346,_,_m,56,1034,1154,1090,1098
5e4250a680346,m,ma,64,156,280,220,216
5e4250a680346,a,al,60,121,257,181,197
5e4250a680346,l,lmeta1,76,743,878,819,802
5e4250a680346,meta1,meta1@,59,675,812,734,753
5e4250a680346,@,@normal,78,542,694,620,616
5e4250a680346,normal,normalh,74,527,690,601,616
5e4250a680346,h,ho,89,242,405,331,316
5e4250a680346,o,ot,74,131,241,205,167
5e4250a680346,t,tm,36,295,387,331,351
5e4250a680346,m,ma,56,548,685,604,629
5e4250a680346,a,ai,81,187,350,268,269
5e4250a680346,i,il,82,158,316,240,234
5e4250a680346,l,l.,76,812,946,888,870
5e4250a680346,.,.c,58,260,391,318,333
5e4250a680346,c,co,73,148,270,221,197
5e4250a680346,o,om,49,143,264,192,215
5e4250a680346,m,mp,72,30360,30510,30432,30438
5e4250a680346,p,pe,78,90,242,168,164
5e4250a680346,e,ec,74,385,511,459,437
5e4250a680346,c,cbksp,52,788,902,840,850
5e4250a680346,bksp,bkspa,62,191,312,253,250
5e4250a680346,a,ac,59,280,409,339,350
5e4250a680346,c,ce,70,127,266,197,196
5e4250a680346,e,emeta1,69,802,931,871,862
5e4250a680346,meta1,meta1meta2,60,527,651,587,591
5e4250a680346,meta2,meta2_,64,375,500,439,436
5e4250a680346,_,_normal,61,262,360,323,299
5e4250a680346,normal,normalm,37,500,603,537,566
5e4250a680346,m,ma,66,90,231,156,165
5e4250a680346,a,al,75,71,241,146,166
5e4250a680346,l,lmeta1,95,979,1133,1074,1038
5e4250a680346,meta1,meta1@,59,683,806,742,747
5e4250a680346,@,@normal,64,104,243,168,179
5e4250a680346,normal,normalh,75,715,861,790,786
5e4250a680346,h,ho,71,248,392,319,321
5e4250a680346,o,ot,73,108,252,181,179
5e4250a680346,t,tm,71,115,222,186,151
5e4250a680346,m,ma,36,470,570,506,534
5e4250a680346,a,ai,64,297,430,361,366
5e4250a680346,i,il,69,216,335,285,266
5e4250a680346,l,l.,50,621,734,671,684
5e4250a680346,.,.c,63,191,329,254,266
5e4250a680346,c,co,75,111,277,186,202
5e4250a680346,o,om,91,141,290,232,199
5e4250a680346,m,mp,58,27034,27159,27092,27101
5e4250a680346,p,pe,67,211,349,278,282
5e4250a680346,e,ec,71,493,638,564,567
5e4250a680346,c,ce,74,184,308,258,234
5e4250a680346,e,ebksp,50,651,752,701,702
5e4250a680346,bksp,bkspbksp,51,72,165,123,114
5e4250a680346,bksp,bkspa,42,460,577,502,535
5e4250a680346,a,ac,75,337,474,412,399
5e4250a680346,c,ce,62,150,262,212,200
5e4250a680346,e,emeta1,50,709,833,759,783
5e4250a680346,meta1,meta1meta2,74,615,777,689,703
5e4250a680346,meta2,meta2_,88,335,486,423,398
5e4250a680346,_,_normal,63,153,294,216,231
5e4250a680346,normal,normalm,78,418,565,496,487
5e4250a680346,m,ma,69,90,235,159,166
5e4250a680346,a,al,76,107,241,183,165
5e4250a680346,l,lmeta1,58,112,241,170,183
5e4250a680346,meta1,meta1@,71,485,641,556,570
5e4250a680346,@,@normal,85,114,250,199,165
5e4250a680346,normal,normalh,51,476,635,527,584
5e4250a680346,h,ht,108,379,544,487,436
5e4250a680346,t,tbksp,57,313,438,370,381
5e4250a680346,bksp,bkspo,68,195,333,263,265
5e4250a680346,o,ot,70,112,253,182,183
5e4250a680346,t,tn,71,114,238,185,167
5e4250a680346,n,ni,53,329,438,382,385
5e4250a680346,i,ibksp,56,362,473,418,417
5e4250a680346,bksp,bkspbksp,55,72,170,127,115
5e4250a680346,bksp,bkspm,43,567,663,610,620
5e4250a680346,m,ma,53,179,317,232,264
5e4250a680346,a,au,85,242,401,327,316
5e4250a680346,u,ubksp,74,629,792,703,718
5e4250a680346,bksp,bkspi,89,280,473,369,384
5e4250a680346,i,il,104,146,335,250,231
5e4250a680346,l,l.,85,566,705,651,620
5e4250a680346,.,.space,54,466,554,520,500
5e4250a680346,space,spacebksp,34,2809,2915,2843,2881
5e4250a680346,bksp,bkspc,72,1003,1139,1075,1067
5e4250a680346,c,co,64,131,297,195,233
5e4250a680346,o,om,102,147,319,249,217
5e4250a680346,m,mbksp,70,491,652,561,582
5e4250a680346,bksp,bkspbksp,91,58,225,149,134
5e4250a680346,bksp,bkspbksp,76,336,476,412,400
5e4250a680346,bksp,bkspbksp,64,252,398,316,334
5e4250a680346,bksp,bkspc,82,1875,2049,1957,1967
5e4250a680346,c,cbksp,92,831,978,923,886
5e4250a680346,bksp,bkspc,55,1459,1603,1514,1548
5e4250a680346,c,co,89,661,838,750,749
5e4250a680346,o,om,88,162,323,250,235
5e4250a680346,m,mp,73,29630,29773,29703,29700
5e4250a680346,p,pe,70,247,386,317,316
5e4250a680346,e,ea,69,1018,1154,1087,1085
5e4250a680346,a,ac,67,945,1100,1012,1033
5e4250a680346,c,ce,88,158,320,246,232
5e4250a680346,e,emeta1,74,329,477,403,403
5e4250a680346,meta1,meta1meta2,74,713,856,787,782
5e4250a680346,meta2,meta2_,69,631,772,700,703
5e4250a680346,_,_normal,72,161,287,233,215
5e4250a680346,normal,normalm,54,445,574,499,520
5e4250a680346,m,ma,75,83,238,158,163
5e4250a680346,a,al,80,181,298,261,218
5e4250a680346,l,lmeta1,37,193,269,230,232
5e4250a680346,meta1,meta1@,39,612,721,651,682
5e4250a680346,@,@normal,70,200,336,270,266
5e4250a680346,normal,normalh,66,496,619,562,553
5e4250a680346,h,ho,57,192,357,249,300
5e4250a680346,o,ot,108,130,305,238,197
5e4250a680346,t,tn,67,106,234,173,167
5e4250a680346,n,nbksp,61,715,866,776,805
5e4250a680346,bksp,bkspm,90,574,722,664,632
5e4250a680346,m,ma,58,625,755,683,697
5e4250a680346,a,ai,72,214,374,286,302
5e4250a680346,i,ik,88,112,270,200,182
5e4250a680346,k,kbksp,70,580,690,650,620
5e4250a680346,bksp,bkspl,40,211,301,251,261
5e4250a680346,l,l.,50,385,502,435,452
5e4250a680346,.,.c,67,265,401,332,334
5e4250a680346,c,co,69,595,735,664,666
5e4250a680346,o,om,71,165,287,236,216
5e4250a680346,m,mp,51,30582,30720,30633,30669
5e4250a680346,p,pe,87,183,336,270,249
5e4250a680346,e,ea,66,111,232,177,166
5e4250a680346,a,ac,55,598,723,653,668
5e4250a680346,c,ce,70,149,271,219,201
5e4250a680346,e,emeta1,52,275,389,327,337
5e4250a680346,meta1,meta1meta2,62,918,1057,980,995
5e4250a680346,meta2,meta2_,77,760,880,837,803
5e4250a680346,_,_normal,43,212,293,255,250
5e4250a680346,normal,normalm,38,730,821,768,783
5e4250a680346,m,ma,53,127,268,180,215
5e4250a680346,a,al,88,88,255,176,167
5e4250a680346,l,lmeta1,79,364,495,443,416
5e4250a680346,meta1,meta1@,52,562,655,614,603
5e4250a680346,@,@normal,41,152,254,193,213
5e4250a680346,normal,normalh,61,750,847,811,786
5e4250a680346,h,ho,36,196,336,232,300
5e4250a680346,o,ot,104,210,369,314,265
5e4250a680346,t,tm,55,145,271,200,216
5e4250a680346,m,ma,71,184,291,255,220
5e4250a680346,a,ai,36,86,183,122,147
5e4250a680346,i,il,61,217,346,278,285
5e4250a680346,l,l.,68,647,770,715,702
5e4250a680346,.,.c,55,245,386,300,331
5e4250a680346,c,cm,86,795,952,881,866
5e4250a680346,m,mp,71,28279,28386,28350,28315
5e4250a680346,p,pe,36,245,338,281,302
5e4250a680346,e,ea,57,168,292,225,235
5e4250a680346,a,ac,67,547,650,614,583
5e4250a680346,c,ce,36,549,653,585,617
5e4250a680346,e,emeta1,68,538,665,606,597
5e4250a680346,meta1,meta1meta2,59,458,579,517,520
5e4250a680346,meta2,meta2_,62,550,649,612,587
5e4250a680346,_,_normal,37,233,318,270,281
5e4250a680346,normal,normalm,48,611,734,659,686
5e4250a680346,m,ma,75,104,270,179,195
5e4250a680346,a,al,91,54,259,145,168
5e4250a680346,l,l@,114,730,899,844,785
5e4250a680346,@,@normal,55,145,267,200,212
5e4250a680346,normal,normalh,67,484,604,551,537
5e4250a680346,h,ho,53,179,321,232,268
5e4250a680346,o,ot,89,129,291,218,202
5e4250a680346,t,tm,73,105,250,178,177
5e4250a680346,m,ma,72,138,274,210,202
5e4250a680346,a,ai,64,125,281,189,217
5e4250a680346,i,il,92,108,274,200,182
5e4250a680346,l,l.,74,666,772,740,698
5e4250a680346,.,.c,32,199,319,231,287
5e4250a680346,c,co,88,131,286,219,198
5e4250a680346,o,om,67,183,303,250,236
5e4250a680346,m,mp,53,30153,30307,30206,30254
5e4250a680346,p,pe,101,159,329,260,228
5e4250a680346,e,ea,69,148,286,217,217
5e4250a680346,a,ac,69,632,756,701,687
5e4250a680346,c,ce,55,194,338,249,283
5e4250a680346,e,emeta1,89,630,782,719,693
5e4250a680346,meta1,meta1meta2,63,501,637,564,574
5e4250a680346,meta2,meta2_,73,394,525,467,452
5e4250a680346,_,_normal,58,212,337,270,279
5e4250a680346,normal,normalm,67,563,687,630,620
5e4250a680346,m,ma,57,142,272,199,215
5e4250a680346,a,al,73,90,257,163,184
5e4250a680346,l,lmeta1,94,89,257,183,163
5e4250a680346,meta1,meta1@,74,999,1162,1073,1088
5e4250a680346,@,@normal,89,211,369,300,280
5e4250a680346,normal,normalh,69,545,687,614,618
5e4250a680346,h,ho,73,214,390,287,317
5e4250a680346,o,ot,103,89,266,192,163
5e4250a680346,t,tn,74,107,227,181,153
5e4250a680346,n,na,46,141,265,187,219
5e4250a680346,a,abksp,78,393,528,471,450
5e4250a680346,bksp,bkspbksp,57,70,187,127,130
5e4250a680346,bksp,bkspm,60,445,577,505,517
5e4250a680346,m,mi,72,359,488,431,416
5e4250a680346,i,il,57,108,241,165,184
5e4250a680346,l,l.,76,746,878,822,802
5e4250a680346,.,.c,56,652,771,708,715
5e4250a680346,c,co,63,211,329,274,266
5e4250a680346,o,om,55,126,257,181,202
5e4250a680346,m,mp,76,25221,25361,25297,25285
5e4250a680346,p,pe,64,247,382,311,318
5e4250a680346,e,ec,71,353,503,424,432
5e4250a680346,c,ce,79,124,262,203,183
5e4250a680346,e,emeta1,59,518,626,577,567
5e4250a680346,meta1,meta1meta2,49,397,504,446,455
5e4250a680346,meta2,meta2_,58,451,555,509,497
5e4250a680346,_,_normal,46,182,278,228,232
5e4250a680346,normal,normalm,50,593,687,643,637
5e4250a680346,m,ma,44,124,240,168,196
5e4250a680346,a,al,72,54,188,126,116
5e4250a680346,l,l@,62,694,814,756,752
5e4250a680346,@,@normal,58,181,275,239,217
5e4250a680346,normal,normalh,36,681,770,717,734
5e4250a680346,h,ho,53,228,349,281,296
5e4250a680346,o,ot,68,108,251,176,183
5e4250a680346,t,tm,75,126,244,201,169
5e4250a680346,m,ma,43,139,259,182,216
5e4250a680346,a,ai,77,264,376,341,299
5e4250a680346,i,ibksp,35,807,886,842,851
5e4250a680346,bksp,bkspl,44,265,346,309,302
5e4250a680346,l,l.,37,593,687,630,650
5e4250a680346,.,.c,57,275,406,332,349
5e4250a680346,c,co,74,144,287,218,213
5e4250a680346,o,om,69,151,288,220,219
5e4250a680346,m,mp,68,32684,32806,32752,32738
5e4250a680346,p,pe,54,229,351,283,297
5e4250a680346,e,ea,68,137,269,205,201
5e4250a680346,a,ac,64,1261,1383,1325,1319
5e4250a680346,c,ce,58,128,270,186,212
5e4250a680346,e,emeta1,84,529,666,613,582
5e4250a680346,meta1,meta1meta2,53,647,773,700,720
5e4250a680346,meta2,meta2_,73,333,459,406,386
5e4250a680346,_,_normal,53,210,332,263,279
5e4250a680346,normal,normalm,69,580,737,649,668
5e4250a680346,m,ma,88,101,269,189,181
5e4250a680346,a,al,80,69,230,149,150
5e4250a680346,l,lmeta1,81,240,401,321,320
5e4250a680346,meta1,meta1@,80,482,631,562,551
5e4250a680346,@,@normal,69,147,286,216,217
5e4250a680346,normal,normalh,70,447,621,517,551
5e4250a680346,h,ho,104,146,335,250,231
5e4250a680346,o,ot,85,148,300,233,215
5e4250a680346,t,tm,67,92,201,159,134
5e4250a680346,m,ma,42,105,225,147,183
5e4250a680346,a,ai,78,109,246,187,168
5e4250a680346,i,il,59,129,259,188,200
5e4250a680346,l,l.,71,579,742,650,671
5e4250a680346,.,.c,92,208,353,300,261
5e4250a680346,c,co,53,125,254,178,201
5e4250a680346,o,om,76,128,258,204,182
5e4250a680346,m,mp,54,29380,29475,29434,29421
5e4250a680346,p,pe,41,299,406,340,365
5e4250a680346,e,ec,66,343,465,409,399
5e4250a680346,c,ce,56,56,191,112,135
5e4250a680346,e,emeta1,79,483,625,562,546
5e4250a680346,meta1,meta1meta2,63,336,461,399,398
5e4250a680346,meta2,meta2_,62,389,520,451,458
5e4250a680346,_,_normal,69,264,388,333,319
5e4250a680346,normal,normalm,55,412,518,467,463
5e4250a680346,m,ma,51,149,250,200,199
5e4250a680346,a,al,50,91,201,141,151
5e4250a680346,l,lmeta1,60,411,544,471,484
5e4250a680346,meta1,meta1@,73,453,558,526,485
5e4250a680346,@,@normal,32,129,229,161,197
5e4250a680346,normal,normalh,68,432,553,500,485
5e4250a680346,h,ho,53,197,336,250,283
5e4250a680346,o,ot,86,97,269,183,183
5e4250a680346,t,tn,86,107,252,193,166
5e4250a680346,n,na,59,112,245,171,186
5e4250a680346,a,au,74,69,220,143,146
5e4250a680346,u,uk,77,87,226,164,149
5e4250a680346,k,kbksp,62,415,532,477,470
5e4250a680346,bksp,bkspl,55,90,187,145,132
5e4250a680346,l,lbksp,42,254,375,296,333
5e4250a680346,bksp,bkspbksp,79,280,431,359,352
5e4250a680346,bksp,bkspbksp,72,92,237,164,165
5e4250a680346,bksp,bkspm,73,482,625,555,552
5e4250a680346,m,ma,70,143,300,213,230
5e4250a680346,a,ai,87,182,339,269,252
5e4250a680346,i,il,70,162,270,232,200
5e4250a680346,l,l.,38,600,675,638,637
5e4250a680346,.,.c,37,243,350,280,313
5e4250a680346,c,co,70,162,302,232,232
5e4250a680346,o,om,70,129,270,199,200
5e4250a680346,m,me,71,-387601,-387476,-387530,-387547
5e4250a729111,e,ea,54,88,222,142,168
5e4250a729111,a,ar,80,293,445,373,365
5e4250a729111,r,rt,72,629,757,701,685
5e4250a729111,t,th,56,100,203,156,147
5e4250a729111,h,h.,47,660,744,707,697
5e4250a729111,.,.n,37,881,960,918,923
5e4250a729111,n,nc,42,423,506,465,464
5e4250a729111,c,ch,41,119,206,160,165
5e4250a729111,h,hbksp,46,1043,1133,1089,1087
5e4250a729111,bksp,bkspbksp,44,66,191,110,147
5e4250a729111,bksp,bkspa,81,512,667,593,586
5e4250a729111,a,ac,74,244,374,318,300
5e4250a729111,c,ch,56,104,220,160,164
5e4250a729111,h,ha,60,1211,1346,1271,1286
5e4250a729111,a,ap,75,532,689,607,614
5e4250a729111,p,ph,82,158,284,240,202
5e4250a729111,h,ho,44,153,256,197,212
5e4250a729111,o,od,59,510,647,569,588
5e4250a729111,d,dmeta1,78,876,1011,954,933
5e4250a729111,meta1,meta1@,57,529,643,586,586
5e4250a729111,@,@normal,57,124,254,181,197
5e4250a729111,normal,normalg,73,409,523,482,450
5e4250a729111,g,gm,41,191,289,232,248
5e4250a729111,m,ma,57,90,224,147,167
5e4250a729111,a,ai,77,158,293,235,216
5e4250a729111,i,il,58,163,277,221,219
5e4250a729111,l,l.,56,590,721,646,665
5e4250a729111,.,.c,75,226,375,301,300
5e4250a729111,c,co,74,72,224,146,150
5e4250a729111,o,om,78,153,277,231,199
5e4250a729111,m,me,46,35571,35683,35617,35637
5e4250a729111,e,ea,66,463,588,529,522
5e4250a729111,a,ar,59,487,620,546,561
5e4250a729111,r,rt,74,158,325,232,251
5e4250a729111,t,th,93,71,242,164,149
5e4250a729111,h,h.,78,549,699,627,621
5e4250a729111,.,.n,72,337,455,409,383
5e4250a729111,n,na,46,747,847,793,801
5e4250a729111,a,ac,54,258,368,312,314
5e4250a729111,c,ch,56,225,388,281,332
5e4250a729111,h,ha,107,140,342,247,235
5e4250a729111,a,ap,95,260,428,355,333
5e4250a729111,p,ph,73,556,692,629,619
5e4250a729111,h,ho,63,120,259,183,196
5e4250a729111,o,od,76,160,311,236,235
5e4250a729111,d,dmeta1,75,212,326,287,251
5e4250a729111,meta1,meta1@,39,759,870,798,831
5e4250a729111,@,@g,72,1179,1323,1251,1251
5e4250a729111,g,gm,72,178,322,250,250
5e4250a729111,m,ma,72,110,254,182,182
5e4250a729111,a,ai,72,90,225,162,153
5e4250a729111,i,il,63,144,259,207,196
5e4250a729111,l,l.,52,661,771,713,719
5e4250a729111,.,.c,58,241,373,299,315
5e4250a729111,c,co,74,73,224,147,150
5e4250a729111,o,om,77,144,293,221,216
5e4250a729111,m,me,72,34118,34259,34190,34187
5e4250a729111,e,ea,69,149,303,218,234
5e4250a729111,a,ar,85,313,467,398,382
5e4250a729111,r,rt,69,182,318,251,249
5e4250a729111,t,th,67,214,350,281,283
5e4250a729111,h,h.,69,613,737,682,668
5e4250a729111,.,.n,55,263,374,318,319
5e4250a729111,n,na,56,104,237,160,181
5e4250a729111,a,ac,77,527,696,604,619
5e4250a729111,c,ch,92,125,290,217,198
5e4250a729111,h,hp,73,678,825,751,752
5e4250a729111,p,ph,74,143,271,217,197
5e4250a729111,h,ho,54,130,272,184,218
5e4250a729111,o,od,88,89,222,177,134
5e4250a729111,d,dmeta1,45,594,694,639,649
5e4250a729111,meta1,meta1@,55,416,538,471,483
5e4250a729111,@,@normal,67,113,250,180,183
5e4250a729111,normal,normalg,70,497,637,567,567
5e4250a729111,g,gm,70,345,473,415,403
5e4250a729111,m,ma,58,127,241,185,183
5e4250a729111,a,ai,56,559,655,615,599
5e4250a729111,i,il,40,146,240,186,200
5e4250a729111,l,l.,54,160,269,214,215
5e4250a729111,.,.c,55,163,257,218,202
5e4250a729111,c,co,39,105,189,144,150
5e4250a729111,o,om,45,160,243,205,198
5e4250a729111,m,me,38,31166,31274,31204,31236
5e4250a729111,e,ea,70,110,223,180,153
5e4250a729111,a,ar,43,120,222,163,179
5e4250a729111,r,rt,59,88,210,147,151
5e4250a729111,t,th,63,139,263,202,200
5e4250a729111,h,h.,61,577,698,638,637
5e4250a729111,.,.n,60,208,342,268,282
5e4250a729111,n,na,74,151,289,225,215
5e4250a729111,a,ac,64,480,631,544,567
5e4250a729111,c,ch,87,90,254,177,167
5e4250a729111,h,ha,77,577,727,654,650
5e4250a729111,a,ap,73,560,707,633,634
5e4250a729111,p,ph,74,155,272,229,198
5e4250a729111,h,ho,43,228,342,271,299
5e4250a729111,o,od,71,528,643,599,572
5e4250a729111,d,dmeta1,44,209,299,253,255
5e4250a729111,meta1,meta1@,46,386,473,432,427
5e4250a729111,@,@normal,41,192,275,233,234
5e4250a729111,normal,normalg,42,521,608,563,566
5e4250a729111,g,gm,45,177,276,222,231
5e4250a729111,m,mi,54,729,840,783,786
5e4250a729111,i,il,57,143,254,200,197
5e4250a729111,l,l.,54,213,305,267,251
5e4250a729111,.,.c,38,121,219,159,181
5e4250a729111,c,co,60,463,598,523,538
5e4250a729111,o,om,75,175,306,250,231
5e4250a729111,m,me,56,31291,31422,31347,31366
5e4250a729111,e,ea,75,296,443,371,368
5e4250a729111,a,ar,72,141,256,213,184
5e4250a729111,r,rt,43,104,226,147,183
5e4250a729111,t,th,79,108,228,187,149
5e4250a729111,h,h.,41,560,639,601,598
5e4250a729111,.,.n,38,263,357,301,319
5e4250a729111,n,na,56,557,690,613,634
5e4250a729111,a,ac,77,260,411,337,334
5e4250a729111,c,ch,74,163,307,237,233
5e4250a729111,h,ha,70,119,220,189,150
5e4250a729111,a,ap,31,461,566,492,535
5e4250a729111,p,ph,74,172,320,246,246
5e4250a729111,h,ho,74,126,276,200,202
5e4250a729111,o,od,76,71,210,147,134
5e4250a729111,d,dmeta1,63,439,581,502,518
5e4250a729111,meta1,meta1@,79,374,513,453,434
5e4250a729111,@,@normal,60,108,208,168,148
5e4250a729111,normal,normalg,40,493,592,533,552
5e4250a729111,g,gm,59,209,324,268,265
5e4250a729111,m,mi,56,295,389,351,333
5e4250a729111,i,ibksp,38,511,595,549,557
5e4250a729111,bksp,bkspa,46,136,256,182,210
5e4250a729111,a,ai,74,443,550,517,476
5e4250a729111,i,il,33,131,241,164,208
5e4250a729111,l,l.,77,543,677,620,600
5e4250a729111,.,.c,57,193,291,250,234
5e4250a729111,c,co,41,525,625,566,584
5e4250a729111,o,om,59,143,239,202,180
5e4250a729111,m,ma,37,28670,28790,28707,28753
5e4250a729111,a,ar,83,122,249,205,166
5e4250a729111,r,rt,44,86,176,130,132
5e4250a729111,t,tbksp,46,495,581,541,535
5e4250a729111,bksp,bkspbksp,40,53,154,93,114
5e4250a729111,bksp,bkspbksp,61,654,779,715,718
5e4250a729111,bksp,bkspbksp,64,528,650,592,586
5e4250a729111,bksp,bkspa,58,572,709,630,651
5e4250a729111,a,ar,79,358,514,437,435
5e4250a729111,r,rt,77,154,274,231,197
5e4250a729111,t,th,43,171,275,214,232
5e4250a729111,h,h.,61,509,643,570,582
5e4250a729111,.,.n,73,242,393,315,320
5e4250a729111,n,nc,78,392,542,470,464
5e4250a729111,c,cbksp,72,647,774,719,702
5e4250a729111,bksp,bkspc,55,559,688,614,633
5e4250a729111,c,ch,74,122,255,196,181
5e4250a729111,h,ha,59,244,379,303,320
5e4250a729111,a,ap,76,275,422,351,346
5e4250a729111,p,ph,71,161,308,232,237
5e4250a729111,h,ho,76,128,273,204,197
5e4250a729111,o,od,69,55,204,124,135
5e4250a729111,d,dmeta1,80,545,697,625,617
5e4250a729111,meta1,meta1@,72,329,474,401,402
5e4250a729111,@,@normal,73,107,238,180,165
5e4250a729111,normal,normalg,58,561,660,619,602
5e4250a729111,g,gm,41,178,287,219,246
5e4250a729111,m,ma,68,659,791,727,723
5e4250a729111,a,ai,64,491,628,555,564
5e4250a729111,i,il,73,159,303,232,230
5e4250a729111,l,l.,71,580,693,651,622
5e4250a729111,.,.c,42,457,559,499,517
5e4250a729111,c,co,60,307,410,367,350
5e4250a729111,o,om,43,162,254,205,211
5e4250a729111,m,me,49,32760,32870,32809,32821
5e4250a729111,e,ea,61,155,277,216,216
5e4250a729111,a,ar,61,192,309,253,248
5e4250a729111,r,rt,56,144,242,200,186
5e4250a729111,t,th,42,121,240,163,198
5e4250a729111,h,h.,77,529,663,606,586
5e4250a729111,.,.n,57,178,288,235,231
5e4250a729111,n,nc,53,311,420,364,367
5e4250a729111,c,ch,56,106,224,162,168
5e4250a729111,h,ha,62,72,196,134,134
5e4250a729111,a,ap,62,392,513,454,451
5e4250a729111,p,ph,59,105,207,164,148
5e4250a729111,h,ho,43,85,192,128,149
5e4250a729111,o,od,64,57,164,121,100
5e4250a729111,d,dmeta1,43,778,894,821,851
5e4250a729111,meta1,meta1@,73,325,472,398,399
5e4250a729111,@,@normal,74,50,188,124,114
5e4250a729111,normal,normalg,64,463,599,527,535
5e4250a729111,g,gm,72,196,325,268,253
5e4250a729111,m,ma,57,142,272,199,215
5e4250a729111,a,ai,73,69,205,142,132
5e4250a729111,i,il,63,106,215,169,152
5e4250a729111,l,l.,46,475,580,521,534
5e4250a729111,.,.c,59,177,291,236,232
5e4250a729111,c,co,55,89,188,144,133
5e4250a729111,o,om,44,144,214,188,170
5e4250a729111,m,ma,26,27472,27576,27498,27550
5e4250a729111,a,ar,78,143,276,221,198
5e4250a729111,r,rt,55,126,253,181,198
5e4250a729111,t,th,72,110,226,182,154
5e4250a729111,h,h.,44,543,682,587,638
5e4250a729111,.,.n,95,239,407,334,312
5e4250a729111,n,na,73,49,206,122,133
5e4250a729111,a,ac,84,541,684,625,600
5e4250a729111,c,ch,59,179,290,238,231
5e4250a729111,h,ha,52,128,236,180,184
5e4250a729111,a,ap,56,396,509,452,453
5e4250a729111,p,ph,57,191,338,248,281
5e4250a729111,h,ho,90,111,254,201,164
5e4250a729111,o,od,53,91,220,144,167
5e4250a729111,d,dmeta1,76,548,684,624,608
5e4250a729111,meta1,meta1@,60,391,508,451,448
5e4250a729111,@,@normal,57,101,234,158,177
5e4250a729111,normal,normalg,76,515,647,591,571
5e4250a729111,g,gm,56,104,221,160,165
5e4250a729111,m,ma,61,110,200,171,139
5e4250a729111,a,ai,29,184,307,213,278
5e4250a729111,i,il,94,162,324,256,230
5e4250a729111,l,l.,68,476,620,544,552
5e4250a729111,.,.c,76,193,342,269,266
5e4250a729111,c,co,73,128,225,201,152
5e4250a729111,o,om,24,145,225,169,201
5e4250a729111,m,me,56,29018,29139,29074,29083
5e4250a729111,e,er,65,338,499,403,434
5e4250a729111,r,rt,96,109,278,205,182
5e4250a729111,t,th,73,90,209,163,136
5e4250a729111,h,hbksp,46,582,659,628,613
5e4250a729111,bksp,bkspbksp,31,39,133,70,102
5e4250a729111,bksp,bkspr,63,263,367,326,304
5e4250a729111,r,rbksp,41,193,271,234,230
5e4250a729111,bksp,bkspbksp,37,68,169,105,132
5e4250a729111,bksp,bkspr,64,410,518,474,454
5e4250a729111,r,rt,44,194,275,238,231
5e4250a729111,t,th,37,193,271,230,234
5e4250a729111,h,h.,41,127,238,168,197
5e4250a729111,.,.n,70,580,708,650,638
5e4250a729111,n,na,58,141,225,199,167
5e4250a729111,a,ac,26,275,360,301,334
5e4250a729111,c,ch,59,85,219,144,160
5e4250a729111,h,ha,75,88,211,163,136
5e4250a729111,a,ap,48,414,532,462,484
5e4250a729111,p,ph,70,111,219,181,149
5e4250a729111,h,ho,38,123,220,161,182
5e4250a729111,o,od,59,74,193,133,134
5e4250a729111,d,dmeta1,60,546,659,606,599
5e4250a729111,meta1,meta1@,53,378,456,431,403
5e4250a729111,@,@normal,25,143,240,168,215
5e4250a729111,normal,normalg,72,378,524,450,452
5e4250a729111,g,gm,74,163,264,237,190
5e4250a729111,m,ma,27,97,185,124,158
5e4250a729111,a,ai,61,411,529,472,468
5e4250a729111,i,il,57,129,211,186,154
5e4250a729111,l,l.,25,190,243,215,218
5e4250a729111,.,.c,28,174,240,202,212
5e4250a729111,c,co,38,394,471,432,433
5e4250a729111,o,om,39,143,222,182,183
5e4250a729111,m,me,40,29858,29952,29898,29912
5e4250a729111,e,ea,54,146,272,200,218
5e4250a729111,a,ar,72,119,238,191,166
5e4250a729111,r,rt,47,103,197,150,150
5e4250a729111,t,th,47,120,212,167,165
5e4250a729111,h,h.,45,559,647,604,602
5e4250a729111,.,.n,43,260,342,303,299
5e4250a729111,n,nc,39,253,339,292,300
5e4250a729111,c,ch,47,119,197,166,150
5e4250a729111,h,ha,31,657,753,688,722
5e4250a729111,a,ap,65,302,443,367,378
5e4250a729111,p,ph,76,175,295,251,219
5e4250a729111,h,ho,44,167,260,211,216
5e4250a729111,o,od,49,191,295,240,246
5e4250a729111,d,dmeta1,55,427,544,482,489
5e4250a729111,meta1,meta1@,62,423,544,485,482
5e4250a729111,@,@normal,59,103,238,162,179
5e4250a729111,normal,normalg,76,526,648,602,572
5e4250a729111,g,gm,46,81,208,127,162
5e4250a729111,m,ma,81,87,230,168,149
5e4250a729111,a,ai,62,478,575,540,513
5e4250a729111,i,il,35,119,181,154,146
5e4250a729111,l,l.,27,218,287,245,260
5e4250a729111,.,.c,42,133,223,175,181
5e4250a729111,c,co,48,424,552,472,504
5e4250a729111,o,om,80,105,259,185,179
5e4250a729111,m,mf,74,-365560,-365393,-365486,-365467
5e4250b56c189,f,fi,93,227,392,320,299
5e4250b56c189,i,ir,72,106,237,178,165
5e4250b56c189,r,rs,59,181,277,240,218
5e4250b56c189,s,st,37,54,135,91,98
5e4250b56c189,t,tt,44,1186,1296,1230,1252
5e4250b56c189,t,tmeta1,66,281,417,347,351
5e4250b56c189,meta1,meta13,70,795,939,865,869
5e4250b56c189,3,30,74,325,470,399,396
5e4250b56c189,0,09,71,177,287,248,216
5e4250b56c189,9,95,39,563,661,602,622
5e4250b56c189,5,52,59,141,274,200,215
5e4250b56c189,2,2@,74,926,1059,1000,985
5e4250b56c189,@,@normal,59,559,677,618,618
5e4250b56c189,normal,normalg,59,1055,1188,1114,1129
5e4250b56c189,g,gm,74,480,626,554,552
5e4250b56c189,m,ma,72,91,218,163,146
5e4250b56c189,a,ai,55,71,188,126,133
5e4250b56c189,i,il,62,114,215,176,153
5e4250b56c189,l,l.,39,646,739,685,700
5e4250b56c189,.,.c,54,379,502,433,448
5e4250b56c189,c,co,69,131,268,200,199
5e4250b56c189,o,om,68,136,269,204,201
5e4250b56c189,m,mf,65,27014,27169,27079,27104
5e4250b56c189,f,fi,90,177,322,267,232
5e4250b56c189,i,ir,55,94,220,149,165
5e4250b56c189,r,rs,71,117,240,188,169
5e4250b56c189,s,st,52,17,119,69,67
5e4250b56c189,t,tt,50,912,1019,962,969
5e4250b56c189,t,tmeta1,57,725,837,782,780
5e4250b56c189,meta1,meta13,55,477,623,532,568
5e4250b56c189,3,30,91,313,459,404,368
5e4250b56c189,0,09,55,120,269,175,214
5e4250b56c189,9,95,94,435,583,529,489
5e4250b56c189,5,52,54,31,150,85,96
5e4250b56c189,2,22,65,760,898,825,833
5e4250b56c189,2,2@,73,563,693,636,620
5e4250b56c189,@,@normal,57,907,1035,964,978
5e4250b56c189,normal,normalg,71,908,1055,979,984
5e4250b56c189,g,gm,76,369,509,445,433
5e4250b56c189,m,ma,64,36,199,100,135
5e4250b56c189,a,ai,99,39,198,138,99
5e4250b56c189,i,il,60,128,216,188,156
5e4250b56c189,l,l.,28,310,393,338,365
5e4250b56c189,.,.v,55,272,385,327,330
5e4250b56c189,v,vo,58,51,155,109,97
5e4250b56c189,o,obksp,46,799,903,845,857
5e4250b56c189,bksp,bkspbksp,58,51,170,109,112
5e4250b56c189,bksp,bkspc,61,143,277,204,216
5e4250b56c189,c,co,73,56,189,129,116
5e4250b56c189,o,o.,60,151,259,211,199
5e4250b56c189,.,.bksp,48,698,817,746,769
5e4250b56c189,bksp,bkspm,71,329,456,400,385
5e4250b56c189,m,mf,56,28207,28323,28263,28267
5e4250b56c189,f,fi,60,279,428,339,368
5e4250b56c189,i,ir,89,72,235,161,146
5e4250b56c189,r,rs,74,153,291,227,217
5e4250b56c189,s,st,64,37,182,101,118
5e4250b56c189,t,tmeta1,81,798,936,879,855
5e4250b56c189,meta1,meta13,57,625,772,682,715
5e4250b56c189,3,39,90,309,439,399,349
5e4250b56c189,9,95,40,561,641,601,601
5e4250b56c189,5,52,40,34,154,74,114
5e4250b56c189,2,2bksp,80,631,767,711,687
5e4250b56c189,bksp,bkspbksp,56,69,185,125,129
5e4250b56c189,bksp,bksp0,60,548,681,608,621
5e4250b56c189,0,09,73,243,369,316,296
5e4250b56c189,9,95,53,494,620,547,567
5e4250b56c189,5,52,73,36,172,109,99
5e4250b56c189,2,2@,63,1097,1233,1160,1170
5e4250b56c189,@,@normal,73,245,374,318,301
5e4250b56c189,normal,normalg,56,494,605,550,549
5e4250b56c189,g,gm,55,377,487,432,432
5e4250b56c189,m,mi,55,129,222,184,167
5e4250b56c189,i,ibksp,38,560,672,598,634
5e4250b56c189,bksp,bkspa,74,129,273,203,199
5e4250b56c189,a,ai,70,53,170,123,100
5e4250b56c189,i,il,47,112,198,159,151
5e4250b56c189,l,l.,39,558,640,597,601
5e4250b56c189,.,.c,43,262,375,305,332
5e4250b56c189,c,cp,70,56,203,126,133
5e4250b56c189,p,pm,77,178,309,255,232
5e4250b56c189,m,mbksp,54,828,956,882,902
5e4250b56c189,bksp,bkspbksp,74,35,173,109,99
5e4250b56c189,bksp,bkspo,64,173,297,237,233
5e4250b56c189,o,om,60,106,227,166,167
5e4250b56c189,m,mf,61,29815,29964,29876,29903
5e4250b56c189,f,fi,88,247,402,335,314
5e4250b56c189,i,ir,67,98,217,165,150
5e4250b56c189,r,rs,52,130,269,182,217
5e4250b56c189,s,st,87,58,203,145,116
5e4250b56c189,t,tmeta1,58,667,792,725,734
5e4250b56c189,meta1,meta13,67,662,804,729,737
5e4250b56c189,3,30,75,143,258,218,183
5e4250b56c189,0,09,40,143,254,183,214
5e4250b56c189,9,95,71,529,656,600,585
5e4250b56c189,5,52,56,139,271,195,215
5e4250b56c189,2,2@,76,996,1163,1072,1087
5e4250b56c189,@,@normal,91,1010,1154,1101,1063
5e4250b56c189,normal,normalg,53,560,672,613,619
5e4250b56c189,g,gm,59,341,458,400,399
5e4250b56c189,m,ma,58,360,476,418,418
5e4250b56c189,a,ai,58,35,158,93,100
5e4250b56c189,i,il,65,160,265,225,200
5e4250b56c189,l,lbksp,40,746,843,786,803
5e4250b56c189,bksp,bkspu,57,158,270,215,213
5e4250b56c189,u,ul,55,86,203,141,148
5e4250b56c189,l,lbksp,62,1515,1648,1577,1586
5e4250b56c189,bksp,bkspi,71,310,439,381,368
5e4250b56c189,i,il,58,111,222,169,164
5e4250b56c189,l,l.,53,307,419,360,366
5e4250b56c189,.,.c,59,231,342,290,283
5e4250b56c189,c,co,52,80,203,132,151
5e4250b56c189,o,om,71,97,219,168,148
5e4250b56c189,m,mf,51,27315,27441,27366,27390
5e4250b56c189,f,fi,75,211,356,286,281
5e4250b56c189,i,ir,70,71,185,141,115
5e4250b56c189,r,rs,44,146,260,190,216
5e4250b56c189,s,st,70,39,170,109,100
5e4250b56c189,t,tmeta1,61,665,784,726,723
5e4250b56c189,meta1,meta13,58,526,654,584,596
5e4250b56c189,3,30,70,179,302,249,232
5e4250b56c189,0,09,53,130,221,183,168
5e4250b56c189,9,95,38,448,555,486,517
5e4250b56c189,5,52,69,113,268,182,199
5e4250b56c189,2,2normal,86,845,995,931,909
5e4250b56c189,normal,normalg,64,452,574,516,510
5e4250b56c189,g,gm,58,321,439,379,381
5e4250b56c189,m,ma,60,231,344,291,284
5e4250b56c189,a,ai,53,72,185,125,132
5e4250b56c189,i,il,60,130,260,190,200
5e4250b56c189,l,l.,70,547,688,617,618
5e4250b56c189,.,.c,71,298,437,369,366
5e4250b56c189,c,co,68,56,185,124,117
5e4250b56c189,o,om,61,146,246,207,185
5e4250b56c189,m,mf,39,25577,25688,25616,25649
5e4250b56c189,f,fi,72,113,254,185,182
5e4250b56c189,i,ir,69,126,255,195,186
5e4250b56c189,r,rs,60,128,261,188,201
5e4250b56c189,s,st,73,19,154,92,81
5e4250b56c189,t,tt,62,699,831,761,769
5e4250b56c189,t,tmeta1,70,795,925,865,855
5e4250b56c189,meta1,meta13,60,608,737,668,677
5e4250b56c189,3,30,69,131,267,200,198
5e4250b56c189,0,08,67,126,785,193,718
5e4250b56c189,8,8bksp,592,597,1244,1189,652
5e4250b56c189,bksp,bksp9,55,177,287,232,232
5e4250b56c189,9,95,55,413,508,468,453
5e4250b56c189,5,52,40,92,188,132,148
5e4250b56c189,2,2@,56,225,339,281,283
5e4250b56c189,@,@normal,58,717,845,775,787
5e4250b56c189,normal,normalg,70,547,682,617,612
5e4250b56c189,g,gm,65,392,517,457,452
5e4250b56c189,m,ma,60,110,209,170,149
5e4250b56c189,a,ai,39,52,154,91,115
5e4250b56c189,i,il,63,148,264,211,201
5e4250b56c189,l,l.,53,312,405,365,352
5e4250b56c189,.,.c,40,211,306,251,266
5e4250b56c189,c,co,55,86,203,141,148
5e4250b56c189,o,om,62,114,212,176,150
5e4250b56c189,m,mi,36,2746,2838,2782,2802
5e4250b56c189,i,il,56,322,425,378,369
5e4250b56c189,l,lf,47,27942,28080,27989,28033
5e4250b56c189,f,fi,91,152,307,243,216
5e4250b56c189,i,ir,64,127,248,191,184
5e4250b56c189,r,rs,57,106,240,163,183
5e4250b56c189,s,st,77,19,144,96,67
5e4250b56c189,t,tt,48,661,767,709,719
5e4250b56c189,t,t3,58,1053,1221,1111,1163
5e4250b56c189,3,30,110,161,360,271,250
5e4250b56c189,0,09,89,130,291,219,202
5e4250b56c189,9,92,72,278,389,350,317
5e4250b56c189,2,2bksp,39,579,687,618,648
5e4250b56c189,bksp,bksp5,69,313,436,382,367
5e4250b56c189,5,52,54,70,171,124,117
5e4250b56c189,2,2@,47,897,1001,944,954
5e4250b56c189,@,@normal,57,158,253,215,196
5e4250b56c189,normal,normalg,38,424,539,462,501
5e4250b56c189,g,gm,77,378,527,455,450
5e4250b56c189,m,ma,72,185,339,257,267
5e4250b56c189,a,ai,82,51,197,133,115
5e4250b56c189,i,il,64,117,280,181,216
5e4250b56c189,l,l.,99,613,752,712,653
5e4250b56c189,.,.c,40,241,372,281,332
5e4250b56c189,c,co,91,95,256,186,165
5e4250b56c189,o,om,70,130,270,200,200
5e4250b56c189,m,mf,70,24263,24391,24333,24321
5e4250b56c189,f,fi,58,142,273,200,215
5e4250b56c189,i,ir,73,164,272,237,199
5e4250b56c189,r,rs,35,108,223,143,188
5e4250b56c189,s,st,80,5,141,85,61
5e4250b56c189,t,tt,56,638,741,694,685
5e4250b56c189,t,tmeta1,47,172,295,219,248
5e4250b56c189,meta1,meta13,76,514,663,590,587
5e4250b56c189,3,30,73,127,271,200,198
5e4250b56c189,0,09,71,74,205,145,134
5e4250b56c189,9,95,60,363,478,423,418
5e4250b56c189,5,52,55,53,170,108,115
5e4250b56c189,2,2@,62,762,897,824,835
5e4250b56c189,@,@normal,73,244,372,317,299
5e4250b56c189,normal,normalg,55,451,572,506,517
5e4250b56c189,g,gm,66,289,415,355,349
5e4250b56c189,m,ma,60,130,260,190,200
5e4250b56c189,a,ai,70,36,185,106,115
5e4250b56c189,i,i.,79,1047,1183,1126,1104
5e4250b56c189,.,.c,57,380,538,437,481
5e4250b56c189,c,co,101,104,287,205,186
5e4250b56c189,o,om,82,175,299,257,217
5e4250b56c189,m,mf,42,24531,24639,24573,24597
5e4250b56c189,f,fi,66,126,251,192,185
5e4250b56c189,i,ir,59,108,243,167,184
5e4250b56c189,r,rs,76,146,297,222,221
5e4250b56c189,s,st,75,5,153,80,78
5e4250b56c189,t,tr,73,544,676,617,603
5e4250b56c189,r,rbksp,59,642,773,701,714
5e4250b56c189,bksp,bkspt,72,278,407,350,335
5e4250b56c189,t,tmeta1,57,193,321,250,264
5e4250b56c189,meta1,meta13,71,416,591,487,520
5e4250b56c189,3,30,104,128,303,232,199
5e4250b56c189,0,09,71,130,238,201,167
5e4250b56c189,9,95,37,440,520,477,483
5e4250b56c189,5,52,43,57,159,100,116
5e4250b56c189,2,2@,59,794,926,853,867
5e4250b56c189,@,@normal,73,78,205,151,132
5e4250b56c189,normal,normalg,54,635,754,689,700
5e4250b56c189,g,ga,65,505,653,570,588
5e4250b56c189,a,ai,83,102,246,185,163
5e4250b56c189,i,ibksp,61,661,794,722,733
5e4250b56c189,bksp,bkspbksp,72,80,190,152,118
5e4250b56c189,bksp,bkspm,38,311,407,349,369
5e4250b56c189,m,ma,58,161,288,219,230
5e4250b56c189,a,ai,69,93,219,162,150
5e4250b56c189,i,il,57,164,275,221,218
5e4250b56c189,l,l.,54,676,788,730,734
5e4250b56c189,.,.c,58,228,355,286,297
5e4250b56c189,c,co,69,91,220,160,151
5e4250b56c189,o,om,60,162,261,222,201
5e4250b56c189,m,mf,39,23695,23808,23734,23769
5e4250b56c189,f,fi,74,180,322,254,248
5e4250b56c189,i,ir,68,127,268,195,200
5e4250b56c189,r,rs,73,113,255,186,182
5e4250b56c189,s,st,69,56,203,125,134
5e4250b56c189,t,tmeta1,78,650,795,728,717
5e4250b56c189,meta1,meta13,67,465,636,532,569
5e4250b56c189,3,30,104,162,337,266,233
5e4250b56c189,0,09,71,147,287,218,216
5e4250b56c189,9,95,69,363,503,432,434
5e4250b56c189,5,52,71,56,202,127,131
5e4250b56c189,2,2normal,75,1118,1258,1193,1183
5e4250b56c189,normal,normalg,65,765,918,830,853
5e4250b56c189,g,gm,88,172,321,260,233
5e4250b56c189,m,ma,61,310,448,371,387
5e4250b56c189,a,ai,77,49,188,126,111
5e4250b56c189,i,il,62,149,263,211,201
5e4250b56c189,l,l.,52,529,651,581,599
5e4250b56c189,.,.c,70,249,389,319,319
5e4250b56c189,c,co,70,93,237,163,167
5e4250b56c189,o,om,74,162,262,236,188
5e4250b56c189,m,mg,26,80814,80925,80840,80899
5e425256c03f8,g,go,85,199,320,284,235
5e425256c03f8,o,os,36,580,720,616,684
5e425256c03f8,s,ss,104,76,268,180,164
5e425256c03f8,s,st,88,615,773,703,685
5e425256c03f8,t,to,70,110,268,180,198
5e425256c03f8,o,ometa1,88,931,1076,1019,988
5e425256c03f8,meta1,meta1@,57,492,653,549,596
5e425256c03f8,@,@normal,104,278,456,382,352
5e425256c03f8,normal,normalh,74,645,808,719,734
5e425256c03f8,h,ho,89,179,339,268,250
5e425256c03f8,o,ot,71,124,251,195,180
5e425256c03f8,t,tm,56,213,394,269,338
5e425256c03f8,m,ma,125,70,290,195,165
5e425256c03f8,a,ai,95,72,297,167,202
5e425256c03f8,i,il,130,808,1046,938,916
5e425256c03f8,l,lmeta1,108,591,758,699,650
5e425256c03f8,meta1,meta1.,59,392,527,451,468
5e425256c03f8,.,.normal,76,173,338,249,262
5e425256c03f8,normal,normalc,89,912,1114,1001,1025
5e425256c03f8,c,co,113,118,322,231,209
5e425256c03f8,o,ometa1,91,127,309,218,218
5e425256c03f8,meta1,meta1.,91,441,623,532,532
5e425256c03f8,.,.normal,91,245,393,336,302
5e425256c03f8,normal,normalt,57,375,528,432,471
5e425256c03f8,t,th,96,186,339,282,243
5e425256c03f8,h,hg,57,31434,31545,31491,31488
5e425256c03f8,g,go,54,105,268,159,214
5e425256c03f8,o,os,109,530,698,639,589
5e425256c03f8,s,ss,59,107,238,166,179
5e425256c03f8,s,st,72,330,458,402,386
5e425256c03f8,t,to,56,86,236,142,180
5e425256c03f8,o,ometa1,94,664,830,758,736
5e425256c03f8,meta1,meta1@,72,427,574,499,502
5e425256c03f8,@,@normal,75,123,269,198,194
5e425256c03f8,normal,normalh,71,513,657,584,586
5e425256c03f8,h,ho,73,119,255,192,182
5e425256c03f8,o,ot,63,282,397,345,334
5e425256c03f8,t,tm,52,510,668,562,616
5e425256c03f8,m,ma,106,33,236,139,130
5e425256c03f8,a,ai,97,208,433,305,336
5e425256c03f8,i,il,128,180,397,308,269
5e425256c03f8,l,lmeta1,89,510,688,599,599
5e425256c03f8,meta1,meta1.,89,475,657,564,568
5e425256c03f8,.,.normal,93,143,306,236,213
5e425256c03f8,normal,normalc,70,919,1086,989,1016
5e425256c03f8,c,co,97,86,283,183,186
5e425256c03f8,o,o.,100,579,753,679,653
5e425256c03f8,.,.t,74,744,872,818,798
5e425256c03f8,t,th,54,146,253,200,199
5e425256c03f8,h,hg,53,27899,28061,27952,28008
5e425256c03f8,g,go,109,95,301,204,192
5e425256c03f8,o,os,97,456,622,553,525
5e425256c03f8,s,ss,69,84,213,153,144
5e425256c03f8,s,st,60,249,343,309,283
5e425256c03f8,t,to,34,73,185,107,151
5e425256c03f8,o,ometa1,78,413,577,491,499
5e425256c03f8,meta1,meta1@,86,277,438,363,352
5e425256c03f8,@,@normal,75,126,256,201,181
5e425256c03f8,normal,normalh,55,632,759,687,704
5e425256c03f8,h,ho,72,70,237,142,165
5e425256c03f8,o,ot,95,54,227,149,132
5e425256c03f8,t,tm,78,363,529,441,451
5e425256c03f8,m,ma,88,61,237,149,149
5e425256c03f8,a,ai,88,73,271,161,183
5e425256c03f8,i,il,110,310,496,420,386
5e425256c03f8,l,l.,76,475,642,551,566
5e425256c03f8,.,.c,91,92,238,183,147
5e425256c03f8,c,co,55,88,240,143,185
5e425256c03f8,o,o.,97,395,600,492,503
5e425256c03f8,.,.t,108,192,329,300,221
5e425256c03f8,t,th,29,96,204,125,175
5e425256c03f8,h,hg,79,26966,27132,27045,27053
5e425256c03f8,g,go,87,36,271,123,184
5e425256c03f8,o,os,148,392,615,540,467
5e425256c03f8,s,ss,75,54,223,129,148
5e425256c03f8,s,st,94,232,379,326,285
5e425256c03f8,t,to,53,55,168,108,115
5e425256c03f8,o,ometa1,60,744,880,804,820
5e425256c03f8,meta1,meta1@,76,218,391,294,315
5e425256c03f8,@,@normal,97,209,378,306,281
5e425256c03f8,normal,normalh,72,547,708,619,636
5e425256c03f8,h,ho,89,52,221,141,132
5e425256c03f8,o,ot,80,56,197,136,117
5e425256c03f8,t,tm,61,513,646,574,585
5e425256c03f8,m,ma,72,111,251,183,179
5e425256c03f8,a,ai,68,37,202,105,134
5e425256c03f8,i,il,97,251,417,348,320
5e425256c03f8,l,l.,69,531,691,600,622
5e425256c03f8,.,.c,91,158,301,249,210
5e425256c03f8,c,co,52,37,186,89,134
5e425256c03f8,o,oo,97,596,781,693,684
5e425256c03f8,o,o.,88,342,509,430,421
5e425256c03f8,.,.t,79,522,642,601,563
5e425256c03f8,t,th,41,87,205,128,164
5e425256c03f8,h,hg,77,35793,35947,35870,35870
5e425256c03f8,g,go,77,54,266,131,189
5e425256c03f8,o,os,135,458,647,593,512
5e425256c03f8,s,ss,54,105,235,159,181
5e425256c03f8,s,st,76,197,326,273,250
5e425256c03f8,t,to,53,90,220,143,167
5e425256c03f8,o,ometa1,77,429,596,506,519
5e425256c03f8,meta1,meta1@,90,159,344,249,254
5e425256c03f8,@,@normal,95,125,274,220,179
5e425256c03f8,normal,normalh,54,435,587,489,533
5e425256c03f8,h,ho,98,55,268,153,170
5e425256c03f8,o,obksp,115,874,1076,989,961
5e425256c03f8,bksp,bkspt,87,55,222,142,135
5e425256c03f8,t,tm,80,196,364,276,284
5e425256c03f8,m,ma,88,76,221,164,133
5e425256c03f8,a,al,57,829,977,886,920
5e425256c03f8,l,l.,91,1390,1579,1481,1488
5e425256c03f8,.,.c,98,273,405,371,307
5e425256c03f8,c,co,34,54,203,88,169
5e425256c03f8,o,oo,115,645,850,760,735
5e425256c03f8,o,o.,90,1059,1247,1149,1157
5e425256c03f8,.,.t,98,453,623,551,525
5e425256c03f8,t,th,72,146,271,218,199
5e425256c03f8,h,hg,53,27633,27726,27686,27673
5e425256c03f8,g,go,40,169,324,209,284
5e425256c03f8,o,os,115,142,326,257,211
5e425256c03f8,s,ss,69,112,254,181,185
5e425256c03f8,s,sy,73,228,354,301,281
5e425256c03f8,y,yo,53,115,254,168,201
5e425256c03f8,o,obksp,86,564,744,650,658
5e425256c03f8,bksp,bkspbksp,94,123,286,217,192
5e425256c03f8,bksp,bkspt,69,96,221,165,152
5e425256c03f8,t,to,56,80,222,136,166
5e425256c03f8,o,ometa1,86,559,738,645,652
5e425256c03f8,meta1,meta1@,93,153,359,246,266
5e425256c03f8,@,@normal,113,79,276,192,163
5e425256c03f8,normal,normalh,84,633,800,717,716
5e425256c03f8,h,ho,83,54,233,137,150
5e425256c03f8,o,ot,96,72,264,168,168
5e425256c03f8,t,tm,96,39,249,135,153
5e425256c03f8,m,ma,114,91,261,205,147
5e425256c03f8,a,au,56,91,241,147,185
5e425256c03f8,u,uk,94,164,361,258,267
5e425256c03f8,k,ki,103,749,918,852,815
5e425256c03f8,i,il,66,104,233,170,167
5e425256c03f8,l,li,63,907,1048,970,985
5e425256c03f8,i,il,78,179,330,257,252
5e425256c03f8,l,l.,73,637,788,710,715
5e425256c03f8,.,.c,78,327,444,405,366
5e425256c03f8,c,co,39,36,206,75,167
5e425256c03f8,o,oo,131,843,1069,974,938
5e425256c03f8,o,o.,95,341,543,436,448
5e425256c03f8,.,.t,107,558,705,665,598
5e425256c03f8,t,th,40,122,242,162,202
5e425256c03f8,h,hg,80,26059,26214,26139,26134
5e425256c03f8,g,go,75,68,238,143,163
5e425256c03f8,o,os,95,431,597,526,502
5e425256c03f8,s,ss,71,133,284,204,213
5e425256c03f8,s,st,80,237,398,317,318
5e425256c03f8,t,to,81,71,231,152,150
5e425256c03f8,o,ometa1,79,397,580,476,501
5e425256c03f8,meta1,meta1@,104,146,324,250,220
5e425256c03f8,@,@normal,74,53,221,127,147
5e425256c03f8,normal,normalh,94,379,528,473,434
5e425256c03f8,h,ho,55,93,238,148,183
5e425256c03f8,o,ot,90,111,275,201,185
5e425256c03f8,t,tm,74,545,674,619,600
5e425256c03f8,m,ma,55,91,202,146,147
5e425256c03f8,a,ai,56,148,308,204,252
5e425256c03f8,i,ik,104,235,457,339,353
5e425256c03f8,k,kbksp,118,556,784,674,666
5e425256c03f8,bksp,bkspl,110,128,307,238,197
5e425256c03f8,l,l.,69,194,336,263,267
5e425256c03f8,.,.c,73,545,706,618,633
5e425256c03f8,c,co,88,37,237,125,149
5e425256c03f8,o,o.,112,462,667,574,555
5e425256c03f8,.,.t,93,89,238,182,145
5e425256c03f8,t,th,56,132,241,188,185
5e425256c03f8,h,hg,53,29329,29454,29382,29401
5e425256c03f8,g,go,72,110,274,182,202
5e425256c03f8,o,os,92,213,333,305,241
5e425256c03f8,s,ss,28,96,169,124,141
5e425256c03f8,s,st,45,462,563,507,518
5e425256c03f8,t,to,56,525,655,581,599
5e425256c03f8,o,ometa1,74,180,340,254,266
5e425256c03f8,meta1,meta1@,86,393,589,479,503
5e425256c03f8,@,@normal,110,176,341,286,231
5e425256c03f8,normal,normalh,55,495,624,550,569
5e425256c03f8,h,ho,74,125,255,199,181
5e425256c03f8,o,ot,56,93,204,149,148
5e425256c03f8,t,tm,55,447,624,502,569
5e425256c03f8,m,ma,122,92,272,214,150
5e425256c03f8,a,ai,58,113,258,171,200
5e425256c03f8,i,ibksp,87,913,1087,1000,1000
5e425256c03f8,bksp,bkspo,87,177,339,264,252
5e425256c03f8,o,obksp,75,660,834,735,759
5e425256c03f8,bksp,bkspl,99,185,370,284,271
5e425256c03f8,l,l.,86,513,691,599,605
5e425256c03f8,.,.c,92,409,573,501,481
5e425256c03f8,c,co,72,35,210,107,138
5e425256c03f8,o,o.,103,439,636,542,533
5e425256c03f8,.,.t,94,106,254,200,160
5e425256c03f8,t,th,54,136,271,190,217
5e425256c03f8,h,hg,81,26368,26497,26449,26416
5e425256c03f8,g,go,48,136,281,184,233
5e425256c03f8,o,os,97,483,617,580,520
5e425256c03f8,s,ss,37,112,219,149,182
5e425256c03f8,s,st,70,212,354,282,284
5e425256c03f8,t,to,72,127,271,199,199
5e425256c03f8,o,ometa1,72,429,594,501,522
5e425256c03f8,meta1,meta1@,93,268,460,361,367
5e425256c03f8,@,@normal,99,49,226,148,127
5e425256c03f8,normal,normalh,78,550,697,628,619
5e425256c03f8,h,ho,69,35,186,104,117
5e425256c03f8,o,ot,82,106,249,188,167
5e425256c03f8,t,ta,61,319,461,380,400
5e425256c03f8,a,abksp,81,510,682,591,601
5e425256c03f8,bksp,bkspbksp,91,77,240,168,149
5e425256c03f8,bksp,bkspa,72,301,438,373,366
5e425256c03f8,a,ai,65,176,332,241,267
5e425256c03f8,i,ibksp,91,427,609,518,518
5e425256c03f8,bksp,bkspa,91,108,227,199,136
5e425256c03f8,a,al,28,1374,1500,1402,1472
5e425256c03f8,l,l.,98,803,1007,901,909
5e425256c03f8,.,.c,106,174,305,280,199
5e425256c03f8,c,co,25,105,223,130,198
5e425256c03f8,o,o.,93,463,666,556,573
5e425256c03f8,.,.t,110,73,237,183,127
5e425256c03f8,t,th,54,141,255,195,201
5e425256c03f8,h,hg,60,27096,27197,27156,27137
5e425256c03f8,g,go,41,71,224,112,183
5e425256c03f8,o,os,112,176,343,288,231
5e425256c03f8,s,ss,55,144,222,199,167
5e425256c03f8,s,st,23,514,591,537,568
5e425256c03f8,t,to,54,72,187,126,133
5e425256c03f8,o,ometa1,61,432,578,493,517
5e425256c03f8,meta1,meta1@,85,245,401,330,316
5e425256c03f8,@,@normal,71,130,255,201,184
5e425256c03f8,normal,normalh,54,514,623,568,569
5e425256c03f8,h,ho,55,108,238,163,183
5e425256c03f8,o,ot,75,70,223,145,148
5e425256c03f8,t,tn,78,98,291,176,213
5e425256c03f8,n,na,115,89,267,204,152
5e425256c03f8,a,abksp,63,458,615,521,552
5e425256c03f8,bksp,bkspm,94,347,511,441,417
5e425256c03f8,m,ma,70,75,204,145,134
5e425256c03f8,a,al,59,896,1011,955,952
5e425256c03f8,l,l.,56,608,742,664,686
5e425256c03f8,.,.c,78,204,373,282,295
5e425256c03f8,c,co,91,76,272,167,181
5e425256c03f8,o,o.,105,496,676,601,571
5e425256c03f8,.,.t,75,143,288,218,213
5e425256c03f8,t,th,70,162,303,232,233
5e425256c03f8,h,hm,71,-316863,-316706,-316792,-316777
5e4252749c56e,m,mmeta1,86,414,570,500,484
5e4252749c56e,meta1,meta12,70,305,469,375,399
5e4252749c56e,2,2normal,94,243,408,337,314
5e4252749c56e,normal,normalb,71,500,667,571,596
5e4252749c56e,b,by,96,271,421,367,325
5e4252749c56e,y,yt,54,228,353,282,299
5e4252749c56e,t,te,71,243,372,314,301
5e4252749c56e,e,emeta1,58,1375,1506,1433,1448
5e4252749c56e,meta1,meta1@,73,510,690,583,617
5e4252749c56e,@,@normal,107,194,388,301,281
5e4252749c56e,normal,normalg,87,513,708,600,621
5e4252749c56e,g,gm,108,523,737,631,629
5e4252749c56e,m,ma,106,153,326,259,220
5e4252749c56e,a,ai,67,494,631,561,564
5e4252749c56e,i,il,70,196,339,266,269
5e4252749c56e,l,l.,73,460,623,533,550
5e4252749c56e,.,.c,90,361,556,451,466
5e4252749c56e,c,co,105,376,542,481,437
5e4252749c56e,o,om,61,420,556,481,495
5e4252749c56e,m,mm,75,28631,28799,28706,28724
5e4252749c56e,m,mmeta1,93,178,338,271,245
5e4252749c56e,meta1,meta12,67,243,454,310,387
5e4252749c56e,2,2normal,144,326,522,470,378
5e4252749c56e,normal,normalb,52,398,543,450,491
5e4252749c56e,b,by,93,205,394,298,301
5e4252749c56e,y,yt,96,188,389,284,293
5e4252749c56e,t,te,105,230,404,335,299
5e4252749c56e,e,emeta1,69,1012,1139,1081,1070
5e4252749c56e,meta1,meta1normal,58,660,788,718,730
5e4252749c56e,normal,normalg,70,549,676,619,606
5e4252749c56e,g,gm,57,324,492,381,435
5e4252749c56e,m,ma,111,158,407,269,296
5e4252749c56e,a,ai,138,376,570,514,432
5e4252749c56e,i,il,56,1195,1323,1251,1267
5e4252749c56e,l,l.,72,496,656,568,584
5e4252749c56e,.,.c,88,412,539,500,451
5e4252749c56e,c,co,39,593,706,632,667
5e4252749c56e,o,om,74,343,476,417,402
5e4252749c56e,m,mm,59,27756,27889,27815,27830
5e4252749c56e,m,mmeta1,74,262,393,336,319
5e4252749c56e,meta1,meta12,57,320,437,377,380
5e4252749c56e,2,2normal,60,232,361,292,301
5e4252749c56e,normal,normalb,69,375,538,444,469
5e4252749c56e,b,by,94,224,374,318,280
5e4252749c56e,y,yt,56,176,321,232,265
5e4252749c56e,t,te,89,217,375,306,286
5e4252749c56e,e,emeta1,69,243,385,312,316
5e4252749c56e,meta1,meta1normal,73,1026,1156,1099,1083
5e4252749c56e,normal,normalg,57,613,761,670,704
5e4252749c56e,g,gm,91,136,340,227,249
5e4252749c56e,m,ma,113,103,296,216,183
5e4252749c56e,a,ai,80,308,447,388,367
5e4252749c56e,i,ibksp,59,1842,1973,1901,1914
5e4252749c56e,bksp,bkspbksp,72,127,256,199,184
5e4252749c56e,bksp,bkspl,57,512,612,569,555
5e4252749c56e,l,l.,43,857,975,900,932
5e4252749c56e,.,.c,75,675,827,750,752
5e4252749c56e,c,co,77,254,425,331,348
5e4252749c56e,o,om,94,257,423,351,329
5e4252749c56e,m,mm,72,34387,34556,34459,34484
5e4252749c56e,m,mmeta1,97,185,319,282,222
5e4252749c56e,meta1,meta12,37,290,386,327,349
5e4252749c56e,2,2normal,59,824,974,883,915
5e4252749c56e,normal,normalb,91,626,828,717,737
5e4252749c56e,b,by,111,243,424,354,313
5e4252749c56e,y,yt,70,162,286,232,216
5e4252749c56e,t,te,54,178,339,232,285
5e4252749c56e,e,emeta1,107,1125,1287,1232,1180
5e4252749c56e,meta1,meta1@,55,482,642,537,587
5e4252749c56e,@,@normal,105,226,390,331,285
5e4252749c56e,normal,normalg,59,637,756,696,697
5e4252749c56e,g,gm,60,344,527,404,467
5e4252749c56e,m,ma,123,134,356,257,233
5e4252749c56e,a,ai,99,344,534,443,435
5e4252749c56e,i,il,91,260,456,351,365
5e4252749c56e,l,l.,105,376,572,481,467
5e4252749c56e,.,.c,91,465,592,556,501
5e4252749c56e,c,co,36,344,451,380,415
5e4252749c56e,o,om,71,261,423,332,352
5e4252749c56e,m,mm,91,30730,30880,30821,30789
5e4252749c56e,m,mmeta1,59,140,254,199,195
5e4252749c56e,meta1,meta12,55,206,357,261,302
5e4252749c56e,2,2normal,96,194,373,290,277
5e4252749c56e,normal,normalb,83,465,622,548,539
5e4252749c56e,b,by,74,240,390,314,316
5e4252749c56e,y,yt,76,212,373,288,297
5e4252749c56e,t,te,85,215,402,300,317
5e4252749c56e,e,emeta1,102,261,456,363,354
5e4252749c56e,meta1,meta1normal,93,652,822,745,729
5e4252749c56e,normal,normalg,77,446,614,523,537
5e4252749c56e,g,gm,91,287,472,378,381
5e4252749c56e,m,ma,94,152,361,246,267
5e4252749c56e,a,ai,115,210,399,325,284
5e4252749c56e,i,il,74,245,391,319,317
5e4252749c56e,l,l.,72,312,488,384,416
5e4252749c56e,.,.c,104,296,524,400,420
5e4252749c56e,c,co,124,262,420,386,296
5e4252749c56e,o,om,34,245,404,279,370
5e4252749c56e,m,mm,125,34910,35159,35035,35034
5e4252749c56e,m,mmeta1,124,130,292,254,168
5e4252749c56e,meta1,meta12,38,374,487,412,449
5e4252749c56e,2,2normal,75,257,407,332,332
5e4252749c56e,normal,normalb,75,446,576,521,501
5e4252749c56e,b,by,55,293,439,348,384
5e4252749c56e,y,yt,91,209,356,300,265
5e4252749c56e,t,te,56,244,373,300,317
5e4252749c56e,e,emeta1,73,262,437,335,364
5e4252749c56e,meta1,meta1@,102,350,541,452,439
5e4252749c56e,@,@normal,89,241,387,330,298
5e4252749c56e,normal,normalg,57,457,604,514,547
5e4252749c56e,g,gm,90,278,475,368,385
5e4252749c56e,m,ma,107,189,392,296,285
5e4252749c56e,a,ai,96,290,431,386,335
5e4252749c56e,i,il,45,260,412,305,367
5e4252749c56e,l,l.,107,357,553,464,446
5e4252749c56e,.,.c,89,296,491,385,402
5e4252749c56e,c,co,106,291,506,397,400
5e4252749c56e,o,om,109,209,441,318,332
5e4252749c56e,m,mm,123,30510,30709,30633,30586
5e4252749c56e,m,mmeta1,76,159,322,235,246
5e4252749c56e,meta1,meta12,87,231,408,318,321
5e4252749c56e,2,2normal,90,192,354,282,264
5e4252749c56e,normal,normalb,72,465,642,537,570
5e4252749c56e,b,by,105,227,386,332,281
5e4252749c56e,y,yt,54,195,339,249,285
5e4252749c56e,t,te,90,192,370,282,280
5e4252749c56e,e,emeta1,88,561,725,649,637
5e4252749c56e,meta1,meta1normal,76,520,672,596,596
5e4252749c56e,normal,normalg,76,479,597,555,521
5e4252749c56e,g,gm,42,290,408,332,366
5e4252749c56e,m,ma,76,210,374,286,298
5e4252749c56e,a,ai,88,212,372,300,284
5e4252749c56e,i,il,72,233,419,305,347
5e4252749c56e,l,l.,114,349,535,463,421
5e4252749c56e,.,.c,72,624,756,696,684
5e4252749c56e,c,co,60,358,493,418,433
5e4252749c56e,o,om,75,359,494,434,419
5e4252749c56e,m,mm,60,26377,26509,26437,26449
5e4252749c56e,m,mmeta1,72,159,317,231,245
5e4252749c56e,meta1,meta12,86,245,404,331,318
5e4252749c56e,2,2normal,73,170,306,243,233
5e4252749c56e,normal,normalb,63,435,566,498,503
5e4252749c56e,b,by,68,224,369,292,301
5e4252749c56e,y,yt,77,179,314,256,237
5e4252749c56e,t,te,58,247,382,305,324
5e4252749c56e,e,emeta1,77,241,397,318,320
5e4252749c56e,meta1,meta1@,79,441,583,520,504
5e4252749c56e,@,@normal,63,173,324,236,261
5e4252749c56e,normal,normalg,88,352,522,440,434
5e4252749c56e,g,gm,82,286,466,368,384
5e4252749c56e,m,mi,98,481,647,579,549
5e4252749c56e,i,il,68,232,387,300,319
5e4252749c56e,l,l.,87,294,440,381,353
5e4252749c56e,.,.c,59,309,494,368,435
5e4252749c56e,c,co,126,288,473,414,347
5e4252749c56e,o,om,59,292,412,351,353
5e4252749c56e,m,mm,61,25322,25439,25383,25378
5e4252749c56e,m,mmeta1,56,208,357,264,301
5e4252749c56e,meta1,meta12,93,273,429,366,336
5e4252749c56e,2,2normal,63,224,391,287,328
5e4252749c56e,normal,normaly,104,744,892,848,788
5e4252749c56e,y,yt,44,168,310,212,266
5e4252749c56e,t,te,98,248,414,346,316
5e4252749c56e,e,ebksp,68,935,1071,1003,1003
5e4252749c56e,bksp,bkspbksp,68,70,216,138,148
5e4252749c56e,bksp,bkspbksp,78,128,237,206,159
5e4252749c56e,bksp,bkspbksp,31,551,643,582,612
5e4252749c56e,bksp,bkspbksp,61,159,249,220,188
5e4252749c56e,bksp,bkspb,29,614,704,643,675
5e4252749c56e,b,by,61,308,443,369,382
5e4252749c56e,y,yt,74,162,306,236,232
5e4252749c56e,t,te,70,213,355,283,285
5e4252749c56e,e,emeta1,72,310,472,382,400
5e4252749c56e,meta1,meta1@,90,478,658,568,568
5e4252749c56e,@,@normal,90,173,321,263,231
5e4252749c56e,normal,normalg,58,462,580,520,522
5e4252749c56e,g,gm,60,357,510,417,450
5e4252749c56e,m,ma,93,174,356,267,263
5e4252749c56e,a,ai,89,1014,1140,1103,1051
5e4252749c56e,i,il,37,307,436,344,399
5e4252749c56e,l,l.,92,458,626,550,534
5e4252749c56e,.,.c,76,607,773,683,697
5e4252749c56e,c,co,90,377,528,467,438
5e4252749c56e,o,om,61,1272,1425,1333,1364
5e4252749c56e,m,mm,92,31681,31875,31773,31783
5e4252749c56e,m,mmeta1,102,179,384,281,282
5e4252749c56e,meta1,meta12,103,247,438,350,335
5e4252749c56e,2,2normal,88,234,394,322,306
5e4252749c56e,normal,normalb,72,373,568,445,496
5e4252749c56e,b,by,123,260,472,383,349
5e4252749c56e,y,yt,89,179,358,268,269
5e4252749c56e,t,te,90,242,421,332,331
5e4252749c56e,e,emeta1,89,360,540,449,451
5e4252749c56e,meta1,meta1normal,91,678,854,769,763
5e4252749c56e,normal,normalg,85,415,589,500,504
5e4252749c56e,g,gm,89,243,436,332,347
5e4252749c56e,m,mi,104,515,678,619,574
5e4252749c56e,i,i.,59,540,686,599,627
5e4252749c56e,.,.c,87,282,439,369,352
5e4252749c56e,c,co,70,276,418,346,348
5e4252749c56e,o,om,72,313,462,385,390
5e4252749c56e,m,ma,77,1840,2041,1917,1964
5e4252749c56e,a,abksp,124,1792,1989,1916,1865
5e4252749c56e,bksp,bkspa,73,1347,1491,1420,1418
5e4252749c56e,a,abksp,71,1196,1322,1267,1251
5e4252749c56e,bksp,bkspg,55,1225,1369,1280,1314
5e4252749c56e,g,gm,89,275,474,364,385
5e4252749c56e,m,ma,110,175,343,285,233
5e4252749c56e,a,ai,58,224,388,282,330
5e4252749c56e,i,il,106,196,390,302,284
5e4252749c56e,l,l.,88,298,489,386,401
5e4252749c56e,.,.c,103,228,443,331,340
5e4252749c56e,c,co,112,319,524,431,412
5e4252749c56e,o,om,93,231,422,324,329
5e4252749c56e,m,mbksp,98,1541,1732,1639,1634
5e4252749c56e,bksp,bkspbksp,93,89,260,182,167
5e4252749c56e,bksp,bkspbksp,78,128,280,206,202
5e4252749c56e,bksp,bkspbksp,74,225,389,299,315
5e4252749c56e,bksp,bkspp,90,-326104,-325980,-326014,-326070
5e4252930dd6b,p,pp,34,57,155,91,121
5e4252930dd6b,p,pp,64,92,195,156,131
5e4252930dd6b,p,pp,39,1324,1473,1363,1434
5e4252930dd6b,p,pr,110,665,862,775,752
5e4252930dd6b,r,ro,87,463,621,550,534
5e4252930dd6b,o,ometa1,71,912,1037,983,966
5e4252930dd6b,meta1,meta15,54,531,671,585,617
5e4252930dd6b,5,56,86,165,319,251,233
5e4252930dd6b,6,67,68,282,419,350,351
5e4252930dd6b,7,7normal,69,831,952,900,883
5e4252930dd6b,normal,normalmeta1,52,379,486,431,434
5e4252930dd6b,meta1,meta1normal,55,1096,1209,1151,1154
5e4252930dd6b,normal,normalg,58,492,619,550,561
5e4252930dd6b,g,gm,69,413,574,482,505
5e4252930dd6b,m,ma,92,509,671,601,579
5e4252930dd6b,a,ai,70,748,905,818,835
5e4252930dd6b,i,il,87,430,589,517,502
5e4252930dd6b,l,l.,72,943,1202,1015,1130
5e4252930dd6b,.,.c,187,714,987,901,800
5e4252930dd6b,c,co,86,381,556,467,470
5e4252930dd6b,o,om,89,329,505,418,416
5e4252930dd6b,m,mp,87,35950,36091,36037,36004
5e4252930dd6b,p,pp,54,107,235,161,181
5e4252930dd6b,p,pp,74,76,192,150,118
5e4252930dd6b,p,pr,42,711,843,753,801
5e4252930dd6b,r,ro,90,446,591,536,501
5e4252930dd6b,o,ometa1,55,664,787,719,732
5e4252930dd6b,meta1,meta15,68,530,657,598,589
5e4252930dd6b,5,56,59,111,267,170,208
5e4252930dd6b,6,67,97,115,264,212,167
5e4252930dd6b,7,7bksp,52,1367,1475,1419,1423
5e4252930dd6b,bksp,bksp@,56,657,788,713,732
5e4252930dd6b,@,@normal,75,762,909,837,834
5e4252930dd6b,normal,normalg,72,510,688,582,616
5e4252930dd6b,g,gm,106,343,539,449,433
5e4252930dd6b,m,ma,90,392,557,482,467
5e4252930dd6b,a,ai,75,479,610,554,535
5e4252930dd6b,i,i.,56,860,990,916,934
5e4252930dd6b,.,.c,74,744,903,818,829
5e4252930dd6b,c,co,85,413,570,498,485
5e4252930dd6b,o,om,72,242,406,314,334
5e4252930dd6b,m,mp,92,35478,35642,35570,35550
5e4252930dd6b,p,pp,72,109,241,181,169
5e4252930dd6b,p,pp,60,65,206,125,146
5e4252930dd6b,p,pr,81,763,937,844,856
5e4252930dd6b,r,ro,93,557,724,650,631
5e4252930dd6b,o,ometa1,74,544,676,618,602
5e4252930dd6b,meta1,meta15,58,573,724,631,666
5e4252930dd6b,5,56,93,139,322,232,229
5e4252930dd6b,6,67,90,312,442,402,352
5e4252930dd6b,7,7normal,40,1536,1655,1576,1615
5e4252930dd6b,normal,normalg,79,446,599,525,520
5e4252930dd6b,g,gm,74,511,623,585,549
5e4252930dd6b,m,ma,38,911,988,949,950
5e4252930dd6b,a,ai,39,630,755,669,716
5e4252930dd6b,i,il,86,214,369,300,283
5e4252930dd6b,l,l.,69,431,601,500,532
5e4252930dd6b,.,.c,101,580,787,681,686
5e4252930dd6b,c,co,106,313,506,419,400
5e4252930dd6b,o,om,87,332,504,419,417
5e4252930dd6b,m,mp,85,34354,34517,34439,34432
5e4252930dd6b,p,pp,78,91,213,169,135
5e4252930dd6b,p,pr,44,617,745,661,701
5e4252930dd6b,r,ro,84,362,535,446,451
5e4252930dd6b,o,ometa1,89,699,852,788,763
5e4252930dd6b,meta1,meta15,64,536,697,600,633
5e4252930dd6b,5,56,97,89,283,186,186
5e4252930dd6b,6,67,97,90,261,187,164
5e4252930dd6b,7,7@,74,352,493,426,419
5e4252930dd6b,@,@bksp,67,4596,5268,4663,5201
5e4252930dd6b,bksp,bkspnormal,605,1480,2145,2085,1540
5e4252930dd6b,normal,normalp,60,523,637,583,577
5e4252930dd6b,p,pp,54,95,202,149,148
5e4252930dd6b,p,pr,53,1515,1607,1568,1554
5e4252930dd6b,r,rg,39,3128,3239,3167,3200
5e4252930dd6b,g,gm,72,425,573,497,501
5e4252930dd6b,m,ma,76,461,624,537,548
5e4252930dd6b,a,ai,87,380,554,467,467
5e4252930dd6b,i,il,87,214,384,301,297
5e4252930dd6b,l,l.,83,643,819,726,736
5e4252930dd6b,.,.c,93,944,1125,1037,1032
5e4252930dd6b,c,co,88,398,575,486,487
5e4252930dd6b,o,om,89,225,369,314,280
5e4252930dd6b,m,mp,55,34589,34723,34644,34668
5e4252930dd6b,p,pp,79,106,261,185,182
5e4252930dd6b,p,pp,76,73,209,149,133
5e4252930dd6b,p,pr,60,633,750,693,690
5e4252930dd6b,r,ro,57,542,670,599,613
5e4252930dd6b,o,ometa1,71,761,889,832,818
5e4252930dd6b,meta1,meta15,57,1224,1372,1281,1315
5e4252930dd6b,5,56,91,200,370,291,279
5e4252930dd6b,6,67,79,138,297,217,218
5e4252930dd6b,7,7@,80,572,750,652,670
5e4252930dd6b,@,@normal,98,562,716,660,618
5e4252930dd6b,normal,normalg,56,544,655,600,599
5e4252930dd6b,g,gm,55,430,571,485,516
5e4252930dd6b,m,ma,86,458,637,544,551
5e4252930dd6b,a,ai,93,466,673,559,580
5e4252930dd6b,i,il,114,272,481,386,367
5e4252930dd6b,l,l.,95,370,560,465,465
5e4252930dd6b,.,.c,95,734,898,829,803
5e4252930dd6b,c,co,69,316,493,385,424
5e4252930dd6b,o,om,108,274,453,382,345
5e4252930dd6b,m,mp,71,31946,32088,32017,32017
5e4252930dd6b,p,pp,71,54,203,125,132
5e4252930dd6b,p,pp,78,55,212,133,134
5e4252930dd6b,p,pr,79,861,982,940,903
5e4252930dd6b,r,ro,42,527,608,569,566
5e4252930dd6b,o,ometa1,39,711,821,750,782
5e4252930dd6b,meta1,meta15,71,716,854,787,783
5e4252930dd6b,5,56,67,114,233,181,166
5e4252930dd6b,6,67,52,129,220,181,168
5e4252930dd6b,7,7@,39,500,590,539,551
5e4252930dd6b,@,@normal,51,548,667,599,616
5e4252930dd6b,normal,normalg,68,595,719,663,651
5e4252930dd6b,g,gm,56,394,537,450,481
5e4252930dd6b,m,ma,87,463,622,550,535
5e4252930dd6b,a,ai,72,378,523,450,451
5e4252930dd6b,i,il,73,145,320,218,247
5e4252930dd6b,l,l.,102,697,905,799,803
5e4252930dd6b,.,.c,106,734,919,840,813
5e4252930dd6b,c,co,79,399,535,478,456
5e4252930dd6b,o,om,57,311,458,368,401
5e4252930dd6b,m,mp,90,38946,39122,39036,39032
5e4252930dd6b,p,pp,86,93,220,179,134
5e4252930dd6b,p,pp,41,109,178,150,137
5e4252930dd6b,p,pr,28,1025,1172,1053,1144
5e4252930dd6b,r,ro,119,416,637,535,518
5e4252930dd6b,o,ometa1,102,345,568,447,466
5e4252930dd6b,meta1,meta15,121,596,824,717,703
5e4252930dd6b,5,56,107,111,352,218,245
5e4252930dd6b,6,67,134,110,319,244,185
5e4252930dd6b,7,7normal,75,1630,1779,1705,1704
5e4252930dd6b,normal,normalg,74,629,788,703,714
5e4252930dd6b,g,gm,85,446,621,531,536
5e4252930dd6b,m,ma,90,415,602,505,512
5e4252930dd6b,a,ai,97,483,652,580,555
5e4252930dd6b,i,i.,72,995,1154,1067,1082
5e4252930dd6b,.,.c,87,763,919,850,832
5e4252930dd6b,c,co,69,378,503,447,434
5e4252930dd6b,o,om,56,229,370,285,314
5e4252930dd6b,m,mp,85,35314,35469,35399,35384
5e4252930dd6b,p,pp,70,89,222,159,152
5e4252930dd6b,p,pp,63,55,213,118,150
5e4252930dd6b,p,pr,95,631,800,726,705
5e4252930dd6b,r,ro,74,408,587,482,513
5e4252930dd6b,o,ometa1,105,495,704,600,599
5e4252930dd6b,meta1,meta15,104,682,889,786,785
5e4252930dd6b,5,56,103,97,284,200,181
5e4252930dd6b,6,67,84,102,285,186,201
5e4252930dd6b,7,7normal,99,1041,1195,1140,1096
5e4252930dd6b,normal,normalg,55,501,660,556,605
5e4252930dd6b,g,gm,104,410,623,514,519
5e4252930dd6b,m,ma,109,478,642,587,533
5e4252930dd6b,a,au,55,442,586,497,531
5e4252930dd6b,u,ui,89,764,939,853,850
5e4252930dd6b,i,il,86,113,304,199,218
5e4252930dd6b,l,l.,105,1126,1324,1231,1219
5e4252930dd6b,.,.c,93,958,1159,1051,1066
5e4252930dd6b,c,co,108,273,472,381,364
5e4252930dd6b,o,om,91,259,459,350,368
5e4252930dd6b,m,mp,109,35583,35764,35692,35655
5e4252930dd6b,p,pp,72,92,239,164,167
5e4252930dd6b,p,pp,75,69,202,144,127
5e4252930dd6b,p,pr,58,681,828,739,770
5e4252930dd6b,r,ro,89,430,590,519,501
5e4252930dd6b,o,ometa1,71,710,836,781,765
5e4252930dd6b,meta1,meta15,55,663,813,718,758
5e4252930dd6b,5,56,95,138,302,233,207
5e4252930dd6b,6,67,69,130,268,199,199
5e4252930dd6b,7,7@,69,391,554,460,485
5e4252930dd6b,@,@normal,94,835,1009,929,915
5e4252930dd6b,normal,normalg,80,493,670,573,590
5e4252930dd6b,g,gm,97,423,645,520,548
5e4252930dd6b,m,ma,125,475,674,600,549
5e4252930dd6b,a,ai,74,376,524,450,450
5e4252930dd6b,i,il,74,213,375,287,301
5e4252930dd6b,l,l.,88,211,403,299,315
5e4252930dd6b,.,.c,104,496,656,600,552
5e4252930dd6b,c,co,56,307,474,363,418
5e4252930dd6b,o,om,111,189,393,300,282
5e4252930dd6b,m,mp,93,31318,31509,31411,31416
5e4252930dd6b,p,pp,98,74,248,172,150
5e4252930dd6b,p,pp,76,90,211,166,135
5e4252930dd6b,p,pr,45,595,765,640,720
5e4252930dd6b,r,ro,125,493,706,618,581
5e4252930dd6b,o,ometa1,88,494,654,582,566
5e4252930dd6b,meta1,meta15,72,527,706,599,634
5e4252930dd6b,5,56,107,126,322,233,215
5e4252930dd6b,6,67,89,148,289,237,200
5e4252930dd6b,7,7normal,52,798,951,850,899
5e4252930dd6b,normal,normalg,101,529,702,630,601
5e4252930dd6b,g,gm,72,311,495,383,423
5e4252930dd6b,m,ma,112,456,657,568,545
5e4252930dd6b,a,ai,89,479,657,568,568
5e4252930dd6b,i,il,89,161,336,250,247
5e4252930dd6b,l,l.,86,395,587,481,501
5e4252930dd6b,.,.c,106,494,674,600,568
5e4252930dd6b,c,co,74,375,522,449,448
5e4252930dd6b,o,om,73,178,356,251,283
5e4252930dd6b,m,ms,105,112307,112497,112412,112392
5e4254c025335,s,sa,85,161,317,246,232
5e4254c025335,a,at,71,140,288,211,217
5e4254c025335,t,ta,77,125,278,202,201
5e4254c025335,a,an,76,365,511,441,435
5e4254c025335,n,ng,70,227,368,297,298
5e4254c025335,g,gmeta1,71,498,629,569,558
5e4254c025335,meta1,meta16,60,533,668,593,608
5e4254c025335,6,62,75,142,291,217,216
5e4254c025335,2,25,74,282,425,356,351
5e4254c025335,5,50,69,191,336,260,267
5e4254c025335,0,0@,76,192,342,268,266
5e4254c025335,@,@normal,74,208,358,282,284
5e4254c025335,normal,normalg,76,378,530,454,454
5e4254c025335,g,gm,76,237,390,313,314
5e4254c025335,m,ma,77,122,275,199,198
5e4254c025335,a,ai,76,107,242,183,166
5e4254c025335,i,il,59,197,310,256,251
5e4254c025335,l,lmeta1,54,174,302,228,248
5e4254c025335,meta1,meta1normal,74,198,343,272,269
5e4254c025335,normal,normal.,71,210,341,281,270
5e4254c025335,.,.meta1,60,176,291,236,231
5e4254c025335,meta1,meta1normal,55,277,391,332,336
5e4254c025335,normal,normalc,59,374,510,433,451
5e4254c025335,c,co,77,124,257,201,180
5e4254c025335,o,om,56,211,321,267,265
5e4254c025335,m,ms,54,25544,25706,25598,25652
5e4254c025335,s,sa,108,145,311,253,203
5e4254c025335,a,at,58,154,289,212,231
5e4254c025335,t,ta,77,127,277,204,200
5e4254c025335,a,an,73,248,372,321,299
5e4254c025335,n,ng,51,198,317,249,266
5e4254c025335,g,gmeta1,68,242,370,310,302
5e4254c025335,meta1,meta16,60,493,613,553,553
5e4254c025335,6,62,60,108,238,168,178
5e4254c025335,2,25,70,194,337,264,267
5e4254c025335,5,50,73,127,256,200,183
5e4254c025335,0,0@,56,209,309,265,253
5e4254c025335,@,@normal,44,677,795,721,751
5e4254c025335,normal,normalg,74,539,686,613,612
5e4254c025335,g,gm,73,229,374,302,301
5e4254c025335,m,ma,72,177,339,249,267
5e4254c025335,a,ai,90,97,256,187,166
5e4254c025335,i,il,69,163,290,232,221
5e4254c025335,l,l.,58,874,1005,932,947
5e4254c025335,.,.c,73,259,373,332,300
5e4254c025335,c,co,41,91,207,132,166
5e4254c025335,o,om,75,197,326,272,251
5e4254c025335,m,ms,54,22565,22674,22619,22620
5e4254c025335,s,sa,55,162,289,217,234
5e4254c025335,a,at,72,242,368,314,296
5e4254c025335,t,ta,54,103,255,157,201
5e4254c025335,a,an,98,795,983,893,885
5e4254c025335,n,ng,90,105,288,195,198
5e4254c025335,g,gmeta1,93,680,844,773,751
5e4254c025335,meta1,meta16,71,429,572,500,501
5e4254c025335,6,62,72,80,253,152,181
5e4254c025335,2,25,101,129,285,230,184
5e4254c025335,5,50,55,396,507,451,452
5e4254c025335,0,0@,56,348,457,404,401
5e4254c025335,@,@normal,53,191,316,244,263
5e4254c025335,normal,normalg,72,459,605,531,533
5e4254c025335,g,gm,74,279,444,353,370
5e4254c025335,m,ma,91,144,323,235,232
5e4254c025335,a,ai,88,73,236,161,148
5e4254c025335,i,il,75,164,293,239,218
5e4254c025335,l,l.,54,277,404,331,350
5e4254c025335,.,.c,73,95,255,168,182
5e4254c025335,c,co,87,91,255,178,168
5e4254c025335,o,om,77,765,901,842,824
5e4254c025335,m,ms,59,26193,26337,26252,26278
5e4254c025335,s,sa,85,195,336,280,251
5e4254c025335,a,at,56,172,306,228,250
5e4254c025335,t,ta,78,122,277,200,199
5e4254c025335,a,an,77,234,375,311,298
5e4254c025335,n,ng,64,198,319,262,255
5e4254c025335,g,gmeta1,57,387,521,444,464
5e4254c025335,meta1,meta16,77,429,578,506,501
5e4254c025335,6,62,72,116,255,188,183
5e4254c025335,2,25,67,196,330,263,263
5e4254c025335,5,50,67,107,234,174,167
5e4254c025335,0,0@,60,201,317,261,257
5e4254c025335,@,@normal,56,176,316,232,260
5e4254c025335,normal,normalg,84,398,538,482,454
5e4254c025335,g,gm,56,280,403,336,347
5e4254c025335,m,ma,67,133,271,200,204
5e4254c025335,a,ai,71,102,232,173,161
5e4254c025335,i,il,59,131,260,190,201
5e4254c025335,l,l.,70,174,307,244,237
5e4254c025335,.,.c,63,85,228,148,165
5e4254c025335,c,co,80,87,245,167,165
5e4254c025335,o,om,78,142,278,220,200
5e4254c025335,m,ms,58,26295,26415,26353,26357
5e4254c025335,s,sa,62,157,291,219,229
5e4254c025335,a,at,72,70,224,142,152
5e4254c025335,t,ta,82,85,246,167,164
5e4254c025335,a,an,79,174,312,253,233
5e4254c025335,n,ng,59,191,308,250,249
5e4254c025335,g,gmeta1,58,242,366,300,308
5e4254c025335,meta1,meta16,66,402,545,468,479
5e4254c025335,6,62,77,111,259,188,182
5e4254c025335,2,26,71,211,352,282,281
5e4254c025335,6,65,70,521,654,591,584
5e4254c025335,5,50,63,193,312,256,249
5e4254c025335,0,0bksp,56,446,576,502,520
5e4254c025335,bksp,bksp5,74,195,356,269,282
5e4254c025335,5,50,87,208,364,295,277
5e4254c025335,0,0@,69,536,662,605,593
5e4254c025335,@,@normal,57,391,521,448,464
5e4254c025335,normal,normalg,73,429,558,502,485
5e4254c025335,g,gm,56,276,390,332,334
5e4254c025335,m,ma,58,160,291,218,233
5e4254c025335,a,ai,73,69,222,142,149
5e4254c025335,i,il,80,159,281,239,201
5e4254c025335,l,l.,42,590,708,632,666
5e4254c025335,.,.c,76,161,307,237,231
5e4254c025335,c,co,70,96,221,166,151
5e4254c025335,o,om,55,199,287,254,232
5e4254c025335,m,ms,33,19973,20101,20006,20068
5e4254c025335,s,sa,95,129,279,224,184
5e4254c025335,a,at,55,145,271,200,216
5e4254c025335,t,ta,71,90,259,161,188
5e4254c025335,a,an,98,123,277,221,179
5e4254c025335,n,ng,56,212,307,268,251
5e4254c025335,g,gmeta1,39,196,290,235,251
5e4254c025335,meta1,meta16,55,446,574,501,519
5e4254c025335,6,62,73,91,219,164,146
5e4254c025335,2,25,55,113,221,168,166
5e4254c025335,5,50,53,229,354,282,301
5e4254c025335,0,0@,72,195,323,267,251
5e4254c025335,@,@normal,56,143,271,199,215
5e4254c025335,normal,normalg,72,379,509,451,437
5e4254c025335,g,gm,58,311,440,369,382
5e4254c025335,m,mi,71,361,501,432,430
5e4254c025335,i,il,69,180,303,249,234
5e4254c025335,l,l.,54,514,623,568,569
5e4254c025335,.,.c,55,291,421,346,366
5e4254c025335,c,co,75,125,273,200,198
5e4254c025335,o,om,73,177,293,250,220
5e4254c025335,m,ms,43,20478,20608,20521,20565
5e4254c025335,s,sa,87,107,271,194,184
5e4254c025335,a,at,77,160,310,237,233
5e4254c025335,t,ta,73,71,239,144,166
5e4254c025335,a,an,95,159,314,254,219
5e4254c025335,n,ng,60,239,344,299,284
5e4254c025335,g,gmeta1,45,407,543,452,498
5e4254c025335,meta1,meta16,91,420,590,511,499
5e4254c025335,6,62,79,92,233,171,154
5e4254c025335,2,25,62,69,193,131,131
5e4254c025335,5,50,62,225,364,287,302
5e4254c025335,0,0@,77,173,323,250,246
5e4254c025335,@,@normal,73,125,272,198,199
5e4254c025335,normal,normalg,74,415,560,489,486
5e4254c025335,g,gm,71,511,672,582,601
5e4254c025335,m,ma,90,122,289,212,199
5e4254c025335,a,ai,77,224,360,301,283
5e4254c025335,i,il,59,174,292,233,233
5e4254c025335,l,l.,59,242,362,301,303
5e4254c025335,.,.c,61,174,327,235,266
5e4254c025335,c,co,92,70,240,162,148
5e4254c025335,o,om,78,177,312,255,234
5e4254c025335,m,ms,57,22545,22692,22602,22635
5e4254c025335,s,sa,90,109,273,199,183
5e4254c025335,a,at,74,87,223,161,149
5e4254c025335,t,ta,62,54,215,116,153
5e4254c025335,a,an,99,144,296,243,197
5e4254c025335,n,ng,53,165,254,218,201
5e4254c025335,g,gmeta1,36,194,302,230,266
5e4254c025335,meta1,meta16,72,501,641,573,569
5e4254c025335,6,62,68,33,182,101,114
5e4254c025335,2,25,81,141,281,222,200
5e4254c025335,5,50,59,70,191,129,132
5e4254c025335,0,0@,62,125,246,187,184
5e4254c025335,@,@normal,59,104,225,163,166
5e4254c025335,normal,normalbksp,62,572,697,634,635
5e4254c025335,bksp,bkspbksp,63,610,746,673,683
5e4254c025335,bksp,bkspmeta1,73,427,574,500,501
5e4254c025335,meta1,meta12,74,315,458,389,384
5e4254c025335,2,25,69,274,418,343,349
5e4254c025335,5,50,75,144,274,219,199
5e4254c025335,0,0@,55,176,288,231,233
5e4254c025335,@,@normal,57,176,323,233,266
5e4254c025335,normal,normalg,90,414,542,504,452
5e4254c025335,g,gm,38,243,354,281,316
5e4254c025335,m,ma,73,145,292,218,219
5e4254c025335,a,ai,74,141,273,215,199
5e4254c025335,i,il,58,145,257,203,199
5e4254c025335,l,l.,54,492,622,546,568
5e4254c025335,.,.c,76,178,325,254,249
5e4254c025335,c,co,71,103,273,174,202
5e4254c025335,o,om,99,137,297,236,198
5e4254c025335,m,ms,61,26814,26945,26875,26884
5e4254c025335,s,sa,70,155,288,225,218
5e4254c025335,a,at,63,118,245,181,182
5e4254c025335,t,ta,64,123,284,187,220
5e4254c025335,a,an,97,110,279,207,182
5e4254c025335,n,ng,72,191,321,263,249
5e4254c025335,g,gmeta1,58,196,324,254,266
5e4254c025335,meta1,meta16,70,530,658,600,588
5e4254c025335,6,62,58,296,420,354,362
5e4254c025335,2,25,66,531,686,597,620
5e4254c025335,5,50,89,145,288,234,199
5e4254c025335,0,0@,54,192,286,246,232
5e4254c025335,@,@normal,40,214,341,254,301
5e4254c025335,normal,normalg,87,327,472,414,385
5e4254c025335,g,gm,58,268,422,326,364
5e4254c025335,m,ma,96,104,281,200,185
5e4254c025335,a,ai,81,143,279,224,198
5e4254c025335,i,il,55,155,272,210,217
5e4254c025335,l,l.,62,210,344,272,282
5e4254c025335,.,.c,72,232,408,304,336
5e4254c025335,c,co,104,72,270,176,166
5e4254c025335,o,om,94,211,343,305,249
5e4254c025335,m,ms,38,24776,24906,24814,24868
5e4254c025335,s,sa,92,127,292,219,200
5e4254c025335,a,at,73,95,238,168,165
5e4254c025335,t,ta,70,124,291,194,221
5e4254c025335,a,an,97,161,310,258,213
5e4254c025335,n,ng,52,228,337,280,285
5e4254c025335,g,gmeta1,57,211,323,268,266
5e4254c025335,meta1,meta16,55,631,742,686,687
5e4254c025335,6,62,56,67,219,123,163
5e4254c025335,2,25,96,56,212,152,116
5e4254c025335,5,50,60,262,380,322,320
5e4254c025335,0,0@,58,191,305,249,247
5e4254c025335,@,@normal,56,147,288,203,232
5e4254c025335,normal,normalg,85,315,488,400,403
5e4254c025335,g,gm,88,289,435,377,347
5e4254c025335,m,ma,58,158,311,216,253
5e4254c025335,a,ai,95,72,212,167,117
5e4254c025335,i,il,45,151,260,196,215
5e4254c025335,l,l.,64,245,402,309,338
5e4254c025335,.,.c,93,90,272,183,179
5e4254c025335,c,co,89,54,224,143,135
5e4254c025335,o,om,81,161,299,242,218
5e4254c025335,m,ms,57,-251508,-251396,-251451,-251453
5e4254ca5a526,g,gf,104,209,436,313,332
5e4254ca5a526,f,ff,123,72,305,195,182
5e4254ca5a526,f,fg,110,380,578,490,468
5e4254ca5a526,g,gg,88,125,320,213,232
5e4254ca5a526,g,gt,107,312,491,419,384
5e4254ca5a526,t,tg,72,846,1021,918,949
5e4254ca5a526,g,gg,103,97,252,200,149
5e4254ca5a526,g,gmeta1,52,2099,2239,2151,2187
5e4254ca5a526,meta1,meta1bksp,88,2710,2920,2798,2832
5e4254ca5a526,bksp,bksp@,122,329,572,451,450
5e4254ca5a526,@,@normal,121,847,1069,968,948
5e4254ca5a526,normal,normalg,101,498,705,599,604
5e4254ca5a526,g,gm,106,513,742,619,636
5e4254ca5a526,m,ma,123,373,586,496,463
5e4254ca5a526,a,ai,90,428,588,518,498
5e4254ca5a526,i,il,70,2016,2171,2086,2101
5e4254ca5a526,l,l.,85,265,435,350,350
5e4254ca5a526,.,.c,85,379,569,464,484
5e4254ca5a526,c,co,105,296,503,401,398
5e4254ca5a526,o,om,102,208,420,310,318
5e4254ca5a526,m,mg,110,40319,40588,40429,40478
5e4254ca5a526,g,gf,159,147,400,306,241
5e4254ca5a526,f,ff,94,85,276,179,182
5e4254ca5a526,f,fg,97,216,433,313,336
5e4254ca5a526,g,gg,120,89,318,209,198
5e4254ca5a526,g,gt,109,215,428,324,319
5e4254ca5a526,t,tt,104,72,285,176,181
5e4254ca5a526,t,tg,109,346,562,455,453
5e4254ca5a526,g,gg,107,79,253,186,146
5e4254ca5a526,g,gmeta1,67,1485,1651,1552,1584
5e4254ca5a526,meta1,meta1@,99,801,1001,900,902
5e4254ca5a526,@,@normal,101,1181,1384,1282,1283
5e4254ca5a526,normal,normalg,102,529,736,631,634
5e4254ca5a526,g,gm,105,600,788,705,683
5e4254ca5a526,m,ma,83,498,687,581,604
5e4254ca5a526,a,ai,106,693,869,799,763
5e4254ca5a526,i,il,70,534,717,604,647
5e4254ca5a526,l,l.,113,697,917,810,804
5e4254ca5a526,.,.c,107,589,802,696,695
5e4254ca5a526,c,co,106,507,740,613,634
5e4254ca5a526,o,om,127,356,580,483,453
5e4254ca5a526,m,mg,97,39360,39584,39457,39487
5e4254ca5a526,g,gf,127,295,543,422,416
5e4254ca5a526,f,ff,121,90,320,211,199
5e4254ca5a526,f,fg,109,329,563,438,454
5e4254ca5a526,g,gg,125,104,339,229,214
5e4254ca5a526,g,gt,110,329,562,439,452
5e4254ca5a526,t,tt,123,91,320,214,197
5e4254ca5a526,t,tg,106,397,607,503,501
5e4254ca5a526,g,gg,104,96,285,200,181
5e4254ca5a526,g,gmeta1,85,416,586,501,501
5e4254ca5a526,meta1,meta1@,85,1316,1502,1401,1417
5e4254ca5a526,@,@g,101,1597,1821,1698,1720
5e4254ca5a526,g,gm,123,610,874,733,751
5e4254ca5a526,m,ma,141,411,674,552,533
5e4254ca5a526,a,ai,122,477,721,599,599
5e4254ca5a526,i,i.,122,1077,1305,1199,1183
5e4254ca5a526,.,.c,106,612,826,718,720
5e4254ca5a526,c,co,108,392,622,500,514
5e4254ca5a526,o,om,122,279,521,401,399
5e4254ca5a526,m,mg,120,37396,37605,37516,37485
5e4254ca5a526,g,gf,89,415,606,504,517
5e4254ca5a526,f,ff,102,109,304,211,202
5e4254ca5a526,f,fg,93,264,487,357,394
5e4254ca5a526,g,gg,130,87,315,217,185
5e4254ca5a526,g,gt,98,256,468,354,370
5e4254ca5a526,t,tt,114,89,299,203,185
5e4254ca5a526,t,tg,96,378,562,474,466
5e4254ca5a526,g,gg,88,88,284,176,196
5e4254ca5a526,g,gmeta1,108,1400,1609,1508,1501
5e4254ca5a526,meta1,meta1@,101,1545,1788,1646,1687
5e4254ca5a526,@,@normal,142,461,740,603,598
5e4254ca5a526,normal,normalg,137,445,701,582,564
5e4254ca5a526,g,gm,119,447,637,566,518
5e4254ca5a526,m,ma,71,482,674,553,603
5e4254ca5a526,a,ai,121,529,753,650,632
5e4254ca5a526,i,il,103,242,486,345,383
5e4254ca5a526,l,l.,141,269,539,410,398
5e4254ca5a526,.,.c,129,498,731,627,602
5e4254ca5a526,c,co,104,548,771,652,667
5e4254ca5a526,o,om,119,481,705,600,586
5e4254ca5a526,m,mg,105,33794,34022,33899,33917
5e4254ca5a526,g,gf,123,526,757,649,634
5e4254ca5a526,f,ff,108,91,323,199,215
5e4254ca5a526,f,ff,124,37,240,161,116
5e4254ca5a526,f,fg,79,1947,2149,2026,2070
5e4254ca5a526,g,gg,123,70,318,193,195
5e4254ca5a526,g,gf,125,383,593,508,468
5e4254ca5a526,f,ff,85,121,300,206,215
5e4254ca5a526,f,fbksp,94,1034,1209,1128,1115
5e4254ca5a526,bksp,bkspt,81,798,1018,879,937
5e4254ca5a526,t,tt,139,97,339,236,200
5e4254ca5a526,t,tg,103,661,906,764,803
5e4254ca5a526,g,gg,142,70,321,212,179
5e4254ca5a526,g,gmeta1,109,559,743,668,634
5e4254ca5a526,meta1,meta1normal,75,1317,1491,1392,1416
5e4254ca5a526,normal,normalg,99,584,801,683,702
5e4254ca5a526,g,gm,118,479,699,597,581
5e4254ca5a526,m,ma,102,469,668,571,566
5e4254ca5a526,a,ai,97,719,916,816,819
5e4254ca5a526,i,il,100,4185,4399,4285,4299
5e4254ca5a526,l,l.,114,966,1223,1080,1109
5e4254ca5a526,.,.c,143,571,841,714,698
5e4254ca5a526,c,co,127,492,722,619,595
5e4254ca5a526,o,om,103,281,486,384,383
5e4254ca5a526,m,mbksp,102,2694,2888,2796,2786
5e4254ca5a526,bksp,bkspbksp,92,90,273,182,181
5e4254ca5a526,bksp,bkspbksp,91,110,257,201,166
5e4254ca5a526,bksp,bkspbksp,56,90,239,146,183
5e4254ca5a526,bksp,bkspbksp,93,111,309,204,216
5e4254ca5a526,bksp,bkspbksp,105,58,255,163,150
5e4254ca5a526,bksp,bkspbksp,92,113,292,205,200
5e4254ca5a526,bksp,bkspbksp,87,93,257,180,170
5e4254ca5a526,bksp,bkspbksp,77,93,243,170,166
5e4254ca5a526,bksp,bkspbksp,73,89,255,162,182
5e4254ca5a526,bksp,bkspbksp,93,113,291,206,198
5e4254ca5a526,bksp,bkspbksp,85,100,272,185,187
5e4254ca5a526,bksp,bkspbksp,87,92,269,179,182
5e4254ca5a526,bksp,bkspbksp,90,109,290,199,200
5e4254ca5a526,bksp,bkspbksp,91,106,296,197,205
5e4254ca5a526,bksp,bkspbksp,99,91,276,190,177
5e4254ca5a526,bksp,bkspbksp,86,74,286,160,200
5e4254ca5a526,bksp,bkspg,126,999,1264,1125,1138
5e4254ca5a526,g,gg,139,77,319,216,180
5e4254ca5a526,g,gf,103,260,468,363,365
5e4254ca5a526,f,ff,105,82,290,187,185
5e4254ca5a526,f,fbksp,103,678,888,781,785
5e4254ca5a526,bksp,bkspbksp,107,111,304,218,197
5e4254ca5a526,bksp,bkspt,86,678,889,764,803
5e4254ca5a526,t,tt,125,75,290,200,165
5e4254ca5a526,t,tg,90,428,637,518,547
5e4254ca5a526,g,gg,119,69,303,188,184
5e4254ca5a526,g,gmeta1,115,1615,1849,1730,1734
5e4254ca5a526,meta1,meta1normal,119,1663,1870,1782,1751
5e4254ca5a526,normal,normalg,88,562,743,650,655
5e4254ca5a526,g,gm,93,476,660,569,567
5e4254ca5a526,m,ma,91,490,719,581,628
5e4254ca5a526,a,ai,138,430,676,568,538
5e4254ca5a526,i,il,108,224,454,332,346
5e4254ca5a526,l,l.,122,246,492,368,370
5e4254ca5a526,.,.c,124,526,774,650,650
5e4254ca5a526,c,co,124,388,619,512,495
5e4254ca5a526,o,ok,107,246,461,353,354
5e4254ca5a526,k,kbksp,108,792,1028,900,920
5e4254ca5a526,bksp,bkspm,128,290,545,418,417
5e4254ca5a526,m,mg,127,40412,40677,40539,40550
5e4254ca5a526,g,gf,138,247,507,385,369
5e4254ca5a526,f,ff,122,36,267,158,145
5e4254ca5a526,f,fg,109,233,460,342,351
5e4254ca5a526,g,gg,118,54,267,172,149
5e4254ca5a526,g,gt,95,247,444,342,349
5e4254ca5a526,t,tt,102,97,254,199,152
5e4254ca5a526,t,tg,55,327,490,382,435
5e4254ca5a526,g,gg,108,92,287,200,179
5e4254ca5a526,g,gmeta1,87,700,907,787,820
5e4254ca5a526,meta1,meta1@,120,612,866,732,746
5e4254ca5a526,@,@normal,134,566,787,700,653
5e4254ca5a526,normal,normalg,87,431,620,518,533
5e4254ca5a526,g,gm,102,399,603,501,501
5e4254ca5a526,m,ma,102,410,623,512,521
5e4254ca5a526,a,ai,111,644,892,755,781
5e4254ca5a526,i,il,137,491,754,628,617
5e4254ca5a526,l,l.,126,173,406,299,280
5e4254ca5a526,.,.c,107,331,526,438,419
5e4254ca5a526,c,co,88,325,539,413,451
5e4254ca5a526,o,om,126,174,440,300,314
5e4254ca5a526,m,mg,140,35812,36061,35952,35921
5e4254ca5a526,g,gf,109,295,505,404,396
5e4254ca5a526,f,ff,101,111,320,212,219
5e4254ca5a526,f,fg,108,542,764,650,656
5e4254ca5a526,g,gg,114,104,308,218,194
5e4254ca5a526,g,gt,90,361,557,451,467
5e4254ca5a526,t,tt,106,76,287,182,181
5e4254ca5a526,t,tg,105,2831,3007,2936,2902
5e4254ca5a526,g,gg,71,111,238,182,167
5e4254ca5a526,g,gmeta1,56,1025,1204,1081,1148
5e4254ca5a526,meta1,meta1normal,123,1721,1995,1844,1872
5e4254ca5a526,normal,normalg,151,492,752,643,601
5e4254ca5a526,g,gm,109,511,740,620,631
5e4254ca5a526,m,ma,120,510,721,630,601
5e4254ca5a526,a,ai,91,542,772,633,681
5e4254ca5a526,i,il,139,310,574,449,435
5e4254ca5a526,l,l.,125,495,741,620,616
5e4254ca5a526,.,.c,121,383,603,504,482
5e4254ca5a526,c,co,99,427,653,526,554
5e4254ca5a526,o,om,127,260,488,387,361
5e4254ca5a526,m,mg,101,32730,32907,32831,32806
5e4254ca5a526,g,gf,76,195,372,271,296
5e4254ca5a526,f,ff,101,58,254,159,153
5e4254ca5a526,f,fg,95,213,427,308,332
5e4254ca5a526,g,gg,119,70,300,189,181
5e4254ca5a526,g,gt,111,983,1152,1094,1041
5e4254ca5a526,t,tt,58,100,270,158,212
5e4254ca5a526,t,tg,112,280,495,392,383
5e4254ca5a526,g,gg,103,109,269,212,166
5e4254ca5a526,g,gmeta1,57,313,472,370,415
5e4254ca5a526,meta1,meta1normal,102,1348,1552,1450,1450
5e4254ca5a526,normal,normalg,102,547,744,649,642
5e4254ca5a526,g,gm,95,456,642,551,547
5e4254ca5a526,m,ma,91,408,607,499,516
5e4254ca5a526,a,ai,108,524,737,632,629
5e4254ca5a526,i,ibksp,105,2645,2875,2750,2770
5e4254ca5a526,bksp,bkspl,125,512,742,637,617
5e4254ca5a526,l,l.,105,558,770,663,665
5e4254ca5a526,.,.c,107,662,841,769,734
5e4254ca5a526,c,co,72,427,610,499,538
5e4254ca5a526,o,om,111,521,725,632,614
5e4254ca5a526,m,mg,93,35888,36074,35981,35981
5e4254ca5a526,g,gf,93,232,427,325,334
5e4254ca5a526,f,ff,102,74,287,176,185
5e4254ca5a526,f,fg,111,313,563,424,452
5e4254ca5a526,g,gg,139,35,252,174,113
5e4254ca5a526,g,gt,78,280,482,358,404
5e4254ca5a526,t,tt,124,54,287,178,163
5e4254ca5a526,t,tg,109,331,544,440,435
5e4254ca5a526,g,gg,104,57,269,161,165
5e4254ca5a526,g,gmeta1,108,308,525,416,417
5e4254ca5a526,meta1,meta1normal,109,1324,1559,1433,1450
5e4254ca5a526,normal,normalg,126,613,829,739,703
5e4254ca5a526,g,gm,90,375,591,465,501
5e4254ca5a526,m,ma,126,423,643,549,517
5e4254ca5a526,a,ai,94,444,640,538,546
5e4254ca5a526,i,i.,102,1120,1337,1222,1235
5e4254ca5a526,.,.c,115,395,616,510,501
5e4254ca5a526,c,co,106,362,588,468,482
5e4254ca5a526,o,om,120,179,401,299,281
5e4254ca5a526,m,mg,102,43314,43540,43416,43438
5e4254ca5a526,g,gf,124,204,439,328,315
5e4254ca5a526,f,ff,111,55,261,166,150
5e4254ca5a526,f,fg,95,183,379,278,284
5e4254ca5a526,g,gg,101,75,270,176,169
5e4254ca5a526,g,gt,94,277,461,371,367
5e4254ca5a526,t,tt,90,72,237,162,147
5e4254ca5a526,t,tg,75,311,512,386,437
5e4254ca5a526,g,gg,126,92,273,218,147
5e4254ca5a526,g,gmeta1,55,882,1005,937,950
5e4254ca5a526,meta1,meta1normal,68,1414,1584,1482,1516
5e4254ca5a526,normal,normalg,102,562,789,664,687
5e4254ca5a526,g,gm,125,375,607,500,482
5e4254ca5a526,m,mw,107,331,611,438,504
5e4254ca5a526,w,wbksp,173,1590,1886,1763,1713
5e4254ca5a526,bksp,bkspa,123,627,842,750,719
5e4254ca5a526,a,ai,92,563,757,655,665
5e4254ca5a526,i,il,102,193,401,295,299
5e4254ca5a526,l,l.,106,493,726,599,620
5e4254ca5a526,.,.c,127,561,807,688,680
5e4254ca5a526,c,co,119,512,755,631,636
5e4254ca5a526,o,om,124,226,488,350,364
5e4254ca5a526,m,mp,138,-124205,-123962,-124067,-124100
5e42563282cf6,p,pr,105,359,555,464,450
5e42563282cf6,r,ra,91,345,506,436,415
5e42563282cf6,a,aw,70,297,441,367,371
5e42563282cf6,w,wi,74,710,870,784,796
5e42563282cf6,i,in,86,649,803,735,717
5e42563282cf6,n,n.,68,1160,1319,1228,1251
5e42563282cf6,.,.a,91,498,691,589,600
5e42563282cf6,a,ak,102,427,601,529,499
5e42563282cf6,k,ks,72,697,840,769,768
5e42563282cf6,s,sh,71,442,605,513,534
5e42563282cf6,h,hr,92,358,504,450,412
5e42563282cf6,r,rm,54,429,573,483,519
5e42563282cf6,m,mt,90,545,692,635,602
5e42563282cf6,t,tbksp,57,1182,1337,1239,1280
5e42563282cf6,bksp,bkspa,98,291,470,389,372
5e42563282cf6,a,at,81,372,511,453,430
5e42563282cf6,t,tmeta1,58,2530,2645,2588,2587
5e42563282cf6,meta1,meta1@,57,1187,1321,1244,1264
5e42563282cf6,@,@normal,77,460,610,537,533
5e42563282cf6,normal,normalg,73,427,589,500,516
5e42563282cf6,g,gm,89,429,606,518,517
5e42563282cf6,m,ma,88,544,706,632,618
5e42563282cf6,a,ai,74,412,574,486,500
5e42563282cf6,i,il,88,244,387,332,299
5e42563282cf6,l,l.,55,558,703,613,648
5e42563282cf6,.,.c,90,429,607,519,517
5e42563282cf6,c,co,88,480,641,568,553
5e42563282cf6,o,om,73,226,386,299,313
5e42563282cf6,m,mp,87,80116,80275,80203,80188
5e42563282cf6,p,pr,72,977,1126,1049,1054
5e42563282cf6,r,ra,77,255,425,332,348
5e42563282cf6,a,aw,93,261,442,354,349
5e42563282cf6,w,wi,88,576,737,664,649
5e42563282cf6,i,in,73,280,444,353,371
5e42563282cf6,n,n.,91,199,353,290,262
5e42563282cf6,.,.a,63,694,834,757,771
5e42563282cf6,a,ak,77,2091,2258,2168,2181
5e42563282cf6,k,ks,90,980,1156,1070,1066
5e42563282cf6,s,sh,86,194,334,280,248
5e42563282cf6,h,ha,54,127,255,181,201
5e42563282cf6,a,ar,74,627,760,701,686
5e42563282cf6,r,rm,59,404,541,463,482
5e42563282cf6,m,ma,78,827,981,905,903
5e42563282cf6,a,at,76,274,404,350,328
5e42563282cf6,t,t.,54,9364,9476,9418,9422
5e42563282cf6,.,.c,58,412,556,470,498
5e42563282cf6,c,co,86,213,367,299,281
5e42563282cf6,o,om,68,545,701,613,633
5e42563282cf6,m,mbksp,88,1691,1874,1779,1786
5e42563282cf6,bksp,bkspbksp,95,195,393,290,298
5e42563282cf6,bksp,bkspbksp,103,164,353,267,250
5e42563282cf6,bksp,bkspg,86,730,886,816,800
5e42563282cf6,g,gm,70,348,488,418,418
5e42563282cf6,m,mi,70,830,973,900,903
5e42563282cf6,i,il,73,127,284,200,211
5e42563282cf6,l,l.,84,579,736,663,652
5e42563282cf6,.,.c,73,295,457,368,384
5e42563282cf6,c,cm,89,480,637,569,548
5e42563282cf6,m,mp,68,40148,40306,40216,40238
5e42563282cf6,p,pr,90,277,442,367,352
5e42563282cf6,r,ra,75,225,372,300,297
5e42563282cf6,a,aw,72,174,356,246,284
5e42563282cf6,w,wi,110,543,744,653,634
5e42563282cf6,i,in,91,122,292,213,201
5e42563282cf6,n,nk,79,549,707,628,628
5e42563282cf6,k,kbksp,79,1467,1650,1546,1571
5e42563282cf6,bksp,bkspa,104,127,321,231,217
5e42563282cf6,a,ak,90,493,677,583,587
5e42563282cf6,k,ks,94,192,353,286,259
5e42563282cf6,s,sh,67,203,367,270,300
5e42563282cf6,h,hr,97,1103,1268,1200,1171
5e42563282cf6,r,rm,68,393,548,461,480
5e42563282cf6,m,ma,87,712,891,799,804
5e42563282cf6,a,at,92,209,371,301,279
5e42563282cf6,t,tmeta1,70,1248,1421,1318,1351
5e42563282cf6,meta1,meta1@,103,414,608,517,505
5e42563282cf6,@,@normal,91,124,302,215,211
5e42563282cf6,normal,normalh,87,730,878,817,791
5e42563282cf6,h,hbksp,61,722,888,783,827
5e42563282cf6,bksp,bkspg,105,251,471,356,366
5e42563282cf6,g,gm,115,253,449,368,334
5e42563282cf6,m,ma,81,104,284,185,203
5e42563282cf6,a,ai,99,109,279,208,180
5e42563282cf6,i,il,71,180,321,251,250
5e42563282cf6,l,l.,70,630,774,700,704
5e42563282cf6,.,.c,74,308,472,382,398
5e42563282cf6,c,co,90,110,308,200,218
5e42563282cf6,o,om,108,141,321,249,213
5e42563282cf6,m,mbksp,72,3524,3673,3596,3601
5e42563282cf6,bksp,bkspbksp,77,89,261,166,184
5e42563282cf6,bksp,bkspbksp,95,52,261,147,166
5e42563282cf6,bksp,bkspbksp,114,53,281,167,167
5e42563282cf6,bksp,bkspbksp,114,54,267,168,153
5e42563282cf6,bksp,bkspbksp,99,88,281,187,182
5e42563282cf6,bksp,bkspbksp,94,51,259,145,165
5e42563282cf6,bksp,bkspbksp,114,73,281,187,167
5e42563282cf6,bksp,bkspbksp,94,68,261,162,167
5e42563282cf6,bksp,bkspbksp,99,86,281,185,182
5e42563282cf6,bksp,bkspbksp,96,71,264,167,168
5e42563282cf6,bksp,bkspbksp,97,105,295,202,198
5e42563282cf6,bksp,bkspbksp,93,97,260,190,167
5e42563282cf6,bksp,bkspa,70,562,722,632,652
5e42563282cf6,a,am,90,193,371,283,281
5e42563282cf6,m,ma,88,71,223,159,135
5e42563282cf6,a,at,64,563,699,627,635
5e42563282cf6,t,tmeta1,72,3158,3306,3230,3234
5e42563282cf6,meta1,meta1@,76,842,1025,918,949
5e42563282cf6,@,@normal,107,107,303,214,196
5e42563282cf6,normal,normalf,89,361,523,450,434
5e42563282cf6,f,fbksp,73,1159,1310,1232,1237
5e42563282cf6,bksp,bkspg,78,374,527,452,449
5e42563282cf6,g,gm,75,360,512,435,437
5e42563282cf6,m,ma,77,223,391,300,314
5e42563282cf6,a,ai,91,136,324,227,233
5e42563282cf6,i,il,97,159,312,256,215
5e42563282cf6,l,l.,56,511,660,567,604
5e42563282cf6,.,.c,93,289,460,382,367
5e42563282cf6,c,co,78,141,291,219,213
5e42563282cf6,o,om,72,209,354,281,282
5e42563282cf6,m,mr,73,38611,38794,38684,38721
5e42563282cf6,r,ra,110,441,650,551,540
5e42563282cf6,a,aw,99,254,442,353,343
5e42563282cf6,w,wi,89,524,691,613,602
5e42563282cf6,i,in,78,192,343,270,265
5e42563282cf6,n,n.,73,694,859,767,786
5e42563282cf6,.,.a,92,207,391,299,299
5e42563282cf6,a,ak,92,137,322,229,230
5e42563282cf6,k,ks,93,513,697,606,604
5e42563282cf6,s,sh,91,239,424,330,333
5e42563282cf6,h,hr,94,386,559,480,465
5e42563282cf6,r,ra,79,591,761,670,682
5e42563282cf6,a,am,91,475,658,566,567
5e42563282cf6,m,ma,92,109,295,201,203
5e42563282cf6,a,at,94,224,407,318,313
5e42563282cf6,t,tmeta1,89,976,1158,1065,1069
5e42563282cf6,meta1,meta1@,93,474,661,567,568
5e42563282cf6,@,@normal,94,175,355,269,261
5e42563282cf6,normal,normalg,86,460,621,546,535
5e42563282cf6,g,gm,75,307,462,382,387
5e42563282cf6,m,ma,80,159,328,239,248
5e42563282cf6,a,ai,89,543,724,632,635
5e42563282cf6,i,il,92,144,340,236,248
5e42563282cf6,l,l.,104,197,354,301,250
5e42563282cf6,.,.c,53,196,352,249,299
5e42563282cf6,c,co,103,92,305,195,202
5e42563282cf6,o,om,110,162,358,272,248
5e42563282cf6,m,mp,86,38916,39089,39002,39003
5e42563282cf6,p,pr,87,297,473,384,386
5e42563282cf6,r,ra,89,242,403,331,314
5e42563282cf6,a,aw,72,247,406,319,334
5e42563282cf6,w,wi,87,528,703,615,616
5e42563282cf6,i,in,88,148,306,236,218
5e42563282cf6,n,nspace,70,128,303,198,233
5e42563282cf6,space,spacek,105,269,456,374,351
5e42563282cf6,k,kbksp,82,763,883,845,801
5e42563282cf6,bksp,bkspbksp,38,106,204,144,166
5e42563282cf6,bksp,bksp.,60,440,576,500,516
5e42563282cf6,.,.a,76,474,643,550,567
5e42563282cf6,a,ak,93,111,275,204,182
5e42563282cf6,k,ks,71,476,638,547,567
5e42563282cf6,s,sh,91,209,358,300,267
5e42563282cf6,h,hr,58,366,456,424,398
5e42563282cf6,r,ra,32,1379,1502,1411,1470
5e42563282cf6,a,am,91,142,321,233,230
5e42563282cf6,m,ma,88,147,307,235,219
5e42563282cf6,a,at,72,661,806,733,734
5e42563282cf6,t,tshift,73,1374,1539,1447,1466
5e42563282cf6,shift,shiftmeta1,92,293,459,385,367
5e42563282cf6,meta1,meta1@,74,389,541,463,467
5e42563282cf6,@,@normal,78,978,1112,1056,1034
5e42563282cf6,normal,normalg,56,726,855,782,799
5e42563282cf6,g,gm,73,291,475,364,402
5e42563282cf6,m,ma,111,50,244,161,133
5e42563282cf6,a,ai,83,141,280,224,197
5e42563282cf6,i,il,56,594,724,650,668
5e42563282cf6,l,l.,74,372,541,446,467
5e42563282cf6,.,.c,95,139,326,234,231
5e42563282cf6,c,co,92,158,344,250,252
5e42563282cf6,o,om,94,158,343,252,249
5e42563282cf6,m,mp,91,38516,38710,38607,38619
5e42563282cf6,p,pr,103,395,589,498,486
5e42563282cf6,r,ra,91,410,590,501,499
5e42563282cf6,a,aw,89,460,639,549,550
5e42563282cf6,w,wi,90,292,490,382,400
5e42563282cf6,i,in,108,124,306,232,198
5e42563282cf6,n,n.,74,481,615,555,541
5e42563282cf6,.,.k,60,330,469,390,409
5e42563282cf6,k,ka,79,903,1098,982,1019
5e42563282cf6,a,ak,116,177,363,293,247
5e42563282cf6,k,ks,70,594,754,664,684
5e42563282cf6,s,sh,90,245,407,335,317
5e42563282cf6,h,ha,72,144,257,216,185
5e42563282cf6,a,aa,41,33,141,74,100
5e42563282cf6,a,ar,67,823,951,890,884
5e42563282cf6,r,rm,61,491,625,552,564
5e42563282cf6,m,mbksp,73,794,962,867,889
5e42563282cf6,bksp,bkspa,95,574,758,669,663
5e42563282cf6,a,am,89,216,405,305,316
5e42563282cf6,m,ma,100,89,264,189,164
5e42563282cf6,a,at,75,544,679,619,604
5e42563282cf6,t,tmeta1,60,258,375,318,315
5e42563282cf6,meta1,meta1normal,57,1611,1739,1668,1682
5e42563282cf6,normal,normalg,71,640,790,711,719
5e42563282cf6,g,gm,79,377,528,456,449
5e42563282cf6,m,ma,72,310,473,382,401
5e42563282cf6,a,ai,91,128,305,219,214
5e42563282cf6,i,il,86,166,321,252,235
5e42563282cf6,l,l.,69,461,618,530,549
5e42563282cf6,.,.c,88,262,423,350,335
5e42563282cf6,c,co,73,109,254,182,181
5e42563282cf6,o,om,72,765,898,837,826
5e42563282cf6,m,mp,61,45791,45956,45852,45895
5e42563282cf6,p,pr,104,330,540,434,436
5e42563282cf6,r,rw,106,509,704,615,598
5e42563282cf6,w,wbksp,89,661,856,750,767
5e42563282cf6,bksp,bkspw,106,721,920,827,814
5e42563282cf6,w,wi,93,430,579,523,486
5e42563282cf6,i,in,56,581,723,637,667
5e42563282cf6,n,n.,86,361,552,447,466
5e42563282cf6,.,.a,105,146,341,251,236
5e42563282cf6,a,ak,90,69,252,159,162
5e42563282cf6,k,ks,93,513,711,606,618
5e42563282cf6,s,sh,105,213,404,318,299
5e42563282cf6,h,ha,86,54,220,140,134
5e42563282cf6,a,ar,80,612,751,692,671
5e42563282cf6,r,rm,59,420,572,479,513
5e42563282cf6,m,ma,93,108,292,201,199
5e42563282cf6,a,at,91,511,678,602,587
5e42563282cf6,t,tmeta1,76,424,589,500,513
5e42563282cf6,meta1,meta1@,89,948,1124,1037,1035
5e42563282cf6,@,@normal,87,113,302,200,215
5e42563282cf6,normal,normalg,102,443,640,545,538
5e42563282cf6,g,gm,95,323,509,418,414
5e42563282cf6,m,ma,91,127,308,218,217
5e42563282cf6,a,ai,90,129,287,219,197
5e42563282cf6,i,il,68,214,338,282,270
5e42563282cf6,l,l.,56,506,607,562,551
5e42563282cf6,.,.c,45,264,406,309,361
5e42563282cf6,c,co,97,105,282,202,185
5e42563282cf6,o,om,80,190,331,270,251
5e42563282cf6,m,mp,61,44711,44863,44772,44802
5e42563282cf6,p,pr,91,252,442,343,351
5e42563282cf6,r,ra,99,514,701,613,602
5e42563282cf6,a,aw,88,209,384,297,296
5e42563282cf6,w,wi,87,527,706,614,619
5e42563282cf6,i,in,92,166,325,258,233
5e42563282cf6,n,n.,67,374,517,441,450
5e42563282cf6,.,.a,76,461,630,537,554
5e42563282cf6,a,ak,93,146,321,239,228
5e42563282cf6,k,ks,82,224,415,306,333
5e42563282cf6,s,sh,109,142,325,251,216
5e42563282cf6,h,hr,74,474,625,548,551
5e42563282cf6,r,rm,77,797,965,874,888
5e42563282cf6,m,ma,91,122,289,213,198
5e42563282cf6,a,at,76,161,305,237,229
5e42563282cf6,t,tmeta1,68,599,754,667,686
5e42563282cf6,meta1,meta1@,87,877,1055,964,968
5e42563282cf6,@,@normal,91,79,254,170,163
5e42563282cf6,normal,normalg,84,497,654,581,570
5e42563282cf6,g,gm,73,361,506,434,433
5e42563282cf6,m,ma,72,261,440,333,368
5e42563282cf6,a,ai,107,505,703,612,596
5e42563282cf6,i,il,91,145,308,236,217
5e42563282cf6,l,l.,72,186,357,258,285
5e42563282cf6,.,.v,99,279,465,378,366
5e42563282cf6,v,vo,87,141,279,228,192
5e42563282cf6,o,om,51,193,309,244,258
5e42563282cf6,m,mbksp,65,955,1100,1020,1035
5e42563282cf6,bksp,bkspbksp,80,122,262,202,182
5e42563282cf6,bksp,bkspbksp,60,326,447,386,387
5e42563282cf6,bksp,bkspc,61,559,694,620,633
5e42563282cf6,c,co,74,904,1057,978,983
5e42563282cf6,o,om,79,156,310,235,231
5e42563282cf6,m,mp,75,32463,32625,32538,32550
5e42563282cf6,p,pr,87,680,825,767,738
5e42563282cf6,r,ra,58,223,357,281,299
5e42563282cf6,a,aw,76,212,392,288,316
5e42563282cf6,w,wi,104,497,689,601,585
5e42563282cf6,i,in,88,176,335,264,247
5e42563282cf6,n,nspace,71,195,341,266,270
5e42563282cf6,space,spacebksp,75,825,973,900,898
5e42563282cf6,bksp,bksp.,73,495,638,568,565
5e42563282cf6,.,.a,70,612,772,682,702
5e42563282cf6,a,ak,90,196,371,286,281
5e42563282cf6,k,ks,85,547,719,632,634
5e42563282cf6,s,sh,87,227,389,314,302
5e42563282cf6,h,ha,75,87,239,162,164
5e42563282cf6,a,ar,77,579,729,656,652
5e42563282cf6,r,rm,73,378,538,451,465
5e42563282cf6,m,mt,87,376,521,463,434
5e42563282cf6,t,tmeta1,58,756,891,814,833
5e42563282cf6,meta1,meta1@,77,859,1030,936,953
5e42563282cf6,@,@normal,94,106,272,200,178
5e42563282cf6,normal,normalg,72,465,610,537,538
5e42563282cf6,g,gm,73,372,521,445,448
5e42563282cf6,m,ma,76,110,245,186,169
5e42563282cf6,a,ai,59,109,240,168,181
5e42563282cf6,i,il,72,174,338,246,266
5e42563282cf6,l,l.,92,459,628,551,536
5e42563282cf6,.,.c,77,273,424,350,347
5e42563282cf6,c,co,74,141,293,215,219
5e42563282cf6,o,om,78,160,310,238,232
5e42563282cf6,m,mp,72,44218,44376,44290,44304
5e42563282cf6,p,pr,86,314,501,400,415
5e42563282cf6,r,ra,101,260,434,361,333
5e42563282cf6,a,aw,73,281,441,354,368
5e42563282cf6,w,wi,87,460,636,547,549
5e42563282cf6,i,in,89,160,321,249,232
5e42563282cf6,n,n.,72,164,305,236,233
5e42563282cf6,.,.k,69,1343,1524,1412,1455
5e42563282cf6,k,ks,112,191,394,303,282
5e42563282cf6,s,sh,91,191,357,282,266
5e42563282cf6,h,ha,75,121,290,196,215
5e42563282cf6,a,ar,94,492,661,586,567
5e42563282cf6,r,ra,75,138,326,213,251
5e42563282cf6,a,am,113,180,378,293,265
5e42563282cf6,m,ma,85,71,255,156,170
5e42563282cf6,a,at,99,154,330,253,231
5e42563282cf6,t,tmeta1,77,243,410,320,333
5e42563282cf6,meta1,meta1@,90,1612,1776,1702,1686
5e42563282cf6,@,@normal,74,810,941,884,867
5e42563282cf6,normal,normalg,57,426,556,483,499
5e42563282cf6,g,gm,73,276,439,349,366
5e42563282cf6,m,ma,90,91,273,181,183
5e42563282cf6,a,ai,92,109,274,201,182
5e42563282cf6,i,il,73,250,391,323,318
5e42563282cf6,l,l.,68,609,770,677,702
5e42563282cf6,.,.c,93,208,408,301,315
5e42563282cf6,c,co,107,111,272,218,165
5e42563282cf6,o,om,54,179,305,233,251
5e42563282cf6,m,ms,72,-429020,-428890,-428948,-428962
5e4256bb6b10f,s,sk,58,303,476,361,418
5e4256bb6b10f,k,kd,115,77,281,192,166
5e4256bb6b10f,d,da,89,113,258,202,169
5e4256bb6b10f,a,ak,56,1625,1774,1681,1718
5e4256bb6b10f,k,kd,93,507,691,600,598
5e4256bb6b10f,d,da,91,117,325,208,234
5e4256bb6b10f,a,ameta1,117,558,735,675,618
5e4256bb6b10f,meta1,meta12,60,508,624,568,564
5e4256bb6b10f,2,20,56,376,490,432,434
5e4256bb6b10f,0,00,58,135,274,193,216
5e4256bb6b10f,0,07,81,226,380,307,299
5e4256bb6b10f,7,79,73,127,273,200,200
5e4256bb6b10f,9,9@,73,927,1092,1000,1019
5e4256bb6b10f,@,@normal,92,915,1106,1007,1014
5e4256bb6b10f,normal,normalg,99,448,617,547,518
5e4256bb6b10f,g,gm,70,203,369,273,299
5e4256bb6b10f,m,ma,96,144,298,240,202
5e4256bb6b10f,a,ai,58,161,289,219,231
5e4256bb6b10f,i,il,70,130,270,200,200
5e4256bb6b10f,l,l.,70,648,772,718,702
5e4256bb6b10f,.,.c,54,478,604,532,550
5e4256bb6b10f,c,co,72,128,253,200,181
5e4256bb6b10f,o,om,53,110,239,163,186
5e4256bb6b10f,m,ms,76,43186,43344,43262,43268
5e4256bb6b10f,s,sk,82,477,665,559,583
5e4256bb6b10f,k,kbksp,106,912,1091,1018,985
5e4256bb6b10f,bksp,bkspbksp,73,88,223,161,150
5e4256bb6b10f,bksp,bkspbksp,62,88,227,150,165
5e4256bb6b10f,bksp,bkspk,77,961,1129,1038,1052
5e4256bb6b10f,k,kd,91,528,711,619,620
5e4256bb6b10f,d,da,92,148,338,240,246
5e4256bb6b10f,a,ameta1,98,162,346,260,248
5e4256bb6b10f,meta1,meta12,86,446,623,532,537
5e4256bb6b10f,2,20,91,260,423,351,332
5e4256bb6b10f,0,00,72,108,254,180,182
5e4256bb6b10f,0,07,74,145,307,219,233
5e4256bb6b10f,7,79,88,112,272,200,184
5e4256bb6b10f,9,9@,72,564,694,636,622
5e4256bb6b10f,@,@normal,58,224,368,282,310
5e4256bb6b10f,normal,normalg,86,414,572,500,486
5e4256bb6b10f,g,gm,72,178,320,250,248
5e4256bb6b10f,m,ma,70,106,256,176,186
5e4256bb6b10f,a,ai,80,108,279,188,199
5e4256bb6b10f,i,il,91,124,306,215,215
5e4256bb6b10f,l,l.,91,559,725,650,634
5e4256bb6b10f,.,.c,75,497,630,572,555
5e4256bb6b10f,c,co,58,183,303,241,245
5e4256bb6b10f,o,om,62,128,280,190,218
5e4256bb6b10f,m,ms,90,28496,28658,28586,28568
5e4256bb6b10f,s,sa,72,147,340,219,268
5e4256bb6b10f,a,ak,121,94,320,215,199
5e4256bb6b10f,k,kd,105,1746,1941,1851,1836
5e4256bb6b10f,d,dmeta1,90,440,633,530,543
5e4256bb6b10f,meta1,meta1normal,103,1027,1192,1130,1089
5e4256bb6b10f,normal,normala,62,361,512,423,450
5e4256bb6b10f,a,a2,89,926,1102,1015,1013
5e4256bb6b10f,2,20,87,300,457,387,370
5e4256bb6b10f,0,00,70,93,234,163,164
5e4256bb6b10f,0,07,71,197,355,268,284
5e4256bb6b10f,7,79,87,132,306,219,219
5e4256bb6b10f,9,9@,87,758,918,845,831
5e4256bb6b10f,@,@normal,73,235,389,308,316
5e4256bb6b10f,normal,normalg,81,366,535,447,454
5e4256bb6b10f,g,gm,88,176,336,264,248
5e4256bb6b10f,m,ma,72,126,255,198,183
5e4256bb6b10f,a,ai,57,188,305,245,248
5e4256bb6b10f,i,il,60,120,228,180,168
5e4256bb6b10f,l,l.,48,560,682,608,634
5e4256bb6b10f,.,.c,74,431,576,505,502
5e4256bb6b10f,c,co,71,179,286,250,215
5e4256bb6b10f,o,on,36,139,288,175,252
5e4256bb6b10f,n,nbksp,113,911,1113,1024,1000
5e4256bb6b10f,bksp,bkspm,89,510,688,599,599
5e4256bb6b10f,m,ms,89,36275,36475,36364,36386
5e4256bb6b10f,s,sa,111,129,359,240,248
5e4256bb6b10f,a,ak,119,38,252,157,133
5e4256bb6b10f,k,kx,95,134,312,229,217
5e4256bb6b10f,x,xbksp,83,662,802,745,719
5e4256bb6b10f,bksp,bkspD,57,612,823,669,766
5e4256bb6b10f,D,Dbksp,154,345,558,499,404
5e4256bb6b10f,bksp,bkspshift,59,743,873,802,814
5e4256bb6b10f,shift,shiftd,71,278,419,349,348
5e4256bb6b10f,d,da,70,210,336,280,266
5e4256bb6b10f,a,ameta1,56,156,321,212,265
5e4256bb6b10f,meta1,meta12,109,448,614,557,505
5e4256bb6b10f,2,20,57,444,589,501,532
5e4256bb6b10f,0,00,88,87,269,175,181
5e4256bb6b10f,0,07,94,163,344,257,250
5e4256bb6b10f,7,79,87,107,271,194,184
5e4256bb6b10f,9,9@,77,546,697,623,620
5e4256bb6b10f,@,@normal,74,258,437,332,363
5e4256bb6b10f,normal,normalg,105,413,575,518,470
5e4256bb6b10f,g,gm,57,162,306,219,249
5e4256bb6b10f,m,mi,87,359,519,446,432
5e4256bb6b10f,i,il,73,130,274,203,201
5e4256bb6b10f,l,lbksp,71,243,370,314,299
5e4256bb6b10f,bksp,bkspbksp,56,89,206,145,150
5e4256bb6b10f,bksp,bkspa,61,493,647,554,586
5e4256bb6b10f,a,ai,93,176,357,269,264
5e4256bb6b10f,i,il,88,86,271,174,183
5e4256bb6b10f,l,l.,97,429,633,526,536
5e4256bb6b10f,.,.c,107,376,592,483,485
5e4256bb6b10f,c,co,109,140,304,249,195
5e4256bb6b10f,o,om,55,1345,1456,1400,1401
5e4256bb6b10f,m,ma,56,31598,31743,31654,31687
5e4256bb6b10f,a,ak,89,269,436,358,347
5e4256bb6b10f,k,kd,78,148,311,226,233
5e4256bb6b10f,d,dbksp,85,252,437,337,352
5e4256bb6b10f,bksp,bkspbksp,100,212,382,312,282
5e4256bb6b10f,bksp,bkspbksp,70,112,238,182,168
5e4256bb6b10f,bksp,bkspbksp,56,76,190,132,134
5e4256bb6b10f,bksp,bksps,58,411,541,469,483
5e4256bb6b10f,s,sa,72,95,290,167,218
5e4256bb6b10f,a,ak,123,71,238,194,115
5e4256bb6b10f,k,kd,44,162,277,206,233
5e4256bb6b10f,d,dshift,71,148,322,219,251
5e4256bb6b10f,shift,shiftA,103,679,840,782,737
5e4256bb6b10f,A,Abksp,58,374,521,432,463
5e4256bb6b10f,bksp,bkspshift,89,829,1004,918,915
5e4256bb6b10f,shift,shifta,86,284,476,370,390
5e4256bb6b10f,a,ameta1,106,174,349,280,243
5e4256bb6b10f,meta1,meta12,69,898,1038,967,969
5e4256bb6b10f,2,20,71,379,490,450,419
5e4256bb6b10f,0,00,40,323,436,363,396
5e4256bb6b10f,0,07,73,479,629,552,556
5e4256bb6b10f,7,79,77,161,273,238,196
5e4256bb6b10f,9,9@,35,913,1037,948,1002
5e4256bb6b10f,@,@normal,89,575,702,664,613
5e4256bb6b10f,normal,normalg,38,375,460,413,422
5e4256bb6b10f,g,gm,47,325,443,372,396
5e4256bb6b10f,m,mshift,71,125,252,196,181
5e4256bb6b10f,shift,shiftI,56,145,242,201,186
5e4256bb6b10f,I,IL,41,163,257,204,216
5e4256bb6b10f,L,Lshift,53,1049,1167,1102,1114
5e4256bb6b10f,shift,shifta,65,254,386,319,321
5e4256bb6b10f,a,ai,67,205,348,272,281
5e4256bb6b10f,i,il,76,113,259,189,183
5e4256bb6b10f,l,l.,70,513,640,583,570
5e4256bb6b10f,.,.c,57,442,606,499,549
5e4256bb6b10f,c,co,107,129,290,236,183
5e4256bb6b10f,o,om,54,145,286,199,232
5e4256bb6b10f,m,ms,87,27570,27771,27657,27684
5e4256bb6b10f,s,sa,114,153,399,267,285
5e4256bb6b10f,a,ak,132,73,266,205,134
5e4256bb6b10f,k,kd,61,195,347,256,286
5e4256bb6b10f,d,da,91,158,321,249,230
5e4256bb6b10f,a,ameta1,72,830,954,902,882
5e4256bb6b10f,meta1,meta10,52,847,990,899,938
5e4256bb6b10f,0,00,91,71,220,162,129
5e4256bb6b10f,0,07,58,1061,1210,1119,1152
5e4256bb6b10f,7,79,91,127,274,218,183
5e4256bb6b10f,9,9@,56,729,857,785,801
5e4256bb6b10f,@,@normal,72,162,320,234,248
5e4256bb6b10f,normal,normalg,86,378,521,464,435
5e4256bb6b10f,g,gm,57,146,306,203,249
5e4256bb6b10f,m,ma,103,93,271,196,168
5e4256bb6b10f,a,ai,75,144,274,219,199
5e4256bb6b10f,i,il,55,145,254,200,199
5e4256bb6b10f,l,l.,54,496,639,550,585
5e4256bb6b10f,.,.c,89,375,520,464,431
5e4256bb6b10f,c,co,56,262,375,318,319
5e4256bb6b10f,o,om,57,110,238,167,181
5e4256bb6b10f,m,ms,71,26854,27006,26925,26935
5e4256bb6b10f,s,sa,81,146,335,227,254
5e4256bb6b10f,a,ak,108,92,273,200,165
5e4256bb6b10f,k,kd,73,106,222,179,149
5e4256bb6b10f,d,da,43,127,262,170,219
5e4256bb6b10f,a,ameta1,92,740,892,832,800
5e4256bb6b10f,meta1,meta10,60,971,1142,1031,1082
5e4256bb6b10f,0,00,111,613,781,724,670
5e4256bb6b10f,0,07,57,553,686,610,629
5e4256bb6b10f,7,79,76,132,275,208,199
5e4256bb6b10f,9,9@,67,333,453,400,386
5e4256bb6b10f,@,@normal,53,211,350,264,297
5e4256bb6b10f,normal,normalg,86,350,521,436,435
5e4256bb6b10f,g,gm,85,123,286,208,201
5e4256bb6b10f,m,ma,78,145,310,223,232
5e4256bb6b10f,a,ai,87,128,287,215,200
5e4256bb6b10f,i,il,72,109,238,181,166
5e4256bb6b10f,l,l.,57,480,626,537,569
5e4256bb6b10f,.,.c,89,396,573,485,484
5e4256bb6b10f,c,co,88,196,353,284,265
5e4256bb6b10f,o,ok,69,89,235,158,166
5e4256bb6b10f,k,km,77,1095,1243,1172,1166
5e4256bb6b10f,m,mk,71,27957,28140,28028,28069
5e4256bb6b10f,k,kd,112,112,296,224,184
5e4256bb6b10f,d,da,72,178,321,250,249
5e4256bb6b10f,a,abksp,71,370,521,441,450
5e4256bb6b10f,bksp,bkspbksp,80,109,264,189,184
5e4256bb6b10f,bksp,bkspbksp,75,56,177,131,102
5e4256bb6b10f,bksp,bkspbksp,46,68,163,114,117
5e4256bb6b10f,bksp,bkspbksp,49,17,147,66,98
5e4256bb6b10f,bksp,bksps,81,297,487,378,406
5e4256bb6b10f,s,sk,109,300,504,409,395
5e4256bb6b10f,k,ka,95,302,511,397,416
5e4256bb6b10f,a,abksp,114,228,414,342,300
5e4256bb6b10f,bksp,bkspbksp,72,73,389,145,317
5e4256bb6b10f,bksp,bkspbksp,244,306,647,550,403
5e4256bb6b10f,bksp,bkspk,97,1291,1462,1388,1365
5e4256bb6b10f,k,kd,74,526,709,600,635
5e4256bb6b10f,d,da,109,176,372,285,263
5e4256bb6b10f,a,ameta1,87,228,371,315,284
5e4256bb6b10f,meta1,meta12,56,662,807,718,751
5e4256bb6b10f,2,20,89,412,552,501,463
5e4256bb6b10f,0,00,51,119,235,170,184
5e4256bb6b10f,0,07,65,254,383,319,318
5e4256bb6b10f,7,79,64,204,332,268,268
5e4256bb6b10f,9,9@,64,610,766,674,702
5e4256bb6b10f,@,@normal,92,176,373,268,281
5e4256bb6b10f,normal,normalg,105,341,505,446,400
5e4256bb6b10f,g,gm,59,179,292,238,233
5e4256bb6b10f,m,ma,54,312,472,366,418
5e4256bb6b10f,a,ai,106,145,320,251,214
5e4256bb6b10f,i,il,69,199,340,268,271
5e4256bb6b10f,l,l.,72,591,754,663,682
5e4256bb6b10f,.,.c,91,246,423,337,332
5e4256bb6b10f,c,co,86,127,285,213,199
5e4256bb6b10f,o,om,72,1146,1258,1218,1186
5e4256bb6b10f,m,mbksp,40,560,638,600,598
5e4256bb6b10f,bksp,bkspbksp,38,112,205,150,167
5e4256bb6b10f,bksp,bkspm,55,445,591,500,536
5e4256bb6b10f,m,ms,91,30030,30226,30121,30135
5e4256bb6b10f,s,sk,105,322,484,427,379
5e4256bb6b10f,k,kd,57,71,192,128,135
5e4256bb6b10f,d,da,64,140,297,204,233
5e4256bb6b10f,a,abksp,93,179,343,272,250
5e4256bb6b10f,bksp,bkspbksp,71,73,190,144,119
5e4256bb6b10f,bksp,bkspbksp,46,159,233,205,187
5e4256bb6b10f,bksp,bkspk,28,704,823,732,795
5e4256bb6b10f,k,ks,91,109,256,200,165
5e4256bb6b10f,s,sa,56,147,291,203,235
5e4256bb6b10f,a,abksp,88,353,473,441,385
5e4256bb6b10f,bksp,bkspbksp,32,106,164,138,132
5e4256bb6b10f,bksp,bkspbksp,26,296,393,322,367
5e4256bb6b10f,bksp,bkspa,71,533,736,604,665
5e4256bb6b10f,a,ak,132,324,547,456,415
5e4256bb6b10f,k,kd,91,338,529,429,438
5e4256bb6b10f,d,dmeta1,100,475,647,575,547
5e4256bb6b10f,meta1,meta12,72,438,590,510,518
5e4256bb6b10f,2,20,80,379,498,459,418
5e4256bb6b10f,0,00,39,128,220,167,181
5e4256bb6b10f,0,07,53,299,421,352,368
5e4256bb6b10f,7,79,69,113,268,182,199
5e4256bb6b10f,9,9@,86,545,704,631,618
5e4256bb6b10f,@,@g,73,695,824,768,751
5e4256bb6b10f,g,gm,56,162,286,218,230
5e4256bb6b10f,m,ma,68,145,304,213,236
5e4256bb6b10f,a,ai,91,147,289,238,198
5e4256bb6b10f,i,il,51,130,235,181,184
5e4256bb6b10f,l,l.,54,464,588,518,534
5e4256bb6b10f,.,.c,70,363,520,433,450
5e4256bb6b10f,c,co,87,130,286,217,199
5e4256bb6b10f,o,om,69,113,251,182,182
5e4256bb6b10f,m,ms,69,26965,27090,27034,27021
5e4256bb6b10f,s,sa,56,130,255,186,199
5e4256bb6b10f,a,ak,69,249,387,318,318
5e4256bb6b10f,k,kd,69,420,568,489,499
5e4256bb6b10f,d,dmeta1,79,2063,2214,2142,2135
5e4256bb6b10f,meta1,meta12,72,563,705,635,633
5e4256bb6b10f,2,20,70,447,570,517,500
5e4256bb6b10f,0,00,53,127,251,180,198
5e4256bb6b10f,0,08,71,262,423,333,352
5e4256bb6b10f,8,89,90,128,290,218,200
5e4256bb6b10f,9,9bksp,72,1045,1188,1117,1116
5e4256bb6b10f,bksp,bkspbksp,71,293,397,364,326
5e4256bb6b10f,bksp,bksp7,33,585,724,618,691
5e4256bb6b10f,7,79,106,112,305,218,199
5e4256bb6b10f,9,9@,87,145,289,232,202
5e4256bb6b10f,@,@normal,57,712,839,769,782
5e4256bb6b10f,normal,normalg,70,479,638,549,568
5e4256bb6b10f,g,gm,89,162,320,251,231
5e4256bb6b10f,m,ma,69,330,490,399,421
5e4256bb6b10f,a,ai,91,260,404,351,313
5e4256bb6b10f,i,il,53,197,288,250,235
5e4256bb6b10f,l,l.,38,744,856,782,818
5e4256bb6b10f,.,.c,74,476,639,550,565
5e4256bb6b10f,c,co,89,661,784,750,695
5e4256bb6b10f,o,om,34,383,490,417,456
5e4256bb6b10f,m,mz,73,-310238,-310110,-310165,-310183
5e4258ecb4e53,n,nu,56,213,337,269,281
5e4258ecb4e53,u,ut,68,38,218,106,150
5e4258ecb4e53,t,ts,112,463,631,575,519
5e4258ecb4e53,s,su,56,125,237,181,181
5e4258ecb4e53,u,ut,56,130,240,186,184
5e4258ecb4e53,t,to,54,98,220,152,166
5e4258ecb4e53,o,ometa1,68,862,1003,930,935
5e4258ecb4e53,meta1,meta12,73,310,455,383,382
5e4258ecb4e53,2,2@,72,445,608,517,536
5e4258ecb4e53,@,@normal,91,109,240,200,149
5e4258ecb4e53,normal,normalg,40,403,542,443,502
5e4258ecb4e53,g,gm,99,277,447,376,348
5e4258ecb4e53,m,mi,71,270,436,341,365
5e4258ecb4e53,i,il,95,75,279,170,184
5e4258ecb4e53,l,l.,109,148,342,257,233
5e4258ecb4e53,.,.c,85,147,318,232,233
5e4258ecb4e53,c,co,86,70,253,156,167
5e4258ecb4e53,o,om,97,133,315,230,218
5e4258ecb4e53,m,mi,85,2210,2369,2295,2284
5e4258ecb4e53,i,ibksp,74,1799,1926,1873,1852
5e4258ecb4e53,bksp,bkspi,53,1325,1434,1378,1381
5e4258ecb4e53,i,im,56,2825,2973,2881,2917
5e4258ecb4e53,m,mi,92,336,525,428,433
5e4258ecb4e53,i,ig,97,1694,1867,1791,1770
5e4258ecb4e53,g,gm,76,296,471,372,395
5e4258ecb4e53,m,mi,99,270,468,369,369
5e4258ecb4e53,i,il,99,121,315,220,216
5e4258ecb4e53,l,lbksp,95,1386,1580,1481,1485
5e4258ecb4e53,bksp,bkspbksp,99,576,765,675,666
5e4258ecb4e53,bksp,bkspbksp,90,175,373,265,283
5e4258ecb4e53,bksp,bkspbksp,108,245,422,353,314
5e4258ecb4e53,bksp,bkspa,69,464,606,533,537
5e4258ecb4e53,a,ai,73,227,404,300,331
5e4258ecb4e53,i,il,104,177,389,281,285
5e4258ecb4e53,l,ln,108,35013,35158,35121,35050
5e4258ecb4e53,n,nu,37,196,305,233,268
5e4258ecb4e53,u,us,72,445,607,517,535
5e4258ecb4e53,s,su,90,19,170,109,80
5e4258ecb4e53,u,ubksp,61,1780,1919,1841,1858
5e4258ecb4e53,bksp,bkspt,78,1576,1752,1654,1674
5e4258ecb4e53,t,ts,98,240,402,338,304
5e4258ecb4e53,s,su,64,88,214,152,150
5e4258ecb4e53,u,ut,62,175,279,237,217
5e4258ecb4e53,t,to,42,52,177,94,135
5e4258ecb4e53,o,oo,83,784,963,867,880
5e4258ecb4e53,o,ometa1,96,475,632,571,536
5e4258ecb4e53,meta1,meta12,61,326,476,387,415
5e4258ecb4e53,2,2&,89,161,338,250,249
5e4258ecb4e53,&,&bksp,88,530,691,618,603
5e4258ecb4e53,bksp,bkspnormal,73,609,740,682,667
5e4258ecb4e53,normal,normalg,58,511,675,569,617
5e4258ecb4e53,g,gm,106,325,488,431,382
5e4258ecb4e53,m,mi,57,285,437,342,380
5e4258ecb4e53,i,il,95,75,279,170,184
5e4258ecb4e53,l,l.,109,629,810,738,701
5e4258ecb4e53,.,.c,72,228,388,300,316
5e4258ecb4e53,c,co,88,112,289,200,201
5e4258ecb4e53,o,obksp,89,979,1172,1068,1083
5e4258ecb4e53,bksp,bkspm,104,228,437,332,333
5e4258ecb4e53,m,mn,105,28748,28896,28853,28791
5e4258ecb4e53,n,nu,43,224,355,267,312
5e4258ecb4e53,u,ur,88,19,203,107,115
5e4258ecb4e53,r,rs,96,348,497,444,401
5e4258ecb4e53,s,su,53,52,185,105,132
5e4258ecb4e53,u,ubksp,80,501,647,581,567
5e4258ecb4e53,bksp,bkspbksp,66,114,249,180,183
5e4258ecb4e53,bksp,bkspbksp,69,91,237,160,168
5e4258ecb4e53,bksp,bkspt,77,564,728,641,651
5e4258ecb4e53,t,ts,87,344,506,431,419
5e4258ecb4e53,s,si,75,105,254,180,179
5e4258ecb4e53,i,it,74,114,258,188,184
5e4258ecb4e53,t,to,70,113,237,183,167
5e4258ecb4e53,o,obksp,54,595,720,649,666
5e4258ecb4e53,bksp,bkspbksp,71,101,269,172,198
5e4258ecb4e53,bksp,bkspbksp,97,255,435,352,338
5e4258ecb4e53,bksp,bkspu,83,462,634,545,551
5e4258ecb4e53,u,ut,89,142,285,231,196
5e4258ecb4e53,t,to,54,38,190,92,136
5e4258ecb4e53,o,oo,98,745,900,843,802
5e4258ecb4e53,o,ometa1,57,226,320,283,263
5e4258ecb4e53,meta1,meta12,37,463,607,500,570
5e4258ecb4e53,2,2@,107,344,541,451,434
5e4258ecb4e53,@,@normal,90,191,317,281,227
5e4258ecb4e53,normal,normalg,36,730,855,766,819
5e4258ecb4e53,g,gm,89,296,472,385,383
5e4258ecb4e53,m,mi,87,246,403,333,316
5e4258ecb4e53,i,il,70,108,273,178,203
5e4258ecb4e53,l,lbksp,95,768,961,863,866
5e4258ecb4e53,bksp,bkspi,98,1427,1598,1525,1500
5e4258ecb4e53,i,il,73,106,273,179,200
5e4258ecb4e53,l,lbksp,94,195,379,289,285
5e4258ecb4e53,bksp,bkspc,90,243,402,333,312
5e4258ecb4e53,c,co,69,73,236,142,167
5e4258ecb4e53,o,obksp,94,613,779,707,685
5e4258ecb4e53,bksp,bkspbksp,72,364,540,436,468
5e4258ecb4e53,bksp,bkspl,104,496,673,600,569
5e4258ecb4e53,l,l.,73,278,422,351,349
5e4258ecb4e53,.,.c,71,228,385,299,314
5e4258ecb4e53,c,co,86,115,285,201,199
5e4258ecb4e53,o,om,84,198,336,282,252
5e4258ecb4e53,m,mn,54,31318,31409,31372,31355
5e4258ecb4e53,n,nu,37,225,350,262,313
5e4258ecb4e53,u,ut,88,38,206,126,118
5e4258ecb4e53,t,ts,80,695,830,775,750
5e4258ecb4e53,s,su,55,193,320,248,265
5e4258ecb4e53,u,ut,72,147,290,219,218
5e4258ecb4e53,t,to,71,54,238,125,167
5e4258ecb4e53,o,ometa1,113,644,814,757,701
5e4258ecb4e53,meta1,meta12,57,493,639,550,582
5e4258ecb4e53,2,2@,89,604,806,693,717
5e4258ecb4e53,@,@normal,113,162,328,275,215
5e4258ecb4e53,normal,normalg,53,397,538,450,485
5e4258ecb4e53,g,gm,88,380,540,468,452
5e4258ecb4e53,m,mi,72,361,519,433,447
5e4258ecb4e53,i,ibksp,86,832,1004,918,918
5e4258ecb4e53,bksp,bkspbksp,86,112,268,198,182
5e4258ecb4e53,bksp,bkspi,70,777,904,847,834
5e4258ecb4e53,i,il,57,297,443,354,386
5e4258ecb4e53,l,lbksp,89,310,454,399,365
5e4258ecb4e53,bksp,bkspi,55,928,1087,983,1032
5e4258ecb4e53,i,il,104,145,354,249,250
5e4258ecb4e53,l,l.,105,246,406,351,301
5e4258ecb4e53,.,.c,55,214,321,269,266
5e4258ecb4e53,c,co,52,128,269,180,217
5e4258ecb4e53,o,om,89,162,355,251,266
5e4258ecb4e53,m,mn,104,26460,26657,26564,26553
5e4258ecb4e53,n,nu,93,187,376,280,283
5e4258ecb4e53,u,ut,96,103,313,199,217
5e4258ecb4e53,t,ts,114,406,597,520,483
5e4258ecb4e53,s,su,77,92,276,169,199
5e4258ecb4e53,u,ut,107,129,323,236,216
5e4258ecb4e53,t,to,87,75,254,162,167
5e4258ecb4e53,o,ometa1,92,532,682,624,590
5e4258ecb4e53,meta1,meta12,58,356,507,414,449
5e4258ecb4e53,2,2@,93,239,438,332,345
5e4258ecb4e53,@,@normal,106,231,381,337,275
5e4258ecb4e53,normal,normalg,44,406,556,450,512
5e4258ecb4e53,g,gm,106,294,485,400,379
5e4258ecb4e53,m,ma,85,70,233,155,148
5e4258ecb4e53,a,ai,78,191,347,269,269
5e4258ecb4e53,i,il,78,129,294,207,216
5e4258ecb4e53,l,l.,87,183,354,270,267
5e4258ecb4e53,.,.c,84,98,233,182,149
5e4258ecb4e53,c,co,51,91,218,142,167
5e4258ecb4e53,o,om,76,125,278,201,202
5e4258ecb4e53,m,mn,77,32439,32568,32516,32491
5e4258ecb4e53,n,nu,52,189,311,241,259
5e4258ecb4e53,u,ut,70,75,189,145,119
5e4258ecb4e53,t,ts,44,549,631,593,587
5e4258ecb4e53,s,su,38,173,300,211,262
5e4258ecb4e53,u,ut,89,73,259,162,170
5e4258ecb4e53,t,to,97,39,243,136,146
5e4258ecb4e53,o,ometa1,107,496,672,603,565
5e4258ecb4e53,meta1,meta12,69,323,472,392,403
5e4258ecb4e53,2,2@,80,190,349,270,269
5e4258ecb4e53,@,@normal,79,259,377,338,298
5e4258ecb4e53,normal,normalg,39,443,575,482,536
5e4258ecb4e53,g,gm,93,326,509,419,416
5e4258ecb4e53,m,ma,90,101,272,191,182
5e4258ecb4e53,a,ai,81,159,331,240,250
5e4258ecb4e53,i,il,91,106,290,197,199
5e4258ecb4e53,l,l.,93,196,328,289,235
5e4258ecb4e53,.,.x,39,106,237,145,198
5e4258ecb4e53,x,xk,92,108,278,200,186
5e4258ecb4e53,k,kbksp,78,442,555,520,477
5e4258ecb4e53,bksp,bkspc,35,224,306,259,271
5e4258ecb4e53,c,co,47,106,246,153,199
5e4258ecb4e53,o,om,93,180,361,273,268
5e4258ecb4e53,m,mbksp,88,518,704,606,616
5e4258ecb4e53,bksp,bkspc,98,54,264,152,166
5e4258ecb4e53,c,co,112,73,264,185,152
5e4258ecb4e53,o,om,79,146,311,225,232
5e4258ecb4e53,m,mbksp,86,464,619,550,533
5e4258ecb4e53,bksp,bkspbksp,69,90,220,159,151
5e4258ecb4e53,bksp,bkspbksp,61,112,228,173,167
5e4258ecb4e53,bksp,bkspbksp,55,263,386,318,331
5e4258ecb4e53,bksp,bkspc,68,477,637,545,569
5e4258ecb4e53,c,co,92,109,274,201,182
5e4258ecb4e53,o,om,73,226,373,299,300
5e4258ecb4e53,m,mn,74,31784,31909,31858,31835
5e4258ecb4e53,n,nu,51,230,335,281,284
5e4258ecb4e53,u,ut,54,96,222,150,168
5e4258ecb4e53,t,ts,72,578,722,650,650
5e4258ecb4e53,s,su,72,164,306,236,234
5e4258ecb4e53,u,ut,70,93,250,163,180
5e4258ecb4e53,t,to,87,38,207,125,120
5e4258ecb4e53,o,ometa1,82,680,837,762,755
5e4258ecb4e53,meta1,meta12,75,325,505,400,430
5e4258ecb4e53,2,2@,105,147,320,252,215
5e4258ecb4e53,@,@normal,68,244,351,312,283
5e4258ecb4e53,normal,normalg,39,423,557,462,518
5e4258ecb4e53,g,gm,95,343,511,438,416
5e4258ecb4e53,m,ma,73,68,221,141,148
5e4258ecb4e53,a,ai,80,205,381,285,301
5e4258ecb4e53,i,il,96,128,330,224,234
5e4258ecb4e53,l,l.,106,644,839,750,733
5e4258ecb4e53,.,.c,89,197,372,286,283
5e4258ecb4e53,c,co,86,145,337,231,251
5e4258ecb4e53,o,om,106,177,356,283,250
5e4258ecb4e53,m,mn,73,29311,29457,29384,29384
5e4258ecb4e53,n,nu,73,194,339,267,266
5e4258ecb4e53,u,ur,72,96,237,168,165
5e4258ecb4e53,r,rs,69,483,588,552,519
5e4258ecb4e53,s,st,36,976,1102,1012,1066
5e4258ecb4e53,t,ts,90,480,609,570,519
5e4258ecb4e53,s,su,39,219,334,258,295
5e4258ecb4e53,u,ut,76,122,262,198,186
5e4258ecb4e53,t,to,64,54,214,118,150
5e4258ecb4e53,o,ometa1,96,514,682,610,586
5e4258ecb4e53,meta1,meta12,72,324,501,396,429
5e4258ecb4e53,2,2normal,105,445,590,550,485
5e4258ecb4e53,normal,normalg,40,446,543,486,503
5e4258ecb4e53,g,gm,57,332,503,389,446
5e4258ecb4e53,m,mi,114,410,634,524,520
5e4258ecb4e53,i,il,110,172,375,282,265
5e4258ecb4e53,l,lbksp,93,397,561,490,468
5e4258ecb4e53,bksp,bkspbksp,71,93,269,164,198
5e4258ecb4e53,bksp,bkspa,105,674,879,779,774
5e4258ecb4e53,a,ai,100,372,561,472,461
5e4258ecb4e53,i,il,89,124,306,213,217
5e4258ecb4e53,l,l.,93,489,692,582,599
5e4258ecb4e53,.,.c,110,245,464,355,354
5e4258ecb4e53,c,co,109,97,321,206,212
5e4258ecb4e53,o,om,115,128,333,243,218
5e4258ecb4e53,m,mn,90,24501,24672,24591,24582
5e4258ecb4e53,n,nu,81,190,383,271,302
5e4258ecb4e53,u,ut,112,53,262,165,150
5e4258ecb4e53,t,ts,97,715,900,812,803
5e4258ecb4e53,s,su,88,106,270,194,182
5e4258ecb4e53,u,ut,76,149,256,225,180
5e4258ecb4e53,t,to,31,56,166,87,135
5e4258ecb4e53,o,oo,79,596,747,675,668
5e4258ecb4e53,o,ometa1,72,161,288,233,216
5e4258ecb4e53,meta1,meta12,55,344,489,399,434
5e4258ecb4e53,2,2@,90,256,438,346,348
5e4258ecb4e53,@,@normal,92,194,320,286,228
5e4258ecb4e53,normal,normalg,34,414,538,448,504
5e4258ecb4e53,g,gm,90,304,491,394,401
5e4258ecb4e53,m,mi,97,275,449,372,352
5e4258ecb4e53,i,il,77,131,293,208,216
5e4258ecb4e53,l,l.,85,461,652,546,567
5e4258ecb4e53,.,.c,106,195,389,301,283
5e4258ecb4e53,c,co,88,130,305,218,217
5e4258ecb4e53,o,om,87,180,370,267,283
5e4258ecb4e53,m,mn,103,26167,26353,26270,26250
5e4258ecb4e53,n,nu,83,181,351,264,268
5e4258ecb4e53,u,ur,87,37,205,124,118
5e4258ecb4e53,r,rs,81,363,499,444,418
5e4258ecb4e53,s,su,55,126,252,181,197
5e4258ecb4e53,u,ut,71,72,206,143,135
5e4258ecb4e53,t,to,63,106,199,169,136
5e4258ecb4e53,o,obksp,30,717,810,747,780
5e4258ecb4e53,bksp,bkspt,63,2018,2165,2081,2102
5e4258ecb4e53,t,ts,84,298,449,382,365
5e4258ecb4e53,s,su,67,85,250,152,183
5e4258ecb4e53,u,ut,98,104,298,202,200
5e4258ecb4e53,t,to,96,21,195,117,99
5e4258ecb4e53,o,ometa1,78,498,630,576,552
5e4258ecb4e53,meta1,meta12,54,347,495,401,441
5e4258ecb4e53,2,2@,94,123,303,217,209
5e4258ecb4e53,@,@normal,86,227,352,313,266
5e4258ecb4e53,normal,normalg,39,444,556,483,517
5e4258ecb4e53,g,gm,73,317,488,390,415
5e4258ecb4e53,m,mi,98,254,434,352,336
5e4258ecb4e53,i,ibksp,82,461,651,543,569
5e4258ecb4e53,bksp,bkspi,108,661,872,769,764
5e4258ecb4e53,i,il,103,228,461,331,358
5e4258ecb4e53,l,l.,130,473,691,603,561
5e4258ecb4e53,.,.c,88,192,368,280,280
5e4258ecb4e53,c,co,88,91,271,179,183
5e4258ecb4e53,o,om,92,128,294,220,202
5e4258ecb4e53,m,mi,74,-346859,-346749,-346785,-346823
5e4258f73b852,i,ia,36,295,371,331,335
5e4258f73b852,a,am,40,494,575,534,535
5e4258f73b852,m,mb,41,208,289,249,248
5e4258f73b852,b,bo,40,178,243,218,203
5e4258f73b852,o,os,25,326,387,351,362
5e4258f73b852,s,ss,36,92,171,128,135
5e4258f73b852,s,smeta1,43,196,276,239,233
5e4258f73b852,meta1,meta14,37,495,572,532,535
5e4258f73b852,4,42,40,199,264,239,224
5e4258f73b852,2,27,25,185,265,210,240
5e4258f73b852,7,72,55,228,324,283,269
5e4258f73b852,2,2@,41,245,322,286,281
5e4258f73b852,@,@normal,36,545,641,581,605
5e4258f73b852,normal,normalg,60,423,525,483,465
5e4258f73b852,g,gm,42,226,322,268,280
5e4258f73b852,m,ma,54,313,423,367,369
5e4258f73b852,a,ai,56,226,322,282,266
5e4258f73b852,i,il,40,103,189,143,149
5e4258f73b852,l,l.,46,230,313,276,267
5e4258f73b852,.,.c,37,281,356,318,319
5e4258f73b852,c,co,38,175,253,213,215
5e4258f73b852,o,om,40,121,188,161,148
5e4258f73b852,m,mi,27,23532,23612,23559,23585
5e4258f73b852,i,im,53,478,561,531,508
5e4258f73b852,m,mb,30,206,273,236,243
5e4258f73b852,b,bo,37,145,220,182,183
5e4258f73b852,o,os,38,247,325,285,287
5e4258f73b852,s,ss,40,85,170,125,130
5e4258f73b852,s,smeta1,45,163,248,208,203
5e4258f73b852,meta1,meta14,40,543,614,583,574
5e4258f73b852,4,42,31,137,221,168,190
5e4258f73b852,2,27,53,279,355,332,302
5e4258f73b852,7,72,23,195,255,218,232
5e4258f73b852,2,2@,37,194,269,231,232
5e4258f73b852,@,@normal,38,1930,2039,1968,2001
5e4258f73b852,normal,normalg,71,414,521,485,450
5e4258f73b852,g,gm,36,194,270,230,234
5e4258f73b852,m,ma,40,209,306,249,266
5e4258f73b852,a,ai,57,198,291,255,234
5e4258f73b852,i,il,36,119,202,155,166
5e4258f73b852,l,l.,47,180,259,227,212
5e4258f73b852,.,.c,32,281,371,313,339
5e4258f73b852,c,co,58,198,291,256,233
5e4258f73b852,o,om,35,139,200,174,165
5e4258f73b852,m,mi,26,29243,29302,29269,29276
5e4258f73b852,i,ia,33,205,276,238,243
5e4258f73b852,a,am,38,232,302,270,264
5e4258f73b852,m,mb,32,168,233,200,201
5e4258f73b852,b,bo,33,163,235,196,202
5e4258f73b852,o,os,39,246,322,285,283
5e4258f73b852,s,ss,37,104,170,141,133
5e4258f73b852,s,smeta1,29,157,233,186,204
5e4258f73b852,meta1,meta14,47,408,492,455,445
5e4258f73b852,4,42,37,126,205,163,168
5e4258f73b852,2,27,42,227,310,269,268
5e4258f73b852,7,72,41,209,289,250,248
5e4258f73b852,2,2@,39,211,275,250,236
5e4258f73b852,@,@normal,25,806,891,831,866
5e4258f73b852,normal,normalg,60,336,444,396,384
5e4258f73b852,g,gm,48,157,261,205,213
5e4258f73b852,m,ma,56,211,308,267,252
5e4258f73b852,a,ai,41,209,291,250,250
5e4258f73b852,i,il,41,124,207,165,166
5e4258f73b852,l,l.,42,230,311,272,269
5e4258f73b852,.,.c,39,291,371,330,332
5e4258f73b852,c,co,41,174,258,215,217
5e4258f73b852,o,om,43,157,225,200,182
5e4258f73b852,m,mi,25,23995,24060,24020,24035
5e4258f73b852,i,ia,40,174,274,214,234
5e4258f73b852,a,am,60,259,358,319,298
5e4258f73b852,m,mb,39,597,676,636,637
5e4258f73b852,b,bo,40,176,246,216,206
5e4258f73b852,o,os,30,232,306,262,276
5e4258f73b852,s,ss,44,111,181,155,137
5e4258f73b852,s,smeta1,26,142,221,168,195
5e4258f73b852,meta1,meta14,53,429,522,482,469
5e4258f73b852,4,42,40,138,223,178,183
5e4258f73b852,2,27,45,260,339,305,294
5e4258f73b852,7,72,34,247,323,281,289
5e4258f73b852,2,2@,42,458,560,500,518
5e4258f73b852,@,@g,60,909,1011,969,951
5e4258f73b852,g,gm,42,158,229,200,187
5e4258f73b852,m,mi,29,438,496,467,467
5e4258f73b852,i,il,29,96,172,125,143
5e4258f73b852,l,l.,47,160,235,207,188
5e4258f73b852,.,.c,28,240,300,268,272
5e4258f73b852,c,co,32,169,238,201,206
5e4258f73b852,o,om,37,123,187,160,150
5e4258f73b852,m,mi,27,29977,30048,30004,30021
5e4258f73b852,i,ia,44,293,382,337,338
5e4258f73b852,a,am,45,288,377,333,332
5e4258f73b852,m,mb,44,156,256,200,212
5e4258f73b852,b,bo,56,161,272,217,216
5e4258f73b852,o,os,55,238,340,293,285
5e4258f73b852,s,ss,47,101,176,148,129
5e4258f73b852,s,smeta1,28,159,238,187,210
5e4258f73b852,meta1,meta14,51,371,480,422,429
5e4258f73b852,4,42,58,130,223,188,165
5e4258f73b852,2,27,35,227,295,262,260
5e4258f73b852,7,72,33,229,308,262,275
5e4258f73b852,2,2@,46,204,285,250,239
5e4258f73b852,@,@normal,35,415,527,450,492
5e4258f73b852,normal,normalg,77,356,481,433,404
5e4258f73b852,g,gm,48,194,276,242,228
5e4258f73b852,m,ma,34,264,338,298,304
5e4258f73b852,a,ai,40,226,304,266,264
5e4258f73b852,i,il,38,139,254,177,216
5e4258f73b852,l,l.,77,145,261,222,184
5e4258f73b852,.,.c,39,274,354,313,315
5e4258f73b852,c,co,41,177,260,218,219
5e4258f73b852,o,om,42,122,207,164,165
5e4258f73b852,m,mi,43,23808,23886,23851,23843
5e4258f73b852,i,ia,35,251,343,286,308
5e4258f73b852,a,am,57,427,528,484,471
5e4258f73b852,m,mb,44,228,306,272,262
5e4258f73b852,b,bo,34,165,228,199,194
5e4258f73b852,o,os,29,223,287,252,258
5e4258f73b852,s,ss,35,85,167,120,132
5e4258f73b852,s,s4,47,581,664,628,617
5e4258f73b852,4,42,36,127,191,163,155
5e4258f73b852,2,27,28,190,256,218,228
5e4258f73b852,7,72,38,195,257,233,219
5e4258f73b852,2,2@,24,370,441,394,417
5e4258f73b852,@,@normal,47,276,377,323,330
5e4258f73b852,normal,normalg,54,897,989,951,935
5e4258f73b852,g,gm,38,161,237,199,199
5e4258f73b852,m,mi,38,444,522,482,484
5e4258f73b852,i,il,40,86,188,126,148
5e4258f73b852,l,lbksp,62,772,879,834,817
5e4258f73b852,bksp,bkspbksp,45,428,532,473,487
5e4258f73b852,bksp,bkspa,59,454,560,513,501
5e4258f73b852,a,ai,47,238,329,285,282
5e4258f73b852,i,il,44,105,192,149,148
5e4258f73b852,l,l.,43,525,607,568,564
5e4258f73b852,.,.c,39,246,326,285,287
5e4258f73b852,c,co,41,191,276,232,235
5e4258f73b852,o,om,44,121,208,165,164
5e4258f73b852,m,mi,43,20343,20427,20386,20384
5e4258f73b852,i,ia,41,212,294,253,253
5e4258f73b852,a,am,41,211,279,252,238
5e4258f73b852,m,mb,27,172,237,199,210
5e4258f73b852,b,bo,38,153,221,191,183
5e4258f73b852,o,os,30,260,331,290,301
5e4258f73b852,s,ss,41,125,194,166,153
5e4258f73b852,s,smeta1,28,958,1045,986,1017
5e4258f73b852,meta1,meta14,59,671,773,730,714
5e4258f73b852,4,42,43,112,206,155,163
5e4258f73b852,2,27,51,231,321,282,270
5e4258f73b852,7,72,39,210,288,249,249
5e4258f73b852,2,2@,39,239,301,278,262
5e4258f73b852,@,@g,23,982,1050,1005,1027
5e4258f73b852,g,gm,45,155,240,200,195
5e4258f73b852,m,ma,40,245,327,285,287
5e4258f73b852,a,ai,42,204,287,246,245
5e4258f73b852,i,il,41,123,193,164,152
5e4258f73b852,l,l.,29,171,245,200,216
5e4258f73b852,.,.o,45,472,562,517,517
5e4258f73b852,o,om,45,129,202,174,157
5e4258f73b852,m,mbksp,28,704,771,732,743
5e4258f73b852,bksp,bkspbksp,39,105,172,144,133
5e4258f73b852,bksp,bkspbksp,28,88,160,116,132
5e4258f73b852,bksp,bkspc,44,528,613,572,569
5e4258f73b852,c,co,41,177,247,218,206
5e4258f73b852,o,om,29,133,189,162,160
5e4258f73b852,m,mi,27,25198,25258,25225,25231
5e4258f73b852,i,ia,33,215,287,248,254
5e4258f73b852,a,am,39,244,322,283,283
5e4258f73b852,m,mb,39,201,271,240,232
5e4258f73b852,b,bo,31,399,483,430,452
5e4258f73b852,o,os,53,227,335,280,282
5e4258f73b852,s,ss,55,89,188,144,133
5e4258f73b852,s,s4,44,714,811,758,767
5e4258f73b852,4,42,53,95,186,148,133
5e4258f73b852,2,27,38,193,258,231,220
5e4258f73b852,7,72,27,192,257,219,230
5e4258f73b852,2,2@,38,211,282,249,244
5e4258f73b852,@,@g,33,786,859,819,826
5e4258f73b852,g,gm,40,141,236,181,196
5e4258f73b852,m,ma,55,215,306,270,251
5e4258f73b852,a,ai,36,214,279,250,243
5e4258f73b852,i,il,29,96,170,125,141
5e4258f73b852,l,l.,45,160,244,205,199
5e4258f73b852,.,.c,39,247,324,286,285
5e4258f73b852,c,co,38,194,258,232,220
5e4258f73b852,o,om,26,128,181,154,155
5e4258f73b852,m,mi,27,24003,24065,24030,24038
5e4258f73b852,i,ia,35,247,338,282,303
5e4258f73b852,a,am,56,282,393,338,337
5e4258f73b852,m,mb,55,645,741,700,686
5e4258f73b852,b,bo,41,158,235,199,194
5e4258f73b852,o,os,36,265,340,301,304
5e4258f73b852,s,ss,39,87,169,126,130
5e4258f73b852,s,smeta1,43,799,899,842,856
5e4258f73b852,meta1,meta14,57,476,571,533,514
5e4258f73b852,4,42,38,161,245,199,207
5e4258f73b852,2,27,46,253,325,299,279
5e4258f73b852,7,72,26,305,392,331,366
5e4258f73b852,2,2@,61,357,475,418,414
5e4258f73b852,@,@g,57,774,872,831,815
5e4258f73b852,g,gm,41,159,241,200,200
5e4258f73b852,m,ma,41,244,326,285,285
5e4258f73b852,a,ai,41,210,320,251,279
5e4258f73b852,i,il,69,131,238,200,169
5e4258f73b852,l,l.,38,176,261,214,223
5e4258f73b852,.,.c,47,253,324,300,277
5e4258f73b852,c,co,24,194,246,218,222
5e4258f73b852,o,om,28,114,172,142,144
5e4258f73b852,m,mi,30,21402,21462,21432,21432
5e4258f73b852,i,ia,30,216,281,246,251
5e4258f73b852,a,am,35,248,322,283,287
5e4258f73b852,m,mb,39,209,288,248,249
5e4258f73b852,b,bo,40,196,273,236,233
5e4258f73b852,o,os,37,278,355,315,318
5e4258f73b852,s,ss,40,86,175,126,135
5e4258f73b852,s,smeta1,49,826,934,875,885
5e4258f73b852,meta1,meta14,59,454,556,513,497
5e4258f73b852,4,42,43,140,211,183,168
5e4258f73b852,2,27,28,237,292,265,264
5e4258f73b852,7,72,27,173,258,200,231
5e4258f73b852,2,2@,58,258,362,316,304
5e4258f73b852,@,@normal,46,938,1049,984,1003
5e4258f73b852,normal,normalg,65,336,446,401,381
5e4258f73b852,g,gm,45,191,266,236,221
5e4258f73b852,m,ma,30,259,334,289,304
5e4258f73b852,a,ai,45,203,282,248,237
5e4258f73b852,i,il,34,125,201,159,167
5e4258f73b852,l,l.,42,213,294,255,252
5e4258f73b852,.,.c,39,226,321,265,282
5e4258f73b852,c,co,56,180,262,236,206
5e4258f73b852,o,om,26,115,172,141,146
5e4258f73b852,m,mg,31,-300051,-299896,-300020,-299927
5e4258f74eb31,g,gu,124,192,401,316,277
5e4258f74eb31,u,uy,85,115,269,200,184
5e4258f74eb31,y,yn,69,620,770,689,701
5e4258f74eb31,n,nd,81,162,330,243,249
5e4258f74eb31,d,dg,87,214,353,301,266
5e4258f74eb31,g,ga,52,133,252,185,200
5e4258f74eb31,a,az,67,167,334,234,267
5e4258f74eb31,z,zmeta1,100,180,350,280,250
5e4258f74eb31,meta1,meta11,70,700,838,770,768
5e4258f74eb31,1,19,68,276,450,344,382
5e4258f74eb31,9,99,106,130,308,236,202
5e4258f74eb31,9,99,72,121,269,193,197
5e4258f74eb31,9,9@,76,767,934,843,858
5e4258f74eb31,@,@normal,91,141,301,232,210
5e4258f74eb31,normal,normalg,69,698,839,767,770
5e4258f74eb31,g,gm,72,426,585,498,513
5e4258f74eb31,m,ma,87,112,270,199,183
5e4258f74eb31,a,ai,71,148,306,219,235
5e4258f74eb31,i,il,87,181,318,268,231
5e4258f74eb31,l,l.,50,231,351,281,301
5e4258f74eb31,.,.c,70,363,507,433,437
5e4258f74eb31,c,co,74,165,337,239,263
5e4258f74eb31,o,om,98,230,400,328,302
5e4258f74eb31,m,mg,72,20697,20873,20769,20801
5e4258f74eb31,g,gu,104,197,386,301,282
5e4258f74eb31,u,uy,85,115,285,200,200
5e4258f74eb31,y,ya,85,96,221,181,136
5e4258f74eb31,a,an,40,480,591,520,551
5e4258f74eb31,n,nd,71,179,352,250,281
5e4258f74eb31,d,dg,102,214,417,316,315
5e4258f74eb31,g,ga,101,113,300,214,199
5e4258f74eb31,a,az,86,125,322,211,236
5e4258f74eb31,z,zmeta1,111,810,1011,921,900
5e4258f74eb31,meta1,meta11,90,329,492,419,402
5e4258f74eb31,1,19,73,291,488,364,415
5e4258f74eb31,9,99,124,311,510,435,386
5e4258f74eb31,9,99,75,193,290,268,215
5e4258f74eb31,9,9@,22,661,771,683,749
5e4258f74eb31,@,@normal,88,130,302,218,214
5e4258f74eb31,normal,normalg,84,447,623,531,539
5e4258f74eb31,g,gm,92,259,439,351,347
5e4258f74eb31,m,ma,88,93,272,181,184
5e4258f74eb31,a,ai,91,164,340,255,249
5e4258f74eb31,i,il,85,147,299,232,214
5e4258f74eb31,l,l.,67,164,337,231,270
5e4258f74eb31,.,.c,106,313,478,419,372
5e4258f74eb31,c,co,59,160,285,219,226
5e4258f74eb31,o,om,66,196,335,262,269
5e4258f74eb31,m,mg,73,26927,27074,27000,27001
5e4258f74eb31,g,gu,74,146,306,220,232
5e4258f74eb31,u,uy,86,114,269,200,183
5e4258f74eb31,y,ya,69,113,287,182,218
5e4258f74eb31,a,an,105,131,306,236,201
5e4258f74eb31,n,nd,70,180,320,250,250
5e4258f74eb31,d,dg,70,161,337,231,267
5e4258f74eb31,g,ga,106,110,307,216,201
5e4258f74eb31,a,az,91,163,356,254,265
5e4258f74eb31,z,zmeta1,102,529,719,631,617
5e4258f74eb31,meta1,meta11,88,562,742,650,654
5e4258f74eb31,1,19,92,190,388,282,296
5e4258f74eb31,9,99,106,111,329,217,223
5e4258f74eb31,9,99,112,539,725,651,613
5e4258f74eb31,9,9@,74,626,755,700,681
5e4258f74eb31,@,@normal,55,112,252,167,197
5e4258f74eb31,normal,normalg,85,416,596,501,511
5e4258f74eb31,g,gm,95,337,507,432,412
5e4258f74eb31,m,mi,75,250,405,325,330
5e4258f74eb31,i,il,80,144,280,224,200
5e4258f74eb31,l,l.,56,194,340,250,284
5e4258f74eb31,.,.c,90,260,458,350,368
5e4258f74eb31,c,co,108,111,288,219,180
5e4258f74eb31,o,om,69,304,434,373,365
5e4258f74eb31,m,mg,61,26698,26865,26759,26804
5e4258f74eb31,g,gu,106,149,325,255,219
5e4258f74eb31,u,uy,70,130,268,200,198
5e4258f74eb31,y,yn,68,322,484,390,416
5e4258f74eb31,n,nd,94,111,280,205,186
5e4258f74eb31,d,dg,75,212,375,287,300
5e4258f74eb31,g,ga,88,73,238,161,150
5e4258f74eb31,a,az,77,181,342,258,265
5e4258f74eb31,z,zmeta1,84,2155,2299,2239,2215
5e4258f74eb31,meta1,meta11,60,328,464,388,404
5e4258f74eb31,1,19,76,174,359,250,283
5e4258f74eb31,9,99,109,127,307,236,198
5e4258f74eb31,9,99,71,104,271,175,200
5e4258f74eb31,9,9@,96,1197,1397,1293,1301
5e4258f74eb31,@,@normal,104,1128,1287,1232,1183
5e4258f74eb31,normal,normalg,55,549,687,604,632
5e4258f74eb31,g,gm,83,389,568,472,485
5e4258f74eb31,m,ma,96,127,328,223,232
5e4258f74eb31,a,ai,105,74,256,179,151
5e4258f74eb31,i,il,77,113,293,190,216
5e4258f74eb31,l,l.,103,479,658,582,555
5e4258f74eb31,.,.c,76,224,405,300,329
5e4258f74eb31,c,co,105,195,354,300,249
5e4258f74eb31,o,om,54,401,535,455,481
5e4258f74eb31,m,mg,80,31049,31254,31129,31174
5e4258f74eb31,g,gu,125,162,357,287,232
5e4258f74eb31,u,uy,70,129,269,199,199
5e4258f74eb31,y,yn,70,544,709,614,639
5e4258f74eb31,n,nd,95,205,410,300,315
5e4258f74eb31,d,dg,110,190,372,300,262
5e4258f74eb31,g,ga,72,92,273,164,201
5e4258f74eb31,a,az,109,195,393,304,284
5e4258f74eb31,z,zq,89,643,805,732,716
5e4258f74eb31,q,qbksp,73,1745,1876,1818,1803
5e4258f74eb31,bksp,bkspmeta1,58,123,254,181,196
5e4258f74eb31,meta1,meta11,73,345,530,418,457
5e4258f74eb31,1,19,112,171,374,283,262
5e4258f74eb31,9,99,91,106,257,197,166
5e4258f74eb31,9,99,60,72,225,132,165
5e4258f74eb31,9,9@,93,214,360,307,267
5e4258f74eb31,@,@normal,53,110,253,163,200
5e4258f74eb31,normal,normalg,90,709,877,799,787
5e4258f74eb31,g,gm,78,392,527,470,449
5e4258f74eb31,m,ma,57,910,1060,967,1003
5e4258f74eb31,a,ai,93,140,304,233,211
5e4258f74eb31,i,il,71,148,271,219,200
5e4258f74eb31,l,l.,52,229,373,281,321
5e4258f74eb31,.,.c,92,208,410,300,318
5e4258f74eb31,c,co,110,53,239,163,129
5e4258f74eb31,o,om,76,393,542,469,466
5e4258f74eb31,m,mg,73,31447,31610,31520,31537
5e4258f74eb31,g,gu,90,215,404,305,314
5e4258f74eb31,u,uy,99,110,302,209,203
5e4258f74eb31,y,yn,93,879,1073,972,980
5e4258f74eb31,n,nd,101,631,870,732,769
5e4258f74eb31,d,dg,138,248,453,386,315
5e4258f74eb31,g,gq,67,97,251,164,184
5e4258f74eb31,q,qshift,87,182,351,269,264
5e4258f74eb31,shift,shift1,82,750,871,832,789
5e4258f74eb31,1,1normal,39,2229,2339,2268,2300
5e4258f74eb31,normal,normala,71,722,886,793,815
5e4258f74eb31,a,az,93,245,427,338,334
5e4258f74eb31,z,zmeta1,89,947,1138,1036,1049
5e4258f74eb31,meta1,meta11,102,431,622,533,520
5e4258f74eb31,1,18,89,161,336,250,247
5e4258f74eb31,8,89,86,128,301,214,215
5e4258f74eb31,9,99,87,92,271,179,184
5e4258f74eb31,9,99,92,2196,2379,2288,2287
5e4258f74eb31,9,99,91,95,271,186,180
5e4258f74eb31,9,99,85,74,218,159,133
5e4258f74eb31,9,9bksp,59,638,777,697,718
5e4258f74eb31,bksp,bksp9,80,1227,1397,1307,1317
5e4258f74eb31,9,99,90,100,255,190,165
5e4258f74eb31,9,99,65,101,263,166,198
5e4258f74eb31,9,9normal,97,816,1016,913,919
5e4258f74eb31,normal,normalg,103,428,621,531,518
5e4258f74eb31,g,gm,90,411,575,501,485
5e4258f74eb31,m,ma,74,125,272,199,198
5e4258f74eb31,a,ai,73,148,273,221,200
5e4258f74eb31,i,il,52,128,270,180,218
5e4258f74eb31,l,l.,90,610,759,700,669
5e4258f74eb31,.,.c,59,245,421,304,362
5e4258f74eb31,c,co,117,115,301,232,184
5e4258f74eb31,o,om,69,312,472,381,403
5e4258f74eb31,m,mg,91,41485,41640,41576,41549
5e4258f74eb31,g,gu,64,150,298,214,234
5e4258f74eb31,u,uy,84,88,271,172,187
5e4258f74eb31,y,yn,99,610,781,709,682
5e4258f74eb31,n,nd,72,212,368,284,296
5e4258f74eb31,d,dg,84,200,384,284,300
5e4258f74eb31,g,ga,100,56,235,156,135
5e4258f74eb31,a,az,79,161,330,240,251
5e4258f74eb31,z,zmeta1,90,318,470,408,380
5e4258f74eb31,meta1,meta11,62,884,1017,946,955
5e4258f74eb31,1,19,71,325,503,396,432
5e4258f74eb31,9,99,107,103,305,210,198
5e4258f74eb31,9,99,95,131,262,226,167
5e4258f74eb31,9,9@,36,597,706,633,670
5e4258f74eb31,@,@normal,73,51,235,124,162
5e4258f74eb31,normal,normalg,111,632,799,743,688
5e4258f74eb31,g,gm,56,202,337,258,281
5e4258f74eb31,m,ma,79,107,279,186,200
5e4258f74eb31,a,ai,93,55,225,148,132
5e4258f74eb31,i,il,77,130,278,207,201
5e4258f74eb31,l,l.,71,230,355,301,284
5e4258f74eb31,.,.c,54,242,389,296,335
5e4258f74eb31,c,co,93,143,306,236,213
5e4258f74eb31,o,om,70,398,524,468,454
5e4258f74eb31,m,mg,56,28314,28440,28370,28384
5e4258f74eb31,g,gu,70,248,401,318,331
5e4258f74eb31,u,uy,83,184,333,267,250
5e4258f74eb31,y,ya,66,200,350,266,284
5e4258f74eb31,a,an,84,151,283,235,199
5e4258f74eb31,n,nd,48,297,450,345,402
5e4258f74eb31,d,dg,105,412,606,517,501
5e4258f74eb31,g,ga,89,1379,1587,1468,1498
5e4258f74eb31,a,az,119,251,437,370,318
5e4258f74eb31,z,zmeta1,67,191,349,258,282
5e4258f74eb31,meta1,meta11,91,597,776,688,685
5e4258f74eb31,1,19,88,348,526,436,438
5e4258f74eb31,9,99,90,109,267,199,177
5e4258f74eb31,9,99,68,109,236,177,168
5e4258f74eb31,9,9@,59,929,1060,988,1001
5e4258f74eb31,@,@normal,72,210,370,282,298
5e4258f74eb31,normal,normalg,88,433,575,521,487
5e4258f74eb31,g,gm,54,261,385,315,331
5e4258f74eb31,m,ma,70,115,268,185,198
5e4258f74eb31,a,ai,83,52,200,135,117
5e4258f74eb31,i,il,65,152,298,217,233
5e4258f74eb31,l,l.,81,188,367,269,286
5e4258f74eb31,.,.c,98,106,281,204,183
5e4258f74eb31,c,co,77,149,291,226,214
5e4258f74eb31,o,om,65,217,367,282,302
5e4258f74eb31,m,mg,85,29785,29970,29870,29885
5e4258f74eb31,g,gu,100,132,317,232,217
5e4258f74eb31,u,uy,85,75,267,160,182
5e4258f74eb31,y,yn,107,332,507,439,400
5e4258f74eb31,n,nd,68,246,420,314,352
5e4258f74eb31,d,dg,106,161,371,267,265
5e4258f74eb31,g,gz,104,323,522,427,418
5e4258f74eb31,z,zmeta1,95,198,361,293,266
5e4258f74eb31,meta1,meta11,68,330,455,398,387
5e4258f74eb31,1,19,57,1013,1158,1070,1101
5e4258f74eb31,9,99,88,106,270,194,182
5e4258f74eb31,9,99,76,93,238,169,162
5e4258f74eb31,9,9normal,69,162,302,231,233
5e4258f74eb31,normal,normalmeta1,71,514,690,585,619
5e4258f74eb31,meta1,meta1@,105,397,555,502,450
5e4258f74eb31,@,@normal,53,110,252,163,199
5e4258f74eb31,normal,normalg,89,565,745,654,656
5e4258f74eb31,g,gm,91,410,586,501,495
5e4258f74eb31,m,mi,85,221,384,306,299
5e4258f74eb31,i,il,78,161,295,239,217
5e4258f74eb31,l,l.,56,199,341,255,285
5e4258f74eb31,.,.c,86,296,471,382,385
5e4258f74eb31,c,co,89,143,285,232,196
5e4258f74eb31,o,om,53,178,305,231,252
5e4258f74eb31,m,mg,74,24303,24416,24377,24342
5e4258f74eb31,g,gu,39,204,314,243,275
5e4258f74eb31,u,uy,71,97,255,168,184
5e4258f74eb31,y,ya,87,584,806,671,719
5e4258f74eb31,a,ab,135,594,803,729,668
5e4258f74eb31,b,bd,74,194,353,268,279
5e4258f74eb31,d,dg,85,146,337,231,252
5e4258f74eb31,g,ga,106,40,238,146,132
5e4258f74eb31,a,az,92,150,343,242,251
5e4258f74eb31,z,zq,101,194,366,295,265
5e4258f74eb31,q,qmeta1,71,765,906,836,835
5e4258f74eb31,meta1,meta11,70,362,519,432,449
5e4258f74eb31,1,19,87,214,387,301,300
5e4258f74eb31,9,99,86,110,269,196,183
5e4258f74eb31,9,99,73,72,240,145,167
5e4258f74eb31,9,9normal,95,272,463,367,368
5e4258f74eb31,normal,normalnormal,96,595,794,691,698
5e4258f74eb31,normal,normalg,103,1115,1303,1218,1200
5e4258f74eb31,g,gq,85,498,669,583,584
5e4258f74eb31,q,qi,86,56,203,142,117
5e4258f74eb31,i,il,61,178,278,239,217
5e4258f74eb31,l,l.,39,228,356,267,317
5e4258f74eb31,.,.c,89,149,306,238,217
5e4258f74eb31,c,co,68,88,268,156,200
5e4258f74eb31,o,om,112,332,510,444,398
5e4258f74eb31,m,ms,66,90046,90183,90112,90117
5e425ac3a00ac,p,p.,91,377,563,468,472
5e425ac3a00ac,.,.s,95,554,739,649,644
5e425ac3a00ac,s,smeta1,90,360,524,450,434
5e425ac3a00ac,meta1,meta13,74,364,545,438,471
5e425ac3a00ac,3,3normal,107,605,787,712,680
5e425ac3a00ac,normal,normalx,75,376,541,451,466
5e425ac3a00ac,x,xy,90,196,355,286,265
5e425ac3a00ac,y,yy,69,61,217,130,148
5e425ac3a00ac,y,ymeta1,87,623,758,710,671
5e425ac3a00ac,meta1,meta1@,48,644,782,692,734
5e425ac3a00ac,@,@normal,90,177,337,267,247
5e425ac3a00ac,normal,normalg,70,477,605,547,535
5e425ac3a00ac,g,gm,58,350,459,408,401
5e425ac3a00ac,m,ma,51,127,266,178,215
5e425ac3a00ac,a,ai,88,35,188,123,100
5e425ac3a00ac,i,il,65,162,316,227,251
5e425ac3a00ac,l,l.,89,778,926,867,837
5e425ac3a00ac,.,.c,59,174,337,233,278
5e425ac3a00ac,c,cm,104,228,372,332,268
5e425ac3a00ac,m,mbksp,40,896,974,936,934
5e425ac3a00ac,bksp,bkspo,38,262,356,300,318
5e425ac3a00ac,o,om,56,161,245,217,189
5e425ac3a00ac,m,mp,28,35987,36087,36015,36059
5e425ac3a00ac,p,p.,72,780,937,852,865
5e425ac3a00ac,.,.s,85,262,419,347,334
5e425ac3a00ac,s,smeta1,72,527,673,599,601
5e425ac3a00ac,meta1,meta13,74,344,508,418,434
5e425ac3a00ac,3,3normal,90,424,565,514,475
5e425ac3a00ac,normal,normalx,51,386,523,437,472
5e425ac3a00ac,x,xy,86,264,404,350,318
5e425ac3a00ac,y,yy,54,91,201,145,147
5e425ac3a00ac,y,yshift,56,880,1009,936,953
5e425ac3a00ac,shift,shiftmeta1,73,363,489,436,416
5e425ac3a00ac,meta1,meta1@,53,611,721,664,668
5e425ac3a00ac,@,@normal,57,309,424,366,367
5e425ac3a00ac,normal,normalg,58,462,576,520,518
5e425ac3a00ac,g,gm,56,358,487,414,431
5e425ac3a00ac,m,mi,73,827,956,900,883
5e425ac3a00ac,i,il,56,162,271,218,215
5e425ac3a00ac,l,l.,53,814,937,867,884
5e425ac3a00ac,.,.c,70,181,338,251,268
5e425ac3a00ac,c,co,87,20,168,107,81
5e425ac3a00ac,o,om,61,145,262,206,201
5e425ac3a00ac,m,mp,56,34495,34578,34551,34522
5e425ac3a00ac,p,p.,27,891,957,918,930
5e425ac3a00ac,.,.s,39,881,955,920,916
5e425ac3a00ac,s,smeta1,35,413,503,448,468
5e425ac3a00ac,meta1,meta13,55,327,439,382,384
5e425ac3a00ac,3,3normal,57,243,356,300,299
5e425ac3a00ac,normal,normalx,56,326,458,382,402
5e425ac3a00ac,x,xy,76,171,322,247,246
5e425ac3a00ac,y,yy,75,74,226,149,151
5e425ac3a00ac,y,ymeta1,77,612,776,689,699
5e425ac3a00ac,meta1,meta1@,87,513,677,600,590
5e425ac3a00ac,@,@normal,77,123,272,200,195
5e425ac3a00ac,normal,normalg,72,479,609,551,537
5e425ac3a00ac,g,gm,58,375,467,433,409
5e425ac3a00ac,m,ma,34,151,288,185,254
5e425ac3a00ac,a,ai,103,230,371,333,268
5e425ac3a00ac,i,il,38,207,302,245,264
5e425ac3a00ac,l,l.,57,253,399,310,342
5e425ac3a00ac,.,.c,89,123,283,212,194
5e425ac3a00ac,c,co,71,76,202,147,131
5e425ac3a00ac,o,om,55,112,221,167,166
5e425ac3a00ac,m,mp,54,27998,28144,28052,28090
5e425ac3a00ac,p,p.,92,307,473,399,381
5e425ac3a00ac,.,.s,74,312,456,386,382
5e425ac3a00ac,s,smeta1,70,197,336,267,266
5e425ac3a00ac,meta1,meta13,69,309,471,378,402
5e425ac3a00ac,3,3normal,93,344,490,437,397
5e425ac3a00ac,normal,normalx,53,315,458,368,405
5e425ac3a00ac,x,xy,90,142,271,232,181
5e425ac3a00ac,y,yy,39,70,190,109,151
5e425ac3a00ac,y,ymeta1,81,527,666,608,585
5e425ac3a00ac,meta1,meta1@,58,425,540,483,482
5e425ac3a00ac,@,@normal,57,110,222,167,165
5e425ac3a00ac,normal,normalg,55,424,540,479,485
5e425ac3a00ac,g,gm,61,294,427,355,366
5e425ac3a00ac,m,ma,72,145,321,217,249
5e425ac3a00ac,a,au,104,179,323,283,219
5e425ac3a00ac,u,ul,40,241,316,281,276
5e425ac3a00ac,l,lbksp,35,1018,1163,1053,1128
5e425ac3a00ac,bksp,bkspi,110,392,572,502,462
5e425ac3a00ac,i,il,70,104,286,174,216
5e425ac3a00ac,l,l.,112,282,478,394,366
5e425ac3a00ac,.,.c,84,134,340,218,256
5e425ac3a00ac,c,co,122,7,198,129,76
5e425ac3a00ac,o,om,69,137,252,206,183
5e425ac3a00ac,m,mp,46,44587,44701,44633,44655
5e425ac3a00ac,p,p.,68,262,437,330,369
5e425ac3a00ac,.,.s,107,212,388,319,281
5e425ac3a00ac,s,smeta1,69,483,626,552,557
5e425ac3a00ac,meta1,meta13,74,323,451,397,377
5e425ac3a00ac,3,3normal,54,263,373,317,319
5e425ac3a00ac,normal,normalx,56,358,487,414,431
5e425ac3a00ac,x,xy,73,178,290,251,217
5e425ac3a00ac,y,yy,39,109,219,148,180
5e425ac3a00ac,y,ymeta1,71,480,625,551,554
5e425ac3a00ac,meta1,meta1@,74,1126,1274,1200,1200
5e425ac3a00ac,@,@normal,74,470,589,544,515
5e425ac3a00ac,normal,normalg,45,380,479,425,434
5e425ac3a00ac,g,gm,54,296,422,350,368
5e425ac3a00ac,m,mi,72,268,402,340,330
5e425ac3a00ac,i,il,62,130,267,192,205
5e425ac3a00ac,l,l.,75,159,323,234,248
5e425ac3a00ac,.,.c,89,77,259,166,170
5e425ac3a00ac,c,co,93,5,170,98,77
5e425ac3a00ac,o,om,72,161,289,233,217
5e425ac3a00ac,m,mbksp,56,563,710,619,654
5e425ac3a00ac,bksp,bkspo,91,158,304,249,213
5e425ac3a00ac,o,om,55,145,226,200,171
5e425ac3a00ac,m,mbksp,26,4538,4655,4564,4629
5e425ac3a00ac,bksp,bkspa,91,996,1194,1087,1103
5e425ac3a00ac,a,ai,107,110,257,217,150
5e425ac3a00ac,i,ip,40,34341,34443,34381,34403
5e425ac3a00ac,p,p.,62,309,461,371,399
5e425ac3a00ac,.,.s,90,178,337,268,247
5e425ac3a00ac,s,smeta1,69,463,603,532,534
5e425ac3a00ac,meta1,meta13,71,330,474,401,403
5e425ac3a00ac,3,3normal,73,244,389,317,316
5e425ac3a00ac,normal,normalx,72,411,554,483,482
5e425ac3a00ac,x,xy,71,156,303,227,232
5e425ac3a00ac,y,yy,76,74,210,150,134
5e425ac3a00ac,y,ymeta1,60,397,544,457,484
5e425ac3a00ac,meta1,meta1@,87,720,837,807,750
5e425ac3a00ac,@,@normal,30,120,211,150,181
5e425ac3a00ac,normal,normalg,61,482,580,543,519
5e425ac3a00ac,g,gm,37,329,403,366,366
5e425ac3a00ac,m,mi,37,340,454,377,417
5e425ac3a00ac,i,ibksp,77,795,911,872,834
5e425ac3a00ac,bksp,bkspbksp,39,89,189,128,150
5e425ac3a00ac,bksp,bkspa,61,275,445,336,384
5e425ac3a00ac,a,ai,109,195,359,304,250
5e425ac3a00ac,i,il,55,164,272,219,217
5e425ac3a00ac,l,l.,53,428,539,481,486
5e425ac3a00ac,.,.c,58,211,337,269,279
5e425ac3a00ac,c,co,68,38,167,106,99
5e425ac3a00ac,o,om,61,114,229,175,168
5e425ac3a00ac,m,mm,54,-183255,-183115,-183201,-183169
5e425af3b383c,m,ma,86,427,586,513,500
5e425af3b383c,a,an,73,314,455,387,382
5e425af3b383c,n,nu,68,433,586,501,518
5e425af3b383c,u,ut,85,646,802,731,717
5e425af3b383c,t,tmeta1,71,2264,2422,2335,2351
5e425af3b383c,meta1,meta12,87,514,653,601,566
5e425af3b383c,2,25,52,596,702,648,650
5e425af3b383c,5,54,54,230,336,284,282
5e425af3b383c,4,48,52,516,634,568,582
5e425af3b383c,8,8@,66,642,786,708,720
5e425af3b383c,@,@normal,78,763,915,841,837
5e425af3b383c,normal,normalh,74,559,719,633,645
5e425af3b383c,h,ho,86,382,523,468,437
5e425af3b383c,o,ot,55,358,502,413,447
5e425af3b383c,t,tm,89,229,409,318,320
5e425af3b383c,m,mi,91,1173,1337,1264,1246
5e425af3b383c,i,il,73,127,290,200,217
5e425af3b383c,l,l.,90,246,410,336,320
5e425af3b383c,.,.c,74,327,471,401,397
5e425af3b383c,c,co,70,198,336,268,266
5e425af3b383c,o,o.,68,745,884,813,816
5e425af3b383c,.,.t,71,469,604,540,533
5e425af3b383c,t,th,64,228,347,292,283
5e425af3b383c,h,hm,55,32488,32639,32543,32584
5e425af3b383c,m,ma,96,499,668,595,572
5e425af3b383c,a,ab,73,514,638,587,565
5e425af3b383c,b,bu,51,276,416,327,365
5e425af3b383c,u,ut,89,234,374,323,285
5e425af3b383c,t,tbksp,51,448,567,499,516
5e425af3b383c,bksp,bkspbksp,68,254,419,322,351
5e425af3b383c,bksp,bkspbksp,97,212,362,309,265
5e425af3b383c,bksp,bkspn,53,630,755,683,702
5e425af3b383c,n,nu,72,277,406,349,334
5e425af3b383c,u,ut,57,246,372,303,315
5e425af3b383c,t,tmeta1,69,379,519,448,450
5e425af3b383c,meta1,meta12,71,716,855,787,784
5e425af3b383c,2,25,68,745,868,813,800
5e425af3b383c,5,54,55,214,336,269,281
5e425af3b383c,4,48,67,464,621,531,554
5e425af3b383c,8,8@,90,460,639,550,549
5e425af3b383c,@,@normal,89,811,970,900,881
5e425af3b383c,normal,normalh,70,683,805,753,735
5e425af3b383c,h,ho,52,445,554,497,502
5e425af3b383c,o,ot,57,1077,1204,1134,1147
5e425af3b383c,t,tm,70,481,671,551,601
5e425af3b383c,m,ma,120,263,474,383,354
5e425af3b383c,a,ai,91,191,336,282,245
5e425af3b383c,i,il,54,182,287,236,233
5e425af3b383c,l,l.,51,199,336,250,285
5e425af3b383c,.,.c,86,297,455,383,369
5e425af3b383c,c,co,72,246,386,318,314
5e425af3b383c,o,o.,68,362,489,430,421
5e425af3b383c,.,.t,59,657,772,716,713
5e425af3b383c,t,th,56,143,270,199,214
5e425af3b383c,h,hm,71,32200,32326,32271,32255
5e425af3b383c,m,ma,55,382,505,437,450
5e425af3b383c,a,an,68,512,651,580,583
5e425af3b383c,n,nu,71,261,404,332,333
5e425af3b383c,u,ut,72,264,372,336,300
5e425af3b383c,t,tmeta1,36,329,436,365,400
5e425af3b383c,meta1,meta12,71,365,503,436,432
5e425af3b383c,2,25,67,613,816,680,749
5e425af3b383c,5,54,136,215,420,351,284
5e425af3b383c,4,48,69,482,621,551,552
5e425af3b383c,8,8@,70,487,620,557,550
5e425af3b383c,@,@normal,63,329,479,392,416
5e425af3b383c,normal,normalh,87,545,689,632,602
5e425af3b383c,h,ho,57,362,474,419,417
5e425af3b383c,o,ot,55,262,387,317,332
5e425af3b383c,t,tm,70,198,336,268,266
5e425af3b383c,m,ma,68,281,420,349,352
5e425af3b383c,a,ai,71,566,733,637,662
5e425af3b383c,i,il,96,164,346,260,250
5e425af3b383c,l,l.,86,383,557,469,471
5e425af3b383c,.,.x,88,244,419,332,331
5e425af3b383c,x,xo,87,448,608,535,521
5e425af3b383c,o,obksp,73,1323,1489,1396,1416
5e425af3b383c,bksp,bkspbksp,93,725,908,818,815
5e425af3b383c,bksp,bkspc,90,848,1008,938,918
5e425af3b383c,c,co,70,498,632,568,562
5e425af3b383c,o,o.,64,291,434,355,370
5e425af3b383c,.,.t,79,496,618,575,539
5e425af3b383c,t,th,43,325,421,368,378
5e425af3b383c,h,hm,53,27703,27838,27756,27785
5e425af3b383c,m,ma,82,500,697,582,615
5e425af3b383c,a,an,115,509,701,624,586
5e425af3b383c,n,nu,77,246,424,323,347
5e425af3b383c,u,ut,101,417,606,518,505
5e425af3b383c,t,tspace,88,312,466,400,378
5e425af3b383c,space,spacel,66,333,483,399,417
5e425af3b383c,l,lbksp,84,516,686,600,602
5e425af3b383c,bksp,bkspbksp,86,77,233,163,147
5e425af3b383c,bksp,bkspmeta1,70,412,571,482,501
5e425af3b383c,meta1,meta12,89,398,576,487,487
5e425af3b383c,2,25,89,361,522,450,433
5e425af3b383c,5,54,72,166,303,238,231
5e425af3b383c,4,48,65,333,466,398,401
5e425af3b383c,8,8@,68,513,670,581,602
5e425af3b383c,@,@normal,89,308,484,397,395
5e425af3b383c,normal,normalh,87,567,740,654,653
5e425af3b383c,h,hp,86,246,404,332,318
5e425af3b383c,p,po,72,1096,1234,1168,1162
5e425af3b383c,o,obksp,66,465,619,531,553
5e425af3b383c,bksp,bkspbksp,88,78,237,166,149
5e425af3b383c,bksp,bkspbksp,71,55,204,126,133
5e425af3b383c,bksp,bkspo,78,417,601,495,523
5e425af3b383c,o,ot,106,725,904,831,798
5e425af3b383c,t,tm,73,227,388,300,315
5e425af3b383c,m,ma,88,280,453,368,365
5e425af3b383c,a,ai,85,180,352,265,267
5e425af3b383c,i,i.,87,497,670,584,583
5e425af3b383c,.,.c,86,348,522,434,436
5e425af3b383c,c,co,88,325,469,413,381
5e425af3b383c,o,o.,56,244,375,300,319
5e425af3b383c,.,.t,75,443,575,518,500
5e425af3b383c,t,th,57,145,270,202,213
5e425af3b383c,h,ha,68,38018,38170,38086,38102
5e425af3b383c,a,an,84,347,486,431,402
5e425af3b383c,n,nu,55,945,1090,1000,1035
5e425af3b383c,u,ut,90,328,488,418,398
5e425af3b383c,t,tmeta1,70,1393,1568,1463,1498
5e425af3b383c,meta1,meta12,105,458,623,563,518
5e425af3b383c,2,25,60,496,614,556,554
5e425af3b383c,5,54,58,160,319,218,261
5e425af3b383c,4,48,101,367,505,468,404
5e425af3b383c,8,8@,37,862,969,899,932
5e425af3b383c,@,@normal,70,164,334,234,264
5e425af3b383c,normal,normalh,100,463,652,563,552
5e425af3b383c,h,ho,89,348,522,437,433
5e425af3b383c,o,ot,85,377,537,462,452
5e425af3b383c,t,tm,75,432,588,507,513
5e425af3b383c,m,mi,81,539,716,620,635
5e425af3b383c,i,il,96,181,329,277,233
5e425af3b383c,l,l.,52,231,373,283,321
5e425af3b383c,.,.c,90,213,401,303,311
5e425af3b383c,c,co,98,151,363,249,265
5e425af3b383c,o,o.,114,234,436,348,322
5e425af3b383c,.,.t,88,726,886,814,798
5e425af3b383c,t,th,72,114,254,186,182
5e425af3b383c,h,hm,68,26517,26672,26585,26604
5e425af3b383c,m,ma,87,399,568,486,481
5e425af3b383c,a,an,82,254,399,336,317
5e425af3b383c,n,nu,63,263,380,326,317
5e425af3b383c,u,ut,54,246,354,300,300
5e425af3b383c,t,tmeta1,54,364,486,418,432
5e425af3b383c,meta1,meta12,68,901,1021,969,953
5e425af3b383c,2,25,52,466,585,518,533
5e425af3b383c,5,54,67,160,266,227,199
5e425af3b383c,4,49,39,337,441,376,402
5e425af3b383c,9,9@,65,346,498,411,433
5e425af3b383c,@,@normal,87,280,437,367,350
5e425af3b383c,normal,normalh,70,498,654,568,584
5e425af3b383c,h,ho,86,265,435,351,349
5e425af3b383c,o,ot,84,378,568,462,484
5e425af3b383c,t,tm,106,345,539,451,433
5e425af3b383c,m,ma,88,212,405,300,317
5e425af3b383c,a,ai,105,164,336,269,231
5e425af3b383c,i,il,67,164,284,231,217
5e425af3b383c,l,l.,53,235,369,288,316
5e425af3b383c,.,.c,81,382,552,463,471
5e425af3b383c,c,co,89,446,620,535,531
5e425af3b383c,o,o.,85,180,338,265,253
5e425af3b383c,.,.y,73,477,622,550,549
5e425af3b383c,y,yh,72,109,269,181,197
5e425af3b383c,h,hbksp,88,712,871,800,783
5e425af3b383c,bksp,bkspbksp,71,78,222,149,151
5e425af3b383c,bksp,bkspt,73,346,506,419,433
5e425af3b383c,t,th,87,282,424,369,337
5e425af3b383c,h,hm,55,29646,29770,29701,29715
5e425af3b383c,m,ma,69,431,586,500,517
5e425af3b383c,a,an,86,246,420,332,334
5e425af3b383c,n,nu,88,262,438,350,350
5e425af3b383c,u,uy,88,212,388,300,300
5e425af3b383c,y,yl,88,1028,1189,1116,1101
5e425af3b383c,l,ll,73,509,729,582,656
5e425af3b383c,l,lbksp,147,100,324,247,177
5e425af3b383c,bksp,bkspbksp,77,95,241,172,164
5e425af3b383c,bksp,bkspbksp,69,71,219,140,150
5e425af3b383c,bksp,bkspt,79,582,751,661,672
5e425af3b383c,t,tspace,90,273,438,363,348
5e425af3b383c,space,spacebksp,75,611,776,686,701
5e425af3b383c,bksp,bkspmeta1,90,781,935,871,845
5e425af3b383c,meta1,meta12,64,390,554,454,490
5e425af3b383c,2,25,100,1076,1265,1176,1165
5e425af3b383c,5,54,89,160,321,249,232
5e425af3b383c,4,48,72,379,524,451,452
5e425af3b383c,8,8@,73,876,1039,949,966
5e425af3b383c,@,@normal,90,342,521,432,431
5e425af3b383c,normal,normalh,89,580,742,669,653
5e425af3b383c,h,ho,73,395,538,468,465
5e425af3b383c,o,ot,70,361,521,431,451
5e425af3b383c,t,tm,90,278,439,368,349
5e425af3b383c,m,ma,71,293,488,364,417
5e425af3b383c,a,ai,124,195,406,319,282
5e425af3b383c,i,il,87,126,305,213,218
5e425af3b383c,l,l.,92,210,357,302,265
5e425af3b383c,.,.c,55,311,439,366,384
5e425af3b383c,c,co,73,178,341,251,268
5e425af3b383c,o,o.,90,159,323,249,233
5e425af3b383c,.,.t,74,395,526,469,452
5e425af3b383c,t,th,57,174,286,231,229
5e425af3b383c,h,hm,55,38619,38740,38674,38685
5e425af3b383c,m,ma,66,502,649,568,583
5e425af3b383c,a,an,81,480,634,561,553
5e425af3b383c,n,nu,73,313,456,386,383
5e425af3b383c,u,ut,70,212,369,282,299
5e425af3b383c,t,tmeta1,87,849,1008,936,921
5e425af3b383c,meta1,meta12,72,428,572,500,500
5e425af3b383c,2,25,72,391,520,463,448
5e425af3b383c,5,54,57,223,355,280,298
5e425af3b383c,4,48,75,682,827,757,752
5e425af3b383c,8,8@,70,650,802,720,732
5e425af3b383c,@,@normal,82,221,396,303,314
5e425af3b383c,normal,normalh,93,535,714,628,621
5e425af3b383c,h,ht,86,708,869,794,783
5e425af3b383c,t,tm,75,347,509,422,434
5e425af3b383c,m,ma,87,477,653,564,566
5e425af3b383c,a,ai,89,180,321,269,232
5e425af3b383c,i,il,52,130,302,182,250
5e425af3b383c,l,l.,120,130,352,250,232
5e425af3b383c,.,.c,102,248,423,350,321
5e425af3b383c,c,co,73,109,269,182,196
5e425af3b383c,o,o.,87,180,356,267,269
5e425af3b383c,.,.y,89,445,625,534,536
5e425af3b383c,y,yh,91,126,287,217,196
5e425af3b383c,h,hbksp,70,813,973,883,903
5e425af3b383c,bksp,bkspbksp,90,108,237,198,147
5e425af3b383c,bksp,bkspt,39,333,424,372,385
5e425af3b383c,t,th,52,340,483,392,431
5e425af3b383c,h,hm,91,35116,35295,35207,35204
5e425af3b383c,m,ma,88,411,605,499,517
5e425af3b383c,a,an,106,445,639,551,533
5e425af3b383c,n,nu,88,211,352,299,264
5e425af3b383c,u,ut,53,279,437,332,384
5e425af3b383c,t,tmeta1,105,727,906,832,801
5e425af3b383c,meta1,meta12,74,349,473,423,399
5e425af3b383c,2,25,50,382,521,432,471
5e425af3b383c,5,54,89,161,337,250,248
5e425af3b383c,4,48,87,564,786,651,699
5e425af3b383c,8,8@,135,447,667,582,532
5e425af3b383c,@,@normal,85,316,470,401,385
5e425af3b383c,normal,normalh,69,428,569,497,500
5e425af3b383c,h,ho,72,361,504,433,432
5e425af3b383c,o,ot,71,396,556,467,485
5e425af3b383c,t,tm,89,248,422,337,333
5e425af3b383c,m,ma,85,1467,1649,1552,1564
5e425af3b383c,a,ai,97,669,818,766,721
5e425af3b383c,i,il,52,143,284,195,232
5e425af3b383c,l,l.,89,215,405,304,316
5e425af3b383c,.,.c,101,363,536,464,435
5e425af3b383c,c,co,72,146,303,218,231
5e425af3b383c,o,o.,85,211,407,296,322
5e425af3b383c,.,.t,111,562,743,673,632
5e425af3b383c,t,th,70,111,267,181,197
5e425af3b383c,h,hm,86,34867,35039,34953,34953
5e425af3b383c,m,mn,86,420,601,506,515
5e425af3b383c,n,nj,95,219,414,314,319
5e425af3b383c,j,jt,100,243,416,343,316
5e425af3b383c,t,tbksp,73,514,658,587,585
5e425af3b383c,bksp,bkspbksp,71,71,234,142,163
5e425af3b383c,bksp,bkspu,92,866,1066,958,974
5e425af3b383c,u,ut,108,283,502,391,394
5e425af3b383c,t,tspace,111,498,680,609,569
5e425af3b383c,space,spacel,71,543,721,614,650
5e425af3b383c,l,lu,107,310,526,417,419
5e425af3b383c,u,uw,109,447,640,556,531
5e425af3b383c,w,wn,84,210,365,294,281
5e425af3b383c,n,ng,71,398,556,469,485
5e425af3b383c,g,gbksp,87,571,736,658,649
5e425af3b383c,bksp,bkspbksp,78,54,227,132,149
5e425af3b383c,bksp,bkspbksp,95,214,381,309,286
5e425af3b383c,bksp,bkspe,72,565,733,637,661
5e425af3b383c,e,en,96,549,705,645,609
5e425af3b383c,n,ng,60,472,604,532,544
5e425af3b383c,g,gt,72,328,471,400,399
5e425af3b383c,t,tr,71,716,859,787,788
5e425af3b383c,r,ra,72,192,386,264,314
5e425af3b383c,a,ak,122,228,422,350,300
5e425af3b383c,k,ku,72,221,368,293,296
5e425af3b383c,u,ul,75,211,346,286,271
5e425af3b383c,l,lbksp,60,877,995,937,935
5e425af3b383c,bksp,bksps,58,298,443,356,385
5e425af3b383c,s,sbksp,87,389,568,476,481
5e425af3b383c,bksp,bksps,92,424,590,516,498
5e425af3b383c,s,su,74,347,477,421,403
5e425af3b383c,u,uk,56,295,437,351,381
5e425af3b383c,k,kp,86,-7015,-6843,-6929,-6929
5e425ca155cff,p,p.,86,798,955,884,869
5e425ca155cff,.,.s,71,165,286,236,215
5e425ca155cff,s,smeta1,50,213,332,263,282
5e425ca155cff,meta1,meta13,69,282,440,351,371
5e425ca155cff,3,3.,89,561,722,650,633
5e425ca155cff,.,.bksp,72,377,521,449,449
5e425ca155cff,bksp,bkspnormal,72,68,170,140,98
5e425ca155cff,normal,normalx,30,463,551,493,521
5e425ca155cff,x,xy,58,195,288,253,230
5e425ca155cff,y,yy,35,87,167,122,132
5e425ca155cff,y,ymeta1,45,832,948,877,903
5e425ca155cff,meta1,meta1@,71,580,721,651,650
5e425ca155cff,@,@normal,70,393,521,463,451
5e425ca155cff,normal,normalg,58,393,524,451,466
5e425ca155cff,g,gm,73,295,423,368,350
5e425ca155cff,m,mi,55,232,335,287,280
5e425ca155cff,i,il,48,135,263,183,215
5e425ca155cff,l,la,80,1133,1297,1213,1217
5e425ca155cff,a,ai,84,153,284,237,200
5e425ca155cff,i,il,47,137,265,184,218
5e425ca155cff,l,lbksp,81,639,784,720,703
5e425ca155cff,bksp,bkspbksp,64,730,851,794,787
5e425ca155cff,bksp,bkspbksp,57,124,236,181,179
5e425ca155cff,bksp,bkspa,55,546,689,601,634
5e425ca155cff,a,ai,88,180,318,268,230
5e425ca155cff,i,i.,50,1464,1592,1514,1542
5e425ca155cff,.,.c,78,173,321,251,243
5e425ca155cff,c,co,70,38,170,108,100
5e425ca155cff,o,om,62,147,261,209,199
5e425ca155cff,m,mp,52,27988,28119,28040,28067
5e425ca155cff,p,p.,79,1151,1300,1230,1221
5e425ca155cff,.,.meta1,70,243,356,313,286
5e425ca155cff,meta1,meta1normal,43,253,387,296,344
5e425ca155cff,normal,normals,91,282,428,373,337
5e425ca155cff,s,smeta1,55,179,287,234,232
5e425ca155cff,meta1,meta13,53,250,384,303,331
5e425ca155cff,3,3normal,81,476,630,557,549
5e425ca155cff,normal,normalx,73,333,462,406,389
5e425ca155cff,x,xy,56,212,305,268,249
5e425ca155cff,y,yy,37,86,166,123,129
5e425ca155cff,y,ymeta1,43,550,650,593,607
5e425ca155cff,meta1,meta1@,57,544,672,601,615
5e425ca155cff,@,@normal,71,212,366,283,295
5e425ca155cff,normal,normalg,83,367,505,450,422
5e425ca155cff,g,gm,55,313,422,368,367
5e425ca155cff,m,mi,54,328,433,382,379
5e425ca155cff,i,il,51,167,269,218,218
5e425ca155cff,l,lbksp,51,581,701,632,650
5e425ca155cff,bksp,bkspbksp,69,217,369,286,300
5e425ca155cff,bksp,bkspa,83,307,454,390,371
5e425ca155cff,a,ai,64,192,344,256,280
5e425ca155cff,i,il,88,169,321,257,233
5e425ca155cff,l,l.,64,463,584,527,520
5e425ca155cff,.,.c,57,327,454,384,397
5e425ca155cff,c,co,70,56,184,126,114
5e425ca155cff,o,om,58,149,259,207,201
5e425ca155cff,m,mp,52,27771,27888,27823,27836
5e425ca155cff,p,p.,65,357,481,422,416
5e425ca155cff,.,.s,59,565,693,624,634
5e425ca155cff,s,smeta1,69,230,337,299,268
5e425ca155cff,meta1,meta13,38,330,436,368,398
5e425ca155cff,3,3normal,68,296,416,364,348
5e425ca155cff,normal,normalx,52,355,488,407,436
5e425ca155cff,x,xy,81,158,317,239,236
5e425ca155cff,y,yy,78,35,210,113,132
5e425ca155cff,y,ymeta1,97,693,847,790,750
5e425ca155cff,meta1,meta1@,57,430,555,487,498
5e425ca155cff,@,@normal,68,103,250,171,182
5e425ca155cff,normal,normalg,79,432,549,511,470
5e425ca155cff,g,gm,38,287,388,325,350
5e425ca155cff,m,mshift,63,130,276,193,213
5e425ca155cff,shift,shiftI,83,200,353,283,270
5e425ca155cff,I,Ishift,70,1393,1522,1463,1452
5e425ca155cff,shift,shifta,59,395,525,454,466
5e425ca155cff,a,abksp,71,643,787,714,716
5e425ca155cff,bksp,bkspbksp,73,112,222,185,149
5e425ca155cff,bksp,bkspa,37,696,789,733,752
5e425ca155cff,a,ai,56,176,303,232,247
5e425ca155cff,i,il,71,179,305,250,234
5e425ca155cff,l,l.,55,581,709,636,654
5e425ca155cff,.,.c,73,160,337,233,264
5e425ca155cff,c,co,104,54,235,158,131
5e425ca155cff,o,om,77,145,248,222,171
5e425ca155cff,m,mp,26,33361,33493,33387,33467
5e425ca155cff,p,p.,106,796,957,902,851
5e425ca155cff,.,.s,55,245,368,300,313
5e425ca155cff,s,smeta1,68,214,335,282,267
5e425ca155cff,meta1,meta13,53,283,405,336,352
5e425ca155cff,3,3normal,69,203,350,272,281
5e425ca155cff,normal,normalx,78,314,480,392,402
5e425ca155cff,x,xy,88,148,288,236,200
5e425ca155cff,y,yy,52,130,218,182,166
5e425ca155cff,y,ymeta1,36,513,605,549,569
5e425ca155cff,meta1,meta1@,56,412,539,468,483
5e425ca155cff,@,@normal,71,98,266,169,195
5e425ca155cff,normal,normalg,97,424,601,521,504
5e425ca155cff,g,gm,80,295,463,375,383
5e425ca155cff,m,ma,88,198,371,286,283
5e425ca155cff,a,ai,85,441,621,526,536
5e425ca155cff,i,il,95,179,326,274,231
5e425ca155cff,l,l.,52,179,337,231,285
5e425ca155cff,.,.c,106,127,310,233,204
5e425ca155cff,c,co,77,8,170,85,93
5e425ca155cff,o,on,85,180,318,265,233
5e425ca155cff,n,nbksp,53,547,658,600,605
5e425ca155cff,bksp,bkspo,58,178,289,236,231
5e425ca155cff,o,om,53,110,235,163,182
5e425ca155cff,m,mp,72,25967,26109,26039,26037
5e425ca155cff,p,p.,70,343,474,413,404
5e425ca155cff,.,.meta1,61,325,440,386,379
5e425ca155cff,meta1,meta1normal,54,379,519,433,465
5e425ca155cff,normal,normals,86,414,539,500,453
5e425ca155cff,s,smeta1,39,228,319,267,280
5e425ca155cff,meta1,meta13,52,280,405,332,353
5e425ca155cff,3,3normal,73,345,472,418,399
5e425ca155cff,normal,normalx,54,347,456,401,402
5e425ca155cff,x,xy,55,208,317,263,262
5e425ca155cff,y,yy,54,92,190,146,136
5e425ca155cff,y,ymeta1,44,586,708,630,664
5e425ca155cff,meta1,meta1@,78,514,664,592,586
5e425ca155cff,@,@normal,72,477,637,549,565
5e425ca155cff,normal,normalg,88,327,457,415,369
5e425ca155cff,g,gm,42,294,391,336,349
5e425ca155cff,m,ma,55,113,271,168,216
5e425ca155cff,a,ai,103,98,236,201,133
5e425ca155cff,i,il,35,164,269,199,234
5e425ca155cff,l,l.,70,543,690,613,620
5e425ca155cff,.,.c,77,128,272,205,195
5e425ca155cff,c,co,67,97,218,164,151
5e425ca155cff,o,om,54,132,237,186,183
5e425ca155cff,m,mp,51,27551,27671,27602,27620
5e425ca155cff,p,p.,69,763,903,832,834
5e425ca155cff,.,.s,71,160,287,231,216
5e425ca155cff,s,smeta1,56,215,321,271,265
5e425ca155cff,meta1,meta14,50,316,469,366,419
5e425ca155cff,4,4bksp,103,843,1019,946,916
5e425ca155cff,bksp,bksp3,73,95,255,168,182
5e425ca155cff,3,3normal,87,380,555,467,468
5e425ca155cff,normal,normalx,88,331,487,419,399
5e425ca155cff,x,xy,68,214,308,282,240
5e425ca155cff,y,yy,26,100,170,126,144
5e425ca155cff,y,ymeta1,44,411,527,455,483
5e425ca155cff,meta1,meta1@,72,596,727,668,655
5e425ca155cff,@,@normal,59,115,254,174,195
5e425ca155cff,normal,normalh,80,446,583,526,503
5e425ca155cff,h,hbksp,57,399,504,456,447
5e425ca155cff,bksp,bkspg,48,205,299,253,251
5e425ca155cff,g,gm,46,464,565,510,519
5e425ca155cff,m,ma,55,195,318,250,263
5e425ca155cff,a,ai,68,108,251,176,183
5e425ca155cff,i,il,75,163,292,238,217
5e425ca155cff,l,l.,54,463,595,517,541
5e425ca155cff,.,.c,78,191,336,269,258
5e425ca155cff,c,co,67,82,201,149,134
5e425ca155cff,o,om,52,144,269,196,217
5e425ca155cff,m,mp,73,46616,46777,46689,46704
5e425ca155cff,p,p.,88,758,940,846,852
5e425ca155cff,.,.s,94,209,374,303,280
5e425ca155cff,s,smeta1,71,197,306,268,235
5e425ca155cff,meta1,meta13,38,312,440,350,402
5e425ca155cff,3,3normal,90,224,386,314,296
5e425ca155cff,normal,normalx,72,514,677,586,605
5e425ca155cff,x,xy,91,123,269,214,178
5e425ca155cff,y,yy,55,100,190,155,135
5e425ca155cff,y,ymeta1,35,446,554,481,519
5e425ca155cff,meta1,meta1@,73,527,685,600,612
5e425ca155cff,@,@normal,85,124,287,209,202
5e425ca155cff,normal,normalg,78,415,545,493,467
5e425ca155cff,g,gm,52,278,403,330,351
5e425ca155cff,m,ma,73,109,274,182,201
5e425ca155cff,a,ai,92,94,240,186,148
5e425ca155cff,i,ip,54,164,256,218,202
5e425ca155cff,p,pbksp,38,695,806,733,768
5e425ca155cff,bksp,bkspl,73,145,270,218,197
5e425ca155cff,l,l.,52,579,670,631,618
5e425ca155cff,.,.c,39,198,320,237,281
5e425ca155cff,c,co,83,75,202,158,119
5e425ca155cff,o,om,44,161,259,205,215
5e425ca155cff,m,mp,54,28299,28424,28353,28370
5e425ca155cff,p,p.,71,796,937,867,866
5e425ca155cff,.,.s,70,164,286,234,216
5e425ca155cff,s,smeta1,52,246,353,298,301
5e425ca155cff,meta1,meta13,55,326,454,381,399
5e425ca155cff,3,3normal,73,245,377,318,304
5e425ca155cff,normal,normalx,59,328,473,387,414
5e425ca155cff,x,xy,86,178,301,264,215
5e425ca155cff,y,yy,37,113,189,150,152
5e425ca155cff,y,ymeta1,39,242,354,281,315
5e425ca155cff,meta1,meta1@,73,428,611,501,538
5e425ca155cff,@,@normal,110,89,271,199,161
5e425ca155cff,normal,normalh,72,502,638,574,566
5e425ca155cff,h,hbksp,64,360,486,424,422
5e425ca155cff,bksp,bkspg,62,338,460,400,398
5e425ca155cff,g,gm,60,530,660,590,600
5e425ca155cff,m,ma,70,133,266,203,196
5e425ca155cff,a,ai,63,105,218,168,155
5e425ca155cff,i,il,50,160,280,210,230
5e425ca155cff,l,l.,70,365,490,435,420
5e425ca155cff,.,.c,55,147,269,202,214
5e425ca155cff,c,co,67,38,168,105,101
5e425ca155cff,o,om,63,144,297,207,234
5e425ca155cff,m,mp,90,39749,39911,39839,39821
5e425ca155cff,p,p.,72,278,423,350,351
5e425ca155cff,.,.s,73,196,335,269,262
5e425ca155cff,s,smeta1,66,202,333,268,267
5e425ca155cff,meta1,meta13,65,302,464,367,399
5e425ca155cff,3,3normal,97,242,432,339,335
5e425ca155cff,normal,normalx,93,363,532,456,439
5e425ca155cff,x,xy,76,175,303,251,227
5e425ca155cff,y,yy,52,347,470,399,418
5e425ca155cff,y,ymeta1,71,461,593,532,522
5e425ca155cff,meta1,meta1@,61,589,705,650,644
5e425ca155cff,@,@normal,55,164,272,219,217
5e425ca155cff,normal,normalh,53,665,755,718,702
5e425ca155cff,h,hbksp,37,595,689,632,652
5e425ca155cff,bksp,bkspg,57,393,506,450,449
5e425ca155cff,g,gm,56,294,406,350,350
5e425ca155cff,m,ma,56,126,286,182,230
5e425ca155cff,a,ai,104,58,220,162,116
5e425ca155cff,i,il,58,1298,1389,1356,1331
5e425ca155cff,l,l.,33,566,656,599,623
5e425ca155cff,.,.c,57,188,321,245,264
5e425ca155cff,c,co,76,91,225,167,149
5e425ca155cff,o,om,58,163,293,221,235
5e425ca155cff,m,mp,72,28916,29056,28988,28984
5e425ca155cff,p,p.,68,346,489,414,421
5e425ca155cff,.,.s,75,194,336,269,261
5e425ca155cff,s,smeta1,67,182,285,249,218
5e425ca155cff,meta1,meta13,36,345,456,381,420
5e425ca155cff,3,3.,75,244,387,319,312
5e425ca155cff,.,.bksp,68,399,521,467,453
5e425ca155cff,bksp,bkspnormal,54,381,507,435,453
5e425ca155cff,normal,normalx,72,344,488,416,416
5e425ca155cff,x,xy,72,260,388,332,316
5e425ca155cff,y,yy,56,84,202,140,146
5e425ca155cff,y,ymeta1,62,544,696,606,634
5e425ca155cff,meta1,meta1@,90,482,643,572,553
5e425ca155cff,@,@normal,71,160,320,231,249
5e425ca155cff,normal,normalg,89,443,587,532,498
5e425ca155cff,g,gm,55,282,394,337,339
5e425ca155cff,m,ma,57,161,302,218,245
5e425ca155cff,a,ai,84,98,232,182,148
5e425ca155cff,i,il,50,150,269,200,219
5e425ca155cff,l,l.,69,448,575,517,506
5e425ca155cff,.,.c,58,293,420,351,362
5e425ca155cff,c,co,69,78,200,147,131
5e425ca155cff,o,om,53,165,241,218,188
5e425ca155cff,m,mm,23,-56955,-56891,-56932,-56914
5e425dd5a33c0,m,me,41,128,222,169,181
5e425dd5a33c0,e,ew,53,165,254,218,201
5e425dd5a33c0,w,w.,36,342,424,378,388
5e425dd5a33c0,.,.p,46,694,777,740,731
5e425dd5a33c0,p,pr,37,154,249,191,212
5e425dd5a33c0,r,ra,58,201,294,259,236
5e425dd5a33c0,a,ab,35,197,268,232,233
5e425dd5a33c0,b,bw,36,181,255,217,219
5e425dd5a33c0,w,wbksp,38,540,636,578,598
5e425dd5a33c0,bksp,bkspn,58,1096,1210,1154,1152
5e425dd5a33c0,n,nw,56,162,270,218,214
5e425dd5a33c0,w,wa,52,193,287,245,235
5e425dd5a33c0,a,as,42,182,252,224,210
5e425dd5a33c0,s,smeta1,28,286,364,314,336
5e425dd5a33c0,meta1,meta12,50,282,370,332,320
5e425dd5a33c0,2,25,38,180,255,218,217
5e425dd5a33c0,5,54,37,163,252,200,215
5e425dd5a33c0,4,41,52,76,154,128,102
5e425dd5a33c0,1,1@,26,150,223,176,197
5e425dd5a33c0,@,@g,47,667,750,714,703
5e425dd5a33c0,g,gm,36,195,268,231,232
5e425dd5a33c0,m,ma,37,113,191,150,154
5e425dd5a33c0,a,ai,41,155,237,196,196
5e425dd5a33c0,i,il,41,181,259,222,218
5e425dd5a33c0,l,lc,37,178,253,215,216
5e425dd5a33c0,c,cbksp,38,497,573,535,535
5e425dd5a33c0,bksp,bksp.,38,194,272,232,234
5e425dd5a33c0,.,.c,40,92,156,132,116
5e425dd5a33c0,c,co,24,163,223,187,199
5e425dd5a33c0,o,om,36,177,237,213,201
5e425dd5a33c0,m,mm,24,29416,29493,29440,29469
5e425dd5a33c0,m,me,53,91,185,144,132
5e425dd5a33c0,e,ew,41,213,279,254,238
5e425dd5a33c0,w,w.,25,293,356,318,331
5e425dd5a33c0,.,.p,38,295,369,333,331
5e425dd5a33c0,p,pr,36,182,253,218,217
5e425dd5a33c0,r,ra,35,214,277,249,242
5e425dd5a33c0,a,an,28,169,221,197,193
5e425dd5a33c0,n,nw,24,138,205,162,181
5e425dd5a33c0,w,wa,43,162,262,205,219
5e425dd5a33c0,a,as,57,162,271,219,214
5e425dd5a33c0,s,smeta1,52,180,268,232,216
5e425dd5a33c0,meta1,meta12,36,199,286,235,250
5e425dd5a33c0,2,25,51,177,284,228,233
5e425dd5a33c0,5,54,56,162,259,218,203
5e425dd5a33c0,4,41,41,73,157,114,116
5e425dd5a33c0,1,1@,43,166,242,209,199
5e425dd5a33c0,@,@normal,33,180,249,213,216
5e425dd5a33c0,normal,normalf,36,449,535,485,499
5e425dd5a33c0,f,fbksp,50,266,353,316,303
5e425dd5a33c0,bksp,bkspg,37,74,152,111,115
5e425dd5a33c0,g,gm,41,196,276,237,235
5e425dd5a33c0,m,ma,39,128,193,167,154
5e425dd5a33c0,a,ai,26,223,288,249,262
5e425dd5a33c0,i,il,39,232,302,271,263
5e425dd5a33c0,l,l.,31,232,289,263,258
5e425dd5a33c0,.,.c,26,157,208,183,182
5e425dd5a33c0,c,co,25,162,211,187,186
5e425dd5a33c0,o,om,24,193,252,217,228
5e425dd5a33c0,m,mm,35,21861,21937,21896,21902
5e425dd5a33c0,m,me,41,224,323,265,282
5e425dd5a33c0,e,ew,58,214,307,272,249
5e425dd5a33c0,w,w.,35,334,421,369,386
5e425dd5a33c0,.,.p,52,230,317,282,265
5e425dd5a33c0,p,pr,35,165,229,200,194
5e425dd5a33c0,r,ra,29,197,287,226,258
5e425dd5a33c0,a,an,61,136,243,197,182
5e425dd5a33c0,n,nw,46,90,180,136,134
5e425dd5a33c0,w,wa,44,178,276,222,232
5e425dd5a33c0,a,as,54,161,240,215,186
5e425dd5a33c0,s,smeta1,25,228,296,253,271
5e425dd5a33c0,meta1,meta12,43,185,302,228,259
5e425dd5a33c0,2,25,74,162,290,236,216
5e425dd5a33c0,5,54,54,151,272,205,218
5e425dd5a33c0,4,41,67,58,168,125,101
5e425dd5a33c0,1,1@,43,163,243,206,200
5e425dd5a33c0,@,@normal,37,153,221,190,184
5e425dd5a33c0,normal,normalf,31,318,397,349,366
5e425dd5a33c0,f,fbksp,48,365,452,413,404
5e425dd5a33c0,bksp,bkspg,39,123,186,162,147
5e425dd5a33c0,g,gm,24,212,261,236,237
5e425dd5a33c0,m,ma,25,174,238,199,213
5e425dd5a33c0,a,ai,39,126,220,165,181
5e425dd5a33c0,i,il,55,149,240,204,185
5e425dd5a33c0,l,l.,36,196,258,232,222
5e425dd5a33c0,.,.c,26,238,308,264,282
5e425dd5a33c0,c,co,44,121,205,165,161
5e425dd5a33c0,o,om,40,177,258,217,218
5e425dd5a33c0,m,mm,41,22787,22889,22828,22848
5e425dd5a33c0,m,me,61,154,231,215,170
5e425dd5a33c0,e,ew,16,169,248,185,232
5e425dd5a33c0,w,w.,63,230,330,293,267
5e425dd5a33c0,.,.p,37,233,304,270,267
5e425dd5a33c0,p,pt,34,106,167,140,133
5e425dd5a33c0,t,ta,27,265,330,292,303
5e425dd5a33c0,a,abksp,38,645,719,683,681
5e425dd5a33c0,bksp,bkspe,36,331,419,367,383
5e425dd5a33c0,e,ea,52,230,336,282,284
5e425dd5a33c0,a,abksp,54,196,289,250,235
5e425dd5a33c0,bksp,bkspbksp,39,106,171,145,132
5e425dd5a33c0,bksp,bkspr,26,53,125,79,99
5e425dd5a33c0,r,rn,46,389,495,435,449
5e425dd5a33c0,n,nw,60,93,194,153,134
5e425dd5a33c0,w,wa,41,200,262,241,221
5e425dd5a33c0,a,as,21,227,301,248,280
5e425dd5a33c0,s,sbksp,53,932,1041,985,988
5e425dd5a33c0,bksp,bkspr,56,1226,1319,1282,1263
5e425dd5a33c0,r,rn,37,446,513,483,476
5e425dd5a33c0,n,nw,30,145,220,175,190
5e425dd5a33c0,w,wa,45,169,260,214,215
5e425dd5a33c0,a,as,46,164,263,210,217
5e425dd5a33c0,s,smeta1,53,198,288,251,235
5e425dd5a33c0,meta1,meta12,37,231,303,268,266
5e425dd5a33c0,2,25,35,215,284,250,249
5e425dd5a33c0,5,54,34,148,251,182,217
5e425dd5a33c0,4,41,69,93,203,162,134
5e425dd5a33c0,1,1@,41,128,194,169,153
5e425dd5a33c0,@,@normal,25,195,261,220,236
5e425dd5a33c0,normal,normalg,41,377,457,418,416
5e425dd5a33c0,g,gm,39,178,251,217,212
5e425dd5a33c0,m,ma,34,110,186,144,152
5e425dd5a33c0,a,ai,42,146,223,188,181
5e425dd5a33c0,i,il,35,178,238,213,203
5e425dd5a33c0,l,l.,25,275,340,300,315
5e425dd5a33c0,.,.c,40,154,223,194,183
5e425dd5a33c0,c,co,29,158,227,187,198
5e425dd5a33c0,o,om,40,183,251,223,211
5e425dd5a33c0,m,mm,28,27841,27921,27869,27893
5e425dd5a33c0,m,me,52,112,216,164,164
5e425dd5a33c0,e,ew,52,180,287,232,235
5e425dd5a33c0,w,w.,55,195,290,250,235
5e425dd5a33c0,.,.p,40,267,343,307,303
5e425dd5a33c0,p,pr,36,145,209,181,173
5e425dd5a33c0,r,ra,28,216,285,244,257
5e425dd5a33c0,a,an,41,196,262,237,221
5e425dd5a33c0,n,nw,25,135,187,160,162
5e425dd5a33c0,w,wa,27,180,259,207,232
5e425dd5a33c0,a,as,52,181,269,233,217
5e425dd5a33c0,s,smeta1,36,195,269,231,233
5e425dd5a33c0,meta1,meta13,38,212,275,250,237
5e425dd5a33c0,3,35,25,576,638,601,613
5e425dd5a33c0,5,54,37,199,287,236,250
5e425dd5a33c0,4,4bksp,51,1399,1505,1450,1454
5e425dd5a33c0,bksp,bkspbksp,55,126,225,181,170
5e425dd5a33c0,bksp,bkspbksp,44,338,422,382,378
5e425dd5a33c0,bksp,bksp2,40,458,542,498,502
5e425dd5a33c0,2,25,44,362,443,406,399
5e425dd5a33c0,5,54,37,164,250,201,213
5e425dd5a33c0,4,41,49,169,239,218,190
5e425dd5a33c0,1,1@,21,311,385,332,364
5e425dd5a33c0,@,@normal,53,397,504,450,451
5e425dd5a33c0,normal,normalg,54,460,569,514,515
5e425dd5a33c0,g,gi,55,540,637,595,582
5e425dd5a33c0,i,il,42,194,277,236,235
5e425dd5a33c0,l,l.,41,445,526,486,485
5e425dd5a33c0,.,.c,40,376,455,416,415
5e425dd5a33c0,c,co,39,128,204,167,165
5e425dd5a33c0,o,on,37,230,306,267,269
5e425dd5a33c0,n,nbksp,39,275,349,314,310
5e425dd5a33c0,bksp,bkspm,35,183,246,218,211
5e425dd5a33c0,m,mm,28,21956,22025,21984,21997
5e425dd5a33c0,m,me,41,159,239,200,198
5e425dd5a33c0,e,ew,39,193,288,232,249
5e425dd5a33c0,w,w.,56,162,248,218,192
5e425dd5a33c0,.,.p,30,278,332,308,302
5e425dd5a33c0,p,pr,24,65,132,89,108
5e425dd5a33c0,r,rn,43,457,527,500,484
5e425dd5a33c0,n,nw,27,160,214,187,187
5e425dd5a33c0,w,wa,27,189,256,216,229
5e425dd5a33c0,a,as,40,157,240,197,200
5e425dd5a33c0,s,smeta1,43,177,276,220,233
5e425dd5a33c0,meta1,meta12,56,344,440,400,384
5e425dd5a33c0,2,25,40,211,289,251,249
5e425dd5a33c0,5,54,38,124,257,162,219
5e425dd5a33c0,4,41,95,34,192,129,97
5e425dd5a33c0,1,1@,63,134,230,197,167
5e425dd5a33c0,@,@normal,33,157,266,190,233
5e425dd5a33c0,normal,normalf,76,595,711,671,635
5e425dd5a33c0,f,fbksp,40,392,475,432,435
5e425dd5a33c0,bksp,bkspg,43,68,157,111,114
5e425dd5a33c0,g,gm,46,193,264,239,218
5e425dd5a33c0,m,ma,25,125,194,150,169
5e425dd5a33c0,a,ai,44,162,241,206,197
5e425dd5a33c0,i,il,35,345,420,380,385
5e425dd5a33c0,l,l.,40,310,391,350,351
5e425dd5a33c0,.,.c,41,109,187,150,146
5e425dd5a33c0,c,co,37,138,206,175,169
5e425dd5a33c0,o,on,31,194,263,225,232
5e425dd5a33c0,n,nbksp,38,312,389,350,351
5e425dd5a33c0,bksp,bkspm,39,161,226,200,187
5e425dd5a33c0,m,mm,26,23559,23626,23585,23600
5e425dd5a33c0,m,me,41,114,204,155,163
5e425dd5a33c0,e,ew,49,200,282,249,233
5e425dd5a33c0,w,w.,33,162,235,195,202
5e425dd5a33c0,.,.p,40,265,343,305,303
5e425dd5a33c0,p,pr,38,127,216,165,178
5e425dd5a33c0,r,rw,51,554,668,605,617
5e425dd5a33c0,w,wa,63,161,281,224,218
5e425dd5a33c0,a,as,57,144,256,201,199
5e425dd5a33c0,s,smeta1,55,176,289,231,234
5e425dd5a33c0,meta1,meta12,58,229,324,287,266
5e425dd5a33c0,2,25,37,195,271,232,234
5e425dd5a33c0,5,54,39,180,272,219,233
5e425dd5a33c0,4,41,53,71,170,124,117
5e425dd5a33c0,1,1@,46,139,229,185,183
5e425dd5a33c0,@,@normal,44,141,258,185,214
5e425dd5a33c0,normal,normalg,73,332,463,405,390
5e425dd5a33c0,g,gm,58,186,302,244,244
5e425dd5a33c0,m,ma,58,143,244,201,186
5e425dd5a33c0,a,ai,43,174,260,217,217
5e425dd5a33c0,i,il,43,177,260,220,217
5e425dd5a33c0,l,l.,40,259,342,299,302
5e425dd5a33c0,.,.c,43,208,291,251,248
5e425dd5a33c0,c,co,40,174,256,214,216
5e425dd5a33c0,o,om,42,225,293,267,251
5e425dd5a33c0,m,mm,26,19945,20011,19971,19985
5e425dd5a33c0,m,me,40,146,222,186,182
5e425dd5a33c0,e,ew,36,177,253,213,217
5e425dd5a33c0,w,w.,40,200,266,240,226
5e425dd5a33c0,.,.p,26,235,284,261,258
5e425dd5a33c0,p,pr,23,163,212,186,189
5e425dd5a33c0,r,ra,26,224,287,250,261
5e425dd5a33c0,a,an,37,156,237,193,200
5e425dd5a33c0,n,nw,44,126,195,170,151
5e425dd5a33c0,w,wa,25,211,262,236,237
5e425dd5a33c0,a,as,26,157,237,183,211
5e425dd5a33c0,s,smeta1,54,216,308,270,254
5e425dd5a33c0,meta1,meta11,38,210,284,248,246
5e425dd5a33c0,1,12,36,627,718,663,682
5e425dd5a33c0,2,26,55,213,307,268,252
5e425dd5a33c0,6,64,39,248,322,287,283
5e425dd5a33c0,4,4bksp,35,910,969,945,934
5e425dd5a33c0,bksp,bkspbksp,24,211,262,235,238
5e425dd5a33c0,bksp,bkspbksp,27,401,488,428,461
5e425dd5a33c0,bksp,bksp2,60,471,593,531,533
5e425dd5a33c0,2,25,62,331,429,393,367
5e425dd5a33c0,5,54,36,163,251,199,215
5e425dd5a33c0,4,41,52,129,219,181,167
5e425dd5a33c0,1,1@,38,152,239,190,201
5e425dd5a33c0,@,@normal,49,201,331,250,282
5e425dd5a33c0,normal,normalg,81,373,501,454,420
5e425dd5a33c0,g,gm,47,410,489,457,442
5e425dd5a33c0,m,ma,32,118,204,150,172
5e425dd5a33c0,a,ai,54,147,238,201,184
5e425dd5a33c0,i,il,37,200,271,237,234
5e425dd5a33c0,l,l.,34,196,284,230,250
5e425dd5a33c0,.,.c,54,129,221,183,167
5e425dd5a33c0,c,co,38,112,188,150,150
5e425dd5a33c0,o,om,38,197,261,235,223
5e425dd5a33c0,m,mm,26,22459,22525,22485,22499
5e425dd5a33c0,m,me,40,178,251,218,211
5e425dd5a33c0,e,ew,33,184,266,217,233
5e425dd5a33c0,w,w.,49,165,251,214,202
5e425dd5a33c0,.,.p,37,263,356,300,319
5e425dd5a33c0,p,pr,56,194,277,250,221
5e425dd5a33c0,r,ra,27,223,287,250,260
5e425dd5a33c0,a,an,37,180,242,217,205
5e425dd5a33c0,n,nw,25,99,184,124,159
5e425dd5a33c0,w,wa,60,166,279,226,219
5e425dd5a33c0,a,as,53,168,253,221,200
5e425dd5a33c0,s,smeta1,32,197,269,229,237
5e425dd5a33c0,meta1,meta12,40,210,285,250,245
5e425dd5a33c0,2,25,35,347,437,382,402
5e425dd5a33c0,5,54,55,164,254,219,199
5e425dd5a33c0,4,41,35,89,170,124,135
5e425dd5a33c0,1,1@,46,140,214,186,168
5e425dd5a33c0,@,@normal,28,176,246,204,218
5e425dd5a33c0,normal,normalg,42,318,406,360,364
5e425dd5a33c0,g,gm,46,245,329,291,283
5e425dd5a33c0,m,ma,38,110,176,148,138
5e425dd5a33c0,a,ai,28,172,239,200,211
5e425dd5a33c0,i,il,39,180,256,219,217
5e425dd5a33c0,l,l.,37,212,277,249,240
5e425dd5a33c0,.,.c,28,135,205,163,177
5e425dd5a33c0,c,co,42,164,231,206,189
5e425dd5a33c0,o,om,25,174,225,199,200
5e425dd5a33c0,m,mm,26,20745,20810,20771,20784
5e425dd5a33c0,m,me,39,142,216,181,177
5e425dd5a33c0,e,ew,35,183,254,218,219
5e425dd5a33c0,w,w.,36,164,237,200,201
5e425dd5a33c0,.,.p,37,262,350,299,313
5e425dd5a33c0,p,pr,51,147,226,198,175
5e425dd5a33c0,r,ra,28,206,273,234,245
5e425dd5a33c0,a,an,39,131,201,170,162
5e425dd5a33c0,n,nw,31,124,199,155,168
5e425dd5a33c0,w,wa,44,183,262,227,218
5e425dd5a33c0,a,as,35,199,268,234,233
5e425dd5a33c0,s,sp,34,-275227,-275125,-275193,-275159
5e425de61c7b0,p,pm,68,206,383,274,315
5e425de61c7b0,m,m.,109,131,326,240,217
5e425de61c7b0,.,.p,86,241,435,327,349
5e425de61c7b0,p,pc,108,681,890,789,782
5e425de61c7b0,c,cm,101,296,471,397,370
5e425de61c7b0,m,mm,74,245,405,319,331
5e425de61c7b0,m,mmeta1,86,208,368,294,282
5e425de61c7b0,meta1,meta1@,74,975,1177,1049,1103
5e425de61c7b0,@,@normal,128,255,492,383,364
5e425de61c7b0,normal,normalg,109,560,745,669,636
5e425de61c7b0,g,gm,76,422,626,498,550
5e425de61c7b0,m,ma,128,180,429,308,301
5e425de61c7b0,a,ai,121,83,301,204,180
5e425de61c7b0,i,i.,97,892,1065,989,968
5e425de61c7b0,.,.c,76,405,578,481,502
5e425de61c7b0,c,co,97,172,326,269,229
5e425de61c7b0,o,on,57,131,259,188,202
5e425de61c7b0,n,nbksp,71,1492,1655,1563,1584
5e425de61c7b0,bksp,bkspm,92,290,495,382,403
5e425de61c7b0,m,mm,113,49380,49561,49493,49448
5e425de61c7b0,m,m.,68,144,285,212,217
5e425de61c7b0,.,.c,73,845,1024,918,951
5e425de61c7b0,c,cm,106,55,239,161,133
5e425de61c7b0,m,mm,78,110,277,188,199
5e425de61c7b0,m,mmeta1,89,612,788,701,699
5e425de61c7b0,meta1,meta1@,87,446,623,533,536
5e425de61c7b0,@,@normal,90,164,356,254,266
5e425de61c7b0,normal,normalg,102,593,785,695,683
5e425de61c7b0,g,gm,90,446,608,536,518
5e425de61c7b0,m,ma,72,297,475,369,403
5e425de61c7b0,a,ai,106,19,200,125,94
5e425de61c7b0,i,il,75,145,294,220,219
5e425de61c7b0,l,l.,74,161,324,235,250
5e425de61c7b0,.,.c,89,293,494,382,405
5e425de61c7b0,c,co,112,18,172,130,60
5e425de61c7b0,o,om,42,121,242,163,200
5e425de61c7b0,m,mm,79,27168,27313,27247,27234
5e425de61c7b0,m,m.,66,165,286,231,220
5e425de61c7b0,.,.p,55,462,611,517,556
5e425de61c7b0,p,pc,94,256,452,350,358
5e425de61c7b0,c,cm,102,55,253,157,151
5e425de61c7b0,m,mm,96,129,297,225,201
5e425de61c7b0,m,mmeta1,72,378,554,450,482
5e425de61c7b0,meta1,meta1@,104,463,656,567,552
5e425de61c7b0,@,@normal,89,162,337,251,248
5e425de61c7b0,normal,normalg,86,647,790,733,704
5e425de61c7b0,g,gm,57,377,522,434,465
5e425de61c7b0,m,ma,88,88,290,176,202
5e425de61c7b0,a,ai,114,21,211,135,97
5e425de61c7b0,i,i.,76,810,962,886,886
5e425de61c7b0,.,.c,76,326,509,402,433
5e425de61c7b0,c,co,107,34,189,141,82
5e425de61c7b0,o,om,48,132,247,180,199
5e425de61c7b0,m,mp,67,41582,41734,41649,41667
5e425de61c7b0,p,pm,85,195,352,280,267
5e425de61c7b0,m,m.,72,609,773,681,701
5e425de61c7b0,.,.p,92,213,393,305,301
5e425de61c7b0,p,pc,88,306,523,394,435
5e425de61c7b0,c,cm,129,70,294,199,165
5e425de61c7b0,m,mm,95,105,261,200,166
5e425de61c7b0,m,mmeta1,61,396,560,457,499
5e425de61c7b0,meta1,meta1@,103,446,620,549,517
5e425de61c7b0,@,@normal,71,164,320,235,249
5e425de61c7b0,normal,normalg,85,579,756,664,671
5e425de61c7b0,g,gm,92,258,442,350,350
5e425de61c7b0,m,ma,92,77,276,169,184
5e425de61c7b0,a,al,107,193,355,300,248
5e425de61c7b0,l,lbksp,55,596,738,651,683
5e425de61c7b0,bksp,bkspi,87,376,554,463,467
5e425de61c7b0,i,il,91,145,307,236,216
5e425de61c7b0,l,l.,71,177,320,248,249
5e425de61c7b0,.,.c,72,631,791,703,719
5e425de61c7b0,c,co,88,39,185,127,97
5e425de61c7b0,o,om,58,141,260,199,202
5e425de61c7b0,m,mp,61,29086,29245,29147,29184
5e425de61c7b0,p,pm,98,198,398,296,300
5e425de61c7b0,m,m.,102,90,269,192,167
5e425de61c7b0,.,.p,77,161,343,238,266
5e425de61c7b0,p,pc,105,296,475,401,370
5e425de61c7b0,c,cm,74,36,203,110,129
5e425de61c7b0,m,mm,93,114,278,207,185
5e425de61c7b0,m,mmeta1,71,225,420,296,349
5e425de61c7b0,meta1,meta1@,124,313,513,437,389
5e425de61c7b0,@,@normal,76,193,340,269,264
5e425de61c7b0,normal,normalg,71,492,605,563,534
5e425de61c7b0,g,gm,42,339,457,381,415
5e425de61c7b0,m,ma,76,86,286,162,210
5e425de61c7b0,a,al,124,196,381,320,257
5e425de61c7b0,l,lbksp,61,758,895,819,834
5e425de61c7b0,bksp,bkspi,76,510,643,586,567
5e425de61c7b0,i,il,57,161,271,218,214
5e425de61c7b0,l,l.,53,197,336,250,283
5e425de61c7b0,.,.c,86,296,487,382,401
5e425de61c7b0,c,co,105,57,222,162,117
5e425de61c7b0,o,om,60,141,292,201,232
5e425de61c7b0,m,mp,91,32801,32998,32892,32907
5e425de61c7b0,p,pm,106,519,702,625,596
5e425de61c7b0,m,m.,77,175,327,252,250
5e425de61c7b0,.,.p,75,245,427,320,352
5e425de61c7b0,p,pc,107,129,372,236,265
5e425de61c7b0,c,cm,136,55,270,191,134
5e425de61c7b0,m,mm,79,174,330,253,251
5e425de61c7b0,m,mmeta1,77,432,590,509,513
5e425de61c7b0,meta1,meta1@,81,465,653,546,572
5e425de61c7b0,@,@normal,107,143,353,250,246
5e425de61c7b0,normal,normalg,103,610,772,713,669
5e425de61c7b0,g,gm,59,342,506,401,447
5e425de61c7b0,m,ma,105,90,309,195,204
5e425de61c7b0,a,ai,114,90,277,204,163
5e425de61c7b0,i,il,73,146,289,219,216
5e425de61c7b0,l,l.,70,543,722,613,652
5e425de61c7b0,.,.c,109,260,501,369,392
5e425de61c7b0,c,co,132,17,222,149,90
5e425de61c7b0,o,on,73,171,340,244,267
5e425de61c7b0,n,nbksp,96,760,949,856,853
5e425de61c7b0,bksp,bkspm,93,189,373,282,280
5e425de61c7b0,m,mp,91,33360,33546,33451,33455
5e425de61c7b0,p,pm,95,197,359,292,264
5e425de61c7b0,m,m.,67,125,269,192,202
5e425de61c7b0,.,.c,77,712,910,789,833
5e425de61c7b0,c,cm,121,127,321,248,200
5e425de61c7b0,m,mm,73,195,355,268,282
5e425de61c7b0,m,mmeta1,87,496,671,583,584
5e425de61c7b0,meta1,meta1@,88,293,473,381,385
5e425de61c7b0,@,@normal,92,193,372,285,280
5e425de61c7b0,normal,normalg,87,359,537,446,450
5e425de61c7b0,g,gm,91,331,509,422,418
5e425de61c7b0,m,ma,87,78,281,165,194
5e425de61c7b0,a,al,116,214,405,330,289
5e425de61c7b0,l,l.,75,143,307,218,232
5e425de61c7b0,.,.c,89,156,362,245,273
5e425de61c7b0,c,co,117,6,175,123,58
5e425de61c7b0,o,obksp,52,1361,1505,1413,1453
5e425de61c7b0,bksp,bkspbksp,92,107,256,199,164
5e425de61c7b0,bksp,bkspbksp,57,1061,1193,1118,1136
5e425de61c7b0,bksp,bkspi,75,525,674,600,599
5e425de61c7b0,i,il,74,175,322,249,248
5e425de61c7b0,l,l.,73,195,356,268,283
5e425de61c7b0,.,.c,88,412,627,500,539
5e425de61c7b0,c,co,127,34,220,161,93
5e425de61c7b0,o,om,59,130,261,189,202
5e425de61c7b0,m,mm,72,34724,34866,34796,34794
5e425de61c7b0,m,m.,70,161,285,231,215
5e425de61c7b0,.,.p,54,463,625,517,571
5e425de61c7b0,p,pc,108,461,657,569,549
5e425de61c7b0,c,cm,88,93,252,181,164
5e425de61c7b0,m,mm,71,107,257,178,186
5e425de61c7b0,m,mmeta1,79,361,561,440,482
5e425de61c7b0,meta1,meta1@,121,393,588,514,467
5e425de61c7b0,@,@normal,74,191,391,265,317
5e425de61c7b0,normal,normalg,126,528,728,654,602
5e425de61c7b0,g,gm,74,292,456,366,382
5e425de61c7b0,m,ma,90,93,272,183,182
5e425de61c7b0,a,ai,89,56,204,145,115
5e425de61c7b0,i,il,59,147,246,206,187
5e425de61c7b0,l,l.,40,177,303,217,263
5e425de61c7b0,.,.c,86,564,722,650,636
5e425de61c7b0,c,co,72,72,205,144,133
5e425de61c7b0,o,om,61,141,261,202,200
5e425de61c7b0,m,mp,59,26194,26359,26253,26300
5e425de61c7b0,p,pm,106,325,506,431,400
5e425de61c7b0,m,m.,75,108,245,183,170
5e425de61c7b0,.,.p,62,226,392,288,330
5e425de61c7b0,p,pc,104,191,438,295,334
5e425de61c7b0,c,cm,143,53,276,196,133
5e425de61c7b0,m,mm,80,143,265,223,185
5e425de61c7b0,m,mmeta1,42,323,474,365,432
5e425de61c7b0,meta1,meta1normal,109,539,759,648,650
5e425de61c7b0,normal,normalg,111,376,546,487,435
5e425de61c7b0,g,gm,59,277,424,336,365
5e425de61c7b0,m,ma,88,90,255,178,167
5e425de61c7b0,a,ai,77,53,178,130,101
5e425de61c7b0,i,il,48,159,265,207,217
5e425de61c7b0,l,l.,58,176,323,234,265
5e425de61c7b0,.,.c,89,230,422,319,333
5e425de61c7b0,c,co,103,97,240,200,137
5e425de61c7b0,o,om,40,149,288,189,248
5e425de61c7b0,m,mp,99,25548,25736,25647,25637
5e425de61c7b0,p,pm,89,790,953,879,864
5e425de61c7b0,m,m.,74,144,288,218,214
5e425de61c7b0,.,.p,70,180,355,250,285
5e425de61c7b0,p,pc,105,146,355,251,250
5e425de61c7b0,c,cm,104,54,239,158,135
5e425de61c7b0,m,mm,81,139,297,220,216
5e425de61c7b0,m,mmeta1,77,244,444,321,367
5e425de61c7b0,meta1,meta1@,123,494,707,617,584
5e425de61c7b0,@,@normal,90,162,322,252,232
5e425de61c7b0,normal,normalg,70,629,773,699,703
5e425de61c7b0,g,gm,74,358,538,432,464
5e425de61c7b0,m,ma,106,53,257,159,151
5e425de61c7b0,a,ai,98,20,179,118,81
5e425de61c7b0,i,il,61,163,278,224,217
5e425de61c7b0,l,l.,54,164,289,218,235
5e425de61c7b0,.,.c,71,178,320,249,249
5e425de61c7b0,c,co,71,193,339,264,268
5e425de61c7b0,o,om,75,160,341,235,266
5e425de61c7b0,m,mk,106,-373537,-373347,-373431,-373453
5e425de6cae49,k,ku,84,71,233,155,149
5e425de6cae49,u,up,78,124,296,202,218
5e425de6cae49,p,pt,94,91,278,185,184
5e425de6cae49,t,ti,93,150,326,243,233
5e425de6cae49,i,ip,83,151,333,234,250
5e425de6cae49,p,po,99,89,265,188,166
5e425de6cae49,o,on,77,232,395,309,318
5e425de6cae49,n,ng,86,89,270,175,184
5e425de6cae49,g,g.,95,323,510,418,415
5e425de6cae49,.,.p,92,310,492,402,400
5e425de6cae49,p,pa,90,725,912,815,822
5e425de6cae49,a,ar,97,481,640,578,543
5e425de6cae49,r,rk,62,195,346,257,284
5e425de6cae49,k,kmeta1,89,1047,1206,1136,1117
5e425de6cae49,meta1,meta1@,70,648,803,718,733
5e425de6cae49,@,@normal,85,126,302,211,217
5e425de6cae49,normal,normalg,91,420,573,511,482
5e425de6cae49,g,gm,62,90,231,152,169
5e425de6cae49,m,mi,79,349,527,428,448
5e425de6cae49,i,il,99,274,451,373,352
5e425de6cae49,l,lbksp,78,628,795,706,717
5e425de6cae49,bksp,bkspi,89,264,439,353,350
5e425de6cae49,i,il,86,143,301,229,215
5e425de6cae49,l,l.,72,563,725,635,653
5e425de6cae49,.,.c,90,196,354,286,264
5e425de6cae49,c,co,68,92,252,160,184
5e425de6cae49,o,om,92,175,358,267,266
5e425de6cae49,m,mk,91,36030,36208,36121,36117
5e425de6cae49,k,ku,87,124,274,211,187
5e425de6cae49,u,up,63,115,277,178,214
5e425de6cae49,p,pt,99,429,586,528,487
5e425de6cae49,t,ti,58,157,289,215,231
5e425de6cae49,i,ip,74,164,324,238,250
5e425de6cae49,p,po,86,137,284,223,198
5e425de6cae49,o,on,61,265,397,326,336
5e425de6cae49,n,ng,71,91,223,162,152
5e425de6cae49,g,gp,61,974,1114,1035,1053
5e425de6cae49,p,pa,79,84,260,163,181
5e425de6cae49,a,ar,97,319,479,416,382
5e425de6cae49,r,rk,63,102,263,165,200
5e425de6cae49,k,kmeta1,98,758,949,856,851
5e425de6cae49,meta1,meta1@,93,415,592,508,499
5e425de6cae49,@,@normal,84,51,231,135,147
5e425de6cae49,normal,normalg,96,345,531,441,435
5e425de6cae49,g,gm,90,94,274,184,184
5e425de6cae49,m,ma,90,101,305,191,215
5e425de6cae49,a,al,114,240,431,354,317
5e425de6cae49,l,l.,77,525,648,602,571
5e425de6cae49,.,.c,46,305,429,351,383
5e425de6cae49,c,co,78,105,258,183,180
5e425de6cae49,o,om,75,143,291,218,216
5e425de6cae49,m,mk,73,27633,27795,27706,27722
5e425de6cae49,k,ku,89,123,286,212,197
5e425de6cae49,u,up,74,195,340,269,266
5e425de6cae49,p,pt,71,129,272,200,201
5e425de6cae49,t,ti,72,142,288,214,216
5e425de6cae49,i,ip,74,142,309,216,235
5e425de6cae49,p,po,93,125,292,218,199
5e425de6cae49,o,on,74,246,390,320,316
5e425de6cae49,n,ng,70,108,255,178,185
5e425de6cae49,g,gspace,77,158,307,235,230
5e425de6cae49,space,spacep,72,217,358,289,286
5e425de6cae49,p,pa,69,19,183,88,114
5e425de6cae49,a,abksp,95,1834,1999,1929,1904
5e425de6cae49,bksp,bkspbksp,70,91,235,161,165
5e425de6cae49,bksp,bkspbksp,74,177,341,251,267
5e425de6cae49,bksp,bkspbksp,90,71,241,161,151
5e425de6cae49,bksp,bksp.,80,778,929,858,849
5e425de6cae49,.,.p,71,295,462,366,391
5e425de6cae49,p,pa,96,588,774,684,678
5e425de6cae49,a,ar,90,222,370,312,280
5e425de6cae49,r,rk,58,91,259,149,201
5e425de6cae49,k,kmeta1,110,658,844,768,734
5e425de6cae49,meta1,meta1@,76,345,493,421,417
5e425de6cae49,@,@normal,72,166,352,238,280
5e425de6cae49,normal,normalg,114,304,501,418,387
5e425de6cae49,g,gm,83,137,314,220,231
5e425de6cae49,m,mi,94,350,544,444,450
5e425de6cae49,i,ibksp,100,492,686,592,586
5e425de6cae49,bksp,bkspa,94,691,879,785,785
5e425de6cae49,a,ai,94,178,358,272,264
5e425de6cae49,i,il,86,165,319,251,233
5e425de6cae49,l,l.,68,725,886,793,818
5e425de6cae49,.,.c,93,196,376,289,283
5e425de6cae49,c,co,87,106,270,193,183
5e425de6cae49,o,om,77,181,344,258,267
5e425de6cae49,m,mk,86,27832,27952,27918,27866
5e425de6cae49,k,ku,34,89,185,123,151
5e425de6cae49,u,up,62,162,295,224,233
5e425de6cae49,p,pt,71,129,290,200,219
5e425de6cae49,t,ti,90,91,290,181,200
5e425de6cae49,i,ip,109,146,341,255,232
5e425de6cae49,p,po,86,120,268,206,182
5e425de6cae49,o,on,62,214,346,276,284
5e425de6cae49,n,ng,70,125,270,195,200
5e425de6cae49,g,gbksp,75,634,778,709,703
5e425de6cae49,bksp,bkspg,69,872,1016,941,947
5e425de6cae49,g,g.,75,435,590,510,515
5e425de6cae49,.,.p,80,319,481,399,401
5e425de6cae49,p,pa,82,67,233,149,151
5e425de6cae49,a,ar,84,309,435,393,351
5e425de6cae49,r,rk,42,69,208,111,166
5e425de6cae49,k,kmeta1,97,1129,1300,1226,1203
5e425de6cae49,meta1,meta1@,74,440,590,514,516
5e425de6cae49,@,@normal,76,273,422,349,346
5e425de6cae49,normal,normalg,73,313,460,386,387
5e425de6cae49,g,gm,74,106,307,180,233
5e425de6cae49,m,mi,127,300,508,427,381
5e425de6cae49,i,il,81,177,348,258,267
5e425de6cae49,l,lbksp,90,946,1126,1036,1036
5e425de6cae49,bksp,bkspi,90,339,507,429,417
5e425de6cae49,i,il,78,140,277,218,199
5e425de6cae49,l,l.,59,598,724,657,665
5e425de6cae49,.,.c,67,249,349,316,282
5e425de6cae49,c,co,33,284,400,317,367
5e425de6cae49,o,om,83,193,335,276,252
5e425de6cae49,m,mk,59,33837,33961,33896,33902
5e425de6cae49,k,ku,65,120,263,185,198
5e425de6cae49,u,up,78,106,279,184,201
5e425de6cae49,p,pt,95,85,313,180,218
5e425de6cae49,t,ti,133,88,316,221,183
5e425de6cae49,i,ip,95,158,358,253,263
5e425de6cae49,p,po,105,105,307,210,202
5e425de6cae49,o,on,97,660,834,757,737
5e425de6cae49,n,ng,77,222,392,299,315
5e425de6cae49,g,g.,93,748,909,841,816
5e425de6cae49,.,.p,68,244,384,312,316
5e425de6cae49,p,pa,72,92,258,164,186
5e425de6cae49,a,at,94,241,408,335,314
5e425de6cae49,t,tr,73,633,754,706,681
5e425de6cae49,r,rk,48,102,198,150,150
5e425de6cae49,k,kr,48,1061,1182,1109,1134
5e425de6cae49,r,rk,73,259,410,332,337
5e425de6cae49,k,kmeta1,78,657,828,735,750
5e425de6cae49,meta1,meta1@,93,728,893,821,800
5e425de6cae49,@,@normal,72,107,237,179,165
5e425de6cae49,normal,normalg,58,429,560,487,502
5e425de6cae49,g,gm,73,73,257,146,184
5e425de6cae49,m,ml,111,522,707,633,596
5e425de6cae49,l,lbksp,74,486,612,560,538
5e425de6cae49,bksp,bkspbksp,52,48,199,100,147
5e425de6cae49,bksp,bkspa,99,150,284,249,185
5e425de6cae49,a,abksp,35,307,415,342,380
5e425de6cae49,bksp,bkspbksp,73,37,190,110,117
5e425de6cae49,bksp,bkspa,80,425,583,505,503
5e425de6cae49,a,ai,78,214,361,292,283
5e425de6cae49,i,il,69,174,318,243,249
5e425de6cae49,l,l.,75,600,789,675,714
5e425de6cae49,.,.c,114,138,350,252,236
5e425de6cae49,c,co,98,91,266,189,168
5e425de6cae49,o,om,77,194,360,271,283
5e425de6cae49,m,mk,89,34226,34390,34315,34301
5e425de6cae49,k,ku,75,74,226,149,151
5e425de6cae49,u,up,77,129,309,206,232
5e425de6cae49,p,pt,103,50,251,153,148
5e425de6cae49,t,ti,98,125,298,223,200
5e425de6cae49,i,ip,75,160,325,235,250
5e425de6cae49,p,po,90,137,306,227,216
5e425de6cae49,o,on,79,194,368,273,289
5e425de6cae49,n,ng,95,147,308,242,213
5e425de6cae49,g,gmeta1,66,517,668,583,602
5e425de6cae49,meta1,meta1.,85,230,385,315,300
5e425de6cae49,.,.normal,70,226,401,296,331
5e425de6cae49,normal,normalp,105,248,442,353,337
5e425de6cae49,p,pa,89,86,253,175,164
5e425de6cae49,a,ar,78,232,379,310,301
5e425de6cae49,r,rbksp,69,1260,1422,1329,1353
5e425de6cae49,bksp,bkspk,93,207,355,300,262
5e425de6cae49,k,kmeta1,55,683,810,738,755
5e425de6cae49,meta1,meta1@,72,408,571,480,499
5e425de6cae49,@,@normal,91,103,303,194,212
5e425de6cae49,normal,normalg,109,311,480,420,371
5e425de6cae49,g,gm,60,85,240,145,180
5e425de6cae49,m,ma,95,71,297,166,202
5e425de6cae49,a,au,131,58,298,189,167
5e425de6cae49,u,ul,109,141,325,250,216
5e425de6cae49,l,lbksp,75,313,459,388,384
5e425de6cae49,bksp,bkspbksp,71,52,216,123,145
5e425de6cae49,bksp,bkspi,93,962,1166,1055,1073
5e425de6cae49,i,il,111,159,324,270,213
5e425de6cae49,l,lmeta1,54,828,972,882,918
5e425de6cae49,meta1,meta1normal,90,710,860,800,770
5e425de6cae49,normal,normal.,60,271,409,331,349
5e425de6cae49,.,.c,78,325,492,403,414
5e425de6cae49,c,co,89,58,239,147,150
5e425de6cae49,o,om,92,142,328,234,236
5e425de6cae49,m,mj,94,24592,24742,24686,24648
5e425de6cae49,j,ju,56,121,239,177,183
5e425de6cae49,u,up,62,108,263,170,201
5e425de6cae49,p,pt,93,112,274,205,181
5e425de6cae49,t,ti,69,90,254,159,185
5e425de6cae49,i,ip,95,125,326,220,231
5e425de6cae49,p,po,106,105,291,211,185
5e425de6cae49,o,on,80,192,332,272,252
5e425de6cae49,n,ng,60,87,226,147,166
5e425de6cae49,g,g.,79,329,482,408,403
5e425de6cae49,.,.p,74,259,405,333,331
5e425de6cae49,p,pbksp,72,1469,1589,1541,1517
5e425de6cae49,bksp,bkspbksp,48,71,197,119,149
5e425de6cae49,bksp,bkspbksp,78,50,193,128,115
5e425de6cae49,bksp,bkspbksp,65,52,184,117,119
5e425de6cae49,bksp,bkspbksp,67,71,199,138,132
5e425de6cae49,bksp,bkspbksp,61,72,213,133,152
5e425de6cae49,bksp,bkspbksp,80,310,464,390,384
5e425de6cae49,bksp,bkspk,74,1782,1922,1856,1848
5e425de6cae49,k,ky,66,380,502,446,436
5e425de6cae49,y,yu,56,768,903,824,847
5e425de6cae49,u,ubksp,79,792,932,871,853
5e425de6cae49,bksp,bkspbksp,61,72,193,133,132
5e425de6cae49,bksp,bkspu,60,548,695,608,635
5e425de6cae49,u,up,87,207,367,294,280
5e425de6cae49,p,pt,73,124,290,197,217
5e425de6cae49,t,ti,93,158,344,251,251
5e425de6cae49,i,ip,93,175,359,268,266
5e425de6cae49,p,po,91,108,293,199,202
5e425de6cae49,o,on,94,309,494,403,400
5e425de6cae49,n,ng,91,222,374,313,283
5e425de6cae49,g,g.,61,227,360,288,299
5e425de6cae49,.,.p,72,292,439,364,367
5e425de6cae49,p,pa,75,21,209,96,134
5e425de6cae49,a,ar,113,235,463,348,350
5e425de6cae49,r,rk,115,113,331,228,216
5e425de6cae49,k,kbksp,103,610,788,713,685
5e425de6cae49,bksp,bkspe,75,626,791,701,716
5e425de6cae49,e,ek,90,177,322,267,232
5e425de6cae49,k,kr,55,975,1092,1030,1037
5e425de6cae49,r,rk,62,334,458,396,396
5e425de6cae49,k,kmeta1,62,1901,2064,1963,2002
5e425de6cae49,meta1,meta1@,101,323,500,424,399
5e425de6cae49,@,@normal,76,158,292,234,216
5e425de6cae49,normal,normalg,58,345,462,403,404
5e425de6cae49,g,gm,59,87,240,146,181
5e425de6cae49,m,ma,94,90,277,184,183
5e425de6cae49,a,al,93,306,476,399,383
5e425de6cae49,l,l.,77,466,612,543,535
5e425de6cae49,.,.c,69,141,301,210,232
5e425de6cae49,c,co,91,89,258,180,167
5e425de6cae49,o,om,78,191,343,269,265
5e425de6cae49,m,mk,74,24593,24744,24667,24670
5e425de6cae49,k,ku,77,130,274,207,197
5e425de6cae49,u,up,67,109,268,176,201
5e425de6cae49,p,pt,92,103,274,195,182
5e425de6cae49,t,ti,79,146,298,225,219
5e425de6cae49,i,ip,73,159,323,232,250
5e425de6cae49,p,po,91,107,274,198,183
5e425de6cae49,o,on,76,226,360,302,284
5e425de6cae49,n,ng,58,70,222,128,164
5e425de6cae49,g,g.,94,196,377,290,283
5e425de6cae49,.,.p,87,221,376,308,289
5e425de6cae49,p,pr,68,694,831,762,763
5e425de6cae49,r,rj,69,109,237,178,168
5e425de6cae49,j,jk,59,915,1073,974,1014
5e425de6cae49,k,kmeta1,99,902,1117,1001,1018
5e425de6cae49,meta1,meta1@,116,309,519,425,403
5e425de6cae49,@,@normal,94,89,291,183,197
5e425de6cae49,normal,normalg,108,424,627,532,519
5e425de6cae49,g,gm,95,91,311,186,216
5e425de6cae49,m,ma,125,159,356,284,231
5e425de6cae49,a,ai,72,127,256,199,184
5e425de6cae49,i,il,57,218,343,275,286
5e425de6cae49,l,l.,68,595,718,663,650
5e425de6cae49,.,.c,55,339,486,394,431
5e425de6cae49,c,co,92,37,206,129,114
5e425de6cae49,o,om,77,162,330,239,253
5e425de6cae49,m,mk,91,25245,25409,25336,25318
5e425de6cae49,k,ku,73,126,256,199,183
5e425de6cae49,u,up,57,123,271,180,214
5e425de6cae49,p,pt,91,88,278,179,187
5e425de6cae49,t,ti,99,123,317,222,218
5e425de6cae49,i,ip,95,144,326,239,231
5e425de6cae49,p,po,87,143,302,230,215
5e425de6cae49,o,on,72,209,372,281,300
5e425de6cae49,n,ng,91,86,225,177,134
5e425de6cae49,g,g.,48,649,767,697,719
5e425de6cae49,.,.p,70,209,372,279,302
5e425de6cae49,p,pr,93,1045,1208,1138,1115
5e425de6cae49,r,rk,70,107,253,177,183
5e425de6cae49,k,kmeta1,76,793,977,869,901
5e425de6cae49,meta1,meta1@,108,366,541,474,433
5e425de6cae49,@,@normal,67,123,266,190,199
5e425de6cae49,normal,normalg,76,312,445,388,369
5e425de6cae49,g,gm,57,88,238,145,181
5e425de6cae49,m,mi,93,252,410,345,317
5e425de6cae49,i,il,65,210,346,275,281
5e425de6cae49,l,lbksp,71,297,426,368,355
5e425de6cae49,bksp,bkspbksp,58,50,187,108,129
5e425de6cae49,bksp,bkspa,79,70,247,149,168
5e425de6cae49,a,ai,98,69,248,167,150
5e425de6cae49,i,il,81,198,313,279,232
5e425de6cae49,l,l.,34,545,670,579,636
5e425de6cae49,.,.c,91,174,338,265,247
5e425de6cae49,c,co,73,73,224,146,151
5e425de6cae49,o,om,78,171,330,249,252
5e425de6cae49,m,mk,81,26812,26981,26893,26900
5e425de6cae49,k,ku,88,92,223,180,135
5e425de6cae49,u,up,43,193,340,236,297
5e425de6cae49,p,pt,104,51,236,155,132
5e425de6cae49,t,ti,81,142,299,223,218
5e425de6cae49,i,ip,76,162,344,238,268
5e425de6cae49,p,po,106,115,288,221,182
5e425de6cae49,o,on,67,247,388,314,321
5e425de6cae49,n,ng,74,72,240,146,166
5e425de6cae49,g,g.,94,1391,1612,1485,1518
5e425de6cae49,.,.p,127,175,373,302,246
5e425de6cae49,p,pa,71,88,240,159,169
5e425de6cae49,a,ar,81,236,412,317,331
5e425de6cae49,r,rk,95,71,244,166,149
5e425de6cae49,k,kmeta1,78,632,797,710,719
5e425de6cae49,meta1,meta1@,87,313,487,400,400
5e425de6cae49,@,@normal,87,90,270,177,183
5e425de6cae49,normal,normalg,93,314,492,407,399
5e425de6cae49,g,gm,85,55,235,140,150
5e425de6cae49,m,ma,95,107,296,202,201
5e425de6cae49,a,ai,94,73,245,167,151
5e425de6cae49,i,il,78,110,278,188,200
5e425de6cae49,l,lmeta1,90,341,523,431,433
5e425de6cae49,meta1,meta1.,92,364,510,456,418
5e425de6cae49,.,.normal,54,327,485,381,431
5e425de6cae49,normal,normalc,104,428,623,532,519
5e425de6cae49,c,co,91,55,221,146,130
5e425de6cae49,o,om,75,155,308,230,233
5e425de6cae49,m,mp,78,-221750,-221616,-221672,-221694
5e425e7126679,p,pu,56,414,536,470,480
5e425e7126679,u,un,66,250,368,316,302
5e425e7126679,n,ng,52,811,933,863,881
5e425e7126679,g,gshift,70,615,755,685,685
5e425e7126679,shift,shiftshift,70,607,740,677,670
5e425e7126679,shift,shiftmeta1,63,642,767,705,704
5e425e7126679,meta1,meta1meta2,62,1302,1421,1364,1359
5e425e7126679,meta2,meta2_,57,411,525,468,468
5e425e7126679,_,_normal,57,859,974,916,917
5e425e7126679,normal,normalc,58,476,607,534,549
5e425e7126679,c,cr,73,209,337,282,264
5e425e7126679,r,ro,55,582,710,637,655
5e425e7126679,o,om,73,227,324,300,251
5e425e7126679,m,ma,24,658,740,682,716
5e425e7126679,a,at,58,360,472,418,414
5e425e7126679,t,ti,54,346,438,400,384
5e425e7126679,i,ie,38,476,552,514,514
5e425e7126679,e,emeta1,38,1181,1291,1219,1253
5e425e7126679,meta1,meta1@,72,1025,1171,1097,1099
5e425e7126679,@,@normal,74,665,808,739,734
5e425e7126679,normal,normalh,69,443,587,512,518
5e425e7126679,h,ho,75,211,355,286,280
5e425e7126679,o,ot,69,313,437,382,368
5e425e7126679,t,tn,55,247,356,302,301
5e425e7126679,n,nbksp,54,1114,1250,1168,1196
5e425e7126679,bksp,bkspm,82,336,483,418,401
5e425e7126679,m,mi,65,1498,1620,1563,1555
5e425e7126679,i,il,57,144,239,201,182
5e425e7126679,l,l.,38,847,940,885,902
5e425e7126679,.,.c,55,495,603,550,548
5e425e7126679,c,co,53,242,350,295,297
5e425e7126679,o,o.,55,281,391,336,336
5e425e7126679,.,.t,55,541,671,596,616
5e425e7126679,t,th,75,693,841,768,766
5e425e7126679,h,hp,73,42479,42609,42552,42536
5e425e7126679,p,pu,57,579,690,636,633
5e425e7126679,u,un,54,264,371,318,317
5e425e7126679,n,ng,53,256,386,309,333
5e425e7126679,g,gmeta1,77,1039,1178,1116,1101
5e425e7126679,meta1,meta1meta2,62,496,627,558,565
5e425e7126679,meta2,meta2_,69,298,421,367,352
5e425e7126679,_,_normal,54,328,439,382,385
5e425e7126679,normal,normalc,57,593,722,650,665
5e425e7126679,c,cr,72,178,302,250,230
5e425e7126679,r,ro,52,316,421,368,369
5e425e7126679,o,om,53,164,283,217,230
5e425e7126679,m,ma,66,335,472,401,406
5e425e7126679,a,at,71,507,633,578,562
5e425e7126679,t,ti,55,294,406,349,351
5e425e7126679,i,ie,57,348,459,405,402
5e425e7126679,e,emeta1,54,1141,1269,1195,1215
5e425e7126679,meta1,meta1@,74,876,1023,950,949
5e425e7126679,@,@normal,73,413,557,486,484
5e425e7126679,normal,normalh,71,461,588,532,517
5e425e7126679,h,ho,56,281,407,337,351
5e425e7126679,o,ot,70,411,538,481,468
5e425e7126679,t,tm,57,561,655,618,598
5e425e7126679,m,ma,37,345,438,382,401
5e425e7126679,a,ai,56,266,369,322,313
5e425e7126679,i,il,47,118,247,165,200
5e425e7126679,l,l.,82,290,452,372,370
5e425e7126679,.,.c,80,561,681,641,601
5e425e7126679,c,co,40,328,424,368,384
5e425e7126679,o,o.,56,222,336,278,280
5e425e7126679,.,.t,58,433,543,491,485
5e425e7126679,t,th,52,147,234,199,182
5e425e7126679,h,hp,35,33340,33421,33375,33386
5e425e7126679,p,pu,46,245,380,291,334
5e425e7126679,u,un,89,280,439,369,350
5e425e7126679,n,ng,70,212,336,282,266
5e425e7126679,g,gmeta1,54,813,939,867,885
5e425e7126679,meta1,meta1meta2,72,642,771,714,699
5e425e7126679,meta2,meta2_,57,279,377,336,320
5e425e7126679,_,_normal,41,323,424,364,383
5e425e7126679,normal,normalc,60,580,722,640,662
5e425e7126679,c,cr,82,172,317,254,235
5e425e7126679,r,ro,63,330,446,393,383
5e425e7126679,o,om,53,167,253,220,200
5e425e7126679,m,ma,33,396,468,429,435
5e425e7126679,a,at,39,661,739,700,700
5e425e7126679,t,ti,39,314,389,353,350
5e425e7126679,i,ie,36,241,334,277,298
5e425e7126679,e,emeta1,57,615,726,672,669
5e425e7126679,meta1,meta1normal,54,926,1052,980,998
5e425e7126679,normal,normalh,72,482,607,554,535
5e425e7126679,h,ho,53,260,369,313,316
5e425e7126679,o,ot,56,631,740,687,684
5e425e7126679,t,tm,53,311,421,364,368
5e425e7126679,m,ma,57,312,440,369,383
5e425e7126679,a,ai,71,288,436,359,365
5e425e7126679,i,il,77,128,276,205,199
5e425e7126679,l,l.,71,384,506,455,435
5e425e7126679,.,.c,51,811,954,862,903
5e425e7126679,c,co,92,258,421,350,329
5e425e7126679,o,o.,71,211,353,282,282
5e425e7126679,.,.t,71,388,556,459,485
5e425e7126679,t,th,97,139,281,236,184
5e425e7126679,h,hp,45,34617,34698,34662,34653
5e425e7126679,p,pu,36,296,400,332,364
5e425e7126679,u,un,68,537,687,605,619
5e425e7126679,n,ng,82,213,347,295,265
5e425e7126679,g,gmeta1,52,461,573,513,521
5e425e7126679,meta1,meta1meta2,60,404,538,464,478
5e425e7126679,meta2,meta2_,74,275,410,349,336
5e425e7126679,_,_normal,61,262,392,323,331
5e425e7126679,normal,normalc,69,378,519,447,450
5e425e7126679,c,cr,72,214,311,286,239
5e425e7126679,r,ro,25,250,337,275,312
5e425e7126679,o,om,62,184,292,246,230
5e425e7126679,m,ma,46,342,483,388,437
5e425e7126679,a,at,95,345,496,440,401
5e425e7126679,t,ti,56,262,356,318,300
5e425e7126679,i,ie,38,380,471,418,433
5e425e7126679,e,emeta1,53,417,520,470,467
5e425e7126679,meta1,meta1@,50,512,617,562,567
5e425e7126679,@,@normal,55,382,495,437,440
5e425e7126679,normal,normalh,58,637,751,695,693
5e425e7126679,h,ho,56,229,354,285,298
5e425e7126679,o,ot,69,264,404,333,335
5e425e7126679,t,tm,71,242,386,313,315
5e425e7126679,m,ma,73,601,712,674,639
5e425e7126679,a,ai,38,338,451,376,413
5e425e7126679,i,il,75,180,292,255,217
5e425e7126679,l,l.,37,409,519,446,482
5e425e7126679,.,.c,73,614,756,687,683
5e425e7126679,c,co,69,230,369,299,300
5e425e7126679,o,o.,70,312,453,382,383
5e425e7126679,.,.t,71,347,474,418,403
5e425e7126679,t,th,56,144,236,200,180
5e425e7126679,h,hp,36,29722,29821,29758,29785
5e425e7126679,p,pu,63,269,398,332,335
5e425e7126679,u,un,66,197,331,263,265
5e425e7126679,n,ng,68,181,318,249,250
5e425e7126679,g,gmeta1,69,350,489,419,420
5e425e7126679,meta1,meta1meta2,70,311,442,381,372
5e425e7126679,meta2,meta2_,61,289,422,350,361
5e425e7126679,_,_normal,72,197,336,269,264
5e425e7126679,normal,normalc,67,333,453,400,386
5e425e7126679,c,cr,53,165,283,218,230
5e425e7126679,r,ro,65,235,383,300,318
5e425e7126679,o,om,83,195,334,278,251
5e425e7126679,m,ma,56,366,479,422,423
5e425e7126679,a,at,57,392,518,449,461
5e425e7126679,t,ti,69,236,382,305,313
5e425e7126679,i,ie,77,301,417,378,340
5e425e7126679,e,emeta1,39,392,502,431,463
5e425e7126679,meta1,meta1@,71,780,921,851,850
5e425e7126679,@,@normal,70,415,551,485,481
5e425e7126679,normal,normalh,66,366,504,432,438
5e425e7126679,h,ho,72,227,353,299,281
5e425e7126679,o,ot,54,235,371,289,317
5e425e7126679,t,tm,82,212,347,294,265
5e425e7126679,m,ms,53,265,387,318,334
5e425e7126679,s,sa,69,1199,1336,1268,1267
5e425e7126679,a,ao,68,332,467,400,399
5e425e7126679,o,oi,67,656,804,723,737
5e425e7126679,i,il,81,137,294,218,213
5e425e7126679,l,l.,76,2046,2212,2122,2136
5e425e7126679,.,.c,90,412,558,502,468
5e425e7126679,c,co,56,342,439,398,383
5e425e7126679,o,o.,41,361,457,402,416
5e425e7126679,.,.t,55,439,555,494,500
5e425e7126679,t,th,61,136,259,197,198
5e425e7126679,h,hp,62,31198,31314,31260,31252
5e425e7126679,p,pu,54,246,371,300,317
5e425e7126679,u,un,71,166,304,237,233
5e425e7126679,n,ng,67,227,367,294,300
5e425e7126679,g,gmeta1,73,463,597,536,524
5e425e7126679,meta1,meta1_,61,559,687,620,626
5e425e7126679,_,_normal,67,227,365,294,298
5e425e7126679,normal,normalc,71,365,493,436,422
5e425e7126679,c,cr,57,144,270,201,213
5e425e7126679,r,ro,69,268,387,337,318
5e425e7126679,o,om,50,181,284,231,234
5e425e7126679,m,ma,53,297,435,350,382
5e425e7126679,a,at,85,479,619,564,534
5e425e7126679,t,ti,55,231,370,286,315
5e425e7126679,i,ie,84,316,470,400,386
5e425e7126679,e,emeta1,70,329,471,399,401
5e425e7126679,meta1,meta1meta2,72,260,392,332,320
5e425e7126679,meta2,meta2meta1,60,1814,1955,1874,1895
5e425e7126679,meta1,meta1@,81,813,967,894,886
5e425e7126679,@,@normal,73,878,1006,951,933
5e425e7126679,normal,normalh,55,412,537,467,482
5e425e7126679,h,ho,70,144,286,214,216
5e425e7126679,o,ot,72,296,425,368,353
5e425e7126679,t,tm,57,293,405,350,348
5e425e7126679,m,ma,55,277,390,332,335
5e425e7126679,a,ai,58,271,391,329,333
5e425e7126679,i,il,62,147,275,209,213
5e425e7126679,l,l.,66,282,417,348,351
5e425e7126679,.,.c,69,314,452,383,383
5e425e7126679,c,co,69,181,302,250,233
5e425e7126679,o,o.,52,247,355,299,303
5e425e7126679,.,.t,56,308,456,364,400
5e425e7126679,t,th,92,126,289,218,197
5e425e7126679,h,hp,71,33578,33690,33649,33619
5e425e7126679,p,pu,41,281,392,322,351
5e425e7126679,u,un,70,165,303,235,233
5e425e7126679,n,ng,68,847,971,915,903
5e425e7126679,g,gmeta1,56,512,624,568,568
5e425e7126679,meta1,meta1_,56,695,803,751,747
5e425e7126679,_,_normal,52,197,316,249,264
5e425e7126679,normal,normalc,67,465,586,532,519
5e425e7126679,c,cr,54,196,320,250,266
5e425e7126679,r,ro,70,217,368,287,298
5e425e7126679,o,om,81,170,333,251,252
5e425e7126679,m,ma,82,346,499,428,417
5e425e7126679,a,at,71,349,473,420,402
5e425e7126679,t,ti,53,529,618,582,565
5e425e7126679,i,ie,36,621,718,657,682
5e425e7126679,e,emeta1,61,732,850,793,789
5e425e7126679,meta1,meta1meta2,57,224,336,281,279
5e425e7126679,meta2,meta2meta1,55,895,1005,950,950
5e425e7126679,meta1,meta1@,55,445,572,500,517
5e425e7126679,@,@meta2,72,396,522,468,450
5e425e7126679,meta2,meta2normal,54,360,470,414,416
5e425e7126679,normal,normalh,56,494,623,550,567
5e425e7126679,h,ho,73,195,338,268,265
5e425e7126679,o,ot,70,267,388,337,318
5e425e7126679,t,tm,51,230,335,281,284
5e425e7126679,m,ma,54,346,474,400,420
5e425e7126679,a,ai,74,358,489,432,415
5e425e7126679,i,il,57,212,321,269,264
5e425e7126679,l,l.,52,779,887,831,835
5e425e7126679,.,.c,56,459,589,515,533
5e425e7126679,c,co,74,279,425,353,351
5e425e7126679,o,o.,72,296,438,368,366
5e425e7126679,.,.y,70,294,436,364,366
5e425e7126679,y,yh,72,124,239,196,167
5e425e7126679,h,hbksp,43,861,993,904,950
5e425e7126679,bksp,bkspbksp,89,110,255,199,166
5e425e7126679,bksp,bkspt,56,495,624,551,568
5e425e7126679,t,th,73,195,321,268,248
5e425e7126679,h,hp,53,28520,28623,28573,28570
5e425e7126679,p,pu,50,279,368,329,318
5e425e7126679,u,un,39,308,402,347,363
5e425e7126679,n,ng,55,298,423,353,368
5e425e7126679,g,gmeta1,70,618,743,688,673
5e425e7126679,meta1,meta1meta2,55,375,489,430,434
5e425e7126679,meta2,meta2_,59,272,386,331,327
5e425e7126679,_,_normal,55,196,304,251,249
5e425e7126679,normal,normalc,53,414,538,467,485
5e425e7126679,c,cr,71,162,272,233,201
5e425e7126679,r,ro,39,247,353,286,314
5e425e7126679,o,om,67,139,267,206,200
5e425e7126679,m,ma,61,335,462,396,401
5e425e7126679,a,at,66,321,438,387,372
5e425e7126679,t,ti,51,274,399,325,348
5e425e7126679,i,ie,74,226,354,300,280
5e425e7126679,e,emeta1,54,477,589,531,535
5e425e7126679,meta1,meta1@,58,474,607,532,549
5e425e7126679,@,@normal,75,281,441,356,366
5e425e7126679,normal,normalh,85,428,587,513,502
5e425e7126679,h,ho,74,243,390,317,316
5e425e7126679,o,ot,73,196,338,269,265
5e425e7126679,t,tm,69,280,407,349,338
5e425e7126679,m,ma,58,344,471,402,413
5e425e7126679,a,ai,69,311,440,380,371
5e425e7126679,i,il,60,142,272,202,212
5e425e7126679,l,l.,70,308,438,378,368
5e425e7126679,.,.c,60,699,795,759,735
5e425e7126679,c,co,36,243,351,279,315
5e425e7126679,o,o.,72,210,339,282,267
5e425e7126679,.,.t,57,412,527,469,470
5e425e7126679,t,th,58,155,254,213,196
5e425e7126679,h,hp,41,28328,28410,28369,28369
5e425e7126679,p,pu,41,296,407,337,366
5e425e7126679,u,un,70,179,319,249,249
5e425e7126679,n,ng,70,177,320,247,250
5e425e7126679,g,gmeta1,73,334,475,407,402
5e425e7126679,meta1,meta1meta2,68,180,302,248,234
5e425e7126679,meta2,meta2_,54,309,438,363,384
5e425e7126679,_,_normal,75,207,338,282,263
5e425e7126679,normal,normalc,56,412,544,468,488
5e425e7126679,c,cr,76,162,305,238,229
5e425e7126679,r,ro,67,245,368,312,301
5e425e7126679,o,on,56,194,305,250,249
5e425e7126679,n,na,55,395,527,450,472
5e425e7126679,a,at,77,323,442,400,365
5e425e7126679,t,ti,42,305,404,347,362
5e425e7126679,i,ie,57,266,394,323,337
5e425e7126679,e,emeta1,71,576,706,647,635
5e425e7126679,meta1,meta1@,59,424,541,483,482
5e425e7126679,@,@normal,58,292,407,350,349
5e425e7126679,normal,normalh,57,456,574,513,517
5e425e7126679,h,ho,61,314,445,375,384
5e425e7126679,o,ot,70,592,703,662,633
5e425e7126679,t,tm,41,310,408,351,367
5e425e7126679,m,ma,57,329,457,386,400
5e425e7126679,a,ai,71,291,436,362,365
5e425e7126679,i,il,74,148,274,222,200
5e425e7126679,l,l.,52,277,371,329,319
5e425e7126679,.,.c,42,645,741,687,699
5e425e7126679,c,co,54,245,371,299,317
5e425e7126679,o,o.,72,242,387,314,315
5e425e7126679,.,.t,73,359,490,432,417
5e425e7126679,t,th,58,178,258,236,200
5e425e7126679,h,hp,22,29540,29612,29562,29590
5e425e7126679,p,pu,50,245,365,295,315
5e425e7126679,u,un,70,193,333,263,263
5e425e7126679,n,ng,70,162,285,232,215
5e425e7126679,g,gmeta1,53,515,655,568,602
5e425e7126679,meta1,meta1meta2,87,244,403,331,316
5e425e7126679,meta2,meta2_,72,447,592,519,520
5e425e7126679,_,_normal,73,177,319,250,246
5e425e7126679,normal,normalc,69,383,505,452,436
5e425e7126679,c,cr,53,175,284,228,231
5e425e7126679,r,ro,56,296,409,352,353
5e425e7126679,o,on,57,155,273,212,216
5e425e7126679,n,na,61,337,492,398,431
5e425e7126679,a,at,94,329,480,423,386
5e425e7126679,t,ti,57,260,392,317,335
5e425e7126679,i,ie,75,252,389,327,314
5e425e7126679,e,emeta1,62,478,614,540,552
5e425e7126679,meta1,meta1@,74,509,641,583,567
5e425e7126679,@,@normal,58,392,523,450,465
5e425e7126679,normal,normalh,73,527,657,600,584
5e425e7126679,h,ho,57,242,355,299,298
5e425e7126679,o,ot,56,263,375,319,319
5e425e7126679,t,tm,56,226,338,282,282
5e425e7126679,m,ma,56,272,405,328,349
5e425e7126679,a,ai,77,262,396,339,319
5e425e7126679,i,il,57,108,238,165,181
5e425e7126679,l,l.,73,295,426,368,353
5e425e7126679,.,.c,58,628,741,686,683
5e425e7126679,c,co,55,259,354,314,299
5e425e7126679,o,o.,40,227,340,267,300
5e425e7126679,.,.t,73,296,438,369,365
5e425e7126679,t,th,69,126,253,195,184
5e425e7126679,h,hp,58,-214521,-214377,-214463,-214435
5e425f5dac2ce,p,pa,86,281,435,367,349
5e425f5dac2ce,a,ak,68,191,333,259,265
5e425f5dac2ce,k,kd,74,649,762,723,688
5e425f5dac2ce,d,de,39,279,374,318,335
5e425f5dac2ce,e,ee,56,107,185,163,129
5e425f5dac2ce,e,emeta1,22,865,966,887,944
5e425f5dac2ce,meta1,meta1meta2,79,833,969,912,890
5e425f5dac2ce,meta2,meta2_,57,744,859,801,802
5e425f5dac2ce,_,_meta1,58,1212,1325,1270,1267
5e425f5dac2ce,meta1,meta12,55,691,778,746,723
5e425f5dac2ce,2,25,32,703,766,735,734
5e425f5dac2ce,5,54,31,655,756,686,725
5e425f5dac2ce,4,41,70,161,303,231,233
5e425f5dac2ce,1,1normal,72,1728,1871,1800,1799
5e425f5dac2ce,normal,normalh,71,598,726,669,655
5e425f5dac2ce,h,ho,57,393,485,450,428
5e425f5dac2ce,o,ot,35,579,652,614,617
5e425f5dac2ce,t,tm,38,649,755,687,717
5e425f5dac2ce,m,ma,68,294,421,362,353
5e425f5dac2ce,a,ai,59,329,456,388,397
5e425f5dac2ce,i,il,68,632,785,700,717
5e425f5dac2ce,l,l.,85,500,649,585,564
5e425f5dac2ce,.,.c,64,982,1084,1046,1020
5e425f5dac2ce,c,co,38,1124,1220,1162,1182
5e425f5dac2ce,o,om,58,397,512,455,454
5e425f5dac2ce,m,mp,57,31066,31205,31123,31148
5e425f5dac2ce,p,pa,82,279,417,361,335
5e425f5dac2ce,a,ak,56,163,303,219,247
5e425f5dac2ce,k,kd,84,765,937,849,853
5e425f5dac2ce,d,de,88,263,422,351,334
5e425f5dac2ce,e,ee,71,94,218,165,147
5e425f5dac2ce,e,emeta1,53,749,889,802,836
5e425f5dac2ce,meta1,meta1_,87,1396,1554,1483,1467
5e425f5dac2ce,_,_meta1,71,778,905,849,834
5e425f5dac2ce,meta1,meta12,56,633,757,689,701
5e425f5dac2ce,2,25,68,412,565,480,497
5e425f5dac2ce,5,54,85,129,267,214,182
5e425f5dac2ce,4,41,53,115,221,168,168
5e425f5dac2ce,1,1@,53,1064,1189,1117,1136
5e425f5dac2ce,@,@normal,72,881,1019,953,947
5e425f5dac2ce,normal,normalh,66,831,953,897,887
5e425f5dac2ce,h,ho,56,295,421,351,365
5e425f5dac2ce,o,ot,70,344,468,414,398
5e425f5dac2ce,t,tm,54,731,854,785,800
5e425f5dac2ce,m,ma,69,249,372,318,303
5e425f5dac2ce,a,ai,54,211,335,265,281
5e425f5dac2ce,i,il,70,615,740,685,670
5e425f5dac2ce,l,l.,55,278,421,333,366
5e425f5dac2ce,.,.c,88,375,521,463,433
5e425f5dac2ce,c,co,58,361,475,419,417
5e425f5dac2ce,o,om,56,229,352,285,296
5e425f5dac2ce,m,mp,67,27665,27762,27732,27695
5e425f5dac2ce,p,pk,30,404,505,434,475
5e425f5dac2ce,k,kbksp,71,981,1121,1052,1050
5e425f5dac2ce,bksp,bkspa,69,562,703,631,634
5e425f5dac2ce,a,ak,72,183,336,255,264
5e425f5dac2ce,k,kd,81,832,1000,913,919
5e425f5dac2ce,d,de,87,170,320,257,233
5e425f5dac2ce,e,ee,63,88,212,151,149
5e425f5dac2ce,e,eshift,61,1062,1181,1123,1120
5e425f5dac2ce,shift,shiftmeta1,58,341,473,399,415
5e425f5dac2ce,meta1,meta1meta2,74,594,741,668,667
5e425f5dac2ce,meta2,meta2_,73,2047,2175,2120,2102
5e425f5dac2ce,_,_meta1,55,608,723,663,668
5e425f5dac2ce,meta1,meta12,60,607,707,667,647
5e425f5dac2ce,2,25,40,461,575,501,535
5e425f5dac2ce,5,54,74,145,303,219,229
5e425f5dac2ce,4,4@,84,1165,1321,1249,1237
5e425f5dac2ce,@,@normal,72,460,589,532,517
5e425f5dac2ce,normal,normalh,57,528,658,585,601
5e425f5dac2ce,h,ho,73,310,456,383,383
5e425f5dac2ce,o,ot,73,414,554,487,481
5e425f5dac2ce,t,tm,67,696,819,763,752
5e425f5dac2ce,m,ma,56,2029,2141,2085,2085
5e425f5dac2ce,a,ai,56,677,803,733,747
5e425f5dac2ce,i,il,70,557,719,627,649
5e425f5dac2ce,l,l.,92,263,428,355,336
5e425f5dac2ce,.,.c,73,446,587,519,514
5e425f5dac2ce,c,co,68,381,504,449,436
5e425f5dac2ce,o,om,55,259,387,314,332
5e425f5dac2ce,m,mp,73,37431,37574,37504,37501
5e425f5dac2ce,p,pk,70,492,636,562,566
5e425f5dac2ce,k,kd,74,1248,1377,1322,1303
5e425f5dac2ce,d,de,55,196,321,251,266
5e425f5dac2ce,e,ee,70,97,218,167,148
5e425f5dac2ce,e,emeta1,51,800,935,851,884
5e425f5dac2ce,meta1,meta1meta2,84,660,821,744,737
5e425f5dac2ce,meta2,meta2meta1,77,1210,1351,1287,1274
5e425f5dac2ce,meta1,meta12,64,682,805,746,741
5e425f5dac2ce,2,25,59,627,740,686,681
5e425f5dac2ce,5,54,54,733,855,787,801
5e425f5dac2ce,4,4@,68,1613,1739,1681,1671
5e425f5dac2ce,@,@normal,58,241,353,299,295
5e425f5dac2ce,normal,normalh,54,697,824,751,770
5e425f5dac2ce,h,ho,73,346,451,419,378
5e425f5dac2ce,o,ot,32,331,418,363,386
5e425f5dac2ce,t,tm,55,614,739,669,684
5e425f5dac2ce,m,ma,70,199,351,269,281
5e425f5dac2ce,a,ai,82,230,383,312,301
5e425f5dac2ce,i,il,71,327,471,398,400
5e425f5dac2ce,l,l.,73,616,758,689,685
5e425f5dac2ce,.,.c,69,583,704,652,635
5e425f5dac2ce,c,co,52,495,649,547,597
5e425f5dac2ce,o,om,102,312,487,414,385
5e425f5dac2ce,m,mp,73,34034,34193,34107,34120
5e425f5dac2ce,p,pk,86,473,651,559,565
5e425f5dac2ce,k,kbksp,92,1095,1260,1187,1168
5e425f5dac2ce,bksp,bkspa,73,462,605,535,532
5e425f5dac2ce,a,ak,70,190,352,260,282
5e425f5dac2ce,k,kd,92,586,729,678,637
5e425f5dac2ce,d,de,51,194,283,245,232
5e425f5dac2ce,e,ee,38,103,184,141,146
5e425f5dac2ce,e,emeta2,43,2365,2482,2408,2439
5e425f5dac2ce,meta2,meta2meta1,74,1095,1256,1169,1182
5e425f5dac2ce,meta1,meta12,87,699,821,786,734
5e425f5dac2ce,2,25,35,398,518,433,483
5e425f5dac2ce,5,54,85,161,317,246,232
5e425f5dac2ce,4,4normal,71,2015,2157,2086,2086
5e425f5dac2ce,normal,normalh,71,547,687,618,616
5e425f5dac2ce,h,ho,69,266,423,335,354
5e425f5dac2ce,o,ot,88,528,654,616,566
5e425f5dac2ce,t,tm,38,595,703,633,665
5e425f5dac2ce,m,mi,70,698,836,768,766
5e425f5dac2ce,i,ia,68,1931,2088,1999,2020
5e425f5dac2ce,a,ai,89,493,653,582,564
5e425f5dac2ce,i,il,71,380,524,451,453
5e425f5dac2ce,l,l.,73,709,852,782,779
5e425f5dac2ce,.,.c,70,740,889,810,819
5e425f5dac2ce,c,co,79,615,779,694,700
5e425f5dac2ce,o,om,85,347,504,432,419
5e425f5dac2ce,m,mp,72,34101,34256,34173,34184
5e425f5dac2ce,p,pk,83,759,933,842,850
5e425f5dac2ce,k,kd,91,947,1110,1038,1019
5e425f5dac2ce,d,de,72,265,390,337,318
5e425f5dac2ce,e,ee,53,71,168,124,115
5e425f5dac2ce,e,eshift,44,1657,1777,1701,1733
5e425f5dac2ce,shift,shiftmeta1,76,694,845,770,769
5e425f5dac2ce,meta1,meta1meta2,75,447,603,522,528
5e425f5dac2ce,meta2,meta2_,81,388,553,469,472
5e425f5dac2ce,_,_meta1,84,512,666,596,582
5e425f5dac2ce,meta1,meta12,70,826,970,896,900
5e425f5dac2ce,2,25,74,544,691,618,617
5e425f5dac2ce,5,54,73,147,287,220,214
5e425f5dac2ce,4,4normal,67,1868,2016,1935,1949
5e425f5dac2ce,normal,normalh,81,500,636,581,555
5e425f5dac2ce,h,ho,55,309,434,364,379
5e425f5dac2ce,o,ot,70,630,771,700,701
5e425f5dac2ce,t,tm,71,530,674,601,603
5e425f5dac2ce,m,ma,73,194,340,267,267
5e425f5dac2ce,a,ai,73,259,371,332,298
5e425f5dac2ce,i,il,39,578,675,617,636
5e425f5dac2ce,l,l.,58,243,371,301,313
5e425f5dac2ce,.,.c,70,380,505,450,435
5e425f5dac2ce,c,co,55,394,506,449,451
5e425f5dac2ce,o,om,57,375,490,432,433
5e425f5dac2ce,m,mp,58,27950,28077,28008,28019
5e425f5dac2ce,p,pa,69,363,484,432,415
5e425f5dac2ce,a,ad,52,918,1035,970,983
5e425f5dac2ce,d,de,65,214,349,279,284
5e425f5dac2ce,e,emeta1,70,1030,1171,1100,1101
5e425f5dac2ce,meta1,meta1meta2,71,447,579,518,508
5e425f5dac2ce,meta2,meta2_,61,351,485,412,424
5e425f5dac2ce,_,_meta1,73,429,555,502,482
5e425f5dac2ce,meta1,meta12,53,578,704,631,651
5e425f5dac2ce,2,25,73,414,557,487,484
5e425f5dac2ce,5,54,70,198,335,268,265
5e425f5dac2ce,4,41,67,93,250,160,183
5e425f5dac2ce,1,1@,90,832,978,922,888
5e425f5dac2ce,@,@normal,56,275,387,331,331
5e425f5dac2ce,normal,normalh,56,545,692,601,636
5e425f5dac2ce,h,ho,91,345,505,436,414
5e425f5dac2ce,o,ot,69,563,705,632,636
5e425f5dac2ce,t,tm,73,560,668,633,595
5e425f5dac2ce,m,ma,35,213,321,248,286
5e425f5dac2ce,a,ai,73,1506,1640,1579,1567
5e425f5dac2ce,i,i.,61,979,1112,1040,1051
5e425f5dac2ce,.,.c,72,428,586,500,514
5e425f5dac2ce,c,co,86,214,404,300,318
5e425f5dac2ce,o,om,104,314,472,418,368
5e425f5dac2ce,m,mp,54,33310,33418,33364,33364
5e425f5dac2ce,p,pa,54,366,509,420,455
5e425f5dac2ce,a,ak,89,148,288,237,199
5e425f5dac2ce,k,kd,51,612,719,663,668
5e425f5dac2ce,d,de,56,163,270,219,214
5e425f5dac2ce,e,ee,51,92,185,143,134
5e425f5dac2ce,e,emeta1,42,864,976,906,934
5e425f5dac2ce,meta1,meta1meta2,70,661,804,731,734
5e425f5dac2ce,meta2,meta2_,73,410,540,483,467
5e425f5dac2ce,_,_meta1,57,547,663,604,606
5e425f5dac2ce,meta1,meta15,59,1495,1619,1554,1560
5e425f5dac2ce,5,54,65,124,230,189,165
5e425f5dac2ce,4,4@,41,780,876,821,835
5e425f5dac2ce,@,@normal,55,319,452,374,397
5e425f5dac2ce,normal,normalh,78,576,728,654,650
5e425f5dac2ce,h,ho,74,285,427,359,353
5e425f5dac2ce,o,ot,68,350,458,418,390
5e425f5dac2ce,t,tm,40,542,648,582,608
5e425f5dac2ce,m,ma,66,2164,2320,2230,2254
5e425f5dac2ce,a,ai,90,562,705,652,615
5e425f5dac2ce,i,il,53,382,468,435,415
5e425f5dac2ce,l,l.,33,1080,1186,1113,1153
5e425f5dac2ce,.,.c,73,360,523,433,450
5e425f5dac2ce,c,co,90,364,507,454,417
5e425f5dac2ce,o,om,53,212,317,265,264
5e425f5dac2ce,m,mp,52,27738,27840,27790,27788
5e425f5dac2ce,p,pk,50,479,579,529,529
5e425f5dac2ce,k,kbksp,50,651,744,701,694
5e425f5dac2ce,bksp,bkspa,43,424,520,467,477
5e425f5dac2ce,a,ak,53,512,605,565,552
5e425f5dac2ce,k,kd,40,729,837,769,797
5e425f5dac2ce,d,de,68,180,300,248,232
5e425f5dac2ce,e,ee,52,72,184,124,132
5e425f5dac2ce,e,emeta1,60,747,894,807,834
5e425f5dac2ce,meta1,meta1meta2,87,1914,2056,2001,1969
5e425f5dac2ce,meta2,meta2_,55,344,438,399,383
5e425f5dac2ce,_,_meta1,39,647,755,686,716
5e425f5dac2ce,meta1,meta12,69,663,771,732,702
5e425f5dac2ce,2,25,39,561,656,600,617
5e425f5dac2ce,5,54,56,145,236,201,180
5e425f5dac2ce,4,41,35,128,238,163,203
5e425f5dac2ce,1,1@,75,643,757,718,682
5e425f5dac2ce,@,@h,39,897,989,936,950
5e425f5dac2ce,h,ho,53,243,352,296,299
5e425f5dac2ce,o,ot,56,281,376,337,320
5e425f5dac2ce,t,tm,39,848,921,887,882
5e425f5dac2ce,m,ma,34,696,801,730,767
5e425f5dac2ce,a,ai,71,1025,1137,1096,1066
5e425f5dac2ce,i,il,41,415,508,456,467
5e425f5dac2ce,l,l.,52,286,384,338,332
5e425f5dac2ce,.,.c,46,379,498,425,452
5e425f5dac2ce,c,co,73,351,503,424,430
5e425f5dac2ce,o,om,79,375,514,454,435
5e425f5dac2ce,m,mp,60,33132,33261,33192,33201
5e425f5dac2ce,p,pa,69,2317,2438,2386,2369
5e425f5dac2ce,a,ak,52,430,535,482,483
5e425f5dac2ce,k,kd,53,869,1018,922,965
5e425f5dac2ce,d,de,96,314,501,410,405
5e425f5dac2ce,e,ee,91,357,521,448,430
5e425f5dac2ce,e,emeta2,73,1428,1573,1501,1500
5e425f5dac2ce,meta2,meta2_,72,446,593,518,521
5e425f5dac2ce,_,_2,75,1221,1368,1296,1293
5e425f5dac2ce,2,25,72,516,642,588,570
5e425f5dac2ce,5,54,54,163,268,217,214
5e425f5dac2ce,4,4@,51,1149,1286,1200,1235
5e425f5dac2ce,@,@normal,86,796,953,882,867
5e425f5dac2ce,normal,normalh,71,561,687,632,616
5e425f5dac2ce,h,ho,55,344,490,399,435
5e425f5dac2ce,o,ot,91,259,405,350,314
5e425f5dac2ce,t,tm,55,645,756,700,701
5e425f5dac2ce,m,mi,56,549,672,605,616
5e425f5dac2ce,i,il,67,642,768,709,701
5e425f5dac2ce,l,l.,59,514,663,573,604
5e425f5dac2ce,.,.c,90,1137,1305,1227,1215
5e425f5dac2ce,c,co,78,562,711,640,633
5e425f5dac2ce,o,om,71,456,603,527,532
5e425f5dac2ce,m,mf,76,-378230,-378067,-378154,-378143
5e425fa2719d9,f,fo,87,105,287,192,200
5e425fa2719d9,o,or,95,262,446,357,351
5e425fa2719d9,r,rl,89,444,624,533,535
5e425fa2719d9,l,lb,91,1126,1323,1217,1232
5e425fa2719d9,b,bc,106,244,462,350,356
5e425fa2719d9,c,co,112,105,289,217,177
5e425fa2719d9,o,om,72,145,288,217,216
5e425fa2719d9,m,mn,71,123,287,194,216
5e425fa2719d9,n,nj,93,250,409,343,316
5e425fa2719d9,j,ja,66,86,251,152,185
5e425fa2719d9,a,aj,99,3679,3851,3778,3752
5e425fa2719d9,j,ja,73,88,272,161,199
5e425fa2719d9,a,ameta1,111,1260,1430,1371,1319
5e425fa2719d9,meta1,meta1@,59,795,921,854,862
5e425fa2719d9,@,@normal,67,107,269,174,202
5e425fa2719d9,normal,normalg,95,896,1064,991,969
5e425fa2719d9,g,gm,73,51,205,124,132
5e425fa2719d9,m,ma,81,105,315,186,234
5e425fa2719d9,a,ai,129,-31,178,98,49
5e425fa2719d9,i,i.,80,347,485,427,405
5e425fa2719d9,.,.bksp,58,1280,1417,1338,1359
5e425fa2719d9,bksp,bkspl,79,113,262,192,183
5e425fa2719d9,l,lbksp,70,582,726,652,656
5e425fa2719d9,bksp,bkspbksp,74,307,457,381,383
5e425fa2719d9,bksp,bkspl,76,311,428,387,352
5e425fa2719d9,l,li,41,868,1018,909,977
5e425fa2719d9,i,il,109,74,258,183,149
5e425fa2719d9,l,l.,75,805,995,880,920
5e425fa2719d9,.,.c,115,276,482,391,367
5e425fa2719d9,c,co,91,244,375,335,284
5e425fa2719d9,o,om,40,242,355,282,315
5e425fa2719d9,m,mm,73,33943,34107,34016,34034
5e425fa2719d9,m,mf,91,1231,1428,1322,1337
5e425fa2719d9,f,fo,106,52,254,158,148
5e425fa2719d9,o,or,96,460,629,556,533
5e425fa2719d9,r,rl,73,77,221,150,148
5e425fa2719d9,l,lbksp,71,2979,3145,3050,3074
5e425fa2719d9,bksp,bkspf,95,539,742,634,647
5e425fa2719d9,f,fo,108,107,304,215,196
5e425fa2719d9,o,or,89,725,909,814,820
5e425fa2719d9,r,rl,95,241,409,336,314
5e425fa2719d9,l,lb,73,542,692,615,619
5e425fa2719d9,b,bc,77,245,443,322,366
5e425fa2719d9,c,co,121,85,270,206,149
5e425fa2719d9,o,om,64,211,330,275,266
5e425fa2719d9,m,mn,55,160,307,215,252
5e425fa2719d9,n,nj,92,476,693,568,601
5e425fa2719d9,j,ja,125,87,325,212,200
5e425fa2719d9,a,ameta1,113,1175,1380,1288,1267
5e425fa2719d9,meta1,meta1@,92,492,674,584,582
5e425fa2719d9,@,@normal,90,54,255,144,165
5e425fa2719d9,normal,normalg,111,379,597,490,486
5e425fa2719d9,g,gm,107,52,257,159,150
5e425fa2719d9,m,ml,98,386,563,484,465
5e425fa2719d9,l,lbksp,79,506,697,585,618
5e425fa2719d9,bksp,bkspa,112,523,734,635,622
5e425fa2719d9,a,ai,99,206,393,305,294
5e425fa2719d9,i,il,88,793,971,881,883
5e425fa2719d9,l,l.,90,405,591,495,501
5e425fa2719d9,.,.c,96,141,377,237,281
5e425fa2719d9,c,co,140,89,290,229,150
5e425fa2719d9,o,om,61,260,378,321,317
5e425fa2719d9,m,ma,57,3579,3710,3636,3653
5e425fa2719d9,a,abksp,74,1527,1687,1601,1613
5e425fa2719d9,bksp,bkspa,86,2128,2308,2214,2222
5e425fa2719d9,a,abksp,94,1724,1891,1818,1797
5e425fa2719d9,bksp,bkspbksp,73,71,239,144,166
5e425fa2719d9,bksp,bkspbksp,95,40,211,135,116
5e425fa2719d9,bksp,bkspbksp,76,51,209,127,133
5e425fa2719d9,bksp,bkspbksp,82,54,216,136,134
5e425fa2719d9,bksp,bkspbksp,80,50,228,130,148
5e425fa2719d9,bksp,bkspbksp,98,38,214,136,116
5e425fa2719d9,bksp,bkspbksp,78,55,212,133,134
5e425fa2719d9,bksp,bkspbksp,79,53,215,132,136
5e425fa2719d9,bksp,bkspf,83,1327,1500,1410,1417
5e425fa2719d9,f,fo,90,159,321,249,231
5e425fa2719d9,o,or,72,278,424,350,352
5e425fa2719d9,r,rl,74,226,374,300,300
5e425fa2719d9,l,lb,74,444,591,518,517
5e425fa2719d9,b,bbksp,73,2923,3105,2996,3032
5e425fa2719d9,bksp,bkspbksp,109,309,529,418,420
5e425fa2719d9,bksp,bkspbksp,111,438,641,549,530
5e425fa2719d9,bksp,bkspl,92,660,858,752,766
5e425fa2719d9,l,lb,106,1207,1407,1313,1301
5e425fa2719d9,b,bc,94,394,577,488,483
5e425fa2719d9,c,co,89,196,373,285,284
5e425fa2719d9,o,om,88,262,426,350,338
5e425fa2719d9,m,mn,76,187,356,263,280
5e425fa2719d9,n,nj,93,300,490,393,397
5e425fa2719d9,j,jmeta1,97,1357,1535,1454,1438
5e425fa2719d9,meta1,meta1@,81,375,531,456,450
5e425fa2719d9,@,@normal,75,108,271,183,196
5e425fa2719d9,normal,normalg,88,445,628,533,540
5e425fa2719d9,g,gm,95,118,291,213,196
5e425fa2719d9,m,ma,78,144,369,222,291
5e425fa2719d9,a,ai,147,6,221,153,74
5e425fa2719d9,i,il,68,146,303,214,235
5e425fa2719d9,l,l.,89,726,887,815,798
5e425fa2719d9,.,.c,72,164,375,236,303
5e425fa2719d9,c,co,139,34,271,173,132
5e425fa2719d9,o,om,98,244,396,342,298
5e425fa2719d9,m,mf,54,42238,42407,42292,42353
5e425fa2719d9,f,fo,115,521,734,636,619
5e425fa2719d9,o,or,98,193,379,291,281
5e425fa2719d9,r,rl,88,526,723,614,635
5e425fa2719d9,l,la,109,906,1113,1015,1004
5e425fa2719d9,a,ab,98,719,911,817,813
5e425fa2719d9,b,bc,94,318,511,412,417
5e425fa2719d9,c,co,99,171,365,270,266
5e425fa2719d9,o,om,95,441,597,536,502
5e425fa2719d9,m,mn,61,657,809,718,748
5e425fa2719d9,n,na,91,309,493,400,402
5e425fa2719d9,a,aj,93,687,890,780,797
5e425fa2719d9,j,ja,110,91,328,201,218
5e425fa2719d9,a,ameta1,127,342,545,469,418
5e425fa2719d9,meta1,meta1@,76,356,538,432,462
5e425fa2719d9,@,@normal,106,108,322,214,216
5e425fa2719d9,normal,normalg,108,550,763,658,655
5e425fa2719d9,g,gm,105,88,285,193,180
5e425fa2719d9,m,mi,92,380,524,472,432
5e425fa2719d9,i,il,52,179,304,231,252
5e425fa2719d9,l,lbksp,73,687,839,760,766
5e425fa2719d9,bksp,bkspa,79,73,267,152,188
5e425fa2719d9,a,ai,115,103,329,218,214
5e425fa2719d9,i,il,111,108,311,219,200
5e425fa2719d9,l,lbksp,92,576,723,668,631
5e425fa2719d9,bksp,bkspbksp,55,73,207,128,152
5e425fa2719d9,bksp,bkspbksp,79,277,446,356,367
5e425fa2719d9,bksp,bkspa,90,476,657,566,567
5e425fa2719d9,a,ai,91,273,458,364,367
5e425fa2719d9,i,il,94,124,308,218,214
5e425fa2719d9,l,l.,90,679,843,769,753
5e425fa2719d9,.,.c,74,211,409,285,335
5e425fa2719d9,c,co,124,36,255,160,131
5e425fa2719d9,o,om,95,227,378,322,283
5e425fa2719d9,m,mf,56,28262,28378,28318,28322
5e425fa2719d9,f,fo,60,174,320,234,260
5e425fa2719d9,o,or,86,143,339,229,253
5e425fa2719d9,r,rl,110,89,291,199,181
5e425fa2719d9,l,la,92,913,1093,1005,1001
5e425fa2719d9,a,ab,88,592,756,680,668
5e425fa2719d9,b,bc,76,326,516,402,440
5e425fa2719d9,c,co,114,117,322,231,208
5e425fa2719d9,o,om,91,141,325,232,234
5e425fa2719d9,m,mn,93,812,998,905,905
5e425fa2719d9,n,nj,93,283,489,376,396
5e425fa2719d9,j,ja,113,72,281,185,168
5e425fa2719d9,a,abksp,96,1572,1782,1668,1686
5e425fa2719d9,bksp,bkspa,114,510,747,624,633
5e425fa2719d9,a,aj,123,406,618,529,495
5e425fa2719d9,j,ja,89,91,272,180,183
5e425fa2719d9,a,ameta1,92,764,912,856,820
5e425fa2719d9,meta1,meta1@,56,374,503,430,447
5e425fa2719d9,@,@normal,73,73,240,146,167
5e425fa2719d9,normal,normalg,94,413,616,507,522
5e425fa2719d9,g,gm,109,84,270,193,161
5e425fa2719d9,m,mo,77,309,462,386,385
5e425fa2719d9,o,obksp,76,611,793,687,717
5e425fa2719d9,bksp,bkspl,106,576,773,682,667
5e425fa2719d9,l,lbksp,91,694,877,785,786
5e425fa2719d9,bksp,bkspi,92,491,672,583,580
5e425fa2719d9,i,il,89,142,304,231,215
5e425fa2719d9,l,l.,73,681,845,754,772
5e425fa2719d9,.,.c,91,259,454,350,363
5e425fa2719d9,c,co,104,72,286,176,182
5e425fa2719d9,o,om,110,197,395,307,285
5e425fa2719d9,m,mf,88,31629,31821,31717,31733
5e425fa2719d9,f,fo,104,91,255,195,151
5e425fa2719d9,o,or,60,197,359,257,299
5e425fa2719d9,r,rl,102,582,788,684,686
5e425fa2719d9,l,lb,104,577,755,681,651
5e425fa2719d9,b,bc,74,225,389,299,315
5e425fa2719d9,c,ca,90,2010,2192,2100,2102
5e425fa2719d9,a,ab,92,1125,1308,1217,1216
5e425fa2719d9,b,bc,91,255,438,346,347
5e425fa2719d9,c,ci,92,181,344,273,252
5e425fa2719d9,i,io,71,1209,1388,1280,1317
5e425fa2719d9,o,om,108,294,496,402,388
5e425fa2719d9,m,mn,94,356,543,450,449
5e425fa2719d9,n,nj,93,892,1074,985,981
5e425fa2719d9,j,jmeta1,89,789,955,878,866
5e425fa2719d9,meta1,meta1normal,77,483,659,560,582
5e425fa2719d9,normal,normalnormal,99,560,751,659,652
5e425fa2719d9,normal,normalg,92,490,675,582,583
5e425fa2719d9,g,gm,93,87,257,180,164
5e425fa2719d9,m,ml,77,456,610,533,533
5e425fa2719d9,l,la,77,741,948,818,871
5e425fa2719d9,a,ai,130,51,260,181,130
5e425fa2719d9,i,il,79,176,344,255,265
5e425fa2719d9,l,lbksp,89,1741,1944,1830,1855
5e425fa2719d9,bksp,bkspbksp,114,307,530,421,416
5e425fa2719d9,bksp,bkspbksp,109,272,458,381,349
5e425fa2719d9,bksp,bkspbksp,77,343,510,420,433
5e425fa2719d9,bksp,bkspa,90,622,825,712,735
5e425fa2719d9,a,ai,113,124,345,237,232
5e425fa2719d9,i,il,108,121,325,229,217
5e425fa2719d9,l,l.,96,621,810,717,714
5e425fa2719d9,.,.c,93,829,981,922,888
5e425fa2719d9,c,co,59,586,738,645,679
5e425fa2719d9,o,om,93,195,360,288,267
5e425fa2719d9,m,ma,72,2409,2572,2481,2500
5e425fa2719d9,a,af,91,29429,29609,29520,29518
5e425fa2719d9,f,fo,89,466,640,555,551
5e425fa2719d9,o,or,85,428,638,513,553
5e425fa2719d9,r,rl,125,125,354,250,229
5e425fa2719d9,l,la,104,541,741,645,637
5e425fa2719d9,a,ab,96,627,794,723,698
5e425fa2719d9,b,bc,71,422,589,493,518
5e425fa2719d9,c,co,96,387,561,483,465
5e425fa2719d9,o,om,78,197,359,275,281
5e425fa2719d9,m,mn,84,316,492,400,408
5e425fa2719d9,n,nj,92,314,485,406,393
5e425fa2719d9,j,ja,79,196,349,275,270
5e425fa2719d9,a,ameta1,74,825,975,899,901
5e425fa2719d9,meta1,meta1@,76,356,508,432,432
5e425fa2719d9,@,@normal,76,68,291,144,215
5e425fa2719d9,normal,normalg,147,577,816,724,669
5e425fa2719d9,g,gm,92,126,306,218,214
5e425fa2719d9,m,ma,88,111,305,199,217
5e425fa2719d9,a,ai,106,38,237,144,131
5e425fa2719d9,i,il,93,171,364,264,271
5e425fa2719d9,l,lmeta1,100,460,648,560,548
5e425fa2719d9,meta1,meta1.,88,445,609,533,521
5e425fa2719d9,.,.normal,76,142,289,218,213
5e425fa2719d9,normal,normalc,71,361,539,432,468
5e425fa2719d9,c,co,107,124,289,231,182
5e425fa2719d9,o,om,58,179,324,237,266
5e425fa2719d9,m,mf,87,27688,27856,27775,27769
5e425fa2719d9,f,fo,81,428,599,509,518
5e425fa2719d9,o,or,90,173,355,263,265
5e425fa2719d9,r,rl,92,190,374,282,282
5e425fa2719d9,l,la,92,88,242,180,150
5e425fa2719d9,a,ab,62,891,1029,953,967
5e425fa2719d9,b,bc,76,565,726,641,650
5e425fa2719d9,c,co,85,446,635,531,550
5e425fa2719d9,o,om,104,321,506,425,402
5e425fa2719d9,m,mn,81,346,497,427,416
5e425fa2719d9,n,nj,70,353,519,423,449
5e425fa2719d9,j,ja,96,77,282,173,186
5e425fa2719d9,a,ameta1,109,260,441,369,332
5e425fa2719d9,meta1,meta1@,72,291,456,363,384
5e425fa2719d9,@,@normal,93,18,224,111,131
5e425fa2719d9,normal,normalg,113,363,581,476,468
5e425fa2719d9,g,gm,105,145,321,250,216
5e425fa2719d9,m,mi,71,254,387,325,316
5e425fa2719d9,i,il,62,129,279,191,217
5e425fa2719d9,l,lnormal,88,1315,1491,1403,1403
5e425fa2719d9,normal,normalbksp,88,328,501,416,413
5e425fa2719d9,bksp,bkspi,85,172,368,257,283
5e425fa2719d9,i,il,111,162,361,273,250
5e425fa2719d9,l,lmeta1,88,874,1026,962,938
5e425fa2719d9,meta1,meta1normal,64,323,462,387,398
5e425fa2719d9,normal,normal.,75,281,425,356,350
5e425fa2719d9,.,.c,69,206,371,275,302
5e425fa2719d9,c,co,96,123,295,219,199
5e425fa2719d9,o,om,76,180,323,256,247
5e425fa2719d9,m,mj,67,2709,2870,2776,2803
5e425fa2719d9,j,jf,94,27576,27780,27670,27686
5e425fa2719d9,f,fo,110,161,356,271,246
5e425fa2719d9,o,or,85,313,487,398,402
5e425fa2719d9,r,rl,89,524,723,613,634
5e425fa2719d9,l,la,110,105,293,215,183
5e425fa2719d9,a,ab,78,538,678,616,600
5e425fa2719d9,b,bc,62,857,1014,919,952
5e425fa2719d9,c,co,95,190,358,285,263
5e425fa2719d9,o,om,73,179,339,252,266
5e425fa2719d9,m,mn,87,124,321,211,234
5e425fa2719d9,n,nj,110,286,493,396,383
5e425fa2719d9,j,ja,97,74,268,171,171
5e425fa2719d9,a,aj,97,866,1062,963,965
5e425fa2719d9,j,ja,99,50,265,149,166
5e425fa2719d9,a,abksp,116,2096,2280,2212,2164
5e425fa2719d9,bksp,bkspbksp,68,280,420,348,352
5e425fa2719d9,bksp,bkspbksp,72,75,240,147,168
5e425fa2719d9,bksp,bkspbksp,93,310,529,403,436
5e425fa2719d9,bksp,bkspj,126,525,724,651,598
5e425fa2719d9,j,ja,73,91,273,164,200
5e425fa2719d9,a,ameta1,109,511,674,620,565
5e425fa2719d9,meta1,meta1@,54,524,686,578,632
5e425fa2719d9,@,@normal,108,75,277,183,169
5e425fa2719d9,normal,normalg,94,628,826,722,732
5e425fa2719d9,g,gm,104,72,269,176,165
5e425fa2719d9,m,ma,93,90,311,183,218
5e425fa2719d9,a,ai,128,19,243,147,115
5e425fa2719d9,i,il,96,147,314,243,218
5e425fa2719d9,l,l.,71,580,738,651,667
5e425fa2719d9,.,.c,87,243,471,330,384
5e425fa2719d9,c,co,141,36,289,177,148
5e425fa2719d9,o,om,112,141,363,253,251
5e425fa2719d9,m,mf,110,33417,33612,33527,33502
5e425fa2719d9,f,fo,85,124,285,209,200
5e425fa2719d9,o,or,76,204,374,280,298
5e425fa2719d9,r,rl,94,121,298,215,204
5e425fa2719d9,l,lb,83,1624,1786,1707,1703
5e425fa2719d9,b,bc,79,273,465,352,386
5e425fa2719d9,c,co,113,66,255,179,142
5e425fa2719d9,o,om,76,208,378,284,302
5e425fa2719d9,m,mn,94,778,963,872,869
5e425fa2719d9,n,na,91,146,357,237,266
5e425fa2719d9,a,aj,120,16,217,136,97
5e425fa2719d9,j,ja,81,70,263,151,182
5e425fa2719d9,a,ameta1,112,798,982,910,870
5e425fa2719d9,meta1,meta1normal,72,1152,1339,1224,1267
5e425fa2719d9,normal,normalnormal,115,670,865,785,750
5e425fa2719d9,normal,normalg,80,523,712,603,632
5e425fa2719d9,g,gm,109,91,274,200,165
5e425fa2719d9,m,ml,74,439,593,513,519
5e425fa2719d9,l,l.,80,728,883,808,803
5e425fa2719d9,.,.c,75,190,389,265,314
5e425fa2719d9,c,co,124,159,372,283,248
5e425fa2719d9,o,om,89,179,338,268,249
5e425fa2719d9,m,mf,70,27583,27755,27653,27685
5e425fa2719d9,f,fo,102,141,303,243,201
5e425fa2719d9,o,or,60,426,599,486,539
5e425fa2719d9,r,rl,113,7,223,120,110
5e425fa2719d9,l,la,103,1028,1207,1131,1104
5e425fa2719d9,a,ab,76,760,923,836,847
5e425fa2719d9,b,bc,87,478,638,565,551
5e425fa2719d9,c,co,73,73,239,146,166
5e425fa2719d9,o,om,93,158,342,251,249
5e425fa2719d9,m,mn,91,144,343,235,252
5e425fa2719d9,n,nj,108,287,505,395,397
5e425fa2719d9,j,ja,110,56,298,166,188
5e425fa2719d9,a,abksp,132,3492,3682,3624,3550
5e425fa2719d9,bksp,bkspbksp,58,70,204,128,146
5e425fa2719d9,bksp,bkspa,76,90,279,166,203
5e425fa2719d9,a,aj,113,743,944,856,831
5e425fa2719d9,j,ja,88,73,255,161,167
5e425fa2719d9,a,ameta1,94,882,1063,976,969
5e425fa2719d9,meta1,meta1@,87,340,519,427,432
5e425fa2719d9,@,@normal,92,53,258,145,166
5e425fa2719d9,normal,normalg,113,547,749,660,636
5e425fa2719d9,g,gm,89,91,253,180,164
5e425fa2719d9,m,ma,73,95,259,168,186
5e425fa2719d9,a,ai,91,18,188,109,97
5e425fa2719d9,i,il,79,131,296,210,217
5e425fa2719d9,l,lmeta1,86,494,654,580,568
5e425fa2719d9,meta1,meta1.,74,396,542,470,468
5e425fa2719d9,.,.normal,72,177,352,249,280
5e425fa2719d9,normal,normalc,103,428,611,531,508
5e425fa2719d9,c,co,80,121,293,201,213
5e425fa2719d9,o,om,92,190,325,282,233
5e425fa2719d9,m,mw,43,63204,63330,63247,63287
5e42619fe1920,w,wa,83,177,368,260,285
5e42619fe1920,a,ai,108,260,443,368,335
5e42619fe1920,i,iy,75,162,304,237,229
5e42619fe1920,y,ya,67,150,302,217,235
5e42619fe1920,a,ak,85,160,331,245,246
5e42619fe1920,k,ko,86,111,271,197,185
5e42619fe1920,o,or,74,234,394,308,320
5e42619fe1920,r,rn,86,177,333,263,247
5e42619fe1920,n,n.,70,220,404,290,334
5e42619fe1920,.,.p,114,207,399,321,285
5e42619fe1920,p,ph,78,223,409,301,331
5e42619fe1920,h,ho,108,168,358,276,250
5e42619fe1920,o,oo,82,83,250,165,168
5e42619fe1920,o,om,85,213,401,298,316
5e42619fe1920,m,mj,103,143,336,246,233
5e42619fe1920,j,jr,90,445,626,535,536
5e42619fe1920,r,ro,91,227,407,318,316
5e42619fe1920,o,oe,89,180,339,269,250
5e42619fe1920,e,en,70,398,553,468,483
5e42619fe1920,n,nw,85,146,335,231,250
5e42619fe1920,w,wa,104,178,389,282,285
5e42619fe1920,a,at,107,194,404,301,297
5e42619fe1920,t,tmeta1,103,2228,2412,2331,2309
5e42619fe1920,meta1,meta1@,81,437,573,518,492
5e42619fe1920,@,@normal,55,196,336,251,281
5e42619fe1920,normal,normalg,85,1446,1603,1531,1518
5e42619fe1920,g,gm,72,714,860,786,788
5e42619fe1920,m,ma,74,195,370,269,296
5e42619fe1920,a,ai,101,181,335,282,234
5e42619fe1920,i,il,53,274,418,327,365
5e42619fe1920,l,l.,91,2564,2745,2655,2654
5e42619fe1920,.,.c,90,179,376,269,286
5e42619fe1920,c,co,107,224,400,331,293
5e42619fe1920,o,om,69,362,522,431,453
5e42619fe1920,m,mw,91,45414,45561,45505,45470
5e42619fe1920,w,wi,56,948,1089,1004,1033
5e42619fe1920,i,iy,85,215,366,300,281
5e42619fe1920,y,ya,66,235,350,301,284
5e42619fe1920,a,ak,49,248,367,297,318
5e42619fe1920,k,ko,70,162,302,232,232
5e42619fe1920,o,or,70,530,672,600,602
5e42619fe1920,r,rn,72,246,372,318,300
5e42619fe1920,n,n.,54,228,353,282,299
5e42619fe1920,.,.p,71,416,555,487,484
5e42619fe1920,p,ph,68,164,348,232,280
5e42619fe1920,h,ho,116,109,301,225,185
5e42619fe1920,o,oo,76,95,242,171,166
5e42619fe1920,o,om,71,200,372,271,301
5e42619fe1920,m,mj,101,145,334,246,233
5e42619fe1920,j,ja,88,79,276,167,188
5e42619fe1920,a,ar,109,291,509,400,400
5e42619fe1920,r,ro,109,229,404,338,295
5e42619fe1920,o,oe,66,166,318,232,252
5e42619fe1920,e,en,86,227,403,313,317
5e42619fe1920,n,nw,90,2864,3059,2954,2969
5e42619fe1920,w,wt,105,510,685,615,580
5e42619fe1920,t,tw,70,33783,33924,33853,33854
5e42619fe1920,w,wa,71,145,322,216,251
5e42619fe1920,a,ai,106,694,886,800,780
5e42619fe1920,i,iy,86,165,337,251,251
5e42619fe1920,y,ya,86,90,270,176,184
5e42619fe1920,a,ak,94,179,360,273,266
5e42619fe1920,k,ko,87,108,304,195,217
5e42619fe1920,o,or,109,103,324,212,215
5e42619fe1920,r,rn,112,163,345,275,233
5e42619fe1920,n,n.,70,217,339,287,269
5e42619fe1920,.,.p,52,211,350,263,298
5e42619fe1920,p,ph,87,281,472,368,385
5e42619fe1920,h,ho,104,477,653,581,549
5e42619fe1920,o,om,72,229,389,301,317
5e42619fe1920,m,mj,88,105,288,193,200
5e42619fe1920,j,ja,95,74,264,169,169
5e42619fe1920,a,ar,95,283,458,378,363
5e42619fe1920,r,ro,80,172,333,252,253
5e42619fe1920,o,oe,81,113,279,194,198
5e42619fe1920,e,en,85,147,321,232,236
5e42619fe1920,n,nw,89,161,354,250,265
5e42619fe1920,w,wshift,104,164,369,268,265
5e42619fe1920,shift,shiftT,101,176,352,277,251
5e42619fe1920,T,Tshift,75,1263,1406,1338,1331
5e42619fe1920,shift,shifta,68,280,423,348,355
5e42619fe1920,a,at,75,731,890,806,815
5e42619fe1920,t,tmeta1,84,1360,1549,1444,1465
5e42619fe1920,meta1,meta1@,105,265,481,370,376
5e42619fe1920,@,@normal,111,76,285,187,174
5e42619fe1920,normal,normalg,98,850,1034,948,936
5e42619fe1920,g,gm,86,397,552,483,466
5e42619fe1920,m,ma,69,162,351,231,282
5e42619fe1920,a,ai,120,84,268,204,148
5e42619fe1920,i,il,64,239,385,303,321
5e42619fe1920,l,l.,82,342,513,424,431
5e42619fe1920,.,.c,89,198,391,287,302
5e42619fe1920,c,co,104,178,370,282,266
5e42619fe1920,o,om,88,231,421,319,333
5e42619fe1920,m,mw,102,29500,29690,29602,29588
5e42619fe1920,w,wi,88,912,1053,1000,965
5e42619fe1920,i,iu,53,196,321,249,268
5e42619fe1920,u,ubksp,72,346,504,418,432
5e42619fe1920,bksp,bkspy,86,77,235,163,149
5e42619fe1920,y,ya,72,647,827,719,755
5e42619fe1920,a,ak,108,261,422,369,314
5e42619fe1920,k,ko,53,109,251,162,198
5e42619fe1920,o,oe,89,680,858,769,769
5e42619fe1920,e,ebksp,89,321,456,410,367
5e42619fe1920,bksp,bkspr,46,114,258,160,212
5e42619fe1920,r,rn,98,682,853,780,755
5e42619fe1920,n,n.,73,1345,1489,1418,1416
5e42619fe1920,.,.p,71,530,690,601,619
5e42619fe1920,p,ph,89,310,502,399,413
5e42619fe1920,h,ho,103,96,285,199,182
5e42619fe1920,o,oo,86,115,268,201,182
5e42619fe1920,o,om,67,1182,1338,1249,1271
5e42619fe1920,m,mj,89,244,453,333,364
5e42619fe1920,j,ja,120,361,574,481,454
5e42619fe1920,a,at,93,244,441,337,348
5e42619fe1920,t,to,104,179,365,283,261
5e42619fe1920,o,oe,82,254,435,336,353
5e42619fe1920,e,en,99,425,601,524,502
5e42619fe1920,n,nw,77,195,343,272,266
5e42619fe1920,w,wt,71,446,587,517,516
5e42619fe1920,t,ta,70,937,1124,1007,1054
5e42619fe1920,a,aa,117,706,918,823,801
5e42619fe1920,a,at,95,1475,1642,1570,1547
5e42619fe1920,t,tmeta1,72,529,704,601,632
5e42619fe1920,meta1,meta1@,103,328,521,431,418
5e42619fe1920,@,@normal,90,210,390,300,300
5e42619fe1920,normal,normalg,90,746,908,836,818
5e42619fe1920,g,gm,72,826,988,898,916
5e42619fe1920,m,ma,90,175,406,265,316
5e42619fe1920,a,ai,141,159,359,300,218
5e42619fe1920,i,il,59,212,340,271,281
5e42619fe1920,l,l.,69,910,1087,979,1018
5e42619fe1920,.,.c,108,194,425,302,317
5e42619fe1920,c,co,123,113,304,236,181
5e42619fe1920,o,om,68,245,405,313,337
5e42619fe1920,m,mw,92,42597,42776,42689,42684
5e42619fe1920,w,wa,87,181,370,268,283
5e42619fe1920,a,ai,102,679,889,781,787
5e42619fe1920,i,iy,108,179,386,287,278
5e42619fe1920,y,ya,99,91,283,190,184
5e42619fe1920,a,ak,93,217,375,310,282
5e42619fe1920,k,ko,65,135,266,200,201
5e42619fe1920,o,or,66,247,404,313,338
5e42619fe1920,r,rn,91,260,440,351,349
5e42619fe1920,n,n.,89,1251,1423,1340,1334
5e42619fe1920,.,.p,83,295,431,378,348
5e42619fe1920,p,ph,53,296,437,349,384
5e42619fe1920,h,ho,88,175,352,263,264
5e42619fe1920,o,oo,89,116,256,205,167
5e42619fe1920,o,om,51,195,351,246,300
5e42619fe1920,m,mj,105,163,338,268,233
5e42619fe1920,j,ja,70,230,404,300,334
5e42619fe1920,a,ar,104,542,755,646,651
5e42619fe1920,r,re,109,295,476,404,367
5e42619fe1920,e,eo,72,610,757,682,685
5e42619fe1920,o,oe,75,242,412,317,337
5e42619fe1920,e,ebksp,95,292,443,387,348
5e42619fe1920,bksp,bkspbksp,56,107,237,163,181
5e42619fe1920,bksp,bkspbksp,74,89,257,163,183
5e42619fe1920,bksp,bkspbksp,94,1162,1329,1256,1235
5e42619fe1920,bksp,bkspbksp,73,495,673,568,600
5e42619fe1920,bksp,bkspo,105,578,736,683,631
5e42619fe1920,o,oe,53,414,586,467,533
5e42619fe1920,e,en,119,1082,1286,1201,1167
5e42619fe1920,n,nw,85,446,603,531,518
5e42619fe1920,w,wa,72,228,370,300,298
5e42619fe1920,a,at,70,445,587,515,517
5e42619fe1920,t,tmeta1,72,1827,1973,1899,1901
5e42619fe1920,meta1,meta1@,74,512,656,586,582
5e42619fe1920,@,@m,70,1081,1188,1151,1118
5e42619fe1920,m,mbksp,37,1825,1959,1862,1922
5e42619fe1920,bksp,bkspg,97,1456,1626,1553,1529
5e42619fe1920,g,gm,73,1262,1405,1335,1332
5e42619fe1920,m,ma,70,129,322,199,252
5e42619fe1920,a,ai,123,909,1107,1032,984
5e42619fe1920,i,il,75,307,456,382,381
5e42619fe1920,l,l.,74,622,789,696,715
5e42619fe1920,.,.c,93,281,480,374,387
5e42619fe1920,c,co,106,279,471,385,365
5e42619fe1920,o,om,86,227,404,313,318
5e42619fe1920,m,mw,91,31946,32142,32037,32051
5e42619fe1920,w,wa,105,179,355,284,250
5e42619fe1920,a,ai,71,329,454,400,383
5e42619fe1920,i,iy,54,197,354,251,300
5e42619fe1920,y,ya,103,123,321,226,218
5e42619fe1920,a,ak,95,189,359,284,264
5e42619fe1920,k,ko,75,113,276,188,201
5e42619fe1920,o,or,88,158,358,246,270
5e42619fe1920,r,rn,112,243,424,355,312
5e42619fe1920,n,n.,69,249,404,318,335
5e42619fe1920,.,.h,86,495,676,581,590
5e42619fe1920,h,ho,95,140,303,235,208
5e42619fe1920,o,oo,68,116,251,184,183
5e42619fe1920,o,om,67,251,355,318,288
5e42619fe1920,m,mj,37,258,370,295,333
5e42619fe1920,j,ja,75,171,325,246,250
5e42619fe1920,a,ar,79,421,610,500,531
5e42619fe1920,r,ro,110,262,426,372,316
5e42619fe1920,o,oe,54,214,356,268,302
5e42619fe1920,e,en,88,312,490,400,402
5e42619fe1920,n,nw,90,192,369,282,279
5e42619fe1920,w,wa,87,146,322,233,235
5e42619fe1920,a,at,89,197,356,286,267
5e42619fe1920,t,tg,70,1580,1688,1650,1618
5e42619fe1920,g,g.,38,1092,1223,1130,1185
5e42619fe1920,.,.bksp,93,1026,1209,1119,1116
5e42619fe1920,bksp,bkspbksp,90,71,253,161,163
5e42619fe1920,bksp,bkspmeta1,92,929,1110,1021,1018
5e42619fe1920,meta1,meta1@,89,343,522,432,433
5e42619fe1920,@,@g,90,1489,1624,1579,1534
5e42619fe1920,g,gm,45,381,550,426,505
5e42619fe1920,m,ma,124,138,385,262,261
5e42619fe1920,a,ai,123,147,356,270,233
5e42619fe1920,i,il,86,333,471,419,385
5e42619fe1920,l,l.,52,260,420,312,368
5e42619fe1920,.,.c,108,161,357,269,249
5e42619fe1920,c,co,88,212,386,300,298
5e42619fe1920,o,om,86,291,453,377,367
5e42619fe1920,m,mw,76,58837,58997,58913,58921
5e42619fe1920,w,wa,84,177,368,261,284
5e42619fe1920,a,ai,107,844,1040,951,933
5e42619fe1920,i,iy,89,180,372,269,283
5e42619fe1920,y,ya,103,163,338,266,235
5e42619fe1920,a,ak,72,193,352,265,280
5e42619fe1920,k,ko,87,112,288,199,201
5e42619fe1920,o,or,89,162,357,251,268
5e42619fe1920,r,rn,106,243,422,349,316
5e42619fe1920,n,n.,73,960,1091,1033,1018
5e42619fe1920,.,.p,58,346,474,404,416
5e42619fe1920,p,ph,70,294,455,364,385
5e42619fe1920,h,ho,91,244,420,335,329
5e42619fe1920,o,oo,85,115,302,200,217
5e42619fe1920,o,on,102,566,705,668,603
5e42619fe1920,n,nbksp,37,1196,1320,1233,1283
5e42619fe1920,bksp,bkspm,87,314,470,401,383
5e42619fe1920,m,mj,69,962,1125,1031,1056
5e42619fe1920,j,ja,94,155,358,249,264
5e42619fe1920,a,ar,109,674,878,783,769
5e42619fe1920,r,ro,95,186,371,281,276
5e42619fe1920,o,oe,90,197,373,287,283
5e42619fe1920,e,en,86,215,388,301,302
5e42619fe1920,n,nw,87,197,368,284,281
5e42619fe1920,w,wshift,84,172,349,256,265
5e42619fe1920,shift,shifta,93,1047,1230,1140,1137
5e42619fe1920,a,at,90,498,656,588,566
5e42619fe1920,t,tmeta1,68,2014,2170,2082,2102
5e42619fe1920,meta1,meta1@,88,361,523,449,435
5e42619fe1920,@,@normal,74,212,404,286,330
5e42619fe1920,normal,normalg,118,1483,1655,1601,1537
5e42619fe1920,g,gm,54,859,1022,913,968
5e42619fe1920,m,ma,109,209,421,318,312
5e42619fe1920,a,ai,103,247,436,350,333
5e42619fe1920,i,il,86,296,470,382,384
5e42619fe1920,l,l.,88,330,506,418,418
5e42619fe1920,.,.c,88,263,458,351,370
5e42619fe1920,c,co,107,143,318,250,211
5e42619fe1920,o,om,68,313,470,381,402
5e42619fe1920,m,mw,89,32632,32794,32721,32705
5e42619fe1920,w,wa,73,176,354,249,281
5e42619fe1920,a,ai,105,182,354,287,249
5e42619fe1920,i,iy,67,196,332,263,265
5e42619fe1920,y,ya,69,131,304,200,235
5e42619fe1920,a,ak,104,96,270,200,166
5e42619fe1920,k,ko,70,130,269,200,199
5e42619fe1920,o,or,69,200,354,269,285
5e42619fe1920,r,rn,85,260,419,345,334
5e42619fe1920,n,n.,74,480,591,554,517
5e42619fe1920,.,.p,37,882,989,919,952
5e42619fe1920,p,ph,70,325,539,395,469
5e42619fe1920,h,ho,144,105,352,249,208
5e42619fe1920,o,oo,103,72,271,175,168
5e42619fe1920,o,om,96,197,398,293,302
5e42619fe1920,m,mj,105,164,337,269,232
5e42619fe1920,j,ja,68,163,352,231,284
5e42619fe1920,a,ar,121,274,519,395,398
5e42619fe1920,r,ro,124,182,392,306,268
5e42619fe1920,o,oe,86,150,340,236,254
5e42619fe1920,e,en,104,196,385,300,281
5e42619fe1920,n,nw,85,160,352,245,267
5e42619fe1920,w,wa,107,148,375,255,268
5e42619fe1920,a,at,120,213,417,333,297
5e42619fe1920,t,tmeta1,84,1028,1217,1112,1133
5e42619fe1920,meta1,meta1@,105,414,607,519,502
5e42619fe1920,@,@g,88,981,1153,1069,1065
5e42619fe1920,g,gm,84,432,621,516,537
5e42619fe1920,m,ma,105,178,369,283,264
5e42619fe1920,a,ai,86,107,270,193,184
5e42619fe1920,i,il,77,250,396,327,319
5e42619fe1920,l,l.,69,293,467,362,398
5e42619fe1920,.,.c,105,131,355,236,250
5e42619fe1920,c,co,119,145,334,264,215
5e42619fe1920,o,ow,70,32952,33092,33022,33022
5e42619fe1920,w,wa,70,155,337,225,267
5e42619fe1920,a,au,112,161,359,273,247
5e42619fe1920,u,ubksp,86,2114,2284,2200,2198
5e42619fe1920,bksp,bkspi,84,1115,1289,1199,1205
5e42619fe1920,i,iy,90,229,404,319,314
5e42619fe1920,y,ya,85,146,337,231,252
5e42619fe1920,a,ak,106,263,455,369,349
5e42619fe1920,k,ko,86,146,285,232,199
5e42619fe1920,o,oe,53,547,636,600,583
5e42619fe1920,e,ebksp,36,1613,1723,1649,1687
5e42619fe1920,bksp,bkspr,74,777,960,851,886
5e42619fe1920,r,rn,109,259,438,368,329
5e42619fe1920,n,n.,70,697,871,767,801
5e42619fe1920,.,.h,104,861,1069,965,965
5e42619fe1920,h,ho,104,159,338,263,234
5e42619fe1920,o,oo,75,111,273,186,198
5e42619fe1920,o,om,87,464,657,551,570
5e42619fe1920,m,mj,106,163,354,269,248
5e42619fe1920,j,ja,85,141,336,226,251
5e42619fe1920,a,ar,110,358,576,468,466
5e42619fe1920,r,ro,108,165,342,273,234
5e42619fe1920,o,oe,69,163,351,232,282
5e42619fe1920,e,en,119,270,483,389,364
5e42619fe1920,n,ns,94,136,344,230,250
5e42619fe1920,s,sbksp,114,966,1168,1080,1054
5e42619fe1920,bksp,bkspa,88,488,689,576,601
5e42619fe1920,a,at,113,1162,1344,1275,1231
5e42619fe1920,t,tmeta1,69,1082,1252,1151,1183
5e42619fe1920,meta1,meta1@,101,350,519,451,418
5e42619fe1920,@,@normal,68,111,265,179,197
5e42619fe1920,normal,normalg,86,1114,1289,1200,1203
5e42619fe1920,g,gm,89,461,671,550,582
5e42619fe1920,m,ma,121,148,373,269,252
5e42619fe1920,a,ai,104,196,370,300,266
5e42619fe1920,i,il,70,294,435,364,365
5e42619fe1920,l,l.,71,365,540,436,469
5e42619fe1920,.,.c,104,228,438,332,334
5e42619fe1920,c,co,106,176,353,282,247
5e42619fe1920,o,om,71,333,475,404,404
5e42619fe1920,m,mw,71,25805,25953,25876,25882
5e42619fe1920,w,wa,77,153,325,230,248
5e42619fe1920,a,ai,95,539,731,634,636
5e42619fe1920,i,iy,97,138,330,235,233
5e42619fe1920,y,ya,95,118,328,213,233
5e42619fe1920,a,ak,115,91,298,206,183
5e42619fe1920,k,ko,92,108,327,200,235
5e42619fe1920,o,or,127,95,325,222,198
5e42619fe1920,r,rn,103,147,321,250,218
5e42619fe1920,n,n.,71,174,320,245,249
5e42619fe1920,.,.p,75,617,762,692,687
5e42619fe1920,p,ph,70,343,452,413,382
5e42619fe1920,h,ho,39,196,320,235,281
5e42619fe1920,o,oo,85,111,284,196,199
5e42619fe1920,o,om,88,199,354,287,266
5e42619fe1920,m,mj,67,183,336,250,269
5e42619fe1920,j,ja,86,196,388,282,302
5e42619fe1920,a,ar,106,275,472,381,366
5e42619fe1920,r,ro,91,163,341,254,250
5e42619fe1920,o,oe,87,264,452,351,365
5e42619fe1920,e,em,101,912,1069,1013,968
5e42619fe1920,m,mbksp,56,377,540,433,484
5e42619fe1920,bksp,bkspn,107,646,809,753,702
5e42619fe1920,n,nw,56,212,355,268,299
5e42619fe1920,w,wa,87,159,357,246,270
5e42619fe1920,a,at,111,159,338,270,227
5e42619fe1920,t,tmeta1,68,1059,1252,1127,1184
5e42619fe1920,meta1,meta1@,125,293,490,418,365
5e42619fe1920,@,@normal,72,138,306,210,234
5e42619fe1920,normal,normalg,96,799,965,895,869
5e42619fe1920,g,gm,70,317,453,387,383
5e42619fe1920,m,ma,66,73,269,139,203
5e42619fe1920,a,ai,130,70,296,200,166
5e42619fe1920,i,ibksp,96,1128,1278,1224,1182
5e42619fe1920,bksp,bkspl,54,796,904,850,850
5e42619fe1920,l,l.,54,499,650,553,596
5e42619fe1920,.,.c,97,227,434,324,337
5e42619fe1920,c,co,110,143,308,253,198
5e42619fe1920,o,om,55,214,372,269,317
5e42619fe1920,m,mm,103,-499544,-499353,-499441,-499456
5e4261c2072a0,c,ch,79,165,328,244,249
5e4261c2072a0,h,ha,84,197,385,281,301
5e4261c2072a0,a,al,104,148,337,252,233
5e4261c2072a0,l,li,85,231,367,316,282
5e4261c2072a0,i,it,51,149,253,200,202
5e4261c2072a0,t,tmeta1,53,515,654,568,601
5e4261c2072a0,meta1,meta11,86,296,501,382,415
5e4261c2072a0,1,10,119,200,419,319,300
5e4261c2072a0,0,01,100,98,335,198,235
5e4261c2072a0,1,1@,137,827,1050,964,913
5e4261c2072a0,@,@normal,86,637,804,723,718
5e4261c2072a0,normal,normalh,81,428,582,509,501
5e4261c2072a0,h,ho,73,314,476,387,403
5e4261c2072a0,o,ot,89,211,352,300,263
5e4261c2072a0,t,tm,52,235,353,287,301
5e4261c2072a0,m,ma,66,166,334,232,268
5e4261c2072a0,a,ai,102,179,349,281,247
5e4261c2072a0,i,i.,68,683,837,751,769
5e4261c2072a0,.,.c,86,213,369,299,283
5e4261c2072a0,c,co,70,230,369,300,299
5e4261c2072a0,o,om,69,249,389,318,320
5e4261c2072a0,m,mc,71,34369,34521,34440,34450
5e4261c2072a0,c,ch,81,282,447,363,366
5e4261c2072a0,h,ha,84,184,366,268,282
5e4261c2072a0,a,al,98,183,413,281,315
5e4261c2072a0,l,li,132,418,635,550,503
5e4261c2072a0,i,it,85,165,285,250,200
5e4261c2072a0,t,tmeta1,35,466,584,501,549
5e4261c2072a0,meta1,meta11,83,503,683,586,600
5e4261c2072a0,1,10,97,184,382,281,285
5e4261c2072a0,0,01,101,111,334,212,233
5e4261c2072a0,1,1@,122,598,818,720,696
5e4261c2072a0,@,@normal,98,170,383,268,285
5e4261c2072a0,normal,normalh,115,544,770,659,655
5e4261c2072a0,h,ho,111,181,372,292,261
5e4261c2072a0,o,ot,80,187,366,267,286
5e4261c2072a0,t,tm,99,188,398,287,299
5e4261c2072a0,m,ma,111,1414,1613,1525,1502
5e4261c2072a0,a,ai,88,717,902,805,814
5e4261c2072a0,i,i.,97,1001,1202,1098,1105
5e4261c2072a0,.,.c,104,545,753,649,649
5e4261c2072a0,c,co,104,166,352,270,248
5e4261c2072a0,o,om,82,278,434,360,352
5e4261c2072a0,m,mc,74,32715,32857,32789,32783
5e4261c2072a0,c,ch,68,332,469,400,401
5e4261c2072a0,h,ha,69,194,370,263,301
5e4261c2072a0,a,al,107,181,354,288,247
5e4261c2072a0,l,li,66,547,683,613,617
5e4261c2072a0,i,it,70,214,319,284,249
5e4261c2072a0,t,tmeta1,35,482,636,517,601
5e4261c2072a0,meta1,meta11,119,252,501,371,382
5e4261c2072a0,1,10,130,153,395,283,265
5e4261c2072a0,0,01,112,103,329,215,217
5e4261c2072a0,1,1@,114,670,886,784,772
5e4261c2072a0,@,@normal,102,293,468,395,366
5e4261c2072a0,normal,normalh,73,476,641,549,568
5e4261c2072a0,h,ho,92,281,456,373,364
5e4261c2072a0,o,ot,83,217,384,300,301
5e4261c2072a0,t,tm,84,332,484,416,400
5e4261c2072a0,m,ma,68,694,905,762,837
5e4261c2072a0,a,ai,143,157,389,300,246
5e4261c2072a0,i,i.,89,649,840,738,751
5e4261c2072a0,.,.c,102,183,385,285,283
5e4261c2072a0,c,co,100,276,484,376,384
5e4261c2072a0,o,om,108,279,527,387,419
5e4261c2072a0,m,mc,140,32063,32308,32203,32168
5e4261c2072a0,c,ch,105,194,386,299,281
5e4261c2072a0,h,hl,87,594,768,681,681
5e4261c2072a0,l,li,87,550,722,637,635
5e4261c2072a0,i,it,85,216,402,301,317
5e4261c2072a0,t,tmeta1,101,498,702,599,601
5e4261c2072a0,meta1,meta11,103,329,525,432,422
5e4261c2072a0,1,10,93,174,386,267,293
5e4261c2072a0,0,01,119,131,389,250,270
5e4261c2072a0,1,1@,139,480,738,619,599
5e4261c2072a0,@,@normal,119,732,968,851,849
5e4261c2072a0,normal,normalh,117,365,549,482,432
5e4261c2072a0,h,ho,67,345,501,412,434
5e4261c2072a0,o,ot,89,398,589,487,500
5e4261c2072a0,t,tm,102,229,417,331,315
5e4261c2072a0,m,ma,86,214,404,300,318
5e4261c2072a0,a,ai,104,178,352,282,248
5e4261c2072a0,i,il,70,415,574,485,504
5e4261c2072a0,l,l.,89,329,519,418,430
5e4261c2072a0,.,.c,101,146,335,247,234
5e4261c2072a0,c,co,88,130,321,218,233
5e4261c2072a0,o,om,103,216,404,319,301
5e4261c2072a0,m,mc,85,33786,33971,33871,33886
5e4261c2072a0,c,ch,100,213,380,313,280
5e4261c2072a0,h,ha,67,669,820,736,753
5e4261c2072a0,a,al,84,429,599,513,515
5e4261c2072a0,l,li,86,452,636,538,550
5e4261c2072a0,i,it,98,206,401,304,303
5e4261c2072a0,t,tmeta1,97,630,846,727,749
5e4261c2072a0,meta1,meta11,119,253,470,372,351
5e4261c2072a0,1,10,98,179,363,277,265
5e4261c2072a0,0,01,86,208,369,294,283
5e4261c2072a0,1,1@,75,750,894,825,819
5e4261c2072a0,@,@normal,69,462,618,531,549
5e4261c2072a0,normal,normalh,87,361,522,448,435
5e4261c2072a0,h,ho,74,278,422,352,348
5e4261c2072a0,o,ot,70,165,287,235,217
5e4261c2072a0,t,tm,52,180,302,232,250
5e4261c2072a0,m,ma,70,263,456,333,386
5e4261c2072a0,a,ai,123,207,420,330,297
5e4261c2072a0,i,il,90,411,575,501,485
5e4261c2072a0,l,l.,74,264,420,338,346
5e4261c2072a0,.,.c,82,197,351,279,269
5e4261c2072a0,c,co,72,179,321,251,249
5e4261c2072a0,o,om,70,215,321,285,251
5e4261c2072a0,m,mc,36,31400,31504,31436,31468
5e4261c2072a0,c,ch,68,250,400,318,332
5e4261c2072a0,h,ha,82,93,250,175,168
5e4261c2072a0,a,al,75,167,324,242,249
5e4261c2072a0,l,li,82,303,467,385,385
5e4261c2072a0,i,it,82,91,264,173,182
5e4261c2072a0,t,tmeta1,91,434,594,525,503
5e4261c2072a0,meta1,meta11,69,299,469,368,400
5e4261c2072a0,1,10,101,148,333,249,232
5e4261c2072a0,0,01,84,98,267,182,183
5e4261c2072a0,1,1normal,85,286,498,371,413
5e4261c2072a0,normal,normalmeta1,127,402,628,529,501
5e4261c2072a0,meta1,meta1@,99,335,485,434,386
5e4261c2072a0,@,@normal,51,147,298,198,247
5e4261c2072a0,normal,normalh,100,549,736,649,636
5e4261c2072a0,h,ho,87,270,421,357,334
5e4261c2072a0,o,ot,64,275,399,339,335
5e4261c2072a0,t,tm,60,282,408,342,348
5e4261c2072a0,m,ma,66,447,635,513,569
5e4261c2072a0,a,ai,122,195,369,317,247
5e4261c2072a0,i,il,52,366,503,418,451
5e4261c2072a0,l,l.,85,299,470,384,385
5e4261c2072a0,.,.c,86,238,417,324,331
5e4261c2072a0,c,co,93,100,258,193,165
5e4261c2072a0,o,om,65,233,383,298,318
5e4261c2072a0,m,mc,85,28280,28470,28365,28385
5e4261c2072a0,c,ch,105,296,489,401,384
5e4261c2072a0,h,ha,88,131,338,219,250
5e4261c2072a0,a,al,119,296,517,415,398
5e4261c2072a0,l,li,102,401,570,503,468
5e4261c2072a0,i,it,67,109,250,176,183
5e4261c2072a0,t,tmeta1,74,517,690,591,616
5e4261c2072a0,meta1,meta11,99,315,485,414,386
5e4261c2072a0,1,10,71,248,436,319,365
5e4261c2072a0,0,01,117,182,384,299,267
5e4261c2072a0,1,1@,85,697,865,782,780
5e4261c2072a0,@,@normal,83,267,453,350,370
5e4261c2072a0,normal,normalh,103,397,553,500,450
5e4261c2072a0,h,ho,53,347,472,400,419
5e4261c2072a0,o,ot,72,197,319,269,247
5e4261c2072a0,t,tm,50,150,284,200,234
5e4261c2072a0,m,ma,84,149,337,233,253
5e4261c2072a0,a,ai,104,163,351,267,247
5e4261c2072a0,i,il,84,296,488,380,404
5e4261c2072a0,l,l.,108,171,386,279,278
5e4261c2072a0,.,.c,107,166,376,273,269
5e4261c2072a0,c,co,103,107,284,210,181
5e4261c2072a0,o,on,74,238,333,312,259
5e4261c2072a0,n,nc,21,30381,30468,30402,30447
5e4261c2072a0,c,ch,66,197,346,263,280
5e4261c2072a0,h,hl,83,389,548,472,465
5e4261c2072a0,l,li,76,484,627,560,551
5e4261c2072a0,i,it,67,114,250,181,183
5e4261c2072a0,t,tmeta1,69,350,537,419,468
5e4261c2072a0,meta1,meta11,118,354,605,472,487
5e4261c2072a0,1,10,133,111,360,244,227
5e4261c2072a0,0,01,116,87,316,203,200
5e4261c2072a0,1,1@,113,481,700,594,587
5e4261c2072a0,@,@normal,106,401,572,507,466
5e4261c2072a0,normal,normalh,65,478,651,543,586
5e4261c2072a0,h,ho,108,212,422,320,314
5e4261c2072a0,o,ot,102,228,418,330,316
5e4261c2072a0,t,tm,88,330,507,418,419
5e4261c2072a0,m,ma,89,230,390,319,301
5e4261c2072a0,a,ai,71,159,284,230,213
5e4261c2072a0,i,il,54,316,456,370,402
5e4261c2072a0,l,l.,86,245,418,331,332
5e4261c2072a0,.,.c,87,137,319,224,232
5e4261c2072a0,c,co,95,103,279,198,184
5e4261c2072a0,o,om,81,136,282,217,201
5e4261c2072a0,m,mc,65,31093,31217,31158,31152
5e4261c2072a0,c,ch,59,182,358,241,299
5e4261c2072a0,h,ha,117,59,302,176,185
5e4261c2072a0,a,al,126,111,309,237,183
5e4261c2072a0,l,lu,72,397,508,469,436
5e4261c2072a0,u,ut,39,179,284,218,245
5e4261c2072a0,t,tbksp,66,585,752,651,686
5e4261c2072a0,bksp,bkspbksp,101,57,250,158,149
5e4261c2072a0,bksp,bkspi,92,416,576,508,484
5e4261c2072a0,i,it,68,147,334,215,266
5e4261c2072a0,t,tmeta1,119,748,951,867,832
5e4261c2072a0,meta1,meta11,84,248,453,332,369
5e4261c2072a0,1,10,121,199,421,320,300
5e4261c2072a0,0,01,101,56,273,157,172
5e4261c2072a0,1,1@,116,194,375,310,259
5e4261c2072a0,@,@normal,65,498,649,563,584
5e4261c2072a0,normal,normalh,86,650,820,736,734
5e4261c2072a0,h,ho,84,254,437,338,353
5e4261c2072a0,o,ot,99,163,332,262,233
5e4261c2072a0,t,tm,70,445,603,515,533
5e4261c2072a0,m,mi,88,779,901,867,813
5e4261c2072a0,i,il,34,986,1058,1020,1024
5e4261c2072a0,l,l.,38,349,463,387,425
5e4261c2072a0,.,.c,76,173,329,249,253
5e4261c2072a0,c,co,80,164,312,244,232
5e4261c2072a0,o,om,68,214,334,282,266
5e4261c2072a0,m,mc,52,28119,28241,28171,28189
5e4261c2072a0,c,ch,70,216,367,286,297
5e4261c2072a0,h,ha,81,82,250,163,169
5e4261c2072a0,a,al,87,213,400,300,313
5e4261c2072a0,l,li,100,450,604,550,504
5e4261c2072a0,i,it,54,246,385,300,331
5e4261c2072a0,t,tmeta1,85,283,505,368,420
5e4261c2072a0,meta1,meta10,137,964,1168,1101,1031
5e4261c2072a0,0,01,67,245,387,312,320
5e4261c2072a0,1,1@,75,582,753,657,678
5e4261c2072a0,@,@normal,96,519,728,615,632
5e4261c2072a0,normal,normalh,113,433,633,546,520
5e4261c2072a0,h,ho,87,264,438,351,351
5e4261c2072a0,o,ot,87,262,420,349,333
5e4261c2072a0,t,tm,71,401,570,472,499
5e4261c2072a0,m,ma,98,229,436,327,338
5e4261c2072a0,a,ai,109,243,421,352,312
5e4261c2072a0,i,il,69,299,439,368,370
5e4261c2072a0,l,l.,71,243,400,314,329
5e4261c2072a0,.,.c,86,650,838,736,752
5e4261c2072a0,c,co,102,161,317,263,215
5e4261c2072a0,o,om,54,246,373,300,319
5e4261c2072a0,m,ms,73,-313622,-313475,-313549,-313548
5e4261f864e2a,s,su,74,175,355,249,281
5e4261f864e2a,u,ur,106,247,441,353,335
5e4261f864e2a,r,rc,88,414,586,502,498
5e4261f864e2a,c,ch,84,264,418,348,334
5e4261f864e2a,h,hbksp,70,880,1055,950,985
5e4261f864e2a,bksp,bkspbksp,105,95,304,200,199
5e4261f864e2a,bksp,bkspa,104,564,773,668,669
5e4261f864e2a,a,ac,105,528,737,633,632
5e4261f864e2a,c,ch,104,245,437,349,333
5e4261f864e2a,h,he,88,244,388,332,300
5e4261f864e2a,e,et,56,212,338,268,282
5e4261f864e2a,t,th,70,296,459,366,389
5e4261f864e2a,h,h.,93,741,940,834,847
5e4261f864e2a,.,.meta1,106,777,1005,883,899
5e4261f864e2a,meta1,meta11,122,291,521,413,399
5e4261f864e2a,1,19,108,230,425,338,317
5e4261f864e2a,9,99,87,131,287,218,200
5e4261f864e2a,9,97,69,212,368,281,299
5e4261f864e2a,7,7@,87,626,823,713,736
5e4261f864e2a,@,@normal,110,227,424,337,314
5e4261f864e2a,normal,normalh,87,532,724,619,637
5e4261f864e2a,h,ho,105,188,403,293,298
5e4261f864e2a,o,ot,110,146,375,256,265
5e4261f864e2a,t,tm,119,195,404,314,285
5e4261f864e2a,m,mi,90,2492,2674,2582,2584
5e4261f864e2a,i,i.,92,625,825,717,733
5e4261f864e2a,.,.c,108,311,526,419,418
5e4261f864e2a,c,co,107,93,306,200,199
5e4261f864e2a,o,om,106,194,423,300,317
5e4261f864e2a,m,ms,123,34180,34375,34303,34252
5e4261f864e2a,s,su,72,344,521,416,449
5e4261f864e2a,u,ur,105,1463,1654,1568,1549
5e4261f864e2a,r,ra,86,151,355,237,269
5e4261f864e2a,a,ac,118,248,466,366,348
5e4261f864e2a,c,ch,100,196,368,296,268
5e4261f864e2a,h,he,72,211,387,283,315
5e4261f864e2a,e,et,104,145,338,249,234
5e4261f864e2a,t,th,89,147,324,236,235
5e4261f864e2a,h,h.,88,810,1007,898,919
5e4261f864e2a,.,.meta1,109,378,590,487,481
5e4261f864e2a,meta1,meta11,103,290,501,393,398
5e4261f864e2a,1,19,108,248,443,356,335
5e4261f864e2a,9,99,87,112,284,199,197
5e4261f864e2a,9,97,85,166,353,251,268
5e4261f864e2a,7,7@,102,547,736,649,634
5e4261f864e2a,@,@normal,87,163,354,250,267
5e4261f864e2a,normal,normalh,104,527,749,631,645
5e4261f864e2a,h,ho,118,183,391,301,273
5e4261f864e2a,o,ot,90,245,421,335,331
5e4261f864e2a,t,tm,86,350,521,436,435
5e4261f864e2a,m,mi,85,395,567,480,482
5e4261f864e2a,i,il,87,162,321,249,234
5e4261f864e2a,l,l.,72,660,839,732,767
5e4261f864e2a,.,.c,107,329,572,436,465
5e4261f864e2a,c,co,136,96,336,232,200
5e4261f864e2a,o,om,104,265,455,369,351
5e4261f864e2a,m,ms,86,28779,28971,28865,28885
5e4261f864e2a,s,su,106,280,489,386,383
5e4261f864e2a,u,ur,103,278,489,381,386
5e4261f864e2a,r,ra,108,160,356,268,248
5e4261f864e2a,a,ac,88,176,337,264,249
5e4261f864e2a,c,ch,73,213,373,286,300
5e4261f864e2a,h,he,87,177,357,264,270
5e4261f864e2a,e,et,93,156,341,249,248
5e4261f864e2a,t,th,92,145,342,237,250
5e4261f864e2a,h,h.,105,608,824,713,719
5e4261f864e2a,.,.meta1,111,440,659,551,548
5e4261f864e2a,meta1,meta11,108,291,494,399,386
5e4261f864e2a,1,19,95,406,578,501,483
5e4261f864e2a,9,99,77,103,291,180,214
5e4261f864e2a,9,97,111,145,345,256,234
5e4261f864e2a,7,7@,89,1192,1390,1281,1301
5e4261f864e2a,@,@normal,109,71,308,180,199
5e4261f864e2a,normal,normalh,128,410,630,538,502
5e4261f864e2a,h,ho,92,191,391,283,299
5e4261f864e2a,o,ot,108,109,323,217,215
5e4261f864e2a,t,tm,106,227,440,333,334
5e4261f864e2a,m,ma,107,92,307,199,200
5e4261f864e2a,a,ai,108,175,375,283,267
5e4261f864e2a,i,il,92,175,358,267,266
5e4261f864e2a,l,l.,91,677,862,768,771
5e4261f864e2a,.,.c,94,670,895,764,801
5e4261f864e2a,c,co,131,51,292,182,161
5e4261f864e2a,o,om,110,227,429,337,319
5e4261f864e2a,m,ms,92,30278,30443,30370,30351
5e4261f864e2a,s,su,73,247,404,320,331
5e4261f864e2a,u,ur,84,281,452,365,368
5e4261f864e2a,r,ra,87,127,303,214,216
5e4261f864e2a,a,ac,89,160,339,249,250
5e4261f864e2a,c,ch,90,1411,1590,1501,1500
5e4261f864e2a,h,he,89,1692,1890,1781,1801
5e4261f864e2a,e,et,109,146,325,255,216
5e4261f864e2a,t,th,70,261,420,331,350
5e4261f864e2a,h,h.,89,500,671,589,582
5e4261f864e2a,.,.meta1,82,169,349,251,267
5e4261f864e2a,meta1,meta11,98,358,584,456,486
5e4261f864e2a,1,19,128,273,492,401,364
5e4261f864e2a,9,99,91,107,292,198,201
5e4261f864e2a,9,97,94,177,359,271,265
5e4261f864e2a,7,7@,88,530,725,618,637
5e4261f864e2a,@,@normal,107,103,304,210,197
5e4261f864e2a,normal,normalh,94,445,629,539,535
5e4261f864e2a,h,ho,90,193,388,283,298
5e4261f864e2a,o,ot,105,195,388,300,283
5e4261f864e2a,t,tm,88,158,357,246,269
5e4261f864e2a,m,mi,111,412,609,523,498
5e4261f864e2a,i,il,86,213,371,299,285
5e4261f864e2a,l,lbksp,72,980,1153,1052,1081
5e4261f864e2a,bksp,bkspa,101,695,905,796,804
5e4261f864e2a,a,ai,109,191,389,300,280
5e4261f864e2a,i,il,89,148,324,237,235
5e4261f864e2a,l,l.,87,626,804,713,717
5e4261f864e2a,.,.c,91,278,478,369,387
5e4261f864e2a,c,co,109,91,271,200,162
5e4261f864e2a,o,om,71,196,353,267,282
5e4261f864e2a,m,ms,86,37168,37357,37254,37271
5e4261f864e2a,s,su,103,177,369,280,266
5e4261f864e2a,u,ur,89,262,443,351,354
5e4261f864e2a,r,ra,92,102,272,194,180
5e4261f864e2a,a,ac,78,146,309,224,231
5e4261f864e2a,c,ch,85,183,369,268,284
5e4261f864e2a,h,he,101,129,318,230,217
5e4261f864e2a,e,et,88,141,320,229,232
5e4261f864e2a,t,th,91,149,342,240,251
5e4261f864e2a,h,h.,102,580,789,682,687
5e4261f864e2a,.,.meta1,107,145,352,252,245
5e4261f864e2a,meta1,meta11,100,412,625,512,525
5e4261f864e2a,1,19,113,174,357,287,244
5e4261f864e2a,9,99,70,129,286,199,216
5e4261f864e2a,9,97,87,164,335,251,248
5e4261f864e2a,7,7@,84,197,390,281,306
5e4261f864e2a,@,@normal,109,120,336,229,227
5e4261f864e2a,normal,normalh,107,346,545,453,438
5e4261f864e2a,h,ho,92,195,390,287,298
5e4261f864e2a,o,ot,103,146,355,249,252
5e4261f864e2a,t,tm,106,159,356,265,250
5e4261f864e2a,m,ma,91,104,306,195,215
5e4261f864e2a,a,ai,111,130,328,241,217
5e4261f864e2a,i,il,87,162,336,249,249
5e4261f864e2a,l,l.,87,613,810,700,723
5e4261f864e2a,.,.c,110,267,470,377,360
5e4261f864e2a,c,co,93,107,279,200,186
5e4261f864e2a,o,om,79,193,361,272,282
5e4261f864e2a,m,ms,89,24759,24955,24848,24866
5e4261f864e2a,s,su,107,1462,1661,1569,1554
5e4261f864e2a,u,ur,92,730,908,822,816
5e4261f864e2a,r,ra,86,155,336,241,250
5e4261f864e2a,a,ac,95,124,325,219,230
5e4261f864e2a,c,cg,106,162,357,268,251
5e4261f864e2a,g,ge,89,310,491,399,402
5e4261f864e2a,e,ebksp,92,439,641,531,549
5e4261f864e2a,bksp,bksph,110,864,1061,974,951
5e4261f864e2a,h,he,87,208,386,295,299
5e4261f864e2a,e,et,91,124,324,215,233
5e4261f864e2a,t,th,109,124,344,233,235
5e4261f864e2a,h,h.,111,506,726,617,615
5e4261f864e2a,.,.meta1,109,132,340,241,231
5e4261f864e2a,meta1,meta11,99,327,537,426,438
5e4261f864e2a,1,19,111,372,560,483,449
5e4261f864e2a,9,99,77,145,275,222,198
5e4261f864e2a,9,97,53,175,304,228,251
5e4261f864e2a,7,7@,76,341,510,417,434
5e4261f864e2a,@,@normal,93,226,425,319,332
5e4261f864e2a,normal,normalh,106,462,658,568,552
5e4261f864e2a,h,ho,90,226,388,316,298
5e4261f864e2a,o,ot,72,163,326,235,254
5e4261f864e2a,t,tm,91,205,391,296,300
5e4261f864e2a,m,ma,95,176,361,271,266
5e4261f864e2a,a,ai,90,210,370,300,280
5e4261f864e2a,i,il,70,179,322,249,252
5e4261f864e2a,l,l.,73,318,508,391,435
5e4261f864e2a,.,.c,117,306,530,423,413
5e4261f864e2a,c,co,107,92,276,199,169
5e4261f864e2a,o,om,77,189,358,266,281
5e4261f864e2a,m,ms,92,32852,33012,32944,32920
5e4261f864e2a,s,su,68,179,350,247,282
5e4261f864e2a,u,ur,103,228,406,331,303
5e4261f864e2a,r,ra,75,162,341,237,266
5e4261f864e2a,a,ac,104,105,320,209,216
5e4261f864e2a,c,ch,111,196,394,307,283
5e4261f864e2a,h,he,87,179,354,266,267
5e4261f864e2a,e,et,88,211,386,299,298
5e4261f864e2a,t,th,87,75,253,162,166
5e4261f864e2a,h,h.,91,579,779,670,688
5e4261f864e2a,.,.meta1,109,141,338,250,229
5e4261f864e2a,meta1,meta11,88,351,540,439,452
5e4261f864e2a,1,19,101,228,417,329,316
5e4261f864e2a,9,99,88,117,289,205,201
5e4261f864e2a,9,97,84,180,331,264,247
5e4261f864e2a,7,7@,67,532,705,599,638
5e4261f864e2a,@,@h,106,1808,2023,1914,1917
5e4261f864e2a,h,ho,109,191,425,300,316
5e4261f864e2a,o,ot,125,124,340,249,215
5e4261f864e2a,t,tm,91,160,360,251,269
5e4261f864e2a,m,ma,109,88,292,197,183
5e4261f864e2a,a,ai,95,139,327,234,232
5e4261f864e2a,i,il,93,143,327,236,234
5e4261f864e2a,l,l.,91,623,808,714,717
5e4261f864e2a,.,.c,94,256,493,350,399
5e4261f864e2a,c,co,143,107,359,250,216
5e4261f864e2a,o,om,109,191,409,300,300
5e4261f864e2a,m,ms,109,24480,24678,24589,24569
5e4261f864e2a,s,su,89,179,372,268,283
5e4261f864e2a,u,ur,104,214,405,318,301
5e4261f864e2a,r,ra,87,88,287,175,200
5e4261f864e2a,a,ac,112,144,359,256,247
5e4261f864e2a,c,ch,103,197,388,300,285
5e4261f864e2a,h,he,88,176,371,264,283
5e4261f864e2a,e,et,107,131,307,238,200
5e4261f864e2a,t,th,69,124,304,193,235
5e4261f864e2a,h,hspace,111,145,360,256,249
5e4261f864e2a,space,spacek,104,177,371,281,267
5e4261f864e2a,k,kl,90,147,337,237,247
5e4261f864e2a,l,l.,100,1963,2171,2063,2071
5e4261f864e2a,.,.bksp,108,855,1072,963,964
5e4261f864e2a,bksp,bkspbksp,109,1445,1679,1554,1570
5e4261f864e2a,bksp,bksp.,125,526,742,651,617
5e4261f864e2a,.,.meta1,91,393,574,484,483
5e4261f864e2a,meta1,meta11,90,287,488,377,398
5e4261f864e2a,1,19,111,229,427,340,316
5e4261f864e2a,9,99,87,123,304,210,217
5e4261f864e2a,9,97,94,157,346,251,252
5e4261f864e2a,7,7@,95,526,711,621,616
5e4261f864e2a,@,@normal,90,159,335,249,245
5e4261f864e2a,normal,normalh,86,415,591,501,505
5e4261f864e2a,h,ho,90,191,389,281,299
5e4261f864e2a,o,ot,108,160,376,268,268
5e4261f864e2a,t,tm,108,161,373,269,265
5e4261f864e2a,m,ma,104,145,371,249,267
5e4261f864e2a,a,ai,122,89,306,211,184
5e4261f864e2a,i,il,95,154,346,249,251
5e4261f864e2a,l,l.,97,582,794,679,697
5e4261f864e2a,.,.c,115,210,452,325,337
5e4261f864e2a,c,co,127,87,309,214,182
5e4261f864e2a,o,om,95,190,362,285,267
5e4261f864e2a,m,ms,77,25337,25544,25414,25467
5e4261f864e2a,s,su,130,214,429,344,299
5e4261f864e2a,u,ur,85,482,653,567,568
5e4261f864e2a,r,ra,86,144,319,230,233
5e4261f864e2a,a,ac,89,112,270,201,181
5e4261f864e2a,c,ch,69,200,353,269,284
5e4261f864e2a,h,he,84,175,351,259,267
5e4261f864e2a,e,et,92,71,257,163,165
5e4261f864e2a,t,th,94,147,328,241,234
5e4261f864e2a,h,h.,87,492,688,579,601
5e4261f864e2a,.,.meta1,109,150,340,259,231
5e4261f864e2a,meta1,meta11,81,277,483,358,402
5e4261f864e2a,1,19,125,247,474,372,349
5e4261f864e2a,9,99,102,144,306,246,204
5e4261f864e2a,9,97,60,163,290,223,230
5e4261f864e2a,7,7@,67,184,334,251,267
5e4261f864e2a,@,@normal,83,180,365,263,282
5e4261f864e2a,normal,normalh,102,448,641,550,539
5e4261f864e2a,h,ho,91,158,356,249,265
5e4261f864e2a,o,ot,107,175,374,282,267
5e4261f864e2a,t,tm,92,122,305,214,213
5e4261f864e2a,m,ma,91,72,264,163,173
5e4261f864e2a,a,ai,101,119,314,220,213
5e4261f864e2a,i,il,94,156,345,250,251
5e4261f864e2a,l,l.,95,575,763,670,668
5e4261f864e2a,.,.c,93,225,422,318,329
5e4261f864e2a,c,cm,104,360,555,464,451
5e4261f864e2a,m,mbksp,91,1195,1391,1286,1300
5e4261f864e2a,bksp,bkspbksp,105,544,740,649,635
5e4261f864e2a,bksp,bkspbksp,91,509,689,600,598
5e4261f864e2a,bksp,bkspl,89,1152,1337,1241,1248
5e4261f864e2a,l,l.,96,275,484,371,388
5e4261f864e2a,.,.c,113,260,488,373,375
5e4261f864e2a,c,co,115,44,240,159,125
5e4261f864e2a,o,om,81,161,345,242,264
5e4261f864e2a,m,ms,103,30279,30453,30382,30350
5e4261f864e2a,s,su,71,202,355,273,284
5e4261f864e2a,u,ur,82,281,453,363,371
5e4261f864e2a,r,ra,90,177,337,267,247
5e4261f864e2a,a,ac,70,132,287,202,217
5e4261f864e2a,c,ch,85,212,386,297,301
5e4261f864e2a,h,he,89,232,404,321,315
5e4261f864e2a,e,et,83,164,316,247,233
5e4261f864e2a,t,th,69,196,335,265,266
5e4261f864e2a,h,hspace,70,399,573,469,503
5e4261f864e2a,space,spacemeta1,104,1126,1337,1230,1233
5e4261f864e2a,meta1,meta1.,107,543,725,650,618
5e4261f864e2a,.,.normal,75,70,253,145,178
5e4261f864e2a,normal,normalmeta1,108,1128,1345,1236,1237
5e4261f864e2a,meta1,meta11,109,397,593,506,484
5e4261f864e2a,1,19,87,193,368,280,281
5e4261f864e2a,9,99,88,121,291,209,203
5e4261f864e2a,9,97,82,146,333,228,251
5e4261f864e2a,7,7@,105,287,485,392,380
5e4261f864e2a,@,@normal,93,179,360,272,267
5e4261f864e2a,normal,normalh,88,544,726,632,638
5e4261f864e2a,h,ho,94,202,407,296,313
5e4261f864e2a,o,ot,111,126,326,237,215
5e4261f864e2a,t,tm,89,152,340,241,251
5e4261f864e2a,m,ma,99,122,333,221,234
5e4261f864e2a,a,ai,112,107,278,219,166
5e4261f864e2a,i,il,59,174,325,233,266
5e4261f864e2a,l,l.,92,744,926,836,834
5e4261f864e2a,.,.c,90,259,455,349,365
5e4261f864e2a,c,co,106,71,290,177,184
5e4261f864e2a,o,om,113,179,380,292,267
5e4261f864e2a,m,mm,88,-277675,-277511,-277587,-277599
5e42626881591,m,me,76,212,377,288,301
5e42626881591,e,em,89,3,171,92,82
5e42626881591,m,mm,79,884,1015,963,936
5e42626881591,m,my,52,793,914,845,862
5e42626881591,y,ym,69,530,706,599,637
5e42626881591,m,me,107,411,605,518,498
5e42626881591,e,ei,87,164,334,251,247
5e42626881591,i,ij,83,154,317,237,234
5e42626881591,j,ji,80,103,230,183,150
5e42626881591,i,ishift,47,1183,1301,1230,1254
5e42626881591,shift,shiftmeta1,71,395,540,466,469
5e42626881591,meta1,meta1meta2,74,509,671,583,597
5e42626881591,meta2,meta2_,88,212,402,300,314
5e42626881591,_,_normal,102,186,386,288,284
5e42626881591,normal,normalr,98,447,584,545,486
5e42626881591,r,re,39,128,254,167,215
5e42626881591,e,ed,87,163,504,250,417
5e42626881591,d,dd,254,296,620,550,366
5e42626881591,d,dmeta1,70,982,1173,1052,1103
5e42626881591,meta1,meta1normal,121,828,1020,949,899
5e42626881591,normal,normalh,71,492,654,563,583
5e42626881591,h,ho,91,177,340,268,249
5e42626881591,o,ot,72,297,454,369,382
5e42626881591,t,tm,85,215,353,300,268
5e42626881591,m,ma,53,347,519,400,466
5e42626881591,a,ai,119,112,301,231,182
5e42626881591,i,il,70,149,272,219,202
5e42626881591,l,l.,53,198,318,251,265
5e42626881591,.,.c,67,566,719,633,652
5e42626881591,c,co,86,69,252,155,166
5e42626881591,o,om,97,195,380,292,283
5e42626881591,m,mbksp,88,1512,1671,1600,1583
5e42626881591,bksp,bksp.,71,512,671,583,600
5e42626881591,.,.bksp,88,597,754,685,666
5e42626881591,bksp,bkspm,69,595,722,664,653
5e42626881591,m,mm,58,27413,27574,27471,27516
5e42626881591,m,me,103,195,403,298,300
5e42626881591,e,em,105,21,190,126,85
5e42626881591,m,my,64,711,863,775,799
5e42626881591,y,ym,88,195,353,283,265
5e42626881591,m,me,70,795,955,865,885
5e42626881591,e,ei,90,57,222,147,132
5e42626881591,i,ij,75,129,261,204,186
5e42626881591,j,ji,57,111,222,168,165
5e42626881591,i,imeta1,54,532,671,586,617
5e42626881591,meta1,meta1meta2,85,378,523,463,438
5e42626881591,meta2,meta2_,60,214,339,274,279
5e42626881591,_,_normal,65,193,329,258,264
5e42626881591,normal,normalr,71,412,556,483,485
5e42626881591,r,re,73,126,289,199,216
5e42626881591,e,ed,90,136,289,226,199
5e42626881591,d,dd,63,53,214,116,151
5e42626881591,d,dmeta1,98,136,314,234,216
5e42626881591,meta1,meta1@,80,442,598,522,518
5e42626881591,@,@normal,76,131,295,207,219
5e42626881591,normal,normalh,88,476,637,564,549
5e42626881591,h,ho,73,227,357,300,284
5e42626881591,o,ot,57,243,426,300,369
5e42626881591,t,ta,126,811,1041,937,915
5e42626881591,a,ai,104,146,301,250,197
5e42626881591,i,il,51,108,236,159,185
5e42626881591,l,l.,77,195,328,272,251
5e42626881591,.,.c,56,329,472,385,416
5e42626881591,c,co,87,109,252,196,165
5e42626881591,o,om,56,181,294,237,238
5e42626881591,m,mm,57,25060,25172,25117,25115
5e42626881591,m,me,55,366,520,421,465
5e42626881591,e,em,99,78,248,177,149
5e42626881591,m,my,71,315,505,386,434
5e42626881591,y,ym,119,41,204,160,85
5e42626881591,m,me,44,846,976,890,932
5e42626881591,e,ei,86,72,253,158,167
5e42626881591,i,ij,95,125,295,220,200
5e42626881591,j,ji,75,104,244,179,169
5e42626881591,i,imeta1,65,534,696,599,631
5e42626881591,meta1,meta1meta2,97,482,663,579,566
5e42626881591,meta2,meta2_,84,177,350,261,266
5e42626881591,_,_normal,89,209,392,298,303
5e42626881591,normal,normalr,94,394,544,488,450
5e42626881591,r,re,56,125,271,181,215
5e42626881591,e,ed,90,183,298,273,208
5e42626881591,d,dd,25,338,435,363,410
5e42626881591,d,dmeta1,72,260,439,332,367
5e42626881591,meta1,meta1@,107,612,774,719,667
5e42626881591,@,@normal,55,143,285,198,230
5e42626881591,normal,normalh,87,347,507,434,420
5e42626881591,h,ho,73,196,338,269,265
5e42626881591,o,ot,69,155,353,224,284
5e42626881591,t,tm,129,95,263,224,134
5e42626881591,m,ma,39,213,355,252,316
5e42626881591,a,ai,103,96,252,199,149
5e42626881591,i,il,53,148,253,201,200
5e42626881591,l,l.,52,229,321,281,269
5e42626881591,.,.c,40,596,739,636,699
5e42626881591,c,co,103,37,218,140,115
5e42626881591,o,om,78,145,297,223,219
5e42626881591,m,mm,74,25110,25276,25184,25202
5e42626881591,m,me,92,246,440,338,348
5e42626881591,e,em,102,22,201,124,99
5e42626881591,m,my,77,679,828,756,751
5e42626881591,y,ym,72,228,389,300,317
5e42626881591,m,me,89,154,306,243,217
5e42626881591,e,ei,63,563,696,626,633
5e42626881591,i,ij,70,166,278,236,208
5e42626881591,j,ji,42,130,234,172,192
5e42626881591,i,imeta1,62,829,979,891,917
5e42626881591,meta1,meta1meta2,88,407,569,495,481
5e42626881591,meta2,meta2_,74,399,576,473,502
5e42626881591,_,_normal,103,3397,3588,3500,3485
5e42626881591,normal,normalr,88,1844,2038,1932,1950
5e42626881591,r,re,106,111,286,217,180
5e42626881591,e,ed,69,484,639,553,570
5e42626881591,d,dd,86,69,236,155,150
5e42626881591,d,dmeta1,81,231,395,312,314
5e42626881591,meta1,meta1@,83,530,652,613,569
5e42626881591,@,@normal,39,211,336,250,297
5e42626881591,normal,normalh,86,346,506,432,420
5e42626881591,h,ho,74,194,322,268,248
5e42626881591,o,ot,54,184,320,238,266
5e42626881591,t,tm,82,466,618,548,536
5e42626881591,m,ma,70,213,402,283,332
5e42626881591,a,ai,119,131,302,250,183
5e42626881591,i,il,52,150,253,202,201
5e42626881591,l,l.,51,178,283,229,232
5e42626881591,.,.c,54,583,720,637,666
5e42626881591,c,co,83,76,268,159,185
5e42626881591,o,om,109,195,374,304,265
5e42626881591,m,mm,70,24051,24190,24121,24120
5e42626881591,m,me,69,129,301,198,232
5e42626881591,e,em,103,18,219,121,116
5e42626881591,m,my,98,145,332,243,234
5e42626881591,y,ym,89,36,189,125,100
5e42626881591,m,me,64,529,666,593,602
5e42626881591,e,ei,73,56,190,129,117
5e42626881591,i,ij,61,128,261,189,200
5e42626881591,j,ji,72,129,254,201,182
5e42626881591,i,imeta1,53,465,622,518,569
5e42626881591,meta1,meta1-,104,377,585,481,481
5e42626881591,-,-meta2,104,608,836,712,732
5e42626881591,meta2,meta2bksp,124,1001,1210,1125,1086
5e42626881591,bksp,bkspmeta1,85,496,666,581,581
5e42626881591,meta1,meta1meta2,85,310,485,395,400
5e42626881591,meta2,meta2_,90,247,426,337,336
5e42626881591,_,_normal,89,230,419,319,330
5e42626881591,normal,normalr,100,931,1137,1031,1037
5e42626881591,r,re,106,88,287,194,181
5e42626881591,e,ed,93,115,277,208,184
5e42626881591,d,dd,69,88,251,157,182
5e42626881591,d,dmeta1,94,610,812,704,718
5e42626881591,meta1,meta1@,108,361,541,469,433
5e42626881591,@,@normal,72,247,439,319,367
5e42626881591,normal,normalh,120,479,704,599,584
5e42626881591,h,ho,105,141,323,246,218
5e42626881591,o,ot,77,210,410,287,333
5e42626881591,t,tm,123,663,840,786,717
5e42626881591,m,ma,54,309,489,363,435
5e42626881591,a,ai,126,70,272,196,146
5e42626881591,i,il,76,115,275,191,199
5e42626881591,l,lspace,84,166,302,250,218
5e42626881591,space,spacebksp,52,968,1102,1020,1050
5e42626881591,bksp,bksp.,82,747,900,829,818
5e42626881591,.,.c,71,598,789,669,718
5e42626881591,c,co,120,17,250,137,130
5e42626881591,o,om,113,181,365,294,252
5e42626881591,m,mm,71,22482,22640,22553,22569
5e42626881591,m,me,87,107,283,194,196
5e42626881591,e,em,89,74,208,163,119
5e42626881591,m,my,45,119,261,164,216
5e42626881591,y,ym,97,91,264,188,167
5e42626881591,m,me,76,158,360,234,284
5e42626881591,e,ei,126,73,276,199,150
5e42626881591,i,ij,77,141,308,218,231
5e42626881591,j,ji,90,89,257,179,167
5e42626881591,i,ishift,78,463,630,541,552
5e42626881591,shift,shiftmeta1,89,429,621,518,532
5e42626881591,meta1,meta1meta2,103,349,520,452,417
5e42626881591,meta2,meta2_,68,141,318,209,250
5e42626881591,_,_normal,109,181,374,290,265
5e42626881591,normal,normalr,84,412,569,496,485
5e42626881591,r,re,73,131,258,204,185
5e42626881591,e,ed,54,150,285,204,231
5e42626881591,d,dd,81,55,248,136,167
5e42626881591,d,dmeta1,112,397,617,509,505
5e42626881591,meta1,meta1@,108,406,571,514,463
5e42626881591,@,@normal,57,107,271,164,214
5e42626881591,normal,normalh,107,305,492,412,385
5e42626881591,h,ho,80,162,312,242,232
5e42626881591,o,ot,70,112,272,182,202
5e42626881591,t,tm,90,116,273,206,183
5e42626881591,m,ma,67,164,300,231,233
5e42626881591,a,ai,69,107,235,176,166
5e42626881591,i,il,59,146,275,205,216
5e42626881591,l,l.,70,147,287,217,217
5e42626881591,.,.c,70,200,357,270,287
5e42626881591,c,co,87,34,204,121,117
5e42626881591,o,om,83,191,331,274,248
5e42626881591,m,mm,57,23499,23610,23556,23553
5e42626881591,m,me,54,164,304,218,250
5e42626881591,e,em,86,3,150,89,64
5e42626881591,m,my,61,170,309,231,248
5e42626881591,y,ym,78,37,212,115,134
5e42626881591,m,mbksp,97,967,1103,1064,1006
5e42626881591,bksp,bkspbksp,39,106,217,145,178
5e42626881591,bksp,bkspm,72,578,709,650,637
5e42626881591,m,my,59,497,608,556,549
5e42626881591,y,ym,52,529,653,581,601
5e42626881591,m,me,72,177,356,249,284
5e42626881591,e,ei,107,19,219,126,112
5e42626881591,i,ij,93,122,276,215,183
5e42626881591,j,ji,61,87,229,148,168
5e42626881591,i,imeta1,81,331,533,412,452
5e42626881591,meta1,meta1meta2,121,279,471,400,350
5e42626881591,meta2,meta2_,71,210,370,281,299
5e42626881591,_,_normal,89,150,353,239,264
5e42626881591,normal,normalr,114,365,523,479,409
5e42626881591,r,re,44,139,239,183,195
5e42626881591,e,ed,56,144,271,200,215
5e42626881591,d,dd,71,90,238,161,167
5e42626881591,d,dmeta1,77,247,444,324,367
5e42626881591,meta1,meta1@,120,294,503,414,383
5e42626881591,@,@normal,89,182,372,271,283
5e42626881591,normal,normalh,101,319,501,420,400
5e42626881591,h,ho,81,152,316,233,235
5e42626881591,o,ot,83,164,330,247,247
5e42626881591,t,tm,83,70,250,153,167
5e42626881591,m,ma,97,148,350,245,253
5e42626881591,a,ai,105,114,271,219,166
5e42626881591,i,il,52,447,555,499,503
5e42626881591,l,l.,56,558,688,614,632
5e42626881591,.,.c,74,212,406,286,332
5e42626881591,c,co,120,20,219,140,99
5e42626881591,o,om,79,212,361,291,282
5e42626881591,m,mm,70,25115,25255,25185,25185
5e42626881591,m,me,70,179,373,249,303
5e42626881591,e,em,124,-16,202,108,78
5e42626881591,m,my,94,134,298,228,204
5e42626881591,y,ym,70,50,184,120,114
5e42626881591,m,me,64,436,615,500,551
5e42626881591,e,ei,115,23,215,138,100
5e42626881591,i,ij,77,137,294,214,217
5e42626881591,j,ji,80,85,247,165,167
5e42626881591,i,imeta1,82,169,347,251,265
5e42626881591,meta1,meta1meta2,96,270,463,366,367
5e42626881591,meta2,meta2_,97,120,285,217,188
5e42626881591,_,_normal,68,166,314,234,246
5e42626881591,normal,normalr,80,369,532,449,452
5e42626881591,r,re,83,118,299,201,216
5e42626881591,e,ed,98,135,312,233,214
5e42626881591,d,dd,79,72,247,151,168
5e42626881591,d,dmeta1,96,228,414,324,318
5e42626881591,meta1,meta1@,90,314,475,404,385
5e42626881591,@,@normal,71,195,334,266,263
5e42626881591,normal,normalh,68,366,540,434,472
5e42626881591,h,ho,106,159,352,265,246
5e42626881591,o,ot,87,112,319,199,232
5e42626881591,t,tm,120,108,320,228,200
5e42626881591,m,ma,92,130,344,222,252
5e42626881591,a,ai,122,77,270,199,148
5e42626881591,i,il,71,150,305,221,234
5e42626881591,l,l.,84,146,302,230,218
5e42626881591,.,.c,72,660,839,732,767
5e42626881591,c,co,107,56,222,163,115
5e42626881591,o,om,59,146,275,205,216
5e42626881591,m,mm,70,31232,31359,31302,31289
5e42626881591,m,me,57,147,288,204,231
5e42626881591,e,em,84,-14,150,70,66
5e42626881591,m,my,80,145,315,225,235
5e42626881591,y,ym,90,55,172,145,82
5e42626881591,m,me,27,914,1029,941,1002
5e42626881591,e,ei,88,89,238,177,150
5e42626881591,i,ij,61,165,254,226,193
5e42626881591,j,jbksp,28,307,400,335,372
5e42626881591,bksp,bkspbksp,65,185,314,250,249
5e42626881591,bksp,bkspbksp,64,52,295,116,231
5e42626881591,bksp,bkspbksp,179,55,265,234,86
5e42626881591,bksp,bkspbksp,31,52,181,83,150
5e42626881591,bksp,bkspbksp,98,326,484,424,386
5e42626881591,bksp,bkspm,60,446,574,506,514
5e42626881591,m,my,68,502,684,570,616
5e42626881591,y,ym,114,37,201,151,87
5e42626881591,m,me,50,525,666,575,616
5e42626881591,e,ei,91,39,207,130,116
5e42626881591,i,ij,77,146,293,223,216
5e42626881591,j,ji,70,95,221,165,151
5e42626881591,i,imeta1,56,226,371,282,315
5e42626881591,meta1,meta1meta2,89,228,407,317,318
5e42626881591,meta2,meta2_,90,147,306,237,216
5e42626881591,_,_normal,69,145,284,214,215
5e42626881591,normal,normalr,70,366,489,436,419
5e42626881591,r,re,53,110,236,163,183
5e42626881591,e,ed,73,128,272,201,199
5e42626881591,d,dd,71,58,206,129,135
5e42626881591,d,d@,77,681,811,758,734
5e42626881591,@,@normal,53,166,284,219,231
5e42626881591,normal,normalh,65,398,534,463,469
5e42626881591,h,ho,71,128,302,199,231
5e42626881591,o,ot,103,166,369,269,266
5e42626881591,t,tm,100,75,268,175,168
5e42626881591,m,ma,93,177,359,270,266
5e42626881591,a,ai,89,112,272,201,183
5e42626881591,i,il,71,143,287,214,216
5e42626881591,l,l.,73,166,292,239,219
5e42626881591,.,.c,53,529,668,582,615
5e42626881591,c,co,86,72,220,158,134
5e42626881591,o,om,62,163,295,225,233
5e42626881591,m,mm,70,22198,22323,22268,22253
5e42626881591,m,me,55,158,305,213,250
5e42626881591,e,em,92,37,223,129,131
5e42626881591,m,my,94,132,294,226,200
5e42626881591,y,ym,68,37,170,105,102
5e42626881591,m,me,65,448,599,513,534
5e42626881591,e,ei,86,20,183,106,97
5e42626881591,i,ij,77,106,246,183,169
5e42626881591,j,ji,63,85,229,148,166
5e42626881591,i,imeta1,81,763,948,844,867
5e42626881591,meta1,meta1meta2,104,207,436,311,332
5e42626881591,meta2,meta2_,125,164,359,289,234
5e42626881591,_,_normal,70,162,337,232,267
5e42626881591,normal,normalt,105,345,484,450,379
5e42626881591,t,tbksp,34,842,955,876,921
5e42626881591,bksp,bkspr,79,85,261,164,182
5e42626881591,r,re,97,72,265,169,168
5e42626881591,e,ed,96,564,729,660,633
5e42626881591,d,dd,69,74,204,143,135
5e42626881591,d,dmeta1,61,259,413,320,352
5e42626881591,meta1,meta1@,93,325,490,418,397
5e42626881591,@,@normal,72,96,270,168,198
5e42626881591,normal,normalh,102,398,573,500,471
5e42626881591,h,ho,73,159,321,232,248
5e42626881591,o,ot,89,244,422,333,333
5e42626881591,t,tm,89,477,640,566,551
5e42626881591,m,ma,74,127,309,201,235
5e42626881591,a,ai,108,71,255,179,147
5e42626881591,i,il,76,132,275,208,199
5e42626881591,l,l.,67,164,286,231,219
5e42626881591,.,.v,55,527,670,582,615
5e42626881591,v,vo,88,83,205,171,117
5e42626881591,o,om,34,163,253,197,219
5e42626881591,m,mbksp,56,776,905,832,849
5e42626881591,bksp,bkspbksp,73,76,223,149,150
5e42626881591,bksp,bkspc,74,907,1061,981,987
5e42626881591,c,co,80,208,359,288,279
5e42626881591,o,om,71,179,321,250,250
5e42626881591,m,mn,71,-110292,-110125,-110221,-110196
5e426359f0327,n,no,96,205,401,301,305
5e426359f0327,o,on,100,158,365,258,265
5e426359f0327,n,ng,107,38,259,145,152
5e426359f0327,g,gn,114,5,210,119,96
5e426359f0327,n,ne,91,71,291,162,200
5e426359f0327,e,ew,129,80,297,209,168
5e426359f0327,w,wmeta1,88,4998,5187,5086,5099
5e426359f0327,meta1,meta10,101,315,505,416,404
5e426359f0327,0,08,89,160,336,249,247
5e426359f0327,8,89,87,82,250,169,163
5e426359f0327,9,9normal,81,321,466,402,385
5e426359f0327,normal,normalnormal,64,987,1181,1051,1117
5e426359f0327,normal,normalnormal,130,742,964,872,834
5e426359f0327,normal,normalg,92,413,581,505,489
5e426359f0327,g,gm,76,68,239,144,163
5e426359f0327,m,ma,95,54,264,149,169
5e426359f0327,a,ai,115,34,228,149,113
5e426359f0327,i,il,79,108,279,187,200
5e426359f0327,l,l.,92,180,362,272,270
5e426359f0327,.,.c,90,110,286,200,196
5e426359f0327,c,co,86,306,472,392,386
5e426359f0327,o,om,80,165,294,245,214
5e426359f0327,m,mn,49,23585,23738,23634,23689
5e426359f0327,n,ni,104,145,336,249,232
5e426359f0327,i,in,87,125,304,212,217
5e426359f0327,n,no,92,1077,1277,1169,1185
5e426359f0327,o,on,108,192,371,300,263
5e426359f0327,n,ng,71,98,259,169,188
5e426359f0327,g,gn,90,4,184,94,94
5e426359f0327,n,ne,90,133,324,223,234
5e426359f0327,e,ew,101,123,284,224,183
5e426359f0327,w,wmeta1,60,212,376,272,316
5e426359f0327,meta1,meta10,104,332,541,436,437
5e426359f0327,0,08,105,159,355,264,250
5e426359f0327,8,89,91,70,254,161,163
5e426359f0327,9,9@,93,126,313,219,220
5e426359f0327,@,@normal,94,198,375,292,281
5e426359f0327,normal,normalg,83,330,502,413,419
5e426359f0327,g,gm,89,57,221,146,132
5e426359f0327,m,ma,75,74,261,149,186
5e426359f0327,a,ai,112,28,191,140,79
5e426359f0327,i,il,51,143,252,194,201
5e426359f0327,l,l.,58,166,308,224,250
5e426359f0327,.,.c,84,73,267,157,183
5e426359f0327,c,co,110,23,229,133,119
5e426359f0327,o,om,96,101,277,197,181
5e426359f0327,m,mn,80,23702,23852,23782,23772
5e426359f0327,n,no,70,156,317,226,247
5e426359f0327,o,on,91,149,326,240,235
5e426359f0327,n,ng,86,38,219,124,133
5e426359f0327,g,gn,95,19,209,114,114
5e426359f0327,n,nr,95,106,313,201,218
5e426359f0327,r,rbksp,112,314,547,426,435
5e426359f0327,bksp,bkspe,121,80,302,201,181
5e426359f0327,e,ew,101,97,269,198,168
5e426359f0327,w,w0,71,666,821,737,750
5e426359f0327,0,08,84,220,384,304,300
5e426359f0327,8,89,80,125,280,205,200
5e426359f0327,9,9@,75,398,559,473,484
5e426359f0327,@,@normal,86,98,299,184,213
5e426359f0327,normal,normalg,115,432,619,547,504
5e426359f0327,g,gm,72,78,236,150,164
5e426359f0327,m,ma,86,76,286,162,200
5e426359f0327,a,ai,124,36,207,160,83
5e426359f0327,i,il,47,135,280,182,233
5e426359f0327,l,l.,98,191,350,289,252
5e426359f0327,.,.c,61,93,261,154,200
5e426359f0327,c,co,107,38,242,145,135
5e426359f0327,o,om,97,130,313,227,216
5e426359f0327,m,mn,86,23498,23708,23584,23622
5e426359f0327,n,no,124,293,504,417,380
5e426359f0327,o,on,87,162,338,249,251
5e426359f0327,n,ng,89,112,311,201,222
5e426359f0327,g,gn,110,6,219,116,109
5e426359f0327,n,ne,103,86,301,189,198
5e426359f0327,e,ew,112,972,1165,1084,1053
5e426359f0327,w,wbksp,81,1632,1828,1713,1747
5e426359f0327,bksp,bkspbksp,115,282,488,397,373
5e426359f0327,bksp,bkspw,91,996,1193,1087,1102
5e426359f0327,w,wmeta1,106,243,465,349,359
5e426359f0327,meta1,meta10,116,249,471,365,355
5e426359f0327,0,08,106,162,352,268,246
5e426359f0327,8,89,84,75,268,159,184
5e426359f0327,9,9@,109,145,342,254,233
5e426359f0327,@,@normal,88,72,304,160,216
5e426359f0327,normal,normalg,144,433,684,577,540
5e426359f0327,g,gm,107,35,252,142,145
5e426359f0327,m,mi,110,160,376,270,266
5e426359f0327,i,il,106,114,306,220,200
5e426359f0327,l,l.,86,132,320,218,234
5e426359f0327,.,.c,102,129,320,231,218
5e426359f0327,c,co,89,35,238,124,149
5e426359f0327,o,om,114,126,281,240,167
5e426359f0327,m,mbksp,41,1154,1275,1195,1234
5e426359f0327,bksp,bkspbksp,80,79,246,159,166
5e426359f0327,bksp,bkspbksp,87,106,272,193,185
5e426359f0327,bksp,bkspbksp,79,92,259,171,180
5e426359f0327,bksp,bkspbksp,88,116,338,204,250
5e426359f0327,bksp,bkspbksp,134,129,318,263,184
5e426359f0327,bksp,bkspa,55,587,821,642,766
5e426359f0327,a,ai,179,19,294,198,115
5e426359f0327,i,il,96,126,316,222,220
5e426359f0327,l,l.,94,231,442,325,348
5e426359f0327,.,.c,117,71,340,188,223
5e426359f0327,c,co,152,17,280,169,128
5e426359f0327,o,om,111,164,343,275,232
5e426359f0327,m,mn,68,23249,23421,23317,23353
5e426359f0327,n,no,104,195,404,299,300
5e426359f0327,o,on,105,175,355,280,250
5e426359f0327,n,ng,75,113,298,188,223
5e426359f0327,g,gn,110,5,236,115,126
5e426359f0327,n,ne,121,464,678,585,557
5e426359f0327,e,ew,93,157,355,250,262
5e426359f0327,w,wmeta1,105,245,487,350,382
5e426359f0327,meta1,meta10,137,213,439,350,302
5e426359f0327,0,08,89,179,322,268,233
5e426359f0327,8,89,54,115,220,169,166
5e426359f0327,9,9@,51,712,854,763,803
5e426359f0327,@,@normal,91,90,287,181,196
5e426359f0327,normal,normalg,106,299,509,405,403
5e426359f0327,g,gm,104,92,269,196,165
5e426359f0327,m,ma,73,56,239,129,166
5e426359f0327,a,ai,110,35,242,145,132
5e426359f0327,i,il,97,103,279,200,182
5e426359f0327,l,l.,79,137,318,216,239
5e426359f0327,.,.c,102,35,234,137,132
5e426359f0327,c,co,97,89,278,186,181
5e426359f0327,o,om,92,109,277,201,185
5e426359f0327,m,mn,76,22864,23009,22940,22933
5e426359f0327,n,no,69,183,336,252,267
5e426359f0327,o,on,84,166,350,250,266
5e426359f0327,n,ng,100,334,553,434,453
5e426359f0327,g,gn,119,246,484,365,365
5e426359f0327,n,ne,119,213,418,332,299
5e426359f0327,e,ew,86,130,287,216,201
5e426359f0327,w,wmeta1,71,332,503,403,432
5e426359f0327,meta1,meta10,100,313,502,413,402
5e426359f0327,0,08,89,161,321,250,232
5e426359f0327,8,89,71,85,238,156,167
5e426359f0327,9,9@,82,403,582,485,500
5e426359f0327,@,@normal,97,92,313,189,216
5e426359f0327,normal,normalg,124,302,540,426,416
5e426359f0327,g,gm,114,55,268,169,154
5e426359f0327,m,ma,99,89,314,188,215
5e426359f0327,a,ai,126,43,225,169,99
5e426359f0327,i,il,56,130,255,186,199
5e426359f0327,l,l.,69,164,337,233,268
5e426359f0327,.,.c,104,73,287,177,183
5e426359f0327,c,co,110,71,262,181,152
5e426359f0327,o,om,81,146,280,227,199
5e426359f0327,m,mn,53,24864,25022,24917,24969
5e426359f0327,n,no,105,263,471,368,366
5e426359f0327,o,on,103,163,370,266,267
5e426359f0327,n,ng,104,91,286,195,182
5e426359f0327,g,gn,91,37,241,128,150
5e426359f0327,n,ne,113,107,329,220,216
5e426359f0327,e,ew,109,138,293,247,184
5e426359f0327,w,w0,46,879,1013,925,967
5e426359f0327,0,08,88,180,372,268,284
5e426359f0327,8,89,104,92,272,196,168
5e426359f0327,9,9normal,76,627,823,703,747
5e426359f0327,normal,normalg,120,339,555,459,435
5e426359f0327,g,gm,96,57,260,153,164
5e426359f0327,m,ma,107,72,311,179,204
5e426359f0327,a,ai,132,56,247,188,115
5e426359f0327,i,il,59,112,278,171,219
5e426359f0327,l,l.,107,362,574,469,467
5e426359f0327,.,.c,105,107,319,212,214
5e426359f0327,c,co,107,112,339,219,232
5e426359f0327,o,om,120,119,321,239,201
5e426359f0327,m,mn,82,22958,23094,23040,23012
5e426359f0327,n,no,54,174,294,228,240
5e426359f0327,o,on,66,165,317,231,251
5e426359f0327,n,ng,86,71,268,157,182
5e426359f0327,g,gn,111,20,229,131,118
5e426359f0327,n,ne,98,105,316,203,218
5e426359f0327,e,ew,113,88,310,201,197
5e426359f0327,w,wmeta1,109,312,511,421,402
5e426359f0327,meta1,meta10,90,193,372,283,282
5e426359f0327,0,08,89,183,340,272,251
5e426359f0327,8,89,68,91,233,159,165
5e426359f0327,9,9@,74,413,574,487,500
5e426359f0327,@,@normal,87,99,288,186,201
5e426359f0327,normal,normalg,102,279,490,381,388
5e426359f0327,g,gm,109,70,253,179,144
5e426359f0327,m,ma,74,73,258,147,184
5e426359f0327,a,ai,111,56,242,167,131
5e426359f0327,i,il,75,122,276,197,201
5e426359f0327,l,l.,79,181,347,260,268
5e426359f0327,.,.c,87,54,254,141,167
5e426359f0327,c,co,113,55,263,168,150
5e426359f0327,o,om,95,146,294,241,199
5e426359f0327,m,mn,53,22418,22554,22471,22501
5e426359f0327,n,no,83,166,350,249,267
5e426359f0327,o,on,101,149,370,250,269
5e426359f0327,n,ng,120,36,275,156,155
5e426359f0327,g,gn,119,5,212,124,93
5e426359f0327,n,ne,88,132,322,220,234
5e426359f0327,e,ew,102,98,287,200,185
5e426359f0327,w,w0,87,782,938,869,851
5e426359f0327,0,08,69,163,333,232,264
5e426359f0327,8,89,101,148,335,249,234
5e426359f0327,9,9@,86,365,541,451,455
5e426359f0327,@,@normal,90,160,366,250,276
5e426359f0327,normal,normalg,116,350,556,466,440
5e426359f0327,g,gm,90,51,235,141,145
5e426359f0327,m,ma,94,37,263,131,169
5e426359f0327,a,ai,132,39,246,171,114
5e426359f0327,i,il,75,105,276,180,201
5e426359f0327,l,l.,96,183,362,279,266
5e426359f0327,.,.c,83,37,233,120,150
5e426359f0327,c,co,113,129,280,242,167
5e426359f0327,o,om,38,138,237,176,199
5e426359f0327,m,mn,61,21498,21662,21559,21601
5e426359f0327,n,no,103,218,404,321,301
5e426359f0327,o,on,83,159,349,242,266
5e426359f0327,n,ng,107,77,260,184,153
5e426359f0327,g,gn,76,20,190,96,114
5e426359f0327,n,ne,94,109,311,203,217
5e426359f0327,e,ew,108,92,310,200,202
5e426359f0327,w,wmeta1,110,278,491,388,381
5e426359f0327,meta1,meta10,103,197,372,300,269
5e426359f0327,0,08,72,160,303,232,231
5e426359f0327,8,89,71,149,272,220,201
5e426359f0327,9,9@,52,416,552,468,500
5e426359f0327,@,@normal,84,96,251,180,167
5e426359f0327,normal,normalg,71,447,619,518,548
5e426359f0327,g,gm,101,53,250,154,149
5e426359f0327,m,ma,96,69,279,165,183
5e426359f0327,a,ai,114,20,232,134,118
5e426359f0327,i,il,98,106,300,204,202
5e426359f0327,l,l.,96,147,331,243,235
5e426359f0327,.,.c,88,103,303,191,215
5e426359f0327,c,co,112,36,246,148,134
5e426359f0327,o,om,98,137,296,235,198
5e426359f0327,m,mc,61,2332341522,2332341730,2332341583,2332341669
5e65fb23b6d2f,c,ca,147,339,629,486,482
5e65fb23b6d2f,a,ap,143,449,694,592,551
5e65fb23b6d2f,p,pz,102,202,402,304,300
5e65fb23b6d2f,z,zo,98,131,339,229,241
5e65fb23b6d2f,o,oo,110,89,311,199,201
5e65fb23b6d2f,o,on,112,146,352,258,240
5e65fb23b6d2f,n,nmeta1,94,1191,1410,1285,1316
5e65fb23b6d2f,meta1,meta1-,125,1023,1235,1148,1110
5e65fb23b6d2f,-,-bksp,87,1247,1437,1334,1350
5e65fb23b6d2f,bksp,bkspnormal,103,198,419,301,316
5e65fb23b6d2f,normal,normalshift,118,539,793,657,675
5e65fb23b6d2f,shift,shiftmeta1,136,297,551,433,415
5e65fb23b6d2f,meta1,meta1meta2,118,657,902,775,784
5e65fb23b6d2f,meta2,meta2_,127,732,970,859,843
5e65fb23b6d2f,_,_normal,111,489,702,600,591
5e65fb23b6d2f,normal,normaln,102,321,485,423,383
5e65fb23b6d2f,n,ni,62,206,363,268,301
5e65fb23b6d2f,i,il,95,197,362,292,267
5e65fb23b6d2f,l,lmeta1,70,279,478,349,408
5e65fb23b6d2f,meta1,meta1@,129,379,604,508,475
5e65fb23b6d2f,@,@normal,96,246,470,342,374
5e65fb23b6d2f,normal,normaly,128,463,679,591,551
5e65fb23b6d2f,y,ya,88,188,404,276,316
5e65fb23b6d2f,a,ah,128,214,445,342,317
5e65fb23b6d2f,h,ho,103,188,386,291,283
5e65fb23b6d2f,o,oo,95,69,270,164,175
5e65fb23b6d2f,o,o.,106,197,407,303,301
5e65fb23b6d2f,.,.c,104,479,662,583,558
5e65fb23b6d2f,c,co,79,238,403,317,324
5e65fb23b6d2f,o,om,86,148,319,234,233
5e65fb23b6d2f,m,mc,85,23663,23817,23748,23732
5e65fb23b6d2f,c,ca,69,166,369,235,300
5e65fb23b6d2f,a,ap,134,89,335,223,201
5e65fb23b6d2f,p,pz,112,189,395,301,283
5e65fb23b6d2f,z,zo,94,89,278,183,184
5e65fb23b6d2f,o,oo,95,121,294,216,199
5e65fb23b6d2f,o,on,78,139,320,217,242
5e65fb23b6d2f,n,nspace,103,314,485,417,382
5e65fb23b6d2f,space,spacebksp,68,699,853,767,785
5e65fb23b6d2f,bksp,bkspmeta1,86,205,418,291,332
5e65fb23b6d2f,meta1,meta1meta2,127,781,977,908,850
5e65fb23b6d2f,meta2,meta2_,69,306,452,375,383
5e65fb23b6d2f,_,_normal,77,274,453,351,376
5e65fb23b6d2f,normal,normaln,102,812,1003,914,901
5e65fb23b6d2f,n,ni,89,188,371,277,282
5e65fb23b6d2f,i,il,94,156,336,250,242
5e65fb23b6d2f,l,lmeta1,86,221,427,307,341
5e65fb23b6d2f,meta1,meta1@,120,389,595,509,475
5e65fb23b6d2f,@,@normal,86,615,828,701,742
5e65fb23b6d2f,normal,normaly,127,272,485,399,358
5e65fb23b6d2f,y,ya,86,131,353,217,267
5e65fb23b6d2f,a,ah,136,131,369,267,233
5e65fb23b6d2f,h,ho,102,256,418,358,316
5e65fb23b6d2f,o,oo,60,106,245,166,185
5e65fb23b6d2f,o,o.,79,213,361,292,282
5e65fb23b6d2f,.,.c,69,248,437,317,368
5e65fb23b6d2f,c,co,120,205,403,325,283
5e65fb23b6d2f,o,om,78,131,277,209,199
5e65fb23b6d2f,m,mc,68,22261,22400,22329,22332
5e65fb23b6d2f,c,ca,71,164,330,235,259
5e65fb23b6d2f,a,ap,95,139,337,234,242
5e65fb23b6d2f,p,pz,103,181,387,284,284
5e65fb23b6d2f,z,zo,103,113,302,216,199
5e65fb23b6d2f,o,oo,86,105,277,191,191
5e65fb23b6d2f,o,on,86,149,328,235,242
5e65fb23b6d2f,n,nmeta1,93,648,843,741,750
5e65fb23b6d2f,meta1,meta1meta2,102,255,426,357,324
5e65fb23b6d2f,meta2,meta2_,69,306,470,375,401
5e65fb23b6d2f,_,_normal,95,215,429,310,334
5e65fb23b6d2f,normal,normaln,119,262,459,381,340
5e65fb23b6d2f,n,ni,78,199,363,277,285
5e65fb23b6d2f,i,il,86,164,335,250,249
5e65fb23b6d2f,l,lmeta1,85,122,335,207,250
5e65fb23b6d2f,meta1,meta1@,128,347,570,475,442
5e65fb23b6d2f,@,@normal,95,406,620,501,525
5e65fb23b6d2f,normal,normaly,119,364,569,483,450
5e65fb23b6d2f,y,ya,86,130,361,216,275
5e65fb23b6d2f,a,ah,145,123,345,268,200
5e65fb23b6d2f,h,ho,77,155,327,232,250
5e65fb23b6d2f,o,oo,95,80,278,175,183
5e65fb23b6d2f,o,o.,103,165,371,268,268
5e65fb23b6d2f,.,.c,103,246,435,349,332
5e65fb23b6d2f,c,co,86,197,387,283,301
5e65fb23b6d2f,o,om,104,146,328,250,224
5e65fb23b6d2f,m,mc,78,27321,27458,27399,27380
5e65fb23b6d2f,c,ca,59,159,344,218,285
5e65fb23b6d2f,a,ap,126,81,309,207,183
5e65fb23b6d2f,p,pz,102,165,394,267,292
5e65fb23b6d2f,z,zo,127,89,285,216,158
5e65fb23b6d2f,o,oo,69,114,252,183,183
5e65fb23b6d2f,o,on,69,148,285,217,216
5e65fb23b6d2f,n,nmeta1,68,424,628,492,560
5e65fb23b6d2f,meta1,meta1meta2,136,305,552,441,416
5e65fb23b6d2f,meta2,meta2_,111,255,469,366,358
5e65fb23b6d2f,_,_normal,103,232,463,335,360
5e65fb23b6d2f,normal,normaln,128,270,477,398,349
5e65fb23b6d2f,n,ni,79,190,362,269,283
5e65fb23b6d2f,i,il,93,165,351,258,258
5e65fb23b6d2f,l,lmeta1,93,139,420,232,327
5e65fb23b6d2f,meta1,meta1@,188,938,1203,1126,1015
5e65fb23b6d2f,@,@normal,77,598,802,675,725
5e65fb23b6d2f,normal,normaly,127,372,569,499,442
5e65fb23b6d2f,y,ya,70,155,379,225,309
5e65fb23b6d2f,a,ah,154,123,363,277,209
5e65fb23b6d2f,h,ho,86,179,342,265,256
5e65fb23b6d2f,o,oo,77,114,260,191,183
5e65fb23b6d2f,o,o.,69,207,371,276,302
5e65fb23b6d2f,.,.c,95,221,445,316,350
5e65fb23b6d2f,c,cm,129,464,660,593,531
5e65fb23b6d2f,m,mc,67,26816,26959,26883,26892
5e65fb23b6d2f,c,ca,76,155,351,231,275
5e65fb23b6d2f,a,ap,120,97,319,217,199
5e65fb23b6d2f,p,pz,102,156,395,258,293
5e65fb23b6d2f,z,zo,137,246,470,383,333
5e65fb23b6d2f,o,on,87,155,336,242,249
5e65fb23b6d2f,n,nbksp,94,806,1003,900,909
5e65fb23b6d2f,bksp,bkspn,103,537,728,640,625
5e65fb23b6d2f,n,nbksp,88,788,980,876,892
5e65fb23b6d2f,bksp,bkspo,104,204,387,308,283
5e65fb23b6d2f,o,on,79,613,778,692,699
5e65fb23b6d2f,n,nspace,86,248,394,334,308
5e65fb23b6d2f,space,spacemeta1,60,623,827,683,767
5e65fb23b6d2f,meta1,meta1meta2,144,172,418,316,274
5e65fb23b6d2f,meta2,meta2_,102,207,420,309,318
5e65fb23b6d2f,_,_normal,111,197,436,308,325
5e65fb23b6d2f,normal,normaln,128,229,461,357,333
5e65fb23b6d2f,n,ni,104,156,362,260,258
5e65fb23b6d2f,i,il,102,156,361,258,259
5e65fb23b6d2f,l,lmeta1,103,146,377,249,274
5e65fb23b6d2f,meta1,meta1@,128,347,570,475,442
5e65fb23b6d2f,@,@normal,95,515,729,610,634
5e65fb23b6d2f,normal,normaly,119,271,453,390,334
5e65fb23b6d2f,y,ya,63,137,346,200,283
5e65fb23b6d2f,a,ah,146,130,362,276,216
5e65fb23b6d2f,h,ho,86,164,320,250,234
5e65fb23b6d2f,o,oo,70,113,269,183,199
5e65fb23b6d2f,o,o.,86,239,420,325,334
5e65fb23b6d2f,.,.c,95,286,453,381,358
5e65fb23b6d2f,c,co,72,246,398,318,326
5e65fb23b6d2f,o,om,80,146,304,226,224
5e65fb23b6d2f,m,mc,78,23064,23243,23142,23165
5e65fb23b6d2f,c,ca,101,173,418,274,317
5e65fb23b6d2f,a,ap,144,114,370,258,226
5e65fb23b6d2f,p,pz,112,215,461,327,349
5e65fb23b6d2f,z,zo,134,82,292,216,158
5e65fb23b6d2f,o,oo,76,106,268,182,192
5e65fb23b6d2f,o,on,86,156,361,242,275
5e65fb23b6d2f,n,nmeta1,119,381,669,500,550
5e65fb23b6d2f,meta1,meta1meta2,169,238,543,407,374
5e65fb23b6d2f,meta2,meta2_,136,256,504,392,368
5e65fb23b6d2f,_,_normal,112,197,436,309,324
5e65fb23b6d2f,normal,normaln,127,230,461,357,334
5e65fb23b6d2f,n,ni,104,181,362,285,258
5e65fb23b6d2f,i,il,77,182,352,259,275
5e65fb23b6d2f,l,lmeta1,93,197,434,290,341
5e65fb23b6d2f,meta1,meta1@,144,331,579,475,435
5e65fb23b6d2f,@,@normal,104,189,446,293,342
5e65fb23b6d2f,normal,normaly,153,289,509,442,356
5e65fb23b6d2f,y,ya,67,140,363,207,296
5e65fb23b6d2f,a,ah,156,112,361,268,205
5e65fb23b6d2f,h,ho,93,181,360,274,267
5e65fb23b6d2f,o,oo,86,97,286,183,200
5e65fb23b6d2f,o,o.,103,239,444,342,341
5e65fb23b6d2f,.,.c,102,239,427,341,325
5e65fb23b6d2f,c,co,86,239,411,325,325
5e65fb23b6d2f,o,om,86,166,328,252,242
5e65fb23b6d2f,m,mc,76,24580,24770,24656,24694
5e65fb23b6d2f,c,ca,114,203,444,317,330
5e65fb23b6d2f,a,ap,127,397,636,524,509
5e65fb23b6d2f,p,pz,112,205,420,317,308
5e65fb23b6d2f,z,zo,103,122,310,225,207
5e65fb23b6d2f,o,oo,85,106,279,191,194
5e65fb23b6d2f,o,on,88,129,320,217,232
5e65fb23b6d2f,n,nmeta1,103,439,696,542,593
5e65fb23b6d2f,meta1,meta1meta2,154,212,494,366,340
5e65fb23b6d2f,meta2,meta2_,128,155,394,283,266
5e65fb23b6d2f,_,_normal,111,190,445,301,334
5e65fb23b6d2f,normal,normaln,144,254,502,398,358
5e65fb23b6d2f,n,ni,104,206,396,310,292
5e65fb23b6d2f,i,il,86,164,336,250,250
5e65fb23b6d2f,l,lmeta1,86,146,368,232,282
5e65fb23b6d2f,meta1,meta1@,136,289,511,425,375
5e65fb23b6d2f,@,@normal,86,223,454,309,368
5e65fb23b6d2f,normal,normaly,145,322,527,467,382
5e65fb23b6d2f,y,ya,60,198,402,258,342
5e65fb23b6d2f,a,ah,144,107,328,251,184
5e65fb23b6d2f,h,ho,77,172,344,249,267
5e65fb23b6d2f,o,oo,95,105,281,200,186
5e65fb23b6d2f,o,o.,81,195,387,276,306
5e65fb23b6d2f,.,.c,111,263,479,374,368
5e65fb23b6d2f,c,co,105,228,428,333,323
5e65fb23b6d2f,o,om,95,156,321,251,226
5e65fb23b6d2f,m,mc,70,22648,22818,22718,22748
5e65fb23b6d2f,c,ca,100,188,391,288,291
5e65fb23b6d2f,a,ap,103,448,662,551,559
5e65fb23b6d2f,p,pz,111,181,410,292,299
5e65fb23b6d2f,z,zo,118,115,319,233,201
5e65fb23b6d2f,o,oo,86,113,280,199,194
5e65fb23b6d2f,o,on,81,144,312,225,231
5e65fb23b6d2f,n,nmeta1,87,189,411,276,324
5e65fb23b6d2f,meta1,meta1meta2,135,197,469,332,334
5e65fb23b6d2f,meta2,meta2_,137,163,420,300,283
5e65fb23b6d2f,_,_normal,120,206,462,326,342
5e65fb23b6d2f,normal,normaln,136,204,453,340,317
5e65fb23b6d2f,n,ni,113,172,370,285,257
5e65fb23b6d2f,i,il,85,182,344,267,259
5e65fb23b6d2f,l,lmeta1,77,146,369,223,292
5e65fb23b6d2f,meta1,meta1@,146,338,587,484,441
5e65fb23b6d2f,@,@normal,103,306,528,409,425
5e65fb23b6d2f,normal,normaly,119,272,469,391,350
5e65fb23b6d2f,y,ya,78,164,378,242,300
5e65fb23b6d2f,a,ah,136,139,352,275,216
5e65fb23b6d2f,h,ho,77,164,328,241,251
5e65fb23b6d2f,o,oo,87,105,287,192,200
5e65fb23b6d2f,o,o.,95,581,786,676,691
5e65fb23b6d2f,.,.c,110,381,628,491,518
5e65fb23b6d2f,c,co,137,163,395,300,258
5e65fb23b6d2f,o,om,95,155,345,250,250
5e65fb23b6d2f,m,mc,95,21965,22159,22060,22064
5e65fb23b6d2f,c,ca,99,156,375,255,276
5e65fb23b6d2f,a,ap,120,114,345,234,225
5e65fb23b6d2f,p,pz,111,149,395,260,284
5e65fb23b6d2f,z,zo,135,105,334,240,199
5e65fb23b6d2f,o,oo,94,105,294,199,200
5e65fb23b6d2f,o,on,95,131,329,226,234
5e65fb23b6d2f,n,nmeta1,103,197,461,300,358
5e65fb23b6d2f,meta1,meta1meta2,161,226,517,387,356
5e65fb23b6d2f,meta2,meta2_,130,203,448,333,318
5e65fb23b6d2f,_,_normal,115,198,474,313,359
5e65fb23b6d2f,normal,normaln,161,213,512,374,351
5e65fb23b6d2f,n,ni,138,163,387,301,249
5e65fb23b6d2f,i,il,86,154,336,240,250
5e65fb23b6d2f,l,lmeta1,96,172,422,268,326
5e65fb23b6d2f,meta1,meta1@,154,364,620,518,466
5e65fb23b6d2f,@,@normal,102,172,402,274,300
5e65fb23b6d2f,normal,normaly,128,271,477,399,349
5e65fb23b6d2f,y,ya,78,131,353,209,275
5e65fb23b6d2f,a,ah,144,140,369,284,225
5e65fb23b6d2f,h,ho,85,172,343,257,258
5e65fb23b6d2f,o,oo,86,97,278,183,192
5e65fb23b6d2f,o,o.,95,198,396,293,301
5e65fb23b6d2f,.,.c,103,263,536,366,433
5e65fb23b6d2f,c,co,170,181,454,351,284
5e65fb23b6d2f,o,om,103,114,328,217,225
5e65fb23b6d2f,m,mc,111,21942,22133,22053,22022
5e65fb23b6d2f,c,ca,80,139,339,219,259
5e65fb23b6d2f,a,ap,120,123,346,243,226
5e65fb23b6d2f,p,pz,103,155,370,258,267
5e65fb23b6d2f,z,zo,112,105,319,217,207
5e65fb23b6d2f,o,oo,102,89,286,191,184
5e65fb23b6d2f,o,on,95,130,320,225,225
5e65fb23b6d2f,n,nmeta1,95,255,512,350,417
5e65fb23b6d2f,meta1,meta1meta2,162,254,543,416,381
5e65fb23b6d2f,meta2,meta2_,127,165,411,292,284
5e65fb23b6d2f,_,_normal,119,190,444,309,325
5e65fb23b6d2f,normal,normaln,135,230,469,365,334
5e65fb23b6d2f,n,ni,104,181,371,285,267
5e65fb23b6d2f,i,il,86,164,344,250,258
5e65fb23b6d2f,l,lmeta1,94,155,386,249,292
5e65fb23b6d2f,meta1,meta1@,137,346,603,483,466
5e65fb23b6d2f,@,@normal,120,231,478,351,358
5e65fb23b6d2f,normal,normaly,127,306,513,433,386
5e65fb23b6d2f,y,ya,80,119,336,199,256
5e65fb23b6d2f,a,ah,137,190,421,327,284
5e65fb23b6d2f,h,ho,94,171,352,265,258
5e65fb23b6d2f,o,oo,87,105,269,192,182
5e65fb23b6d2f,o,o.,77,224,411,301,334
5e65fb23b6d2f,.,.c,110,348,535,458,425
5e65fb23b6d2f,c,co,77,256,418,333,341
5e65fb23b6d2f,o,om,85,124,303,209,218
5e65fb23b6d2f,m,mc,94,156372,156536,156466,156442
5e65fcfa36c6d,c,ca,70,158,351,228,281
5e65fcfa36c6d,a,ap,123,109,321,232,198
5e65fcfa36c6d,p,pz,89,144,348,233,259
5e65fcfa36c6d,z,zo,115,109,299,224,184
5e65fcfa36c6d,o,oo,75,99,256,174,181
5e65fcfa36c6d,o,on,82,184,365,266,283
5e65fcfa36c6d,n,nmeta1,99,712,947,811,848
5e65fcfa36c6d,meta1,meta1meta2,136,349,568,485,432
5e65fcfa36c6d,meta2,meta2_,83,257,441,340,358
5e65fcfa36c6d,_,_normal,101,232,464,333,363
5e65fcfa36c6d,normal,normaln,131,251,465,382,334
5e65fcfa36c6d,n,ni,83,175,349,258,266
5e65fcfa36c6d,i,il,91,158,355,249,264
5e65fcfa36c6d,l,lmeta1,106,770,988,876,882
5e65fcfa36c6d,meta1,meta1@,112,340,527,452,415
5e65fcfa36c6d,@,@normal,75,133,325,208,250
5e65fcfa36c6d,normal,normaly,117,324,506,441,389
5e65fcfa36c6d,y,ya,65,151,331,216,266
5e65fcfa36c6d,a,ah,115,241,431,356,316
5e65fcfa36c6d,h,ho,75,175,323,250,248
5e65fcfa36c6d,o,oo,73,102,265,175,192
5e65fcfa36c6d,o,o.,90,209,406,299,316
5e65fcfa36c6d,.,.c,107,264,440,371,333
5e65fcfa36c6d,c,co,69,224,376,293,307
5e65fcfa36c6d,o,om,83,125,307,208,224
5e65fcfa36c6d,m,mc,99,22534,22701,22633,22602
5e65fcfa36c6d,c,ca,68,142,350,210,282
5e65fcfa36c6d,a,ap,140,94,323,234,183
5e65fcfa36c6d,p,pz,89,141,355,230,266
5e65fcfa36c6d,z,zo,125,92,307,217,182
5e65fcfa36c6d,o,oo,90,92,265,182,175
5e65fcfa36c6d,o,on,83,183,348,266,265
5e65fcfa36c6d,n,nmeta1,82,151,381,233,299
5e65fcfa36c6d,meta1,meta1meta2,148,200,464,348,316
5e65fcfa36c6d,meta2,meta2_,116,215,433,331,317
5e65fcfa36c6d,_,_normal,102,174,434,276,332
5e65fcfa36c6d,normal,normaln,158,225,481,383,323
5e65fcfa36c6d,n,ni,98,159,347,257,249
5e65fcfa36c6d,i,il,90,142,323,232,233
5e65fcfa36c6d,l,lmeta1,91,101,307,192,216
5e65fcfa36c6d,meta1,meta1@,115,621,822,736,707
5e65fcfa36c6d,@,@normal,86,158,369,244,283
5e65fcfa36c6d,normal,normaly,125,407,614,532,489
5e65fcfa36c6d,y,ya,82,167,391,249,309
5e65fcfa36c6d,a,ah,142,140,381,282,239
5e65fcfa36c6d,h,ho,99,167,357,266,258
5e65fcfa36c6d,o,oo,91,84,274,175,183
5e65fcfa36c6d,o,o.,99,200,415,299,316
5e65fcfa36c6d,.,.c,116,241,439,357,323
5e65fcfa36c6d,c,co,82,259,423,341,341
5e65fcfa36c6d,o,om,82,150,331,232,249
5e65fcfa36c6d,m,mc,99,22508,22676,22607,22577
5e65fcfa36c6d,c,ca,69,132,326,201,257
5e65fcfa36c6d,a,ap,125,100,324,225,199
5e65fcfa36c6d,p,pz,99,108,341,207,242
5e65fcfa36c6d,z,zo,134,82,315,216,181
5e65fcfa36c6d,o,oo,99,101,273,200,174
5e65fcfa36c6d,o,on,73,152,315,225,242
5e65fcfa36c6d,n,nmeta1,90,109,323,199,233
5e65fcfa36c6d,meta1,meta1meta2,124,191,431,315,307
5e65fcfa36c6d,meta2,meta2_,116,167,407,283,291
5e65fcfa36c6d,_,_normal,124,225,490,349,366
5e65fcfa36c6d,normal,normaln,141,191,424,332,283
5e65fcfa36c6d,n,ni,92,183,349,275,257
5e65fcfa36c6d,i,il,74,175,340,249,266
5e65fcfa36c6d,l,lmeta1,91,141,373,232,282
5e65fcfa36c6d,meta1,meta1@,141,309,539,450,398
5e65fcfa36c6d,@,@normal,89,167,405,256,316
5e65fcfa36c6d,normal,normaly,149,342,574,491,425
5e65fcfa36c6d,y,ya,83,125,333,208,250
5e65fcfa36c6d,a,ah,125,157,373,282,248
5e65fcfa36c6d,h,ho,91,168,356,259,265
5e65fcfa36c6d,o,oo,97,92,271,189,174
5e65fcfa36c6d,o,o.,82,226,408,308,326
5e65fcfa36c6d,.,.c,100,224,415,324,315
5e65fcfa36c6d,c,co,91,225,407,316,316
5e65fcfa36c6d,o,om,91,125,318,216,227
5e65fcfa36c6d,m,mc,102,21403,21582,21505,21480
5e65fcfa36c6d,c,ca,77,150,350,227,273
5e65fcfa36c6d,a,ap,123,93,323,216,200
5e65fcfa36c6d,p,pz,107,142,365,249,258
5e65fcfa36c6d,z,zo,116,117,323,233,207
5e65fcfa36c6d,o,oo,90,101,282,191,192
5e65fcfa36c6d,o,on,91,133,340,224,249
5e65fcfa36c6d,n,nmeta1,116,225,489,341,373
5e65fcfa36c6d,meta1,meta1meta2,148,266,540,414,392
5e65fcfa36c6d,meta2,meta2_,126,183,425,309,299
5e65fcfa36c6d,_,_normal,116,208,448,324,332
5e65fcfa36c6d,normal,normaln,124,200,432,324,308
5e65fcfa36c6d,n,ni,108,175,373,283,265
5e65fcfa36c6d,i,il,90,168,348,258,258
5e65fcfa36c6d,l,lmeta1,90,125,355,215,265
5e65fcfa36c6d,meta1,meta1@,140,318,556,458,416
5e65fcfa36c6d,@,@normal,98,167,390,265,292
5e65fcfa36c6d,normal,normaly,125,267,465,392,340
5e65fcfa36c6d,y,ya,73,125,330,198,257
5e65fcfa36c6d,a,ah,132,159,407,291,275
5e65fcfa36c6d,h,ho,116,142,348,258,232
5e65fcfa36c6d,o,oo,90,84,265,174,175
5e65fcfa36c6d,o,o.,91,217,414,308,323
5e65fcfa36c6d,.,.c,106,210,415,316,309
5e65fcfa36c6d,c,co,99,233,406,332,307
5e65fcfa36c6d,o,om,74,142,298,216,224
5e65fcfa36c6d,m,mc,82,21491,21627,21573,21545
5e65fcfa36c6d,c,ca,54,132,302,186,248
5e65fcfa36c6d,a,ap,116,92,309,208,193
5e65fcfa36c6d,p,pz,101,157,357,258,256
5e65fcfa36c6d,z,zo,99,92,290,191,191
5e65fcfa36c6d,o,oo,99,75,265,174,166
5e65fcfa36c6d,o,on,91,126,306,217,215
5e65fcfa36c6d,n,nmeta1,89,218,448,307,359
5e65fcfa36c6d,meta1,meta1meta2,141,272,523,413,382
5e65fcfa36c6d,meta2,meta2_,110,158,376,268,266
5e65fcfa36c6d,_,_normal,108,191,415,299,307
5e65fcfa36c6d,normal,normaln,116,225,440,341,324
5e65fcfa36c6d,n,ni,99,175,365,274,266
5e65fcfa36c6d,i,il,91,150,323,241,232
5e65fcfa36c6d,l,lmeta1,82,125,348,207,266
5e65fcfa36c6d,meta1,meta1@,141,569,789,710,648
5e65fcfa36c6d,@,@normal,79,142,344,221,265
5e65fcfa36c6d,normal,normaly,123,301,507,424,384
5e65fcfa36c6d,y,ya,83,91,299,174,216
5e65fcfa36c6d,a,ah,125,149,358,274,233
5e65fcfa36c6d,h,ho,84,157,324,241,240
5e65fcfa36c6d,o,oo,83,83,257,166,174
5e65fcfa36c6d,o,o.,91,208,399,299,308
5e65fcfa36c6d,.,.c,100,208,390,308,290
5e65fcfa36c6d,c,co,82,258,431,340,349
5e65fcfa36c6d,o,om,91,125,316,216,225
5e65fcfa36c6d,m,mc,100,24578,24763,24678,24663
5e65fcfa36c6d,c,ca,85,166,367,251,282
5e65fcfa36c6d,a,ap,116,84,307,200,191
5e65fcfa36c6d,p,pz,107,150,398,257,291
5e65fcfa36c6d,z,zo,141,66,297,207,156
5e65fcfa36c6d,o,oo,90,93,274,183,184
5e65fcfa36c6d,o,on,91,117,289,208,198
5e65fcfa36c6d,n,nmeta1,81,168,397,249,316
5e65fcfa36c6d,meta1,meta1meta2,148,334,606,482,458
5e65fcfa36c6d,meta2,meta2_,124,208,440,332,316
5e65fcfa36c6d,_,_normal,108,183,424,291,316
5e65fcfa36c6d,normal,normaln,133,199,431,332,298
5e65fcfa36c6d,n,ni,99,201,382,300,283
5e65fcfa36c6d,i,il,82,158,323,240,241
5e65fcfa36c6d,l,lmeta1,83,92,333,175,250
5e65fcfa36c6d,meta1,meta1@,158,341,607,499,449
5e65fcfa36c6d,@,@normal,108,82,357,190,249
5e65fcfa36c6d,normal,normaly,167,264,515,431,348
5e65fcfa36c6d,y,ya,84,117,341,201,257
5e65fcfa36c6d,a,ah,140,126,365,266,225
5e65fcfa36c6d,h,ho,99,150,340,249,241
5e65fcfa36c6d,o,oo,91,75,265,166,174
5e65fcfa36c6d,o,o.,99,167,356,266,257
5e65fcfa36c6d,.,.c,90,300,532,390,442
5e65fcfa36c6d,c,co,142,157,391,299,249
5e65fcfa36c6d,o,om,92,107,291,199,199
5e65fcfa36c6d,m,mc,92,25177,25344,25269,25252
5e65fcfa36c6d,c,ca,75,142,351,217,276
5e65fcfa36c6d,a,ap,134,100,323,234,189
5e65fcfa36c6d,p,pz,89,176,407,265,318
5e65fcfa36c6d,z,zo,142,57,290,199,148
5e65fcfa36c6d,o,oo,91,101,249,192,158
5e65fcfa36c6d,o,on,57,142,299,199,242
5e65fcfa36c6d,n,nmeta1,100,812,1039,912,939
5e65fcfa36c6d,meta1,meta1meta2,127,149,384,276,257
5e65fcfa36c6d,meta2,meta2_,108,141,331,249,223
5e65fcfa36c6d,_,_normal,82,193,432,275,350
5e65fcfa36c6d,normal,normaln,157,225,489,382,332
5e65fcfa36c6d,n,ni,107,183,373,290,266
5e65fcfa36c6d,i,il,83,150,341,233,258
5e65fcfa36c6d,l,lmeta1,108,158,397,266,289
5e65fcfa36c6d,meta1,meta1@,131,342,572,473,441
5e65fcfa36c6d,@,@normal,99,250,474,349,375
5e65fcfa36c6d,normal,normaly,125,291,490,416,365
5e65fcfa36c6d,y,ya,74,125,341,199,267
5e65fcfa36c6d,a,ah,142,166,407,308,265
5e65fcfa36c6d,h,ho,99,149,364,248,265
5e65fcfa36c6d,o,oo,116,84,274,200,158
5e65fcfa36c6d,o,o.,74,201,390,275,316
5e65fcfa36c6d,.,.c,115,216,415,331,300
5e65fcfa36c6d,c,co,84,249,416,333,332
5e65fcfa36c6d,o,om,83,149,282,232,199
5e65fcfa36c6d,m,mc,50,85312,85437,85362,85387
5e65fe0c09aaa,c,ca,75,176,391,251,316
5e65fe0c09aaa,a,ap,140,108,348,248,208
5e65fe0c09aaa,p,pz,100,166,423,266,323
5e65fe0c09aaa,z,zo,157,76,331,233,174
5e65fe0c09aaa,o,oo,98,101,265,199,167
5e65fe0c09aaa,o,on,66,150,314,216,248
5e65fe0c09aaa,n,nmeta1,98,771,988,869,890
5e65fe0c09aaa,meta1,meta1meta2,119,207,444,326,325
5e65fe0c09aaa,meta2,meta2_,118,182,424,300,306
5e65fe0c09aaa,_,_normal,124,200,457,324,333
5e65fe0c09aaa,normal,normaln,133,257,490,390,357
5e65fe0c09aaa,n,ni,100,166,349,266,249
5e65fe0c09aaa,i,il,83,166,331,249,248
5e65fe0c09aaa,l,lmeta1,82,168,373,250,291
5e65fe0c09aaa,meta1,meta1@,123,587,814,710,691
5e65fe0c09aaa,@,@normal,104,115,353,219,249
5e65fe0c09aaa,normal,normaly,134,282,482,416,348
5e65fe0c09aaa,y,ya,66,142,366,208,300
5e65fe0c09aaa,a,ah,158,182,431,340,273
5e65fe0c09aaa,h,ho,91,159,333,250,242
5e65fe0c09aaa,o,oo,83,83,274,166,191
5e65fe0c09aaa,o,o.,108,183,399,291,291
5e65fe0c09aaa,.,.c,108,208,397,316,289
5e65fe0c09aaa,c,co,81,226,397,307,316
5e65fe0c09aaa,o,om,90,126,299,216,209
5e65fe0c09aaa,m,mc,83,22258,22468,22341,22385
5e65fe0c09aaa,c,ca,127,271,540,398,413
5e65fe0c09aaa,a,ap,142,250,500,392,358
5e65fe0c09aaa,p,pz,108,150,391,258,283
5e65fe0c09aaa,z,zo,133,108,331,241,198
5e65fe0c09aaa,o,oo,90,93,291,183,201
5e65fe0c09aaa,o,on,108,141,357,249,249
5e65fe0c09aaa,n,nmeta1,108,125,365,233,257
5e65fe0c09aaa,meta1,meta1meta2,132,374,631,506,499
5e65fe0c09aaa,meta2,meta2_,125,183,424,308,299
5e65fe0c09aaa,_,_normal,116,174,431,290,315
5e65fe0c09aaa,normal,normaln,141,191,440,332,299
5e65fe0c09aaa,n,ni,108,176,374,284,266
5e65fe0c09aaa,i,il,90,167,346,257,256
5e65fe0c09aaa,l,lmeta1,89,144,364,233,275
5e65fe0c09aaa,meta1,meta1@,131,317,529,448,398
5e65fe0c09aaa,@,@normal,81,301,507,382,426
5e65fe0c09aaa,normal,normaly,125,240,440,365,315
5e65fe0c09aaa,y,ya,75,158,375,233,300
5e65fe0c09aaa,a,ah,142,124,348,266,206
5e65fe0c09aaa,h,ho,82,159,323,241,241
5e65fe0c09aaa,o,oo,82,94,266,176,184
5e65fe0c09aaa,o,o.,90,198,397,288,307
5e65fe0c09aaa,.,.c,109,349,540,458,431
5e65fe0c09aaa,c,co,82,258,441,340,359
5e65fe0c09aaa,o,om,101,157,349,258,248
5e65fe0c09aaa,m,mc,91,59938,60157,60029,60066
5e65fe0c09aaa,c,ca,128,263,534,391,406
5e65fe0c09aaa,a,ap,143,183,433,326,290
5e65fe0c09aaa,p,pz,107,151,390,258,283
5e65fe0c09aaa,z,zo,132,75,315,207,183
5e65fe0c09aaa,o,oo,108,67,274,175,166
5e65fe0c09aaa,o,on,99,141,331,240,232
5e65fe0c09aaa,n,nmeta1,91,562,781,653,690
5e65fe0c09aaa,meta1,meta1meta2,128,250,478,378,350
5e65fe0c09aaa,meta2,meta2_,100,174,381,274,281
5e65fe0c09aaa,_,_normal,107,184,423,291,316
5e65fe0c09aaa,normal,normaln,132,192,423,324,291
5e65fe0c09aaa,n,ni,99,183,365,282,266
5e65fe0c09aaa,i,il,83,158,340,241,257
5e65fe0c09aaa,l,lmeta1,99,109,348,208,249
5e65fe0c09aaa,meta1,meta1@,140,341,579,481,439
5e65fe0c09aaa,@,@normal,98,118,382,216,284
5e65fe0c09aaa,normal,normaly,166,283,507,449,341
5e65fe0c09aaa,y,ya,58,133,340,191,282
5e65fe0c09aaa,a,ah,149,208,449,357,300
5e65fe0c09aaa,h,ho,92,158,357,250,265
5e65fe0c09aaa,o,oo,107,67,273,174,166
5e65fe0c09aaa,o,o.,99,167,374,266,275
5e65fe0c09aaa,.,.c,108,216,398,324,290
5e65fe0c09aaa,c,co,74,233,389,307,315
5e65fe0c09aaa,o,om,82,135,298,217,216
5e65fe0c09aaa,m,mc,81,21861,22020,21942,21939
5e65fe0c09aaa,c,ca,78,151,370,229,292
5e65fe0c09aaa,a,ap,141,83,323,224,182
5e65fe0c09aaa,p,pz,99,151,374,250,275
5e65fe0c09aaa,z,zo,124,83,298,207,174
5e65fe0c09aaa,o,oo,91,109,282,200,191
5e65fe0c09aaa,o,on,82,150,323,232,241
5e65fe0c09aaa,n,nmeta1,91,341,573,432,482
5e65fe0c09aaa,meta1,meta1meta2,141,175,447,316,306
5e65fe0c09aaa,meta2,meta2_,131,209,431,340,300
5e65fe0c09aaa,_,_normal,91,241,474,332,383
5e65fe0c09aaa,normal,normaln,142,240,474,382,332
5e65fe0c09aaa,n,ni,92,149,324,241,232
5e65fe0c09aaa,i,il,83,142,316,225,233
5e65fe0c09aaa,l,lmeta1,91,117,332,208,241
5e65fe0c09aaa,meta1,meta1@,124,299,513,423,389
5e65fe0c09aaa,@,@normal,90,143,374,233,284
5e65fe0c09aaa,normal,normaly,141,332,557,473,416
5e65fe0c09aaa,y,ya,84,116,300,200,216
5e65fe0c09aaa,a,ah,100,165,349,265,249
5e65fe0c09aaa,h,ho,84,158,323,242,239
5e65fe0c09aaa,o,oo,81,77,257,158,176
5e65fe0c09aaa,o,o.,99,183,372,282,273
5e65fe0c09aaa,.,.c,90,193,391,283,301
5e65fe0c09aaa,c,co,108,108,298,216,190
5e65fe0c09aaa,o,om,82,125,280,207,198
5e65fe0c09aaa,m,mc,73,21354,21502,21427,21429
5e65fe0c09aaa,c,ca,75,134,341,209,266
5e65fe0c09aaa,a,ap,132,101,340,233,208
5e65fe0c09aaa,p,pz,107,134,357,241,250
5e65fe0c09aaa,z,zo,116,66,283,182,167
5e65fe0c09aaa,o,oo,101,99,281,200,180
5e65fe0c09aaa,o,on,81,118,290,199,209
5e65fe0c09aaa,n,nmeta1,91,75,332,166,241
5e65fe0c09aaa,meta1,meta1meta2,166,273,582,439,416
5e65fe0c09aaa,meta2,meta2_,143,141,425,284,282
5e65fe0c09aaa,_,_normal,141,166,423,307,282
5e65fe0c09aaa,normal,normaln,116,208,448,324,332
5e65fe0c09aaa,n,ni,124,142,356,266,232
5e65fe0c09aaa,i,il,90,134,315,224,225
5e65fe0c09aaa,l,lmeta1,91,109,357,200,266
5e65fe0c09aaa,meta1,meta1@,157,399,656,556,499
5e65fe0c09aaa,@,@normal,100,381,605,481,505
5e65fe0c09aaa,normal,normaly,124,325,531,449,407
5e65fe0c09aaa,y,ya,82,117,323,199,241
5e65fe0c09aaa,a,ah,124,167,373,291,249
5e65fe0c09aaa,h,ho,82,151,331,233,249
5e65fe0c09aaa,o,oo,98,84,281,182,183
5e65fe0c09aaa,o,o.,99,175,381,274,282
5e65fe0c09aaa,.,.c,107,209,398,316,291
5e65fe0c09aaa,c,co,82,225,398,307,316
5e65fe0c09aaa,o,om,91,100,291,191,200
5e65fe0c09aaa,m,mc,100,27874,28084,27974,27984
5e65fe0c09aaa,c,ca,110,199,466,309,356
5e65fe0c09aaa,a,ap,157,92,356,249,199
5e65fe0c09aaa,p,pz,107,142,364,249,257
5e65fe0c09aaa,z,zo,115,77,290,192,175
5e65fe0c09aaa,o,oo,98,92,281,190,183
5e65fe0c09aaa,o,on,91,117,306,208,215
5e65fe0c09aaa,n,nmeta1,98,152,408,250,310
5e65fe0c09aaa,meta1,meta1meta2,158,248,556,406,398
5e65fe0c09aaa,meta2,meta2_,150,149,431,299,281
5e65fe0c09aaa,_,_normal,132,192,446,324,314
5e65fe0c09aaa,normal,normaln,122,210,440,332,318
5e65fe0c09aaa,n,ni,108,166,364,274,256
5e65fe0c09aaa,i,il,90,151,338,241,248
5e65fe0c09aaa,l,lmeta1,97,136,382,233,285
5e65fe0c09aaa,meta1,meta1@,149,373,605,522,456
5e65fe0c09aaa,@,@normal,83,183,373,266,290
5e65fe0c09aaa,normal,normaly,107,317,506,424,399
5e65fe0c09aaa,y,ya,82,142,347,224,265
5e65fe0c09aaa,a,ah,123,208,423,331,300
5e65fe0c09aaa,h,ho,92,158,333,250,241
5e65fe0c09aaa,o,oo,83,83,249,166,166
5e65fe0c09aaa,o,o.,83,200,382,283,299
5e65fe0c09aaa,.,.c,99,224,406,323,307
5e65fe0c09aaa,c,co,83,200,374,283,291
5e65fe0c09aaa,o,om,91,108,281,199,190
5e65fe0c09aaa,m,mc,82,20917,21077,20999,20995
5e65fe0c09aaa,c,ca,78,125,350,203,272
5e65fe0c09aaa,a,ap,147,85,348,232,201
5e65fe0c09aaa,p,pz,116,149,399,265,283
5e65fe0c09aaa,z,zo,134,58,290,192,156
5e65fe0c09aaa,o,oo,98,101,273,199,175
5e65fe0c09aaa,o,on,74,109,281,183,207
5e65fe0c09aaa,n,nmeta1,98,217,490,315,392
5e65fe0c09aaa,meta1,meta1normal,175,248,574,423,399
5e65fe0c09aaa,normal,normala,151,166,435,317,284
5e65fe0c09aaa,a,abksp,118,949,1171,1067,1053
5e65fe0c09aaa,bksp,bkspmeta1,104,618,826,722,722
5e65fe0c09aaa,meta1,meta1-,104,440,652,544,548
5e65fe0c09aaa,-,-normal,108,224,456,332,348
5e65fe0c09aaa,normal,normalbksp,124,597,830,721,706
5e65fe0c09aaa,bksp,bkspmeta1,109,909,1148,1018,1039
5e65fe0c09aaa,meta1,meta1meta2,130,653,885,783,755
5e65fe0c09aaa,meta2,meta2_,102,250,467,352,365
5e65fe0c09aaa,_,_normal,115,325,580,440,465
5e65fe0c09aaa,normal,normaln,140,441,690,581,550
5e65fe0c09aaa,n,ni,109,140,315,249,206
5e65fe0c09aaa,i,il,66,167,314,233,248
5e65fe0c09aaa,l,lmeta1,81,284,523,365,442
5e65fe0c09aaa,meta1,meta1@,158,669,913,827,755
5e65fe0c09aaa,@,@normal,86,183,412,269,326
5e65fe0c09aaa,normal,normaly,143,298,522,441,379
5e65fe0c09aaa,y,ya,81,126,340,207,259
5e65fe0c09aaa,a,aj,133,133,339,266,206
5e65fe0c09aaa,j,jbksp,73,483,665,556,592
5e65fe0c09aaa,bksp,bksph,109,157,365,266,256
5e65fe0c09aaa,h,ho,99,167,348,266,249
5e65fe0c09aaa,o,oo,82,84,258,166,176
5e65fe0c09aaa,o,o.,92,174,381,266,289
5e65fe0c09aaa,.,.c,115,391,589,506,474
5e65fe0c09aaa,c,co,83,233,406,316,323
5e65fe0c09aaa,o,om,90,109,306,199,216
5e65fe0c09aaa,m,mc,107,21581,21773,21688,21666
5e65fe0c09aaa,c,ca,85,116,342,201,257
5e65fe0c09aaa,a,ap,141,91,340,232,199
5e65fe0c09aaa,p,pz,108,166,416,274,308
5e65fe0c09aaa,z,zo,142,41,284,183,142
5e65fe0c09aaa,o,oo,101,91,291,192,190
5e65fe0c09aaa,o,om,99,117,332,216,233
5e65fe0c09aaa,m,mmeta1,116,157,439,273,323
5e65fe0c09aaa,meta1,meta1bksp,166,1068,1321,1234,1155
5e65fe0c09aaa,bksp,bkspbksp,87,124,276,211,189
5e65fe0c09aaa,bksp,bksp9,65,778,929,843,864
5e65fe0c09aaa,9,9bksp,86,588,760,674,674
5e65fe0c09aaa,bksp,bkspnormal,86,448,659,534,573
5e65fe0c09aaa,normal,normalo,125,357,573,482,448
5e65fe0c09aaa,o,on,91,166,349,257,258
5e65fe0c09aaa,n,nmeta1,92,1085,1295,1177,1203
5e65fe0c09aaa,meta1,meta1meta2,118,200,426,318,308
5e65fe0c09aaa,meta2,meta2_,108,199,423,307,315
5e65fe0c09aaa,_,_normal,116,208,466,324,350
5e65fe0c09aaa,normal,normaln,142,215,448,357,306
5e65fe0c09aaa,n,ni,91,200,374,291,283
5e65fe0c09aaa,i,il,83,150,315,233,232
5e65fe0c09aaa,l,lmeta1,82,150,364,232,282
5e65fe0c09aaa,meta1,meta1@,132,366,589,498,457
5e65fe0c09aaa,@,@normal,91,150,407,241,316
5e65fe0c09aaa,normal,normaly,166,263,515,429,349
5e65fe0c09aaa,y,ya,86,150,343,236,257
5e65fe0c09aaa,a,ah,107,158,356,265,249
5e65fe0c09aaa,h,ho,91,158,331,249,240
5e65fe0c09aaa,o,oo,82,84,257,166,175
5e65fe0c09aaa,o,o.,91,200,407,291,316
5e65fe0c09aaa,.,.c,116,241,440,357,324
5e65fe0c09aaa,c,co,83,216,399,299,316
5e65fe0c09aaa,o,om,100,125,340,225,240
5e65fe0c09aaa,m,mc,115,308243,308426,308358,308311
5e66004c72402,c,ca,68,166,384,234,316
5e66004c72402,a,ap,150,116,374,266,224
5e66004c72402,p,pz,108,142,373,250,265
5e66004c72402,z,zo,123,76,290,199,167
5e66004c72402,o,oo,91,100,274,191,183
5e66004c72402,o,on,83,141,305,224,222
5e66004c72402,n,nmeta1,81,127,340,208,259
5e66004c72402,meta1,meta1meta2,132,191,431,323,299
5e66004c72402,meta2,meta2_,108,249,449,357,341
5e66004c72402,_,_normal,92,224,458,316,366
5e66004c72402,normal,normaln,142,215,448,357,306
5e66004c72402,n,ni,91,183,365,274,274
5e66004c72402,i,il,91,167,348,258,257
5e66004c72402,l,lmeta1,90,201,406,291,316
5e66004c72402,meta1,meta1@,115,342,538,457,423
5e66004c72402,@,@normal,81,109,315,190,234
5e66004c72402,normal,normaly,125,291,490,416,365
5e66004c72402,y,ya,74,191,356,265,282
5e66004c72402,a,ah,91,183,366,274,275
5e66004c72402,h,ho,92,141,331,233,239
5e66004c72402,o,oo,98,77,273,175,175
5e66004c72402,o,o.,98,184,381,282,283
5e66004c72402,.,.c,99,308,490,407,391
5e66004c72402,c,co,83,216,398,299,315
5e66004c72402,o,om,99,109,306,208,207
5e66004c72402,m,mc,98,23053,23235,23151,23137
5e66004c72402,c,ca,84,134,359,218,275
5e66004c72402,a,ap,141,167,399,308,258
5e66004c72402,p,pz,91,158,382,249,291
5e66004c72402,z,zo,133,98,332,231,199
5e66004c72402,o,oo,101,91,291,192,190
5e66004c72402,o,on,99,126,332,225,233
5e66004c72402,n,nmeta1,107,125,389,232,282
5e66004c72402,meta1,meta1meta2,157,274,565,431,408
5e66004c72402,meta2,meta2_,134,183,433,317,299
5e66004c72402,_,_normal,116,191,439,307,323
5e66004c72402,normal,normaln,132,192,418,324,286
5e66004c72402,n,ni,94,197,365,291,271
5e66004c72402,i,il,74,158,331,232,257
5e66004c72402,l,lmeta1,99,134,349,233,250
5e66004c72402,meta1,meta1@,116,529,738,645,622
5e66004c72402,@,@normal,93,142,334,235,241
5e66004c72402,normal,normaly,99,408,598,507,499
5e66004c72402,y,ya,91,125,339,216,248
5e66004c72402,a,ah,123,151,372,274,249
5e66004c72402,h,ho,98,159,347,257,249
5e66004c72402,o,oo,90,76,257,166,167
5e66004c72402,o,o.,91,208,423,299,332
5e66004c72402,.,.c,124,225,432,349,308
5e66004c72402,c,co,83,241,416,324,333
5e66004c72402,o,om,92,133,322,225,230
5e66004c72402,m,mc,97,23404,23577,23501,23480
5e66004c72402,c,ca,76,126,350,202,274
5e66004c72402,a,ap,148,109,339,257,191
5e66004c72402,p,pz,82,159,358,241,276
5e66004c72402,z,zo,117,82,290,199,173
5e66004c72402,o,oo,91,100,282,191,191
5e66004c72402,o,on,91,125,316,216,225
5e66004c72402,n,nmeta1,100,92,341,192,241
5e66004c72402,meta1,meta1meta2,149,183,465,332,316
5e66004c72402,meta2,meta2_,133,150,423,283,290
5e66004c72402,_,_normal,140,242,522,382,382
5e66004c72402,normal,normaln,140,174,406,314,266
5e66004c72402,n,ni,92,216,390,308,298
5e66004c72402,i,il,82,151,331,233,249
5e66004c72402,l,lmeta1,98,143,405,241,307
5e66004c72402,meta1,meta1@,164,508,746,672,582
5e66004c72402,@,@normal,74,169,390,243,316
5e66004c72402,normal,normaly,147,316,554,463,407
5e66004c72402,y,ya,91,125,350,216,259
5e66004c72402,a,ah,134,199,423,333,289
5e66004c72402,h,ho,90,167,347,257,257
5e66004c72402,o,oo,90,93,274,183,184
5e66004c72402,o,o.,91,225,423,316,332
5e66004c72402,.,.c,107,265,447,372,340
5e66004c72402,c,co,75,250,417,325,342
5e66004c72402,o,om,92,132,307,224,215
5e66004c72402,m,mc,83,22357,22516,22440,22433
5e66004c72402,c,ca,76,208,417,284,341
5e66004c72402,a,ap,133,108,347,241,214
5e66004c72402,p,pz,106,177,408,283,302
5e66004c72402,z,zo,125,82,307,207,182
5e66004c72402,o,oo,100,108,290,208,190
5e66004c72402,o,on,82,151,340,233,258
5e66004c72402,n,nmeta1,107,84,331,191,224
5e66004c72402,meta1,meta1meta2,140,184,456,324,316
5e66004c72402,meta2,meta2_,132,175,448,307,316
5e66004c72402,_,_normal,141,250,549,391,408
5e66004c72402,normal,normaln,158,215,456,373,298
5e66004c72402,n,ni,83,175,349,258,266
5e66004c72402,i,il,91,159,339,250,248
5e66004c72402,l,lmeta1,89,176,406,265,317
5e66004c72402,meta1,meta1&,141,490,672,631,531
5e66004c72402,&,&bksp,41,619,747,660,706
5e66004c72402,bksp,bksp@,87,166,335,253,248
5e66004c72402,@,@normal,82,475,714,557,632
5e66004c72402,normal,normaly,157,300,539,457,382
5e66004c72402,y,ya,82,126,340,208,258
5e66004c72402,a,ah,132,200,439,332,307
5e66004c72402,h,ho,107,150,365,257,258
5e66004c72402,o,oo,108,92,282,200,174
5e66004c72402,o,o.,82,217,398,299,316
5e66004c72402,.,.meta1,99,208,447,307,348
5e66004c72402,meta1,meta1?,140,167,366,307,226
5e66004c72402,?,?bksp,59,1864,2001,1923,1942
5e66004c72402,bksp,bkspnormal,78,654,842,732,764
5e66004c72402,normal,normalc,110,828,1023,938,913
5e66004c72402,c,co,85,265,442,350,357
5e66004c72402,o,om,92,150,341,242,249
5e66004c72402,m,mc,99,28467,28710,28566,28611
5e66004c72402,c,ca,144,191,509,335,365
5e66004c72402,a,ap,174,150,440,324,266
5e66004c72402,p,pz,116,158,380,274,264
5e66004c72402,z,zo,106,110,324,216,218
5e66004c72402,o,oo,108,91,281,199,173
5e66004c72402,o,on,82,151,331,233,249
5e66004c72402,n,nmeta1,98,184,439,282,341
5e66004c72402,meta1,meta1normal,157,234,532,391,375
5e66004c72402,normal,normala,141,207,481,348,340
5e66004c72402,a,abksp,133,803,1022,936,889
5e66004c72402,bksp,bkspmeta1,86,638,825,724,739
5e66004c72402,meta1,meta1meta2,101,753,948,854,847
5e66004c72402,meta2,meta2_,94,216,426,310,332
5e66004c72402,_,_normal,116,482,739,598,623
5e66004c72402,normal,normaln,141,1051,1295,1192,1154
5e66004c72402,n,ni,103,217,402,320,299
5e66004c72402,i,il,82,158,313,240,231
5e66004c72402,l,lmeta1,73,143,374,216,301
5e66004c72402,meta1,meta1@,158,290,532,448,374
5e66004c72402,@,@normal,84,158,383,242,299
5e66004c72402,normal,normaly,141,374,588,515,447
5e66004c72402,y,ya,73,142,357,215,284
5e66004c72402,a,ah,142,216,449,358,307
5e66004c72402,h,ho,91,175,348,266,257
5e66004c72402,o,oo,82,67,257,149,175
5e66004c72402,o,o.,108,208,415,316,307
5e66004c72402,.,.c,99,208,398,307,299
5e66004c72402,c,co,91,225,416,316,325
5e66004c72402,o,om,100,116,298,216,198
5e66004c72402,m,mc,82,24450,24608,24532,24526
5e66004c72402,c,ca,76,150,366,226,290
5e66004c72402,a,ap,140,93,349,233,209
5e66004c72402,p,pz,116,141,373,257,257
5e66004c72402,z,zo,116,83,290,199,174
5e66004c72402,o,oo,91,101,283,192,192
5e66004c72402,o,on,91,108,298,199,207
5e66004c72402,n,nmeta1,99,183,431,282,332
5e66004c72402,meta1,meta1meta2,149,217,498,366,349
5e66004c72402,meta2,meta2_,132,158,414,290,282
5e66004c72402,_,_normal,124,273,532,397,408
5e66004c72402,normal,normaln,135,199,425,334,290
5e66004c72402,n,ni,91,175,349,266,258
5e66004c72402,i,il,83,166,349,249,266
5e66004c72402,l,lmeta1,100,233,474,333,374
5e66004c72402,meta1,meta1@,141,332,546,473,405
5e66004c72402,@,@normal,73,266,482,339,409
5e66004c72402,normal,normaly,143,482,708,625,565
5e66004c72402,y,ya,83,108,314,191,231
5e66004c72402,a,ah,123,118,332,241,209
5e66004c72402,h,ho,91,183,349,274,258
5e66004c72402,o,oo,75,91,266,166,191
5e66004c72402,o,om,100,424,597,524,497
5e66004c72402,m,mbksp,73,605,755,678,682
5e66004c72402,bksp,bksp.,77,207,383,284,306
5e66004c72402,.,.n,99,689,824,788,725
5e66004c72402,n,n.,36,628,724,664,688
5e66004c72402,.,.bksp,60,1018,1148,1078,1088
5e66004c72402,bksp,bkspbksp,70,108,242,178,172
5e66004c72402,bksp,bkspc,64,697,856,761,792
5e66004c72402,c,co,95,107,302,202,207
5e66004c72402,o,om,100,108,308,208,208
5e66004c72402,m,mc,100,23794,23978,23894,23878
5e66004c72402,c,ca,84,134,360,218,276
5e66004c72402,a,ap,142,107,365,249,223
5e66004c72402,p,pz,116,161,391,277,275
5e66004c72402,z,zo,114,91,295,205,181
5e66004c72402,o,oo,90,93,265,183,175
5e66004c72402,o,on,82,117,290,199,208
5e66004c72402,n,nmeta1,91,142,382,233,291
5e66004c72402,meta1,meta1meta2,149,183,474,332,325
5e66004c72402,meta2,meta2_,142,702,946,844,804
5e66004c72402,_,_normal,102,383,618,485,516
5e66004c72402,normal,normaln,133,291,523,424,390
5e66004c72402,n,ni,99,141,332,240,233
5e66004c72402,i,il,92,133,306,225,214
5e66004c72402,l,lmeta1,81,135,340,216,259
5e66004c72402,meta1,meta1@,124,466,680,590,556
5e66004c72402,@,@normal,90,117,340,207,250
5e66004c72402,normal,normaly,133,241,474,374,341
5e66004c72402,y,ya,100,91,315,191,215
5e66004c72402,a,ah,124,150,373,274,249
5e66004c72402,h,ho,99,134,332,233,233
5e66004c72402,o,oo,99,84,274,183,175
5e66004c72402,o,o.,91,183,374,274,283
5e66004c72402,.,.c,100,249,432,349,332
5e66004c72402,c,co,83,217,390,300,307
5e66004c72402,o,om,90,125,297,215,207
5e66004c72402,m,mc,82,33123,33282,33205,33200
5e66004c72402,c,ca,77,115,342,192,265
5e66004c72402,a,ap,150,108,365,258,215
5e66004c72402,p,pz,107,150,390,257,283
5e66004c72402,z,zo,133,83,307,216,174
5e66004c72402,o,oo,91,92,265,183,174
5e66004c72402,o,on,82,134,298,216,216
5e66004c72402,n,nmeta1,82,176,440,258,358
5e66004c72402,meta1,meta1normal,182,283,589,465,407
5e66004c72402,normal,normala,124,208,456,332,332
5e66004c72402,a,abksp,124,819,1030,943,906
5e66004c72402,bksp,bkspmeta1,87,125,327,212,240
5e66004c72402,meta1,meta1meta2,115,366,588,481,473
5e66004c72402,meta2,meta2_,107,250,465,357,358
5e66004c72402,_,_normal,108,324,573,432,465
5e66004c72402,normal,normaln,141,349,581,490,440
5e66004c72402,n,ni,91,142,324,233,233
5e66004c72402,i,il,91,141,323,232,232
5e66004c72402,l,lmeta1,91,184,407,275,316
5e66004c72402,meta1,meta1@,132,668,870,800,738
5e66004c72402,@,@normal,70,628,794,698,724
5e66004c72402,normal,normaly,96,316,486,412,390
5e66004c72402,y,ya,74,100,306,174,232
5e66004c72402,a,ah,132,160,365,292,233
5e66004c72402,h,ho,73,167,321,240,248
5e66004c72402,o,oo,81,69,248,150,167
5e66004c72402,o,o.,98,201,406,299,308
5e66004c72402,.,.c,107,208,397,315,290
5e66004c72402,c,co,82,242,399,324,317
5e66004c72402,o,om,75,149,323,224,248
5e66004c72402,m,mc,99,23826,24080,23925,23981
5e66004c72402,c,ca,155,224,502,379,347
5e66004c72402,a,ap,123,201,422,324,299
5e66004c72402,p,pz,98,185,406,283,308
5e66004c72402,z,zo,123,84,307,207,184
5e66004c72402,o,oo,100,82,274,182,174
5e66004c72402,o,on,92,116,308,208,216
5e66004c72402,n,nshift,100,546,756,646,656
5e66004c72402,shift,shiftmeta1,110,686,907,796,797
5e66004c72402,meta1,meta1meta2,111,563,767,674,656
5e66004c72402,meta2,meta2_,93,294,468,387,375
5e66004c72402,_,_normal,81,272,495,353,414
5e66004c72402,normal,normaln,142,317,534,459,392
5e66004c72402,n,ni,75,167,323,242,248
5e66004c72402,i,il,81,175,338,256,257
5e66004c72402,l,lmeta1,82,101,341,183,259
5e66004c72402,meta1,meta1@,158,357,615,515,457
5e66004c72402,@,@normal,100,91,333,191,233
5e66004c72402,normal,normaly,142,298,515,440,373
5e66004c72402,y,ya,75,167,366,242,291
5e66004c72402,a,ah,124,191,389,315,265
5e66004c72402,h,ho,74,159,331,233,257
5e66004c72402,o,oo,98,76,273,174,175
5e66004c72402,o,o.,99,167,365,266,266
5e66004c72402,.,.c,99,217,398,316,299
5e66004c72402,c,co,82,233,406,315,324
5e66004c72402,o,om,91,117,306,208,215
5e66004c72402,m,mc,98,22694,22860,22792,22762
5e66004c72402,c,ca,68,200,385,268,317
5e66004c72402,a,ap,117,182,399,299,282
5e66004c72402,p,pz,100,208,431,308,331
5e66004c72402,z,zo,123,126,348,249,225
5e66004c72402,o,oo,99,67,274,166,175
5e66004c72402,o,om,108,116,324,224,216
5e66004c72402,m,mmeta1,100,133,382,233,282
5e66004c72402,meta1,meta1bksp,149,811,1037,960,888
5e66004c72402,bksp,bkspbksp,77,68,252,145,175
5e66004c72402,bksp,bkspnormal,107,1576,1802,1683,1695
5e66004c72402,normal,normalo,119,448,650,567,531
5e66004c72402,o,on,83,216,407,299,324
5e66004c72402,n,nmeta1,108,273,533,381,425
5e66004c72402,meta1,meta1meta2,152,240,508,392,356
5e66004c72402,meta2,meta2_,116,175,435,291,319
5e66004c72402,_,_normal,144,222,506,366,362
5e66004c72402,normal,normaln,140,250,498,390,358
5e66004c72402,n,ni,108,157,340,265,232
5e66004c72402,i,il,75,150,325,225,250
5e66004c72402,l,lmeta1,100,174,423,274,323
5e66004c72402,meta1,meta1@,149,619,846,768,697
5e66004c72402,@,@normal,78,185,371,263,293
5e66004c72402,normal,normaly,108,298,497,406,389
5e66004c72402,y,ya,91,150,391,241,300
5e66004c72402,a,ah,150,124,374,274,224
5e66004c72402,h,ho,100,158,349,258,249
5e66004c72402,o,oo,91,75,265,166,174
5e66004c72402,o,o.,99,200,390,299,291
5e66004c72402,.,.c,91,208,424,299,333
5e66004c72402,c,co,125,174,374,299,249
5e66004c72402,o,om,75,124,299,199,224
5e66004c72402,m,mc,100,66742066,66742242,66742166,66742142
5e6706422bb28,c,ca,76,140,317,216,241
5e6706422bb28,a,ap,101,148,334,249,233
5e6706422bb28,p,pz,85,142,292,227,207
5e6706422bb28,z,zo,65,168,316,233,251
5e6706422bb28,o,oo,83,107,276,190,193
5e6706422bb28,o,on,86,150,318,236,232
5e6706422bb28,n,nmeta1,82,124,307,206,225
5e6706422bb28,meta1,meta1meta2,101,233,400,334,299
5e6706422bb28,meta2,meta2_,66,249,383,315,317
5e6706422bb28,_,_normal,68,241,410,309,342
5e6706422bb28,normal,normaln,101,279,469,380,368
5e6706422bb28,n,ni,89,173,329,262,240
5e6706422bb28,i,il,67,158,310,225,243
5e6706422bb28,l,lmeta1,85,164,341,249,256
5e6706422bb28,meta1,meta1@,92,408,577,500,485
5e6706422bb28,@,@normal,77,116,310,193,233
5e6706422bb28,normal,normaly,117,298,476,415,359
5e6706422bb28,y,ya,61,123,286,184,225
5e6706422bb28,a,ah,102,207,393,309,291
5e6706422bb28,h,ho,84,157,317,241,233
5e6706422bb28,o,oo,76,81,251,157,175
5e6706422bb28,o,o.,94,200,379,294,285
5e6706422bb28,.,.c,85,205,368,290,283
5e6706422bb28,c,co,78,214,385,292,307
5e6706422bb28,o,om,93,124,303,217,210
5e6706422bb28,m,mc,86,21702,21868,21788,21782
5e6706422bb28,c,ca,80,115,304,195,224
5e6706422bb28,a,ap,109,115,319,224,210
5e6706422bb28,p,pz,95,139,351,234,256
5e6706422bb28,z,zo,117,133,343,250,226
5e6706422bb28,o,oo,93,89,276,182,183
5e6706422bb28,o,on,94,132,311,226,217
5e6706422bb28,n,nmeta1,85,56,260,141,175
5e6706422bb28,meta1,meta1meta2,119,181,409,300,290
5e6706422bb28,meta2,meta2_,109,190,410,299,301
5e6706422bb28,_,_normal,111,224,436,335,325
5e6706422bb28,normal,normaln,101,230,418,331,317
5e6706422bb28,n,nl,87,431,595,518,508
5e6706422bb28,l,lmeta1,77,131,318,208,241
5e6706422bb28,meta1,meta1@,110,433,635,543,525
5e6706422bb28,@,@normal,92,141,335,233,243
5e6706422bb28,normal,normaly,102,272,451,374,349
5e6706422bb28,y,ya,77,132,327,209,250
5e6706422bb28,a,ah,118,258,461,376,343
5e6706422bb28,h,ho,85,205,368,290,283
5e6706422bb28,o,oo,78,89,253,167,175
5e6706422bb28,o,o.,86,206,378,292,292
5e6706422bb28,.,.c,86,272,444,358,358
5e6706422bb28,c,co,86,222,392,308,306
5e6706422bb28,o,om,84,125,303,209,219
5e6706422bb28,m,mc,94,24660,24841,24754,24747
5e6706422bb28,c,ca,87,149,355,236,268
5e6706422bb28,a,ap,119,123,335,242,216
5e6706422bb28,p,pz,93,158,343,251,250
5e6706422bb28,z,zo,92,108,276,200,184
5e6706422bb28,o,oo,76,106,250,182,174
5e6706422bb28,o,on,68,133,287,201,219
5e6706422bb28,n,nmeta1,86,490,736,576,650
5e6706422bb28,meta1,meta1meta2,160,213,473,373,313
5e6706422bb28,meta2,meta2_,100,191,419,291,319
5e6706422bb28,_,_normal,128,215,452,343,324
5e6706422bb28,normal,normaln,109,289,494,398,385
5e6706422bb28,n,ni,96,172,346,268,250
5e6706422bb28,i,il,78,172,327,250,249
5e6706422bb28,l,lmeta1,77,139,327,216,250
5e6706422bb28,meta1,meta1@,111,306,502,417,391
5e6706422bb28,@,@normal,85,124,326,209,241
5e6706422bb28,normal,normaly,117,307,511,424,394
5e6706422bb28,y,ya,87,147,370,234,283
5e6706422bb28,a,ah,136,132,360,268,224
5e6706422bb28,h,hi,92,131,317,223,225
5e6706422bb28,i,io,94,81,252,175,158
5e6706422bb28,o,obksp,77,1107,1286,1184,1209
5e6706422bb28,bksp,bkspbksp,102,81,277,183,175
5e6706422bb28,bksp,bkspo,94,465,653,559,559
5e6706422bb28,o,oo,94,96,276,190,182
5e6706422bb28,o,o.,86,240,412,326,326
5e6706422bb28,.,.c,86,455,610,541,524
5e6706422bb28,c,co,69,240,403,309,334
5e6706422bb28,o,om,94,131,310,225,216
5e6706422bb28,m,mc,85,21249,21435,21334,21350
5e6706422bb28,c,ca,101,148,375,249,274
5e6706422bb28,a,ap,126,115,351,241,225
5e6706422bb28,p,pz,110,132,375,242,265
5e6706422bb28,z,zo,133,84,319,217,186
5e6706422bb28,o,oo,102,89,267,191,165
5e6706422bb28,o,on,76,141,318,217,242
5e6706422bb28,n,nmeta1,101,66,310,167,209
5e6706422bb28,meta1,meta1meta2,143,180,451,323,308
5e6706422bb28,meta2,meta2_,128,197,436,325,308
5e6706422bb28,_,_normal,111,240,485,351,374
5e6706422bb28,normal,normaln,134,214,452,348,318
5e6706422bb28,n,ni,104,191,371,295,267
5e6706422bb28,i,il,76,149,317,225,241
5e6706422bb28,l,lmeta1,92,140,342,232,250
5e6706422bb28,meta1,meta1@,110,314,518,424,408
5e6706422bb28,@,@normal,94,191,394,285,300
5e6706422bb28,normal,normaly,109,306,502,415,393
5e6706422bb28,y,ya,87,173,378,260,291
5e6706422bb28,a,ah,118,106,309,224,191
5e6706422bb28,h,ho,85,132,311,217,226
5e6706422bb28,o,oo,94,97,268,191,174
5e6706422bb28,o,o.,77,332,494,409,417
5e6706422bb28,.,.c,85,365,527,450,442
5e6706422bb28,c,co,77,222,392,299,315
5e6706422bb28,o,om,93,133,302,226,209
5e6706422bb28,m,mc,76,21250,21402,21326,21326
5e6706422bb28,c,ca,76,171,382,247,306
5e6706422bb28,a,ap,135,74,327,209,192
5e6706422bb28,p,pz,118,199,427,317,309
5e6706422bb28,z,zn,110,507,711,617,601
5e6706422bb28,n,nmeta1,94,106,299,200,205
5e6706422bb28,meta1,meta1meta2,99,199,392,298,293
5e6706422bb28,meta2,meta2_,94,215,402,309,308
5e6706422bb28,_,_normal,93,274,493,367,400
5e6706422bb28,normal,normaln,126,189,418,315,292
5e6706422bb28,n,ni,103,183,371,286,268
5e6706422bb28,i,il,85,181,351,266,266
5e6706422bb28,l,lmeta1,85,156,351,241,266
5e6706422bb28,meta1,meta1@,110,465,668,575,558
5e6706422bb28,@,@normal,93,166,376,259,283
5e6706422bb28,normal,normaly,117,316,518,433,401
5e6706422bb28,y,ya,85,173,394,258,309
5e6706422bb28,a,ah,136,107,347,243,211
5e6706422bb28,h,ho,104,145,342,249,238
5e6706422bb28,o,oo,93,81,276,174,183
5e6706422bb28,o,o.,102,199,403,301,301
5e6706422bb28,.,.c,102,248,434,350,332
5e6706422bb28,c,co,84,232,409,316,325
5e6706422bb28,o,om,93,117,294,210,201
5e6706422bb28,m,mc,84,21089,21259,21173,21175
5e6706422bb28,c,ca,86,157,352,243,266
5e6706422bb28,a,ap,109,98,308,207,199
5e6706422bb28,p,pz,101,132,368,233,267
5e6706422bb28,z,zo,135,65,309,200,174
5e6706422bb28,o,oo,109,90,286,199,177
5e6706422bb28,o,on,87,147,344,234,257
5e6706422bb28,n,nmeta1,110,149,393,259,283
5e6706422bb28,meta1,meta1meta2,134,248,493,382,359
5e6706422bb28,meta2,meta2_,111,206,403,317,292
5e6706422bb28,_,_normal,86,248,452,334,366
5e6706422bb28,normal,normaln,118,281,502,399,384
5e6706422bb28,n,ni,103,182,369,285,266
5e6706422bb28,i,il,84,149,326,233,242
5e6706422bb28,l,lmeta1,93,147,351,240,258
5e6706422bb28,meta1,meta1@,111,372,578,483,467
5e6706422bb28,@,@normal,95,173,377,268,282
5e6706422bb28,normal,normaly,109,324,519,433,410
5e6706422bb28,y,ya,86,197,419,283,333
5e6706422bb28,a,ah,136,115,361,251,225
5e6706422bb28,h,ho,110,156,369,266,259
5e6706422bb28,o,oo,103,80,285,183,182
5e6706422bb28,o,o.,102,257,453,359,351
5e6706422bb28,.,.c,94,281,519,375,425
5e6706422bb28,c,cm,144,422,668,566,524
5e6706422bb28,m,mc,102,20281,20485,20383,20383
5e6706422bb28,c,ca,102,158,393,260,291
5e6706422bb28,a,ap,133,83,337,216,204
5e6706422bb28,p,pz,121,170,393,291,272
5e6706422bb28,z,zo,102,90,293,192,191
5e6706422bb28,o,oo,101,89,277,190,176
5e6706422bb28,o,on,87,139,336,226,249
5e6706422bb28,n,nmeta1,110,173,426,283,316
5e6706422bb28,meta1,meta1meta2,143,256,527,399,384
5e6706422bb28,meta2,meta2_,128,172,411,300,283
5e6706422bb28,_,_normal,111,249,495,360,384
5e6706422bb28,normal,normaln,135,254,493,389,358
5e6706422bb28,n,ni,104,157,337,261,233
5e6706422bb28,i,il,76,149,309,225,233
5e6706422bb28,l,lmeta1,84,115,317,199,233
5e6706422bb28,meta1,meta1@,118,332,551,450,433
5e6706422bb28,@,@normal,101,124,344,225,243
5e6706422bb28,normal,normaly,119,289,484,408,365
5e6706422bb28,y,ya,76,149,352,225,276
5e6706422bb28,a,ah,127,116,327,243,200
5e6706422bb28,h,ho,84,157,317,241,233
5e6706422bb28,o,oo,76,89,244,165,168
5e6706422bb28,o,o.,79,214,387,293,308
5e6706422bb28,.,.c,94,274,485,368,391
5e6706422bb28,c,cm,117,382,583,499,466
5e6706422bb28,m,mc,84,21650,21824,21734,21740
5e6706422bb28,c,ca,90,157,375,247,285
5e6706422bb28,a,ap,128,98,336,226,208
5e6706422bb28,p,pz,110,140,384,250,274
5e6706422bb28,z,zo,134,299,510,433,376
5e6706422bb28,o,on,77,157,343,234,266
5e6706422bb28,n,nmeta1,109,74,292,183,183
5e6706422bb28,meta1,meta1meta2,109,165,376,274,267
5e6706422bb28,meta2,meta2_,102,198,411,300,309
5e6706422bb28,_,_normal,111,257,502,368,391
5e6706422bb28,normal,normaln,134,230,477,364,343
5e6706422bb28,n,ni,113,156,353,269,240
5e6706422bb28,i,il,84,167,343,251,259
5e6706422bb28,l,lmeta1,92,164,382,256,290
5e6706422bb28,meta1,meta1@,126,399,628,525,502
5e6706422bb28,@,@normal,103,165,394,268,291
5e6706422bb28,normal,normaly,126,214,434,340,308
5e6706422bb28,y,ya,94,174,386,268,292
5e6706422bb28,a,ah,118,149,360,267,242
5e6706422bb28,h,ho,93,164,351,257,258
5e6706422bb28,o,oo,94,73,269,167,175
5e6706422bb28,o,o.,102,232,436,334,334
5e6706422bb28,.,.c,102,214,393,316,291
5e6706422bb28,c,co,77,232,394,309,317
5e6706422bb28,o,om,85,123,310,208,225
5e6706422bb28,m,mc,102,21239,21432,21341,21330
5e6706422bb28,c,ca,91,159,360,250,269
5e6706422bb28,a,ap,110,106,318,216,208
5e6706422bb28,p,pz,102,157,377,259,275
5e6706422bb28,z,zo,118,82,293,200,175
5e6706422bb28,o,oo,93,81,252,174,159
5e6706422bb28,o,on,78,148,319,226,241
5e6706422bb28,n,nmeta1,93,74,284,167,191
5e6706422bb28,meta1,meta1meta2,117,165,417,282,300
5e6706422bb28,meta2,meta2_,135,173,419,308,284
5e6706422bb28,_,_normal,111,207,443,318,332
5e6706422bb28,normal,normaln,125,439,668,564,543
5e6706422bb28,n,ni,104,157,362,261,258
5e6706422bb28,i,il,101,174,360,275,259
5e6706422bb28,l,lmeta1,85,148,368,233,283
5e6706422bb28,meta1,meta1@,135,372,602,507,467
5e6706422bb28,@,@normal,95,115,365,210,270
5e6706422bb28,normal,normaly,155,204,425,359,270
5e6706422bb28,y,ya,66,257,451,323,385
5e6706422bb28,a,ah,128,173,394,301,266
5e6706422bb28,h,ho,93,173,351,266,258
5e6706422bb28,o,oo,85,107,311,192,226
5e6706422bb28,o,o.,119,198,435,317,316
5e6706422bb28,.,.c,118,282,493,400,375
5e6706422bb28,c,cm,93,440,618,533,525
5e6706422bb28,m,mc,85,22807,22975,22892,22890
5e6706422bb28,c,ca,83,174,392,257,309
5e6706422bb28,a,ap,135,65,310,200,175
5e6706422bb28,p,pz,110,157,422,267,312
5e6706422bb28,z,zo,155,34,285,189,130
5e6706422bb28,o,oo,96,99,271,195,175
5e6706422bb28,o,on,76,131,292,207,216
5e6706422bb28,n,nmeta1,85,82,277,167,192
5e6706422bb28,meta1,meta1meta2,110,180,401,290,291
5e6706422bb28,meta2,meta2_,111,207,445,318,334
5e6706422bb28,_,_normal,127,257,527,384,400
5e6706422bb28,normal,normaln,143,204,459,347,316
5e6706422bb28,n,ni,112,191,369,303,257
5e6706422bb28,i,il,66,159,309,225,243
5e6706422bb28,l,lmeta1,84,132,343,216,259
5e6706422bb28,meta1,meta1@,127,388,601,515,474
5e6706422bb28,@,@normal,86,124,328,210,242
5e6706422bb28,normal,normaly,118,289,496,407,378
5e6706422bb28,y,ya,89,120,328,209,239
5e6706422bb28,a,ah,119,148,369,267,250
5e6706422bb28,h,ho,102,161,360,263,258
5e6706422bb28,o,oo,97,89,263,186,166
5e6706422bb28,o,o.,77,199,378,276,301
5e6706422bb28,.,.c,102,223,400,325,298
5e6706422bb28,c,cm,75,433,602,508,527
5e6706422bb28,m,mc,94,32038695,32038864,32038789,32038770
5e67847495322,c,ca,75,141,349,216,274
5e67847495322,a,ap,133,142,366,275,233
5e67847495322,p,pz,91,124,315,215,224
5e67847495322,z,zo,100,124,316,224,216
5e67847495322,o,oo,92,91,265,183,173
5e67847495322,o,on,82,160,324,242,242
5e67847495322,n,nmeta1,82,125,332,207,250
5e67847495322,meta1,meta1meta2,125,264,515,389,390
5e67847495322,meta2,meta2_,126,216,441,342,315
5e67847495322,_,_normal,99,250,458,349,359
5e67847495322,normal,normaln,109,264,457,373,348
5e67847495322,n,ni,84,191,374,275,290
5e67847495322,i,il,99,184,332,283,233
5e67847495322,l,lmeta1,49,167,348,216,299
5e67847495322,meta1,meta1@,132,358,564,490,432
5e67847495322,@,@normal,74,134,357,208,283
5e67847495322,normal,normaly,149,333,556,482,407
5e67847495322,y,ya,74,125,349,199,275
5e67847495322,a,ah,150,149,381,299,231
5e67847495322,h,ho,82,176,334,258,252
5e67847495322,o,oo,76,97,256,173,180
5e67847495322,o,o.,83,226,400,309,317
5e67847495322,.,.c,91,258,449,349,358
5e67847495322,c,co,100,160,340,260,240
5e67847495322,o,om,80,150,312,230,232
5e67847495322,m,mc,82,20644,20801,20726,20719
5e67847495322,c,ca,75,159,350,234,275
5e67847495322,a,ap,116,141,356,257,240
5e67847495322,p,pz,99,159,382,258,283
5e67847495322,z,zo,124,59,283,183,159
5e67847495322,o,oo,100,83,265,183,165
5e67847495322,o,on,82,134,315,216,233
5e67847495322,n,nmeta1,99,83,331,182,232
5e67847495322,meta1,meta1meta2,149,175,447,324,298
5e67847495322,meta2,meta2_,123,193,424,316,301
5e67847495322,_,_normal,108,208,480,316,372
5e67847495322,normal,normaln,164,184,457,348,293
5e67847495322,n,ni,109,157,358,266,249
5e67847495322,i,il,92,158,340,250,248
5e67847495322,l,lmeta1,90,151,372,241,282
5e67847495322,meta1,meta1@,131,327,547,458,416
5e67847495322,@,@normal,89,117,363,206,274
5e67847495322,normal,normaly,157,308,539,465,382
5e67847495322,y,ya,74,151,342,225,268
5e67847495322,a,ah,117,124,323,241,206
5e67847495322,h,ho,82,167,347,249,265
5e67847495322,o,oo,98,86,273,184,175
5e67847495322,o,o.,89,192,380,281,291
5e67847495322,.,.c,99,265,466,364,367
5e67847495322,c,co,102,250,434,352,332
5e67847495322,o,om,82,149,296,231,214
5e67847495322,m,mc,65,20803,20937,20868,20872
5e67847495322,c,ca,69,132,326,201,257
5e67847495322,a,ap,125,124,356,249,231
5e67847495322,p,pz,107,184,415,291,308
5e67847495322,z,zo,124,92,307,216,183
5e67847495322,o,oo,91,83,257,174,166
5e67847495322,o,on,83,134,307,217,224
5e67847495322,n,nmeta1,90,59,282,149,192
5e67847495322,meta1,meta1meta2,133,183,440,316,307
5e67847495322,meta2,meta2_,124,167,415,291,291
5e67847495322,_,_normal,124,241,505,365,381
5e67847495322,normal,normaln,140,209,474,349,334
5e67847495322,n,ni,125,132,349,257,224
5e67847495322,i,il,92,159,333,251,241
5e67847495322,l,lmeta1,82,142,339,224,257
5e67847495322,meta1,meta1@,115,325,523,440,408
5e67847495322,@,@normal,83,133,366,216,283
5e67847495322,normal,normaly,150,291,523,441,373
5e67847495322,y,ya,82,142,364,224,282
5e67847495322,a,ah,140,101,323,241,183
5e67847495322,h,ho,82,167,331,249,249
5e67847495322,o,oo,82,84,257,166,175
5e67847495322,o,o.,91,192,390,283,299
5e67847495322,.,.c,107,233,464,340,357
5e67847495322,c,co,124,175,399,299,275
5e67847495322,o,om,100,116,306,216,206
5e67847495322,m,mc,90,20163,20323,20253,20233
5e67847495322,c,ca,70,141,343,211,273
5e67847495322,a,ap,132,101,348,233,216
5e67847495322,p,pz,115,125,381,240,266
5e67847495322,z,zo,141,61,291,202,150
5e67847495322,o,oo,89,100,263,189,174
5e67847495322,o,on,74,134,298,208,224
5e67847495322,n,nmeta1,90,59,306,149,216
5e67847495322,meta1,meta1meta2,157,1020,1279,1177,1122
5e67847495322,meta2,meta2_,102,183,410,285,308
5e67847495322,_,_normal,125,341,598,466,473
5e67847495322,normal,normaln,132,242,490,374,358
5e67847495322,n,ni,116,142,348,258,232
5e67847495322,i,il,90,142,332,232,242
5e67847495322,l,lmeta1,100,174,407,274,307
5e67847495322,meta1,meta1@,133,274,515,407,382
5e67847495322,@,@normal,108,133,391,241,283
5e67847495322,normal,normaly,150,299,527,449,377
5e67847495322,y,ya,78,171,408,249,330
5e67847495322,a,ah,159,91,358,250,199
5e67847495322,h,ho,108,150,348,258,240
5e67847495322,o,oo,90,76,266,166,176
5e67847495322,o,o.,100,191,397,291,297
5e67847495322,.,.c,106,193,424,299,318
5e67847495322,c,co,125,149,372,274,247
5e67847495322,o,om,98,152,341,250,243
5e67847495322,m,mc,91,21209,21396,21300,21305
5e67847495322,c,ca,96,141,353,237,257
5e67847495322,a,ap,116,125,340,241,224
5e67847495322,p,pz,99,158,373,257,274
5e67847495322,z,zo,116,92,298,208,182
5e67847495322,o,oo,90,84,256,174,166
5e67847495322,o,on,82,126,298,208,216
5e67847495322,n,nmeta1,90,93,323,183,233
5e67847495322,meta1,meta1meta2,140,159,448,299,308
5e67847495322,meta2,meta2_,149,208,498,357,349
5e67847495322,_,_normal,141,191,465,332,324
5e67847495322,normal,normaln,133,272,514,405,381
5e67847495322,n,ni,109,159,351,268,242
5e67847495322,i,il,83,132,307,215,224
5e67847495322,l,lmeta1,92,108,332,200,240
5e67847495322,meta1,meta1@,132,300,532,432,400
5e67847495322,@,@normal,100,149,382,249,282
5e67847495322,normal,normaly,133,233,465,366,332
5e67847495322,y,ya,99,117,357,216,258
5e67847495322,a,ah,141,124,357,265,216
5e67847495322,h,ho,92,149,343,241,251
5e67847495322,o,oo,102,56,258,158,156
5e67847495322,o,o.,100,183,389,283,289
5e67847495322,.,.c,106,250,455,356,349
5e67847495322,c,co,99,201,391,300,292
5e67847495322,o,om,91,108,298,199,207
5e67847495322,m,mc,99,25480,25655,25579,25556
5e67847495322,c,ca,76,141,350,217,274
5e67847495322,a,ap,133,100,333,233,200
5e67847495322,p,pz,100,191,415,291,315
5e67847495322,z,zo,124,92,314,216,190
5e67847495322,o,oo,98,68,256,166,158
5e67847495322,o,on,90,126,314,216,224
5e67847495322,n,nmeta1,98,60,291,158,193
5e67847495322,meta1,meta1meta2,133,174,464,307,331
5e67847495322,meta2,meta2_,157,184,473,341,316
5e67847495322,_,_normal,132,192,455,324,323
5e67847495322,normal,normaln,131,184,407,315,276
5e67847495322,n,ni,92,149,332,241,240
5e67847495322,i,il,91,142,324,233,233
5e67847495322,l,lmeta1,91,117,357,208,266
5e67847495322,meta1,meta1@,149,265,506,414,357
5e67847495322,@,@normal,92,133,367,225,275
5e67847495322,normal,normaly,142,232,456,374,314
5e67847495322,y,ya,82,167,398,249,316
5e67847495322,a,ah,149,126,357,275,208
5e67847495322,h,ho,82,159,340,241,258
5e67847495322,o,oo,99,83,273,182,174
5e67847495322,o,o.,91,167,365,258,274
5e67847495322,.,.c,107,200,390,307,283
5e67847495322,c,co,83,216,398,299,315
5e67847495322,o,om,99,126,307,225,208
5e67847495322,m,mc,82,23544,23711,23626,23629
5e67847495322,c,ca,85,116,366,201,281
5e67847495322,a,ap,165,109,374,274,209
5e67847495322,p,pz,100,142,374,242,274
5e67847495322,z,zo,132,92,323,224,191
5e67847495322,o,oo,99,91,264,190,165
5e67847495322,o,on,74,109,274,183,200
5e67847495322,n,nmeta1,91,84,316,175,225
5e67847495322,meta1,meta1meta2,141,183,457,324,316
5e67847495322,meta2,meta2_,133,174,432,307,299
5e67847495322,_,_normal,125,241,497,366,372
5e67847495322,normal,normaln,131,159,390,290,259
5e67847495322,n,ni,100,150,332,250,232
5e67847495322,i,il,82,134,306,216,224
5e67847495322,l,lmeta1,90,142,365,232,275
5e67847495322,meta1,meta1@,133,457,680,590,547
5e67847495322,@,@normal,90,118,348,208,258
5e67847495322,normal,normaly,140,217,448,357,308
5e67847495322,y,ya,91,117,358,208,267
5e67847495322,a,ah,150,107,365,257,215
5e67847495322,h,ho,108,150,348,258,240
5e67847495322,o,oo,90,59,240,149,150
5e67847495322,o,o.,91,175,366,266,275
5e67847495322,.,.c,100,224,473,324,373
5e67847495322,c,co,149,273,514,422,365
5e67847495322,o,om,92,125,308,217,216
5e67847495322,m,mc,91,20200,20368,20291,20277
5e67847495322,c,ca,77,133,360,210,283
5e67847495322,a,ap,150,91,349,241,199
5e67847495322,p,pz,108,133,372,241,264
5e67847495322,z,zo,131,76,306,207,175
5e67847495322,o,oo,99,84,257,183,158
5e67847495322,o,on,74,126,281,200,207
5e67847495322,n,nmeta1,81,60,281,141,200
5e67847495322,meta1,meta1meta2,140,134,432,274,292
5e67847495322,meta2,meta2_,158,166,465,324,307
5e67847495322,_,_normal,141,158,431,299,290
5e67847495322,normal,normaln,132,109,349,241,217
5e67847495322,n,ni,108,158,348,266,240
5e67847495322,i,il,82,134,298,216,216
5e67847495322,l,lmeta1,82,117,339,199,257
5e67847495322,meta1,meta1@,140,342,582,482,442
5e67847495322,@,@normal,100,91,323,191,223
5e67847495322,normal,normaly,132,217,440,349,308
5e67847495322,y,ya,91,141,374,232,283
5e67847495322,a,ah,142,108,341,250,199
5e67847495322,h,ho,91,141,340,232,249
5e67847495322,o,oo,108,58,249,166,141
5e67847495322,o,o.,83,167,349,250,266
5e67847495322,.,.c,99,200,423,299,324
5e67847495322,c,co,124,175,398,299,274
5e67847495322,o,om,99,109,306,208,207
5e67847495322,m,mc,98,22694,22859,22792,22761
5e67847495322,c,ca,67,126,343,193,276
5e67847495322,a,ap,150,91,340,241,190
5e67847495322,p,pz,99,150,399,249,300
5e67847495322,z,zo,150,83,332,233,182
5e67847495322,o,oo,99,67,266,166,167
5e67847495322,o,on,100,108,298,208,198
5e67847495322,n,nmeta1,90,921,1130,1011,1040
5e67847495322,meta1,meta1meta2,119,191,433,310,314
5e67847495322,meta2,meta2_,123,168,424,291,301
5e67847495322,_,_normal,133,199,473,332,340
5e67847495322,normal,normaln,141,199,449,340,308
5e67847495322,n,ni,109,166,357,275,248
5e67847495322,i,il,82,142,306,224,224
5e67847495322,l,lmeta1,82,134,348,216,266
5e67847495322,meta1,meta1@,132,250,490,382,358
5e67847495322,@,@normal,108,117,374,225,266
5e67847495322,normal,normaly,149,174,422,323,273
5e67847495322,y,ya,99,150,408,249,309
5e67847495322,a,ah,159,116,358,275,199
5e67847495322,h,ho,83,150,325,233,242
5e67847495322,o,oo,92,82,273,174,181
5e67847495322,o,o.,99,150,357,249,258
5e67847495322,.,.c,108,233,415,341,307
5e67847495322,c,co,74,200,373,274,299
5e67847495322,o,om,99,92,299,191,200
5e67847495322,m,mc,108,20754,20942,20862,20834
5e67847495322,c,ca,80,117,330,197,250
5e67847495322,a,ap,133,126,367,259,234
5e67847495322,p,pz,108,132,381,240,273
5e67847495322,z,zo,141,67,308,208,167
5e67847495322,o,oo,100,66,257,166,157
5e67847495322,o,on,91,100,272,191,181
5e67847495322,n,nmeta1,81,36,266,117,185
5e67847495322,meta1,meta1meta2,149,158,457,307,308
5e67847495322,meta2,meta2_,150,141,415,291,265
5e67847495322,_,_normal,124,191,448,315,324
5e67847495322,normal,normaln,133,109,341,242,208
5e67847495322,n,ni,99,166,365,265,266
5e67847495322,i,il,100,116,298,216,198
5e67847495322,l,lmeta1,82,126,340,208,258
5e67847495322,meta1,meta1@,132,208,448,340,316
5e67847495322,@,@normal,108,108,357,216,249
5e67847495322,normal,normaly,141,308,540,449,399
5e67847495322,y,ya,91,109,340,200,249
5e67847495322,a,ah,140,101,349,241,209
5e67847495322,h,ho,108,150,364,258,256
5e67847495322,o,oo,106,60,256,166,150
5e67847495322,o,o.,90,137,332,227,242
5e67847495322,.,.c,105,133,354,238,249
5e67847495322,c,co,116,183,382,299,266
5e67847495322,o,om,83,100,273,183,190
5e67847495322,m,mc,90,165174888,165175062,165174978,165174972
5e6a0ab42169b,c,ca,84,158,336,242,252
5e6a0ab42169b,a,ap,94,131,326,225,232
5e6a0ab42169b,p,pz,101,201,399,302,298
5e6a0ab42169b,z,zo,97,54,246,151,149
5e6a0ab42169b,o,oo,95,86,262,181,167
5e6a0ab42169b,o,on,81,139,300,220,219
5e6a0ab42169b,n,nmeta1,80,123,330,203,250
5e6a0ab42169b,meta1,meta1meta2,127,235,460,362,333
5e6a0ab42169b,meta2,meta2_,98,201,364,299,266
5e6a0ab42169b,_,_normal,65,249,418,314,353
5e6a0ab42169b,normal,normaln,104,366,555,470,451
5e6a0ab42169b,n,ni,85,146,316,231,231
5e6a0ab42169b,i,il,85,125,300,210,215
5e6a0ab42169b,l,lmeta1,90,105,308,195,218
5e6a0ab42169b,meta1,meta1@,113,319,515,432,402
5e6a0ab42169b,@,@normal,83,108,313,191,230
5e6a0ab42169b,normal,normaly,122,254,456,376,334
5e6a0ab42169b,y,ya,80,200,363,280,283
5e6a0ab42169b,a,ah,83,127,299,210,216
5e6a0ab42169b,h,ho,89,184,324,273,235
5e6a0ab42169b,o,oo,51,55,202,106,151
5e6a0ab42169b,o,o.,96,167,343,263,247
5e6a0ab42169b,.,.c,80,351,500,431,420
5e6a0ab42169b,c,co,69,212,368,281,299
5e6a0ab42169b,o,om,87,133,302,220,215
5e6a0ab42169b,m,mc,82,24334,24470,24416,24388
5e6a0ab42169b,c,ca,54,199,371,253,317
5e6a0ab42169b,a,ap,118,115,316,233,198
5e6a0ab42169b,p,pz,83,155,364,238,281
5e6a0ab42169b,z,zo,126,73,277,199,151
5e6a0ab42169b,o,oo,78,88,266,166,188
5e6a0ab42169b,o,on,100,147,332,247,232
5e6a0ab42169b,n,nmeta1,85,37,251,122,166
5e6a0ab42169b,meta1,meta1meta2,129,299,528,428,399
5e6a0ab42169b,meta2,meta2_,100,186,402,286,302
5e6a0ab42169b,_,_normal,116,316,532,432,416
5e6a0ab42169b,normal,normaln,100,448,634,548,534
5e6a0ab42169b,n,ni,86,148,317,234,231
5e6a0ab42169b,i,il,83,154,298,237,215
5e6a0ab42169b,l,lmeta1,61,128,296,189,235
5e6a0ab42169b,meta1,meta1@,107,317,524,424,417
5e6a0ab42169b,@,@normal,100,136,348,236,248
5e6a0ab42169b,normal,normaly,112,270,448,382,336
5e6a0ab42169b,y,ya,66,182,386,248,320
5e6a0ab42169b,a,ah,138,246,467,384,329
5e6a0ab42169b,h,ho,83,165,333,248,250
5e6a0ab42169b,o,oo,85,71,254,156,169
5e6a0ab42169b,o,o.,98,216,381,314,283
5e6a0ab42169b,.,.c,67,264,415,331,348
5e6a0ab42169b,c,cm,84,458,618,542,534
5e6a0ab42169b,m,mc,76,21703,21861,21779,21785
5e6a0ab42169b,c,ca,82,166,383,248,301
5e6a0ab42169b,a,ap,135,151,382,286,247
5e6a0ab42169b,p,pz,96,190,417,286,321
5e6a0ab42169b,z,zo,131,71,296,202,165
5e6a0ab42169b,o,oo,94,91,276,185,182
5e6a0ab42169b,o,on,91,128,307,219,216
5e6a0ab42169b,n,nmeta1,88,95,305,183,217
5e6a0ab42169b,meta1,meta1meta2,122,232,455,354,333
5e6a0ab42169b,meta2,meta2_,101,253,436,354,335
5e6a0ab42169b,_,_normal,82,367,581,449,499
5e6a0ab42169b,normal,normaln,132,212,450,344,318
5e6a0ab42169b,n,nu,106,183,370,289,264
5e6a0ab42169b,u,ul,81,170,331,251,250
5e6a0ab42169b,l,lbksp,80,620,783,700,703
5e6a0ab42169b,bksp,bkspbksp,83,90,281,173,198
5e6a0ab42169b,bksp,bkspi,108,418,579,526,471
5e6a0ab42169b,i,il,53,194,332,247,279
5e6a0ab42169b,l,lmeta1,85,179,369,264,284
5e6a0ab42169b,meta1,meta1@,105,452,624,557,519
5e6a0ab42169b,@,@normal,67,201,365,268,298
5e6a0ab42169b,normal,normaly,97,500,649,597,552
5e6a0ab42169b,y,ya,52,134,331,186,279
5e6a0ab42169b,a,ah,145,135,364,280,219
5e6a0ab42169b,h,ho,84,160,334,244,250
5e6a0ab42169b,o,oo,90,80,238,170,148
5e6a0ab42169b,o,o.,68,187,352,255,284
5e6a0ab42169b,.,.c,97,298,482,395,385
5e6a0ab42169b,c,co,87,216,386,303,299
5e6a0ab42169b,o,om,83,169,349,252,266
5e6a0ab42169b,m,mc,97,20995,21182,21092,21085
5e6a0ab42169b,c,ca,90,153,342,243,252
5e6a0ab42169b,a,ap,99,127,332,226,233
5e6a0ab42169b,p,pz,106,148,373,254,267
5e6a0ab42169b,z,zo,119,87,300,206,181
5e6a0ab42169b,o,oo,94,87,279,181,185
5e6a0ab42169b,o,on,98,140,330,238,232
5e6a0ab42169b,n,nmeta1,92,137,344,229,252
5e6a0ab42169b,meta1,meta1meta2,115,199,431,314,316
5e6a0ab42169b,meta2,meta2_,117,218,452,335,335
5e6a0ab42169b,_,_normal,117,216,447,333,330
5e6a0ab42169b,normal,normaln,114,266,484,380,370
5e6a0ab42169b,n,ni,104,184,354,288,250
5e6a0ab42169b,i,il,66,165,312,231,246
5e6a0ab42169b,l,lmeta1,81,200,417,281,336
5e6a0ab42169b,meta1,meta1@,136,336,520,472,384
5e6a0ab42169b,@,@normal,48,201,362,249,314
5e6a0ab42169b,normal,normaly,113,336,516,449,403
5e6a0ab42169b,y,ya,67,181,385,248,318
5e6a0ab42169b,a,ah,137,147,368,284,231
5e6a0ab42169b,h,hi,84,150,316,234,232
5e6a0ab42169b,i,ii,82,93,266,175,184
5e6a0ab42169b,i,i.,91,286,458,377,367
5e6a0ab42169b,.,.c,81,267,431,348,350
5e6a0ab42169b,c,co,83,238,367,321,284
5e6a0ab42169b,o,om,46,119,259,165,213
5e6a0ab42169b,m,mc,94,23286,23474,23380,23380
5e6a0ab42169b,c,ca,94,114,370,208,276
5e6a0ab42169b,a,ap,162,103,376,265,214
5e6a0ab42169b,p,pz,111,191,413,302,302
5e6a0ab42169b,z,zo,111,102,276,213,165
5e6a0ab42169b,o,oo,63,74,230,137,167
5e6a0ab42169b,o,on,93,151,328,244,235
5e6a0ab42169b,n,nmeta1,84,217,419,301,335
5e6a0ab42169b,meta1,meta1meta2,118,282,483,400,365
5e6a0ab42169b,meta2,meta2_,83,235,398,318,315
5e6a0ab42169b,_,_normal,80,283,498,363,418
5e6a0ab42169b,normal,normaln,135,217,454,352,319
5e6a0ab42169b,n,ni,102,165,351,267,249
5e6a0ab42169b,i,il,84,151,332,235,248
5e6a0ab42169b,l,lmeta1,97,186,380,283,283
5e6a0ab42169b,meta1,meta1@,97,302,482,399,385
5e6a0ab42169b,@,@normal,83,549,750,632,667
5e6a0ab42169b,normal,normaly,118,282,484,400,366
5e6a0ab42169b,y,ya,84,145,369,229,285
5e6a0ab42169b,a,ah,140,146,370,286,230
5e6a0ab42169b,h,ho,84,157,335,241,251
5e6a0ab42169b,o,oo,94,76,278,170,184
5e6a0ab42169b,o,o.,108,186,373,294,265
5e6a0ab42169b,.,.c,79,267,414,346,335
5e6a0ab42169b,c,co,68,234,399,302,331
5e6a0ab42169b,o,om,97,170,356,267,259
5e6a0ab42169b,m,mc,89,21152,21277,21241,21188
5e6a0ab42169b,c,ca,36,126,292,162,256
5e6a0ab42169b,a,ap,130,106,350,236,220
5e6a0ab42169b,p,pz,114,136,360,250,246
5e6a0ab42169b,z,zo,110,104,294,214,184
5e6a0ab42169b,o,oo,80,89,267,169,187
5e6a0ab42169b,o,on,98,141,312,239,214
5e6a0ab42169b,n,nmeta1,73,90,289,163,216
5e6a0ab42169b,meta1,meta1meta2,126,267,527,393,401
5e6a0ab42169b,meta2,meta2_,134,192,434,326,300
5e6a0ab42169b,_,_normal,108,216,424,324,316
5e6a0ab42169b,normal,normaln,100,267,467,367,367
5e6a0ab42169b,n,ni,100,151,331,251,231
5e6a0ab42169b,i,il,80,167,314,247,234
5e6a0ab42169b,l,lmeta1,67,166,337,233,270
5e6a0ab42169b,meta1,meta1@,104,246,437,350,333
5e6a0ab42169b,@,@normal,87,125,318,212,231
5e6a0ab42169b,normal,normaly,106,283,440,389,334
5e6a0ab42169b,y,ya,51,147,321,198,270
5e6a0ab42169b,a,ah,123,147,337,270,214
5e6a0ab42169b,h,ho,67,193,332,260,265
5e6a0ab42169b,o,oo,72,117,292,189,220
5e6a0ab42169b,o,o.,103,227,434,330,331
5e6a0ab42169b,.,.c,104,285,470,389,366
5e6a0ab42169b,c,co,81,232,400,313,319
5e6a0ab42169b,o,om,87,109,285,196,198
5e6a0ab42169b,m,mc,89,25975,26125,26064,26036
5e6a0ab42169b,c,ca,61,140,311,201,250
5e6a0ab42169b,a,ap,110,112,327,222,217
5e6a0ab42169b,p,pz,105,183,387,288,282
5e6a0ab42169b,z,zo,99,94,265,193,166
5e6a0ab42169b,o,oo,72,94,239,166,167
5e6a0ab42169b,o,on,73,168,308,241,235
5e6a0ab42169b,n,nmeta1,67,207,418,274,351
5e6a0ab42169b,meta1,meta1normal,144,232,475,376,331
5e6a0ab42169b,normal,normala,99,218,418,317,319
5e6a0ab42169b,a,abksp,101,850,1017,951,916
5e6a0ab42169b,bksp,bkspmeta1,66,182,366,248,300
5e6a0ab42169b,meta1,meta1meta2,118,233,452,351,334
5e6a0ab42169b,meta2,meta2_,101,249,451,350,350
5e6a0ab42169b,_,_normal,101,333,551,434,450
5e6a0ab42169b,normal,normaln,117,398,617,515,500
5e6a0ab42169b,n,ni,102,168,332,270,230
5e6a0ab42169b,i,il,62,152,279,214,217
5e6a0ab42169b,l,lmeta1,65,206,381,271,316
5e6a0ab42169b,meta1,meta1@,110,307,514,417,404
5e6a0ab42169b,@,@normal,97,131,362,228,265
5e6a0ab42169b,normal,normaly,134,250,450,384,316
5e6a0ab42169b,y,ya,66,182,401,248,335
5e6a0ab42169b,a,ah,153,101,350,254,197
5e6a0ab42169b,h,ho,96,173,363,269,267
5e6a0ab42169b,o,oo,94,93,279,187,185
5e6a0ab42169b,o,o.,92,185,359,277,267
5e6a0ab42169b,.,.c,82,249,433,331,351
5e6a0ab42169b,c,co,102,217,400,319,298
5e6a0ab42169b,o,om,81,152,297,233,216
5e6a0ab42169b,m,mc,64,21339,21469,21403,21405
5e6a0ab42169b,c,ca,66,131,333,197,267
5e6a0ab42169b,a,ap,136,92,335,228,199
5e6a0ab42169b,p,pz,107,152,371,259,264
5e6a0ab42169b,z,zo,112,87,312,199,200
5e6a0ab42169b,o,oo,113,72,281,185,168
5e6a0ab42169b,o,on,96,128,311,224,215
5e6a0ab42169b,n,nmeta1,87,238,477,325,390
5e6a0ab42169b,meta1,meta1meta2,152,257,529,409,377
5e6a0ab42169b,meta2,meta2_,120,184,406,304,286
5e6a0ab42169b,_,_normal,102,234,468,336,366
5e6a0ab42169b,normal,normaln,132,300,533,432,401
5e6a0ab42169b,n,ni,101,149,316,250,215
5e6a0ab42169b,i,il,66,153,298,219,232
5e6a0ab42169b,l,lmeta1,79,131,330,210,251
5e6a0ab42169b,meta1,meta1@,120,238,437,358,317
5e6a0ab42169b,@,@normal,79,217,395,296,316
5e6a0ab42169b,normal,normaly,99,486,635,585,536
5e6a0ab42169b,y,ya,50,147,355,197,305
5e6a0ab42169b,a,ah,158,65,299,223,141
5e6a0ab42169b,h,ho,76,173,343,249,267
5e6a0ab42169b,o,oo,94,89,262,183,168
5e6a0ab42169b,o,o.,79,171,330,250,251
5e6a0ab42169b,.,.c,80,298,463,378,383
5e6a0ab42169b,c,co,85,199,384,284,299
5e6a0ab42169b,o,om,100,102,299,202,199
5e6a0ab42169b,m,mc,97,20904,21085,21001,20988
5e6a0ab42169b,c,ca,84,140,351,224,267
5e6a0ab42169b,a,ap,127,109,327,236,200
5e6a0ab42169b,p,pz,91,151,339,242,248
5e6a0ab42169b,z,zo,97,124,313,221,216
5e6a0ab42169b,o,oo,92,76,261,168,169
5e6a0ab42169b,o,on,93,126,310,219,217
5e6a0ab42169b,n,nmeta1,91,86,337,177,246
5e6a0ab42169b,meta1,meta1meta2,160,179,477,339,317
5e6a0ab42169b,meta2,meta2_,138,175,440,313,302
5e6a0ab42169b,_,_normal,127,187,465,314,338
5e6a0ab42169b,normal,normaln,151,245,496,396,345
5e6a0ab42169b,n,ni,100,156,332,256,232
5e6a0ab42169b,i,il,76,159,327,235,251
5e6a0ab42169b,l,lmeta1,92,169,376,261,284
5e6a0ab42169b,meta1,meta1@,115,249,467,364,352
5e6a0ab42169b,@,@normal,103,126,367,229,264
5e6a0ab42169b,normal,normaly,138,265,472,403,334
5e6a0ab42169b,y,ya,69,138,360,207,291
5e6a0ab42169b,a,ah,153,132,377,285,224
5e6a0ab42169b,h,ho,92,152,327,244,235
5e6a0ab42169b,o,oo,83,89,284,172,201
5e6a0ab42169b,o,o.,112,173,398,285,286
5e6a0ab42169b,.,.c,113,364,560,477,447
5e6a0ab42169b,c,co,83,200,367,283,284
5e6a0ab42169b,o,om,84,123,283,207,199
5e6a0ab42169b,m,mc,76,20894,21061,20970,20985
5e6a0ab42169b,c,ca,91,157,358,248,267
5e6a0ab42169b,a,ap,110,124,345,234,235
5e6a0ab42169b,p,pz,111,176,411,287,300
5e6a0ab42169b,z,zo,124,76,307,200,183
5e6a0ab42169b,o,oo,107,85,273,192,166
5e6a0ab42169b,o,on,81,122,297,203,216
5e6a0ab42169b,n,nmeta1,94,107,309,201,215
5e6a0ab42169b,meta1,meta1meta2,108,198,409,306,301
5e6a0ab42169b,meta2,meta2_,103,202,403,305,300
5e6a0ab42169b,_,_normal,98,234,468,332,370
5e6a0ab42169b,normal,normaln,136,233,500,369,364
5e6a0ab42169b,n,ni,131,186,397,317,266
5e6a0ab42169b,i,il,80,167,313,247,233
5e6a0ab42169b,l,lmeta1,66,129,316,195,250
5e6a0ab42169b,meta1,meta1@,121,271,473,392,352
5e6a0ab42169b,@,@normal,81,149,314,230,233
5e6a0ab42169b,normal,normaly,84,260,417,344,333
5e6a0ab42169b,y,ya,73,162,403,235,330
5e6a0ab42169b,a,ah,168,73,352,241,184
5e6a0ab42169b,h,ho,111,136,361,247,250
5e6a0ab42169b,o,oo,114,70,299,184,185
5e6a0ab42169b,o,o.,115,172,384,287,269
5e6a0ab42169b,.,.c,97,247,431,344,334
5e6a0ab42169b,c,co,87,212,402,299,315
5e6a0ab42169b,o,om,103,134,318,237,215
5e6a0ab42169b,m,mc,81,55597,55735,55678,55654
628232cd66eaf,c,ca,84,142,351,226,267
628232cd66eaf,a,ap,125,117,325,242,200
628232cd66eaf,p,pz,83,200,408,283,325
628232cd66eaf,z,zo,125,98,308,223,183
628232cd66eaf,o,oo,85,90,277,175,192
628232cd66eaf,o,on,102,190,360,292,258
628232cd66eaf,n,nmeta1,68,1199,1400,1267,1332
628232cd66eaf,meta1,meta1-,133,425,656,558,523
628232cd66eaf,-,-bksp,98,1477,1659,1575,1561
628232cd66eaf,bksp,bkspmeta2,84,224,400,308,316
628232cd66eaf,meta2,meta2_,92,367,559,459,467
628232cd66eaf,_,_normal,100,250,458,350,358
628232cd66eaf,normal,normaln,108,340,557,448,449
628232cd66eaf,n,ni,109,167,375,276,266
628232cd66eaf,i,il,99,168,366,267,267
628232cd66eaf,l,lmeta1,99,266,491,365,392
628232cd66eaf,meta1,meta1@,126,693,909,819,783
628232cd66eaf,@,@normal,90,159,373,249,283
628232cd66eaf,normal,normaly,124,335,533,459,409
628232cd66eaf,y,ya,74,141,339,215,265
628232cd66eaf,a,ah,124,143,358,267,234
628232cd66eaf,h,ho,91,174,348,265,257
628232cd66eaf,o,oo,83,81,268,164,185
628232cd66eaf,o,o.,104,267,445,371,341
628232cd66eaf,.,.c,74,350,549,424,475
628232cd66eaf,c,cm,125,409,627,534,502
628232cd66eaf,m,mc,93,25423,25608,25516,25515
628232cd66eaf,c,ca,92,148,350,240,258
628232cd66eaf,a,ap,110,124,333,234,223
628232cd66eaf,p,pz,99,210,434,309,335
628232cd66eaf,z,zo,125,82,291,207,166
628232cd66eaf,o,oo,84,106,276,190,192
628232cd66eaf,o,on,86,174,360,260,274
628232cd66eaf,n,nmeta1,100,608,806,708,706
628232cd66eaf,meta1,meta1meta2,98,268,466,366,368
628232cd66eaf,meta2,meta2_,100,227,417,327,317
628232cd66eaf,_,_normal,90,234,449,324,359
628232cd66eaf,normal,normaln,125,281,500,406,375
628232cd66eaf,n,ni,94,183,377,277,283
628232cd66eaf,i,il,100,175,375,275,275
628232cd66eaf,l,lmeta1,100,191,417,291,317
628232cd66eaf,meta1,meta1@,126,408,635,534,509
628232cd66eaf,@,@normal,101,124,367,225,266
628232cd66eaf,normal,normaly,142,299,509,441,367
628232cd66eaf,y,ya,68,190,366,258,298
628232cd66eaf,a,ah,108,143,334,251,226
628232cd66eaf,h,ho,83,157,333,240,250
628232cd66eaf,o,oo,93,79,275,172,182
628232cd66eaf,o,o.,103,243,429,346,326
628232cd66eaf,.,.c,83,358,576,441,493
628232cd66eaf,c,co,135,88,301,223,166
628232cd66eaf,o,om,78,141,318,219,240
628232cd66eaf,m,mc,99,23726,23907,23825,23808
628232cd66eaf,c,ca,82,142,332,224,250
628232cd66eaf,a,ap,108,141,341,249,233
628232cd66eaf,p,pz,92,200,418,292,326
628232cd66eaf,z,zo,126,67,276,193,150
628232cd66eaf,o,oo,83,99,274,182,191
628232cd66eaf,o,on,92,166,360,258,268
628232cd66eaf,n,nmeta1,102,124,359,226,257
628232cd66eaf,meta1,meta1meta2,133,266,498,399,365
628232cd66eaf,meta2,meta2_,99,185,376,284,277
628232cd66eaf,_,_normal,92,209,417,301,325
628232cd66eaf,normal,normaln,116,248,458,364,342
628232cd66eaf,n,ni,94,199,386,293,292
628232cd66eaf,i,il,93,182,368,275,275
628232cd66eaf,l,lmeta1,93,339,541,432,448
628232cd66eaf,meta1,meta1@,109,443,643,552,534
628232cd66eaf,@,@normal,91,159,391,250,300
628232cd66eaf,normal,normaly,141,292,509,433,368
628232cd66eaf,y,ya,76,140,350,216,274
628232cd66eaf,a,ah,134,225,459,359,325
628232cd66eaf,h,ho,100,173,366,273,266
628232cd66eaf,o,oo,93,79,276,172,183
628232cd66eaf,o,o.,104,234,429,338,325
628232cd66eaf,.,.c,91,234,457,325,366
628232cd66eaf,c,co,132,123,333,255,201
628232cd66eaf,o,om,78,159,319,237,241
628232cd66eaf,m,mc,82,22542,22707,22624,22625
628232cd66eaf,c,ca,83,159,350,242,267
628232cd66eaf,a,ap,108,108,316,216,208
628232cd66eaf,p,pz,100,199,416,299,316
628232cd66eaf,z,zo,117,49,252,166,135
628232cd66eaf,o,oo,86,105,277,191,191
628232cd66eaf,o,on,86,141,320,227,234
628232cd66eaf,n,nmeta2,93,982,1166,1075,1073
628232cd66eaf,meta2,meta2_,91,242,429,333,338
628232cd66eaf,_,_normal,96,247,458,343,362
628232cd66eaf,normal,normaln,115,283,499,398,384
628232cd66eaf,n,ni,101,167,367,268,266
628232cd66eaf,i,il,99,156,358,255,259
628232cd66eaf,l,lmeta1,103,166,403,269,300
628232cd66eaf,meta1,meta1@,134,390,618,524,484
628232cd66eaf,@,@normal,94,157,369,251,275
628232cd66eaf,normal,normaly,118,433,634,551,516
628232cd66eaf,y,ya,83,147,367,230,284
628232cd66eaf,a,ah,137,182,411,319,274
628232cd66eaf,h,ho,92,165,341,257,249
628232cd66eaf,o,oo,84,90,275,174,191
628232cd66eaf,o,o.,101,201,394,302,293
628232cd66eaf,.,.c,92,274,501,366,409
628232cd66eaf,c,co,135,78,301,213,166
628232cd66eaf,o,om,88,141,312,229,224
628232cd66eaf,m,mc,83,23558,23724,23641,23641
628232cd66eaf,c,ca,83,168,368,251,285
628232cd66eaf,a,ap,117,115,316,232,199
628232cd66eaf,p,pz,84,214,425,298,341
628232cd66eaf,z,zo,127,59,270,186,143
628232cd66eaf,o,oo,84,106,274,190,190
628232cd66eaf,o,on,84,201,358,285,274
628232cd66eaf,n,nmeta1,73,152,341,225,268
628232cd66eaf,meta1,meta1meta2,116,216,433,332,317
628232cd66eaf,meta2,meta2_,101,360,552,461,451
628232cd66eaf,_,_normal,91,241,447,332,356
628232cd66eaf,normal,normaln,115,333,534,448,419
628232cd66eaf,n,ni,86,216,385,302,299
628232cd66eaf,i,il,83,199,375,282,292
628232cd66eaf,l,lmeta1,93,177,417,270,324
628232cd66eaf,meta1,meta1@,147,250,496,397,349
628232cd66eaf,@,@normal,99,184,417,283,318
628232cd66eaf,normal,normaly,134,295,519,429,385
628232cd66eaf,y,ya,90,148,381,238,291
628232cd66eaf,a,ah,143,141,375,284,232
628232cd66eaf,h,ho,91,174,357,265,266
628232cd66eaf,o,oo,92,82,276,174,184
628232cd66eaf,o,o.,102,234,420,336,318
628232cd66eaf,.,.c,84,222,423,306,339
628232cd66eaf,c,co,117,109,301,226,184
628232cd66eaf,o,om,75,150,309,225,234
628232cd66eaf,m,mc,84,22926,23092,23010,23008
628232cd66eaf,c,ca,82,133,340,215,258
628232cd66eaf,a,ap,125,134,351,259,226
628232cd66eaf,p,pz,92,190,408,282,316
628232cd66eaf,z,zo,126,82,284,208,158
628232cd66eaf,o,oo,76,106,260,182,184
628232cd66eaf,o,on,78,173,343,251,265
628232cd66eaf,n,nmeta1,92,83,293,175,201
628232cd66eaf,meta1,meta1meta2,118,349,540,467,422
628232cd66eaf,meta2,meta2_,73,220,385,293,312
628232cd66eaf,_,_normal,92,299,516,391,424
628232cd66eaf,normal,normaln,125,315,525,440,400
628232cd66eaf,n,ni,85,208,385,293,300
628232cd66eaf,i,il,92,191,384,283,292
628232cd66eaf,l,lmeta1,101,1582,1784,1683,1683
628232cd66eaf,meta1,meta1@,101,357,559,458,458
628232cd66eaf,@,@normal,101,166,383,267,282
628232cd66eaf,normal,normaly,116,317,517,433,401
628232cd66eaf,y,ya,84,166,393,250,309
628232cd66eaf,a,ah,143,148,392,291,249
628232cd66eaf,h,ho,101,165,351,266,250
628232cd66eaf,o,oo,85,88,293,173,208
628232cd66eaf,o,o.,120,859,1061,979,941
628232cd66eaf,.,.c,82,367,574,449,492
628232cd66eaf,c,co,125,183,384,308,259
628232cd66eaf,o,om,76,149,308,225,232
628232cd66eaf,m,mc,83,23752,23935,23835,23852
628232cd66eaf,c,ca,100,224,466,324,366
628232cd66eaf,a,ap,142,133,375,275,233
628232cd66eaf,p,pz,100,207,442,307,342
628232cd66eaf,z,zo,135,90,301,225,166
628232cd66eaf,o,oo,76,114,284,190,208
628232cd66eaf,o,on,94,158,342,252,248
628232cd66eaf,n,nmeta1,90,376,584,466,494
628232cd66eaf,meta1,meta1meta2,118,224,460,342,342
628232cd66eaf,meta2,meta2_,118,182,420,300,302
628232cd66eaf,_,_normal,120,257,509,377,389
628232cd66eaf,normal,normaln,132,256,506,388,374
628232cd66eaf,n,ni,118,188,411,306,293
628232cd66eaf,i,il,105,158,363,263,258
628232cd66eaf,l,lmeta1,100,212,449,312,349
628232cd66eaf,meta1,meta1@,137,308,554,445,417
628232cd66eaf,@,@normal,109,200,435,309,326
628232cd66eaf,normal,normaly,126,282,493,408,367
628232cd66eaf,y,ya,85,147,375,232,290
628232cd66eaf,a,ah,143,150,401,293,258
628232cd66eaf,h,ho,108,174,376,282,268
628232cd66eaf,o,oo,94,97,293,191,199
628232cd66eaf,o,oo,102,88,243,190,141
628232cd66eaf,o,obksp,53,718,853,771,800
628232cd66eaf,bksp,bksp.,82,234,408,316,326
628232cd66eaf,.,.c,92,374,618,466,526
628232cd66eaf,c,co,152,147,384,299,232
628232cd66eaf,o,om,85,167,342,252,257
628232cd66eaf,m,mc,90,23593,23782,23683,23692
628232cd66eaf,c,ca,99,167,374,266,275
628232cd66eaf,a,ap,108,116,325,224,217
628232cd66eaf,p,pz,101,225,459,326,358
628232cd66eaf,z,zo,133,75,300,208,167
628232cd66eaf,o,oo,92,115,300,207,208
628232cd66eaf,o,on,93,166,344,259,251
628232cd66eaf,n,nmeta1,85,491,683,576,598
628232cd66eaf,meta1,meta1meta2,107,191,416,298,309
628232cd66eaf,meta2,meta2_,118,175,394,293,276
628232cd66eaf,_,_normal,101,500,730,601,629
628232cd66eaf,normal,normaln,129,302,549,431,420
628232cd66eaf,n,ni,118,170,368,288,250
628232cd66eaf,i,il,80,144,338,224,258
628232cd66eaf,l,lmeta1,114,157,414,271,300
628232cd66eaf,meta1,meta1@,143,416,653,559,510
628232cd66eaf,@,@normal,94,181,401,275,307
628232cd66eaf,normal,normaly,126,258,467,384,341
628232cd66eaf,y,ya,83,175,391,258,308
628232cd66eaf,a,ah,133,159,399,292,266
628232cd66eaf,h,ho,107,166,366,273,259
628232cd66eaf,o,oo,93,96,309,189,216
628232cd66eaf,o,o.,120,776,996,896,876
628232cd66eaf,.,.c,100,333,600,433,500
628232cd66eaf,c,co,167,104,358,271,191
628232cd66eaf,o,om,87,160,336,247,249
628232cd66eaf,m,mc,89,22852,23024,22941,22935
628232cd66eaf,c,ca,83,216,416,299,333
628232cd66eaf,a,ap,117,109,325,226,208
628232cd66eaf,p,pz,99,201,424,300,325
628232cd66eaf,z,zo,124,75,283,199,159
628232cd66eaf,o,oo,84,115,291,199,207
628232cd66eaf,o,on,92,175,351,267,259
628232cd66eaf,n,nmeta1,84,483,691,567,607
628232cd66eaf,meta1,meta1meta2,124,192,450,316,326
628232cd66eaf,meta2,meta2_,134,216,484,350,350
628232cd66eaf,_,_normal,134,259,525,393,391
628232cd66eaf,normal,normaln,132,315,557,447,425
628232cd66eaf,n,ni,110,167,369,277,259
628232cd66eaf,i,il,92,158,350,250,258
628232cd66eaf,l,lmeta1,100,357,566,457,466
628232cd66eaf,meta1,meta1@,109,425,634,534,525
628232cd66eaf,@,@normal,100,184,443,284,343
628232cd66eaf,normal,normaly,159,308,559,467,400
628232cd66eaf,y,ya,92,148,383,240,291
628232cd66eaf,a,ah,143,141,391,284,248
628232cd66eaf,h,ho,107,167,358,274,251
628232cd66eaf,o,oo,84,104,293,188,209
628232cd66eaf,o,o.,105,249,446,354,341
628232cd66eaf,.,.c,92,266,493,358,401
628232cd66eaf,c,co,135,95,317,230,182
628232cd66eaf,o,om,87,142,313,229,226
628232cd66eaf,m,mc,84,23783,23966,23867,23882
628232cd66eaf,c,ca,99,175,400,274,301
628232cd66eaf,a,ap,126,125,359,251,233
628232cd66eaf,p,pz,108,208,441,316,333
628232cd66eaf,z,zo,125,98,317,223,192
628232cd66eaf,o,oo,94,90,285,184,191
628232cd66eaf,o,on,101,189,384,290,283
628232cd66eaf,n,nmeta1,94,259,503,353,409
628232cd66eaf,meta1,meta1meta2,150,307,566,457,416
628232cd66eaf,meta2,meta2_,109,168,384,277,275
628232cd66eaf,_,_normal,107,267,490,374,383
628232cd66eaf,normal,normaln,116,282,500,398,384
628232cd66eaf,n,ni,102,216,410,318,308
628232cd66eaf,i,il,92,166,351,258,259
628232cd66eaf,l,lmeta1,93,191,423,284,330
628232cd66eaf,meta1,meta1@,139,302,533,441,394
628232cd66eaf,@,@normal,92,167,384,259,292
628232cd66eaf,normal,normaly,125,308,516,433,391
628232cd66eaf,y,ya,83,192,416,275,333
628232cd66eaf,a,ah,141,106,341,247,200
628232cd66eaf,h,ho,94,157,336,251,242
628232cd66eaf,o,oo,85,98,276,183,191
628232cd66eaf,o,o.,93,534,719,627,626
628232cd66eaf,.,.c,92,382,617,474,525
628232cd66eaf,c,co,143,174,401,317,258
628232cd66eaf,o,om,84,141,326,225,242
628232cd66eaf,m,mh,101,66533147,66533323,66533248,66533222
628337da2cd41,h,hi,75,124,275,199,200
628337da2cd41,i,in,76,123,293,199,217
628337da2cd41,n,n.,94,223,394,317,300
628337da2cd41,.,.bksp,77,540,695,617,618
628337da2cd41,bksp,bkspt,78,340,511,418,433
628337da2cd41,t,t.,93,539,676,632,583
628337da2cd41,.,.d,44,258,345,302,301
628337da2cd41,d,du,43,174,294,217,251
628337da2cd41,u,us,77,91,243,168,166
628337da2cd41,s,sa,75,91,259,166,184
628337da2cd41,a,ad,93,139,327,232,234
628337da2cd41,d,de,95,123,278,218,183
628337da2cd41,e,ee,60,89,227,149,167
628337da2cd41,e,eshift,78,1308,1479,1386,1401
628337da2cd41,shift,shiftshift,93,541,744,634,651
628337da2cd41,shift,shiftmeta1,110,773,943,883,833
628337da2cd41,meta1,meta1@,60,590,728,650,668
628337da2cd41,@,@normal,78,273,428,351,350
628337da2cd41,normal,normalg,77,507,644,584,567
628337da2cd41,g,gm,60,119,261,179,201
628337da2cd41,m,ma,82,70,249,152,167
628337da2cd41,a,ai,97,19,179,116,82
628337da2cd41,i,il,63,124,264,187,201
628337da2cd41,l,l.,77,239,411,316,334
628337da2cd41,.,.c,95,223,395,318,300
628337da2cd41,c,co,77,689,845,766,768
628337da2cd41,o,om,79,188,362,267,283
628337da2cd41,m,mh,95,34038,34210,34133,34115
628337da2cd41,h,hi,77,141,276,218,199
628337da2cd41,i,in,58,141,293,199,235
628337da2cd41,n,nt,94,38,210,132,116
628337da2cd41,t,t.,78,73,245,151,167
628337da2cd41,.,.d,94,507,678,601,584
628337da2cd41,d,du,77,190,344,267,267
628337da2cd41,u,us,77,91,244,168,167
628337da2cd41,s,sa,76,107,293,183,217
628337da2cd41,a,ad,110,139,327,249,217
628337da2cd41,d,de,78,123,294,201,216
628337da2cd41,e,ee,93,72,226,165,133
628337da2cd41,e,eshift,61,708,879,769,818
628337da2cd41,shift,shiftshift,110,489,677,599,567
628337da2cd41,shift,shiftmeta1,78,308,479,386,401
628337da2cd41,meta1,meta1@,93,272,459,365,366
628337da2cd41,@,@normal,94,224,395,318,301
628337da2cd41,normal,normalg,77,357,511,434,434
628337da2cd41,g,gm,77,123,277,200,200
628337da2cd41,m,ma,77,88,226,165,149
628337da2cd41,a,ai,61,38,179,99,118
628337da2cd41,i,il,80,106,280,186,200
628337da2cd41,l,l.,94,203,394,297,300
628337da2cd41,.,.c,97,90,281,187,184
628337da2cd41,c,co,94,38,210,132,116
628337da2cd41,o,om,78,139,295,217,217
628337da2cd41,m,mh,78,26078,26253,26156,26175
628337da2cd41,h,hi,97,121,297,218,200
628337da2cd41,i,in,79,123,296,202,217
628337da2cd41,n,nt,94,56,210,150,116
628337da2cd41,t,t.,60,157,294,217,234
628337da2cd41,.,.d,77,640,795,717,718
628337da2cd41,d,du,78,189,293,267,215
628337da2cd41,u,us,26,258,344,284,318
628337da2cd41,s,sa,60,106,244,166,184
628337da2cd41,a,ad,78,140,260,218,182
628337da2cd41,d,de,42,141,260,183,218
628337da2cd41,e,ee,77,71,227,148,150
628337da2cd41,e,emeta1,79,1090,1246,1169,1167
628337da2cd41,meta1,meta1@,77,273,428,350,351
628337da2cd41,@,@normal,78,206,361,284,283
628337da2cd41,normal,normalg,77,340,477,417,400
628337da2cd41,g,gm,60,141,295,201,235
628337da2cd41,m,ma,94,87,243,181,149
628337da2cd41,a,ai,62,37,162,99,100
628337da2cd41,i,il,63,140,281,203,218
628337da2cd41,l,l.,78,405,595,483,517
628337da2cd41,.,.c,112,173,362,285,250
628337da2cd41,c,co,77,37,193,114,116
628337da2cd41,o,om,79,139,263,218,184
628337da2cd41,m,mbksp,45,1124,1263,1169,1218
628337da2cd41,bksp,bkspbksp,94,71,244,165,150
628337da2cd41,bksp,bkspbksp,79,55,229,134,150
628337da2cd41,bksp,bkspbksp,95,71,245,166,150
628337da2cd41,bksp,bkspbksp,79,309,463,388,384
628337da2cd41,bksp,bkspi,75,188,342,263,267
628337da2cd41,i,il,79,138,312,217,233
628337da2cd41,l,l.,95,222,412,317,317
628337da2cd41,.,.c,95,121,296,216,201
628337da2cd41,c,co,80,54,230,134,150
628337da2cd41,o,om,96,121,296,217,200
628337da2cd41,m,mh,79,27076,27236,27155,27157
628337da2cd41,h,hi,81,139,299,220,218
628337da2cd41,i,in,79,140,295,219,216
628337da2cd41,n,nt,76,73,227,149,151
628337da2cd41,t,t.,78,89,278,167,200
628337da2cd41,.,.d,111,490,678,601,567
628337da2cd41,d,du,77,191,345,268,268
628337da2cd41,u,us,77,151,293,228,216
628337da2cd41,s,sa,65,90,248,155,183
628337da2cd41,a,ad,93,123,294,216,201
628337da2cd41,d,de,78,127,261,205,183
628337da2cd41,e,ee,56,88,223,144,167
628337da2cd41,e,eshift,79,757,896,836,817
628337da2cd41,shift,shiftshift,60,223,377,283,317
628337da2cd41,shift,shiftmeta1,94,207,378,301,284
628337da2cd41,meta1,meta1@,77,290,444,367,367
628337da2cd41,@,@normal,77,223,377,300,300
628337da2cd41,normal,normalg,77,337,494,414,417
628337da2cd41,g,gm,80,123,281,203,201
628337da2cd41,m,ma,78,89,261,167,183
628337da2cd41,a,ai,94,72,227,166,133
628337da2cd41,i,il,61,157,278,218,217
628337da2cd41,l,l.,60,256,411,316,351
628337da2cd41,.,.c,95,490,628,585,533
628337da2cd41,c,co,43,123,261,166,218
628337da2cd41,o,om,95,155,345,250,250
628337da2cd41,m,mh,95,25391,25567,25486,25472
628337da2cd41,h,hi,81,125,299,206,218
628337da2cd41,i,in,93,156,326,249,233
628337da2cd41,n,nt,77,73,210,150,133
628337da2cd41,t,t.,60,140,311,200,251
628337da2cd41,.,.d,111,690,861,801,750
628337da2cd41,d,du,60,207,344,267,284
628337da2cd41,u,us,77,56,194,133,117
628337da2cd41,s,sa,61,106,261,167,200
628337da2cd41,a,ad,94,123,277,217,183
628337da2cd41,d,de,60,124,261,184,201
628337da2cd41,e,ee,77,71,244,148,167
628337da2cd41,e,emeta1,96,757,929,853,833
628337da2cd41,meta1,meta1@,76,207,377,283,301
628337da2cd41,@,@normal,94,156,344,250,250
628337da2cd41,normal,normalg,94,457,611,551,517
628337da2cd41,g,gm,60,290,444,350,384
628337da2cd41,m,ma,94,105,261,199,167
628337da2cd41,a,ai,62,18,162,80,100
628337da2cd41,i,il,82,122,282,204,200
628337da2cd41,l,l.,78,172,346,250,268
628337da2cd41,.,.c,96,639,796,735,700
628337da2cd41,c,co,61,156,277,217,216
628337da2cd41,o,om,60,172,311,232,251
628337da2cd41,m,mbksp,79,373,530,452,451
628337da2cd41,bksp,bkspbksp,78,71,228,149,150
628337da2cd41,bksp,bkspbksp,79,54,229,133,150
628337da2cd41,bksp,bkspbksp,96,55,246,151,150
628337da2cd41,bksp,bkspbksp,95,455,629,550,534
628337da2cd41,bksp,bkspi,79,621,796,700,717
628337da2cd41,i,il,96,172,363,268,267
628337da2cd41,l,l.,95,238,444,333,349
628337da2cd41,.,.c,111,156,329,267,218
628337da2cd41,c,co,62,71,212,133,150
628337da2cd41,o,om,79,155,313,234,234
628337da2cd41,m,mh,79,27566,27737,27645,27658
628337da2cd41,h,hi,92,107,275,199,183
628337da2cd41,i,in,76,174,343,250,267
628337da2cd41,n,nt,93,56,209,149,116
628337da2cd41,t,t.,60,124,244,184,184
628337da2cd41,.,.d,60,508,627,568,567
628337da2cd41,d,du,59,158,293,217,234
628337da2cd41,u,us,76,140,275,216,199
628337da2cd41,s,sa,59,125,277,184,218
628337da2cd41,a,ad,93,156,327,249,234
628337da2cd41,d,de,78,106,261,184,183
628337da2cd41,e,ee,77,72,244,149,167
628337da2cd41,e,eshift,95,1975,2146,2070,2051
628337da2cd41,shift,shiftmeta1,76,306,460,382,384
628337da2cd41,meta1,meta1@,78,306,462,384,384
628337da2cd41,@,@normal,78,239,395,317,317
628337da2cd41,normal,normalg,78,340,495,418,417
628337da2cd41,g,gm,77,173,327,250,250
628337da2cd41,m,ma,77,88,244,165,167
628337da2cd41,a,ai,79,89,229,168,150
628337da2cd41,i,il,61,140,278,201,217
628337da2cd41,l,lc,77,807,927,884,850
628337da2cd41,c,co,43,174,294,217,251
628337da2cd41,o,om,77,172,344,249,267
628337da2cd41,m,mh,95,26843,27035,26938,26940
628337da2cd41,h,hi,97,406,564,503,467
628337da2cd41,i,in,61,207,362,268,301
628337da2cd41,n,nt,94,72,210,166,116
628337da2cd41,t,t.,44,173,295,217,251
628337da2cd41,.,.d,78,239,394,317,316
628337da2cd41,d,du,77,157,344,234,267
628337da2cd41,u,us,110,56,244,166,134
628337da2cd41,s,sa,78,106,278,184,200
628337da2cd41,a,ad,94,139,294,233,200
628337da2cd41,d,de,61,125,261,186,200
628337da2cd41,e,ee,75,106,242,181,167
628337da2cd41,e,emeta1,61,707,844,768,783
628337da2cd41,meta1,meta1@,76,308,461,384,385
628337da2cd41,@,@normal,77,189,343,266,266
628337da2cd41,normal,normalg,77,340,477,417,400
628337da2cd41,g,gm,60,207,311,267,251
628337da2cd41,m,ma,44,472,595,516,551
628337da2cd41,a,ai,79,121,262,200,183
628337da2cd41,i,il,62,156,296,218,234
628337da2cd41,l,l.,78,188,361,266,283
628337da2cd41,.,.c,95,139,295,234,200
628337da2cd41,c,co,61,90,228,151,167
628337da2cd41,o,om,77,138,294,215,217
628337da2cd41,m,mh,79,27146,27285,27225,27206
628337da2cd41,h,hi,60,140,277,200,217
628337da2cd41,i,in,77,140,294,217,217
628337da2cd41,n,nt,77,73,210,150,133
628337da2cd41,t,t.,60,123,278,183,218
628337da2cd41,.,.d,95,539,694,634,599
628337da2cd41,d,du,60,157,277,217,217
628337da2cd41,u,us,60,90,244,150,184
628337da2cd41,s,sa,94,90,278,184,184
628337da2cd41,a,ad,94,138,311,232,217
628337da2cd41,d,de,79,106,262,185,183
628337da2cd41,e,ee,77,55,211,132,134
628337da2cd41,e,emeta1,79,806,962,885,883
628337da2cd41,meta1,meta1@,77,257,411,334,334
628337da2cd41,@,@normal,77,207,343,284,266
628337da2cd41,normal,normalg,59,375,527,434,468
628337da2cd41,g,gm,93,123,294,216,201
628337da2cd41,m,ma,78,88,245,166,167
628337da2cd41,a,ai,79,18,179,97,100
628337da2cd41,i,il,82,122,265,204,183
628337da2cd41,l,l.,61,154,311,215,250
628337da2cd41,.,.c,96,123,279,219,183
628337da2cd41,c,co,60,56,194,116,134
628337da2cd41,o,om,78,122,279,200,201
628337da2cd41,m,mh,79,27450,27587,27529,27508
628337da2cd41,h,hi,58,141,275,199,217
628337da2cd41,i,in,76,174,343,250,267
628337da2cd41,n,nt,93,74,226,167,133
628337da2cd41,t,t.,59,123,276,182,217
628337da2cd41,.,.d,94,491,678,585,584
628337da2cd41,d,du,93,223,393,316,300
628337da2cd41,u,us,77,107,261,184,184
628337da2cd41,s,sa,77,102,260,179,183
628337da2cd41,a,ad,81,107,248,188,167
628337da2cd41,d,de,60,107,244,167,184
628337da2cd41,e,ee,77,88,226,165,149
628337da2cd41,e,emeta1,61,190,362,251,301
628337da2cd41,meta1,meta1@,111,206,394,317,283
628337da2cd41,@,@normal,77,207,361,284,284
628337da2cd41,normal,normalg,77,340,477,417,400
628337da2cd41,g,gm,60,173,311,233,251
628337da2cd41,m,ma,78,122,278,200,200
628337da2cd41,a,ai,78,72,228,150,150
628337da2cd41,i,il,78,139,311,217,233
628337da2cd41,l,l.,94,222,395,316,301
628337da2cd41,.,.c,79,473,629,552,550
628337da2cd41,c,co,77,107,261,184,184
628337da2cd41,o,om,77,155,293,232,216
628337da2cd41,m,mh,61,25573,25731,25634,25670
628337da2cd41,h,hi,97,122,298,219,201
628337da2cd41,i,in,79,123,279,202,200
628337da2cd41,n,nt,77,57,177,134,100
628337da2cd41,t,t.,43,107,244,150,201
628337da2cd41,.,.d,94,491,677,585,583
628337da2cd41,d,du,92,140,309,232,217
628337da2cd41,u,us,77,90,244,167,167
628337da2cd41,s,sa,77,108,277,185,200
628337da2cd41,a,ad,92,140,309,232,217
628337da2cd41,d,de,77,140,260,217,183
628337da2cd41,e,ee,43,122,226,165,183
628337da2cd41,e,emeta1,61,458,629,519,568
628337da2cd41,meta1,meta1@,110,206,410,316,300
628337da2cd41,@,@normal,94,157,361,251,267
628337da2cd41,normal,normalg,110,340,527,450,417
628337da2cd41,g,gm,77,190,361,267,284
628337da2cd41,m,ma,94,105,260,199,166
628337da2cd41,a,ai,61,72,212,133,151
628337da2cd41,i,il,79,106,262,185,183
628337da2cd41,l,l.,77,156,328,233,251
628337da2cd41,.,.c,95,123,278,218,183
628337da2cd41,c,co,60,74,227,134,167
628337da2cd41,o,om,93,155,327,248,234
628337da2cd41,m,mo,79,2052228,2052372,2052307,2052293
628340faa6589,o,op,65,94,239,159,174
628340faa6589,p,pa,80,85,247,165,167
628340faa6589,a,al,82,18,182,100,100
628340faa6589,l,ll,82,628,782,710,700
628340faa6589,l,lmeta1,72,674,840,746,768
628340faa6589,meta1,meta1-,94,417,569,511,475
628340faa6589,-,-normal,58,235,392,293,334
628340faa6589,normal,normaln,99,920,1080,1019,981
628340faa6589,n,na,61,127,277,188,216
628340faa6589,a,an,89,69,218,158,129
628340faa6589,n,nn,60,90,218,150,158
628340faa6589,n,na,68,98,251,166,183
628340faa6589,a,ap,85,57,228,142,143
628340faa6589,p,pa,86,97,285,183,199
628340faa6589,a,at,102,183,352,285,250
628340faa6589,t,tmeta1,67,334,475,401,408
628340faa6589,meta1,meta1@,74,869,1008,943,934
628340faa6589,@,@normal,65,112,294,177,229
628340faa6589,normal,normalh,117,272,440,389,323
628340faa6589,h,ho,51,180,307,231,256
628340faa6589,o,ot,76,124,285,200,209
628340faa6589,t,tm,85,66,244,151,159
628340faa6589,m,ma,93,129,389,222,296
628340faa6589,a,ai,167,211,447,378,280
628340faa6589,i,il,69,150,292,219,223
628340faa6589,l,l.,73,711,850,784,777
628340faa6589,.,.c,66,201,355,267,289
628340faa6589,c,co,88,35,182,123,94
628340faa6589,o,om,59,138,247,197,188
628340faa6589,m,mo,50,29672,29778,29722,29728
628340faa6589,o,op,56,118,247,174,191
628340faa6589,p,pl,73,1452,1579,1525,1506
628340faa6589,l,lmeta1,54,496,641,550,587
628340faa6589,meta1,meta1-,91,508,666,599,575
628340faa6589,-,-normal,67,193,368,260,301
628340faa6589,normal,normaln,108,560,733,668,625
628340faa6589,n,na,65,115,257,180,192
628340faa6589,a,an,77,91,228,168,151
628340faa6589,n,nn,60,92,216,152,156
628340faa6589,n,na,64,201,349,265,285
628340faa6589,a,ap,84,55,202,139,118
628340faa6589,p,pa,63,231,386,294,323
628340faa6589,a,at,92,622,785,714,693
628340faa6589,t,tmeta1,71,360,529,431,458
628340faa6589,meta1,meta1@,98,293,458,391,360
628340faa6589,@,@normal,67,165,338,232,271
628340faa6589,normal,normalh,106,263,426,369,320
628340faa6589,h,ho,57,165,290,222,233
628340faa6589,o,ot,68,174,314,242,246
628340faa6589,t,tm,72,371,510,443,438
628340faa6589,m,mi,67,294,417,361,350
628340faa6589,i,il,56,165,296,221,240
628340faa6589,l,l.,75,152,303,227,228
628340faa6589,.,.c,76,74,232,150,156
628340faa6589,c,co,82,82,233,164,151
628340faa6589,o,om,69,187,299,256,230
628340faa6589,m,mo,43,24369,24502,24412,24459
628340faa6589,o,op,90,127,272,217,182
628340faa6589,p,pa,55,75,207,130,152
628340faa6589,a,al,77,-13,149,64,72
628340faa6589,l,ll,85,637,788,722,703
628340faa6589,l,lmeta1,66,326,498,392,432
628340faa6589,meta1,meta1-,106,360,524,466,418
628340faa6589,-,-normal,58,190,355,248,297
628340faa6589,normal,normaln,107,353,534,460,427
628340faa6589,n,na,74,98,283,172,209
628340faa6589,a,an,111,39,211,150,100
628340faa6589,n,nn,61,82,219,143,158
628340faa6589,n,na,76,48,226,124,150
628340faa6589,a,ap,102,66,236,168,134
628340faa6589,p,pa,68,217,383,285,315
628340faa6589,a,at,98,452,571,550,473
628340faa6589,t,tmeta1,21,518,634,539,613
628340faa6589,meta1,meta1@,95,341,489,436,394
628340faa6589,@,@normal,53,108,278,161,225
628340faa6589,normal,normalh,117,199,363,316,246
628340faa6589,h,ho,47,166,275,213,228
628340faa6589,o,ot,62,134,269,196,207
628340faa6589,t,tm,73,114,274,187,201
628340faa6589,m,ma,87,63,258,150,171
628340faa6589,a,ai,108,76,259,184,151
628340faa6589,i,il,75,172,297,247,222
628340faa6589,l,l.,50,200,312,250,262
628340faa6589,.,.c,62,109,240,171,178
628340faa6589,c,co,69,123,261,192,192
628340faa6589,o,om,69,136,260,205,191
628340faa6589,m,mo,55,25601,25717,25656,25662
628340faa6589,o,op,61,120,257,181,196
628340faa6589,p,pl,76,219,376,295,300
628340faa6589,l,lbksp,81,707,851,788,770
628340faa6589,bksp,bkspa,63,119,257,182,194
628340faa6589,a,al,75,58,206,133,131
628340faa6589,l,lmeta1,73,491,659,564,586
628340faa6589,meta1,meta1-,95,503,663,598,568
628340faa6589,-,-normal,65,227,381,292,316
628340faa6589,normal,normaln,89,354,515,443,426
628340faa6589,n,na,72,156,321,228,249
628340faa6589,a,an,93,81,226,174,133
628340faa6589,n,nn,52,103,234,155,182
628340faa6589,n,na,79,110,298,189,219
628340faa6589,a,ap,109,115,327,224,218
628340faa6589,p,pt,103,496,648,599,545
628340faa6589,t,tmeta1,49,557,696,606,647
628340faa6589,meta1,meta1@,90,634,790,724,700
628340faa6589,@,@normal,66,122,316,188,250
628340faa6589,normal,normalh,128,266,438,394,310
628340faa6589,h,ho,44,164,274,208,230
628340faa6589,o,ot,66,107,251,173,185
628340faa6589,t,tm,78,159,302,237,224
628340faa6589,m,ma,65,115,282,180,217
628340faa6589,a,ai,102,91,259,193,157
628340faa6589,i,il,66,169,307,235,241
628340faa6589,l,l.,72,205,372,277,300
628340faa6589,.,.c,95,103,256,198,161
628340faa6589,c,co,58,106,225,164,167
628340faa6589,o,om,61,161,270,222,209
628340faa6589,m,mo,48,22314,22418,22362,22370
628340faa6589,o,op,56,129,249,185,193
628340faa6589,p,pa,64,523,677,587,613
628340faa6589,a,al,90,86,297,176,207
628340faa6589,l,lmeta1,121,150,368,271,247
628340faa6589,meta1,meta1-,97,458,630,555,533
628340faa6589,-,-normal,75,169,350,244,275
628340faa6589,normal,normaln,106,265,436,371,330
628340faa6589,n,na,65,158,324,223,259
628340faa6589,a,an,101,86,262,187,161
628340faa6589,n,nn,75,89,243,164,168
628340faa6589,n,na,79,165,353,244,274
628340faa6589,a,ap,109,99,299,208,190
628340faa6589,p,pa,91,201,406,292,315
628340faa6589,a,at,114,138,318,252,204
628340faa6589,t,t@,66,1475,1580,1541,1514
628340faa6589,@,@normal,39,135,301,174,262
628340faa6589,normal,normalh,127,327,519,454,392
628340faa6589,h,ho,65,132,290,197,225
628340faa6589,o,ot,93,80,251,173,158
628340faa6589,t,tm,78,115,293,193,215
628340faa6589,m,ma,100,67,285,167,185
628340faa6589,a,al,118,425,609,543,491
628340faa6589,l,li,66,1003,1120,1069,1054
628340faa6589,i,il,51,134,248,185,197
628340faa6589,l,l.,63,276,372,339,309
628340faa6589,.,.c,33,167,266,200,233
628340faa6589,c,co,66,57,190,123,124
628340faa6589,o,om,67,137,254,204,187
628340faa6589,m,mo,50,41057,41163,41107,41113
628340faa6589,o,op,56,94,222,150,166
628340faa6589,p,pa,72,32,203,104,131
628340faa6589,a,al,99,33,204,132,105
628340faa6589,l,lmeta1,72,609,775,681,703
628340faa6589,meta1,meta1-,94,463,645,557,551
628340faa6589,-,-normal,88,194,413,282,325
628340faa6589,normal,normaln,131,362,565,493,434
628340faa6589,n,na,72,74,239,146,167
628340faa6589,a,an,93,59,203,152,110
628340faa6589,n,nn,51,79,208,130,157
628340faa6589,n,na,78,89,268,167,190
628340faa6589,a,ap,101,44,201,145,100
628340faa6589,p,pa,56,139,280,195,224
628340faa6589,a,at,85,128,281,213,196
628340faa6589,t,tmeta1,68,439,619,507,551
628340faa6589,meta1,meta1@,112,592,759,704,647
628340faa6589,@,@normal,55,59,223,114,168
628340faa6589,normal,normalh,109,159,334,268,225
628340faa6589,h,ho,66,158,280,224,214
628340faa6589,o,ot,56,84,236,140,180
628340faa6589,t,tm,96,45,227,141,131
628340faa6589,m,mbksp,86,786,946,872,860
628340faa6589,bksp,bkspa,74,80,246,154,172
628340faa6589,a,ai,92,79,234,171,142
628340faa6589,i,il,63,160,258,223,195
628340faa6589,l,l.,35,175,258,210,223
628340faa6589,.,.x,48,167,283,215,235
628340faa6589,x,xo,68,79,209,147,141
628340faa6589,o,obksp,62,335,454,397,392
628340faa6589,bksp,bkspbksp,57,90,223,147,166
628340faa6589,bksp,bkspc,76,90,241,166,165
628340faa6589,c,co,75,50,169,125,94
628340faa6589,o,om,44,123,218,167,174
628340faa6589,m,mo,51,30804,30894,30855,30843
628340faa6589,o,op,39,111,224,150,185
628340faa6589,p,pl,74,1034,1165,1108,1091
628340faa6589,l,lmeta1,57,159,329,216,272
628340faa6589,meta1,meta1-,113,387,579,500,466
628340faa6589,-,-normal,79,189,387,268,308
628340faa6589,normal,normaln,119,456,625,575,506
628340faa6589,n,na,50,72,240,122,190
628340faa6589,a,an,118,81,253,199,135
628340faa6589,n,nn,54,96,237,150,183
628340faa6589,n,np,87,347,512,434,425
628340faa6589,p,pa,78,348,459,426,381
628340faa6589,a,ap,33,168,268,201,235
628340faa6589,p,pbksp,67,368,511,435,444
628340faa6589,bksp,bkspp,76,206,339,282,263
628340faa6589,p,pbksp,57,391,487,448,430
628340faa6589,bksp,bkspbksp,39,97,197,136,158
628340faa6589,bksp,bkspp,61,270,385,331,324
628340faa6589,p,pa,54,474,609,528,555
628340faa6589,a,at,81,109,260,190,179
628340faa6589,t,tmeta1,70,214,351,284,281
628340faa6589,meta1,meta1@,67,728,844,795,777
628340faa6589,@,@normal,49,208,365,257,316
628340faa6589,normal,normalh,108,1215,1373,1323,1265
628340faa6589,h,ho,50,153,286,203,236
628340faa6589,o,ot,83,89,250,172,167
628340faa6589,t,tm,78,73,220,151,142
628340faa6589,m,mi,69,254,369,323,300
628340faa6589,i,il,46,174,260,220,214
628340faa6589,l,li,40,860,968,900,928
628340faa6589,i,il,68,130,267,198,199
628340faa6589,l,l.,69,136,276,205,207
628340faa6589,.,.c,71,163,306,234,235
628340faa6589,c,co,72,56,178,128,106
628340faa6589,o,om,50,155,241,205,191
628340faa6589,m,mo,36,22840,22928,22876,22892
628340faa6589,o,op,52,105,237,157,185
628340faa6589,p,pl,80,272,425,352,345
628340faa6589,l,ll,73,673,794,746,721
628340faa6589,l,lmeta1,48,291,438,339,390
628340faa6589,meta1,meta1-,99,320,509,419,410
628340faa6589,-,-normal,90,208,372,298,282
628340faa6589,normal,normaln,74,326,468,400,394
628340faa6589,n,na,68,149,306,217,238
628340faa6589,a,an,89,94,260,183,171
628340faa6589,n,nn,77,114,277,191,200
628340faa6589,n,na,86,139,342,225,256
628340faa6589,a,ap,117,83,277,200,160
628340faa6589,p,pa,77,210,401,287,324
628340faa6589,a,at,114,502,665,616,551
628340faa6589,t,tmeta1,49,624,763,673,714
628340faa6589,meta1,meta1@,90,379,519,469,429
628340faa6589,@,@normal,50,183,330,233,280
628340faa6589,normal,normalh,97,226,392,323,295
628340faa6589,h,ho,69,173,315,242,246
628340faa6589,o,ot,73,161,317,234,244
628340faa6589,t,tm,83,107,277,190,194
628340faa6589,m,ma,87,156,367,243,280
628340faa6589,a,ai,124,135,335,259,211
628340faa6589,i,il,76,174,317,250,241
628340faa6589,l,l.,67,212,368,279,301
628340faa6589,.,.c,89,160,305,249,216
628340faa6589,c,co,56,123,256,179,200
628340faa6589,o,om,77,178,294,255,217
628340faa6589,m,mo,39,28476,28581,28515,28542
628340faa6589,o,op,66,131,253,197,187
628340faa6589,p,pa,56,106,258,162,202
628340faa6589,a,al,96,718,864,814,768
628340faa6589,l,lmeta1,50,168,300,218,250
628340faa6589,meta1,meta1-,82,527,692,609,610
628340faa6589,-,-normal,83,201,401,284,318
628340faa6589,normal,normaln,117,275,464,392,347
628340faa6589,n,na,72,252,411,324,339
628340faa6589,a,an,87,120,275,207,188
628340faa6589,n,nn,68,167,306,235,238
628340faa6589,n,na,71,161,316,232,245
628340faa6589,a,ap,84,231,373,315,289
628340faa6589,p,pa,58,210,358,268,300
628340faa6589,a,at,90,502,637,592,547
628340faa6589,t,tmeta1,45,106,277,151,232
628340faa6589,meta1,meta1@,126,732,905,858,779
628340faa6589,@,@normal,47,871,985,918,938
628340faa6589,normal,normalh,67,302,416,369,349
628340faa6589,h,ho,47,209,315,256,268
628340faa6589,o,ot,59,75,206,134,147
628340faa6589,t,tm,72,127,275,199,203
628340faa6589,m,mi,76,290,409,366,333
628340faa6589,i,ia,43,610,744,653,701
628340faa6589,a,ai,91,73,226,164,135
628340faa6589,i,il,62,164,260,226,198
628340faa6589,l,l.,34,826,911,860,877
628340faa6589,.,.c,51,473,588,524,537
628340faa6589,c,co,64,23,142,87,78
628340faa6589,o,om,55,160,258,215,203
628340faa6589,m,mbksp,43,691,783,734,740
628340faa6589,bksp,bkspo,49,182,307,231,258
628340faa6589,o,om,76,137,283,213,207
628340faa6589,m,mo,70,22499,22616,22569,22546
628340faa6589,o,op,47,129,232,176,185
628340faa6589,p,pl,56,343,457,399,401
628340faa6589,l,lmeta1,58,255,391,313,333
628340faa6589,meta1,meta1-,78,265,433,343,355
628340faa6589,-,-normal,90,204,393,294,303
628340faa6589,normal,normaln,99,261,454,360,355
628340faa6589,n,na,94,77,277,171,183
628340faa6589,a,an,106,154,292,260,186
628340faa6589,n,nn,32,182,275,214,243
628340faa6589,n,na,61,181,344,242,283
628340faa6589,a,ap,102,157,341,259,239
628340faa6589,p,pt,82,402,546,484,464
628340faa6589,t,tbksp,62,339,452,401,390
628340faa6589,bksp,bkspp,51,314,443,365,392
628340faa6589,p,pbksp,78,758,901,836,823
628340faa6589,bksp,bkspbksp,65,77,225,142,160
628340faa6589,bksp,bkspa,83,720,863,803,780
628340faa6589,a,at,60,61,198,121,138
628340faa6589,t,tmeta1,77,484,653,561,576
628340faa6589,meta1,meta1@,92,1113,1275,1205,1183
628340faa6589,@,@normal,70,125,303,195,233
628340faa6589,normal,normalh,108,234,384,342,276
628340faa6589,h,ho,42,192,308,234,266
628340faa6589,o,ot,74,96,232,170,158
628340faa6589,t,tm,62,210,329,272,267
628340faa6589,m,mshift,57,1035,1151,1092,1094
628340faa6589,shift,shiftl,59,754,850,813,791
628340faa6589,l,lbksp,37,365,450,402,413
628340faa6589,bksp,bkspi,48,469,569,517,521
628340faa6589,i,il,52,157,277,209,225
628340faa6589,l,l.,68,284,418,352,350
628340faa6589,.,.c,66,582,707,648,641
628340faa6589,c,co,59,56,173,115,114
628340faa6589,o,om,58,146,251,204,193
628340faa6589,m,mc,47,3214877,3215017,3214924,3214970
62834f0d690a9,c,ch,93,158,327,251,234
62834f0d690a9,h,ha,76,14,243,90,167
62834f0d690a9,a,an,153,495,753,648,600
62834f0d690a9,n,ni,105,144,321,249,216
62834f0d690a9,i,it,72,273,422,345,350
62834f0d690a9,t,ta,77,56,261,133,184
62834f0d690a9,a,abksp,128,390,628,518,500
62834f0d690a9,bksp,bkspbksp,110,55,260,165,150
62834f0d690a9,bksp,bkspbksp,95,55,228,150,133
62834f0d690a9,bksp,bkspbksp,78,306,478,384,400
62834f0d690a9,bksp,bkspa,94,89,311,183,217
62834f0d690a9,a,an,128,621,828,749,700
62834f0d690a9,n,ni,79,188,329,267,250
62834f0d690a9,i,it,62,271,395,333,333
62834f0d690a9,t,ta,62,105,296,167,234
62834f0d690a9,a,a.,129,173,379,302,250
62834f0d690a9,.,.meta1,77,523,1143,600,1066
62834f0d690a9,meta1,meta1normal,543,390,1127,933,584
62834f0d690a9,normal,normald,194,623,877,817,683
62834f0d690a9,d,dmeta1,60,105,360,165,300
62834f0d690a9,meta1,meta1@,195,240,478,435,283
62834f0d690a9,@,@normal,43,123,327,166,284
62834f0d690a9,normal,normalc,161,454,694,615,533
62834f0d690a9,c,ch,79,156,278,235,199
62834f0d690a9,h,hu,43,124,244,167,201
62834f0d690a9,u,ua,77,189,411,266,334
62834f0d690a9,a,abksp,145,455,678,600,533
62834f0d690a9,bksp,bkspl,78,173,294,251,216
62834f0d690a9,l,la,43,56,260,99,217
62834f0d690a9,a,a.,161,639,895,800,734
62834f0d690a9,.,.a,95,205,428,300,333
62834f0d690a9,a,ac,128,121,328,249,200
62834f0d690a9,c,c.,79,222,379,301,300
62834f0d690a9,.,.t,78,205,345,283,267
62834f0d690a9,t,th,62,156,261,218,199
62834f0d690a9,h,hc,43,22694,22846,22737,22803
62834f0d690a9,c,ch,109,156,308,265,199
62834f0d690a9,h,ha,43,73,244,116,201
62834f0d690a9,a,an,128,473,694,601,566
62834f0d690a9,n,ni,93,141,293,234,200
62834f0d690a9,i,it,59,156,259,215,200
62834f0d690a9,t,ta,44,55,228,99,184
62834f0d690a9,a,a.,129,140,363,269,234
62834f0d690a9,.,.a,94,154,343,248,249
62834f0d690a9,a,abksp,95,691,845,786,750
62834f0d690a9,bksp,bkspd,59,239,409,298,350
62834f0d690a9,d,dmeta1,111,290,594,401,483
62834f0d690a9,meta1,meta1@,193,257,527,450,334
62834f0d690a9,@,@normal,77,20,260,97,183
62834f0d690a9,normal,normalnormal,163,338,646,501,483
62834f0d690a9,normal,normalc,145,605,845,750,700
62834f0d690a9,c,ch,95,156,295,251,200
62834f0d690a9,h,hu,44,107,194,151,150
62834f0d690a9,u,ul,43,222,293,265,250
62834f0d690a9,l,la,28,455,613,483,585
62834f0d690a9,a,a.,130,370,579,500,449
62834f0d690a9,.,.a,79,238,463,317,384
62834f0d690a9,a,ac,146,155,395,301,249
62834f0d690a9,c,c.,94,205,378,299,284
62834f0d690a9,.,.t,79,205,345,284,266
62834f0d690a9,t,th,61,139,261,200,200
62834f0d690a9,h,hc,61,24626,24814,24687,24753
62834f0d690a9,c,ch,127,140,342,267,215
62834f0d690a9,h,ha,75,-29,275,46,200
62834f0d690a9,a,aa,229,591,963,820,734
62834f0d690a9,a,an,143,540,777,683,634
62834f0d690a9,n,nj,94,123,310,217,216
62834f0d690a9,j,jy,93,140,293,233,200
62834f0d690a9,y,ya,60,38,244,98,184
62834f0d690a9,a,a.,146,123,362,269,216
62834f0d690a9,.,.i,93,1375,1526,1468,1433
62834f0d690a9,i,iy,58,190,292,248,234
62834f0d690a9,y,ya,44,72,278,116,234
62834f0d690a9,a,a.,162,138,378,300,216
62834f0d690a9,.,.d,78,607,745,685,667
62834f0d690a9,d,dmeta1,60,1404,1760,1464,1700
62834f0d690a9,meta1,meta1@,296,507,879,803,583
62834f0d690a9,@,@bksp,76,2206,2347,2282,2271
62834f0d690a9,bksp,bkspbksp,65,86,228,151,163
62834f0d690a9,bksp,bkspbksp,77,322,477,399,400
62834f0d690a9,bksp,bkspnormal,78,222,462,300,384
62834f0d690a9,normal,normalt,162,456,695,618,533
62834f0d690a9,t,ta,77,255,443,332,366
62834f0d690a9,a,ameta1,111,239,461,350,350
62834f0d690a9,meta1,meta1.,111,473,695,584,584
62834f0d690a9,.,.normal,111,55,327,166,216
62834f0d690a9,normal,normald,161,772,994,933,833
62834f0d690a9,d,dmeta1,61,139,345,200,284
62834f0d690a9,meta1,meta1@,145,338,562,483,417
62834f0d690a9,@,@normal,79,121,362,200,283
62834f0d690a9,normal,normalc,162,321,579,483,417
62834f0d690a9,c,ch,96,172,329,268,233
62834f0d690a9,h,hu,61,141,278,202,217
62834f0d690a9,u,ul,76,256,409,332,333
62834f0d690a9,l,la,77,256,460,333,383
62834f0d690a9,a,a.,127,553,811,680,684
62834f0d690a9,.,.a,131,106,365,237,234
62834f0d690a9,a,ac,128,87,327,215,199
62834f0d690a9,c,c.,112,222,429,334,317
62834f0d690a9,.,.t,95,205,378,300,283
62834f0d690a9,t,th,78,139,261,217,183
62834f0d690a9,h,hc,44,34357,34494,34401,34450
62834f0d690a9,c,ch,93,158,325,251,232
62834f0d690a9,h,ha,74,74,291,148,217
62834f0d690a9,a,an,143,191,410,334,267
62834f0d690a9,n,ni,76,139,276,215,200
62834f0d690a9,i,it,61,139,261,200,200
62834f0d690a9,t,ta,61,58,244,119,183
62834f0d690a9,a,a.,125,542,775,667,650
62834f0d690a9,.,.d,108,959,1208,1067,1100
62834f0d690a9,d,dmeta1,141,224,525,365,384
62834f0d690a9,meta1,meta1@,160,241,476,401,316
62834f0d690a9,@,@normal,75,41,292,116,217
62834f0d690a9,normal,normalc,176,421,693,597,517
62834f0d690a9,c,ch,96,157,329,253,233
62834f0d690a9,h,hu,76,124,276,200,200
62834f0d690a9,u,ul,76,206,376,282,300
62834f0d690a9,l,la,94,105,344,199,250
62834f0d690a9,a,a.,145,272,528,417,383
62834f0d690a9,.,.a,111,324,578,435,467
62834f0d690a9,a,ac,143,624,860,767,717
62834f0d690a9,c,c.,93,238,426,331,333
62834f0d690a9,.,.t,95,238,412,333,317
62834f0d690a9,t,tc,79,24545,24748,24624,24669
62834f0d690a9,c,ch,124,156,357,280,233
62834f0d690a9,h,ha,77,59,293,136,216
62834f0d690a9,a,an,157,140,391,297,234
62834f0d690a9,n,nj,94,141,311,235,217
62834f0d690a9,j,jt,76,174,291,250,215
62834f0d690a9,t,ta,41,90,259,131,218
62834f0d690a9,a,abksp,128,525,711,653,583
62834f0d690a9,bksp,bkspbksp,58,73,309,131,251
62834f0d690a9,bksp,bkspbksp,178,57,311,235,133
62834f0d690a9,bksp,bkspi,76,592,759,668,683
62834f0d690a9,i,it,91,155,290,246,199
62834f0d690a9,t,ta,44,72,228,116,184
62834f0d690a9,a,a.,112,258,479,370,367
62834f0d690a9,.,.d,109,391,625,500,516
62834f0d690a9,d,dmeta1,125,257,592,382,467
62834f0d690a9,meta1,meta1@,210,258,577,468,367
62834f0d690a9,@,@normal,109,59,292,168,183
62834f0d690a9,normal,normalv,124,291,474,415,350
62834f0d690a9,v,vv,59,657,776,716,717
62834f0d690a9,v,vbksp,60,356,493,416,433
62834f0d690a9,bksp,bkspbksp,77,37,194,114,117
62834f0d690a9,bksp,bkspc,80,621,797,701,717
62834f0d690a9,c,ch,96,154,314,250,218
62834f0d690a9,h,hu,64,141,279,205,215
62834f0d690a9,u,ul,74,141,307,215,233
62834f0d690a9,l,la,92,57,276,149,184
62834f0d690a9,a,a.,127,558,777,685,650
62834f0d690a9,.,.a,92,174,392,266,300
62834f0d690a9,a,ac,126,154,359,280,233
62834f0d690a9,c,c.,79,241,429,320,350
62834f0d690a9,.,.t,109,323,509,432,400
62834f0d690a9,t,th,77,139,260,216,183
62834f0d690a9,h,hc,44,32304,32439,32348,32395
62834f0d690a9,c,ch,91,158,307,249,216
62834f0d690a9,h,ha,58,207,325,265,267
62834f0d690a9,a,an,60,626,777,686,717
62834f0d690a9,n,nr,91,389,557,480,466
62834f0d690a9,r,ra,77,140,294,217,217
62834f0d690a9,a,abksp,77,708,844,785,767
62834f0d690a9,bksp,bkspbksp,59,571,692,630,633
62834f0d690a9,bksp,bkspr,62,238,345,300,283
62834f0d690a9,r,ra,45,157,262,202,217
62834f0d690a9,a,at,60,1390,1544,1450,1484
62834f0d690a9,t,ta,94,154,327,248,233
62834f0d690a9,a,a.,79,658,829,737,750
62834f0d690a9,.,.d,92,423,592,515,500
62834f0d690a9,d,dmeta1,77,291,443,368,366
62834f0d690a9,meta1,meta1@,75,340,492,415,417
62834f0d690a9,@,@normal,77,207,360,284,283
62834f0d690a9,normal,normalc,76,455,643,531,567
62834f0d690a9,c,ch,112,138,361,250,249
62834f0d690a9,h,hu,111,87,277,198,166
62834f0d690a9,u,ul,79,160,297,239,218
62834f0d690a9,l,la,58,756,945,814,887
62834f0d690a9,a,a.,131,118,378,249,247
62834f0d690a9,.,.a,129,607,880,736,751
62834f0d690a9,a,ac,144,538,726,682,582
62834f0d690a9,c,c.,44,222,361,266,317
62834f0d690a9,.,.t,95,255,396,350,301
62834f0d690a9,t,th,46,154,279,200,233
62834f0d690a9,h,hc,79,38071,38257,38150,38178
62834f0d690a9,c,cg,107,124,289,231,182
62834f0d690a9,g,ga,58,123,309,181,251
62834f0d690a9,a,abksp,128,1520,1710,1648,1582
62834f0d690a9,bksp,bkspbksp,62,122,212,184,150
62834f0d690a9,bksp,bkspbksp,28,159,229,187,201
62834f0d690a9,bksp,bksph,42,808,926,850,884
62834f0d690a9,h,hn,76,823,959,899,883
62834f0d690a9,n,na,60,638,811,698,751
62834f0d690a9,a,an,113,1440,1629,1553,1516
62834f0d690a9,n,ni,76,141,309,217,233
62834f0d690a9,i,ir,92,173,308,265,216
62834f0d690a9,r,rt,43,1511,1576,1554,1533
62834f0d690a9,t,ta,22,175,323,197,301
62834f0d690a9,a,ad,126,2358,2526,2484,2400
62834f0d690a9,d,d@,42,792,909,834,867
62834f0d690a9,@,@normal,75,123,292,198,217
62834f0d690a9,normal,normalc,94,355,528,449,434
62834f0d690a9,c,ch,79,171,311,250,232
62834f0d690a9,h,hu,61,141,227,202,166
62834f0d690a9,u,u.,25,1607,1759,1632,1734
62834f0d690a9,.,.c,127,1273,1478,1400,1351
62834f0d690a9,c,c.,78,273,411,351,333
62834f0d690a9,.,.t,60,422,543,482,483
62834f0d690a9,t,th,61,189,294,250,233
62834f0d690a9,h,hc,44,39074,39194,39118,39150
62834f0d690a9,c,ch,76,190,326,266,250
62834f0d690a9,h,ha,60,206,309,266,249
62834f0d690a9,a,an,43,491,627,534,584
62834f0d690a9,n,ni,93,173,343,266,250
62834f0d690a9,i,it,77,157,327,234,250
62834f0d690a9,t,ta,93,172,326,265,233
62834f0d690a9,a,a.,61,657,811,718,750
62834f0d690a9,.,.d,93,440,610,533,517
62834f0d690a9,d,dmeta1,77,541,659,618,582
62834f0d690a9,meta1,meta1@,41,407,526,448,485
62834f0d690a9,@,@normal,78,256,411,334,333
62834f0d690a9,normal,normalc,77,505,694,582,617
62834f0d690a9,c,ch,112,188,378,300,266
62834f0d690a9,h,hu,78,124,278,202,200
62834f0d690a9,u,ul,76,191,327,267,251
62834f0d690a9,l,la,60,538,676,598,616
62834f0d690a9,a,a.,78,455,662,533,584
62834f0d690a9,.,.a,129,322,529,451,400
62834f0d690a9,a,ac,78,388,545,466,467
62834f0d690a9,c,c.,79,305,512,384,433
62834f0d690a9,.,.t,128,289,477,417,349
62834f0d690a9,t,th,60,155,277,215,217
62834f0d690a9,h,hc,62,29093,29249,29155,29187
62834f0d690a9,c,ch,94,173,309,267,215
62834f0d690a9,h,ha,42,208,309,250,267
62834f0d690a9,a,ab,59,440,592,499,533
62834f0d690a9,b,bbksp,93,774,961,867,868
62834f0d690a9,bksp,bkspn,94,572,727,666,633
62834f0d690a9,n,ni,61,173,311,234,250
62834f0d690a9,i,it,77,207,343,284,266
62834f0d690a9,t,ta,59,156,293,215,234
62834f0d690a9,a,a.,78,1007,1178,1085,1100
62834f0d690a9,.,.d,93,523,693,616,600
62834f0d690a9,d,dmeta1,77,222,376,299,299
62834f0d690a9,meta1,meta1@,77,440,611,517,534
62834f0d690a9,@,@normal,94,290,443,384,349
62834f0d690a9,normal,normalc,59,623,794,682,735
62834f0d690a9,c,ch,112,188,395,300,283
62834f0d690a9,h,hu,95,123,278,218,183
62834f0d690a9,u,ul,60,224,344,284,284
62834f0d690a9,l,lshift,60,339,459,399,399
62834f0d690a9,shift,shiftA,60,1307,1427,1367,1367
62834f0d690a9,A,Abksp,60,657,827,717,767
62834f0d690a9,bksp,bkspshift,110,590,776,700,666
62834f0d690a9,shift,shifta,76,206,360,282,284
62834f0d690a9,a,a.,78,2172,2294,2250,2216
62834f0d690a9,.,.a,44,873,995,917,951
62834f0d690a9,a,ac,78,438,612,516,534
62834f0d690a9,c,c.,96,371,546,467,450
62834f0d690a9,.,.t,79,521,662,600,583
62834f0d690a9,t,th,62,339,512,401,450
62834f0d690a9,h,hc,111,31805,31997,31916,31886
62834f0d690a9,c,ch,81,157,314,238,233
62834f0d690a9,h,hs,76,224,359,300,283
62834f0d690a9,s,sn,59,490,643,549,584
62834f0d690a9,n,ni,94,156,327,250,233
62834f0d690a9,i,it,77,206,360,283,283
62834f0d690a9,t,ta,77,174,310,251,233
62834f0d690a9,a,a.,59,758,910,817,851
62834f0d690a9,.,.d,93,307,476,400,383
62834f0d690a9,d,dmeta1,76,207,325,283,249
62834f0d690a9,meta1,meta1@,42,475,577,517,535
62834f0d690a9,@,@normal,60,1140,1259,1200,1199
62834f0d690a9,normal,normalc,59,456,610,515,551
62834f0d690a9,c,ch,95,222,378,317,283
62834f0d690a9,h,hi,61,154,295,215,234
62834f0d690a9,i,il,80,605,762,685,682
62834f0d690a9,l,lbksp,77,390,527,467,450
62834f0d690a9,bksp,bkspbksp,60,122,244,182,184
62834f0d690a9,bksp,bkspu,62,673,845,735,783
62834f0d690a9,u,ul,110,139,311,249,201
62834f0d690a9,l,la,62,354,478,416,416
62834f0d690a9,a,a.,62,489,645,551,583
62834f0d690a9,.,.a,94,540,711,634,617
62834f0d690a9,a,ac,77,372,510,449,433
62834f0d690a9,c,c.,61,290,445,351,384
62834f0d690a9,.,.t,94,255,427,349,333
62834f0d690a9,t,th,78,122,262,200,184
62834f0d690a9,h,hb,62,21892669,21892771,21892731,21892709
6284c81ddc106,c,ch,53,74,203,127,150
6284c81ddc106,h,ha,76,74,226,150,150
6284c81ddc106,a,an,76,57,193,133,117
6284c81ddc106,n,no,60,591,760,651,700
6284c81ddc106,o,oo,109,73,277,182,168
6284c81ddc106,o,ot,95,173,327,268,232
6284c81ddc106,t,ts,59,124,276,183,217
6284c81ddc106,s,smeta1,93,808,942,901,849
6284c81ddc106,meta1,meta1@,41,977,1093,1018,1052
6284c81ddc106,@,@normal,75,491,641,566,566
6284c81ddc106,normal,normalg,75,509,677,584,602
6284c81ddc106,g,gm,93,357,543,450,450
6284c81ddc106,m,ma,93,55,209,148,116
6284c81ddc106,a,ai,61,91,239,152,178
6284c81ddc106,i,il,87,113,294,200,207
6284c81ddc106,l,l.,94,190,393,284,299
6284c81ddc106,.,.c,109,306,493,415,384
6284c81ddc106,c,co,78,55,193,133,115
6284c81ddc106,o,om,60,141,244,201,184
6284c81ddc106,m,mc,43,36439,36558,36482,36515
6284c81ddc106,c,ch,76,55,242,131,166
6284c81ddc106,h,ha,111,57,277,168,166
6284c81ddc106,a,an,109,21,209,130,100
6284c81ddc106,n,np,79,190,347,269,268
6284c81ddc106,p,po,78,107,262,185,184
6284c81ddc106,o,ot,77,190,326,267,249
6284c81ddc106,t,ts,59,141,276,200,217
6284c81ddc106,s,smeta1,76,1259,1427,1335,1351
6284c81ddc106,meta1,meta1normal,92,642,826,734,734
6284c81ddc106,normal,normalg,92,558,709,650,617
6284c81ddc106,g,gm,59,142,293,201,234
6284c81ddc106,m,ma,92,90,259,182,167
6284c81ddc106,a,ai,77,21,193,98,116
6284c81ddc106,i,i.,95,409,614,504,519
6284c81ddc106,.,.c,110,172,343,282,233
6284c81ddc106,c,co,61,73,227,134,166
6284c81ddc106,o,om,93,107,278,200,185
6284c81ddc106,m,mshift,78,534143,534295,534221,534217
6284c81ddc106,shift,shiftC,74,376,527,450,453
6284c81ddc106,C,CH,77,74,227,151,150
6284c81ddc106,H,HA,76,74,243,150,167
6284c81ddc106,A,AN,93,107,292,200,199
6284c81ddc106,N,NP,92,258,426,350,334
6284c81ddc106,P,PO,76,91,260,167,184
6284c81ddc106,O,OT,93,207,393,300,300
6284c81ddc106,T,TS,93,141,310,234,217
6284c81ddc106,S,Smeta1,76,925,1076,1001,1000
6284c81ddc106,meta1,meta1bksp,75,2227,2377,2302,2302
6284c81ddc106,bksp,bkspbksp,75,88,257,163,182
6284c81ddc106,bksp,bkspbksp,94,73,262,167,168
6284c81ddc106,bksp,bkspbksp,95,405,628,500,533
6284c81ddc106,bksp,bkspnormal,128,2509,2728,2637,2600
6284c81ddc106,normal,normalo,91,675,859,766,768
6284c81ddc106,o,oo,93,1441,1626,1534,1533
6284c81ddc106,o,ot,92,225,376,317,284
6284c81ddc106,t,ts,59,1776,1909,1835,1850
6284c81ddc106,s,sbksp,74,1843,2026,1917,1952
6284c81ddc106,bksp,bkspbksp,109,55,276,164,167
6284c81ddc106,bksp,bkspbksp,112,55,295,167,183
6284c81ddc106,bksp,bkspbksp,128,36,528,164,400
6284c81ddc106,bksp,bkspbksp,364,36,515,400,151
6284c81ddc106,bksp,bkspbksp,115,54,265,169,150
6284c81ddc106,bksp,bkspbksp,96,338,529,434,433
6284c81ddc106,bksp,bksph,95,1325,1513,1420,1418
6284c81ddc106,h,ha,93,72,242,165,149
6284c81ddc106,a,ab,77,124,277,201,200
6284c81ddc106,b,bn,76,1008,1194,1084,1118
6284c81ddc106,n,no,110,273,426,383,316
6284c81ddc106,o,oo,43,73,211,116,168
6284c81ddc106,o,ot,95,139,311,234,216
6284c81ddc106,t,ts,77,173,328,250,251
6284c81ddc106,s,smeta1,78,1358,1527,1436,1449
6284c81ddc106,meta1,meta1@,91,475,659,566,568
6284c81ddc106,@,@normal,93,340,509,433,416
6284c81ddc106,normal,normalg,76,576,711,652,635
6284c81ddc106,g,gm,59,308,477,367,418
6284c81ddc106,m,ma,110,69,257,179,147
6284c81ddc106,a,ai,78,34,195,112,117
6284c81ddc106,i,il,83,135,266,218,183
6284c81ddc106,l,l.,48,210,384,258,336
6284c81ddc106,.,.c,126,275,477,401,351
6284c81ddc106,c,co,76,88,243,164,167
6284c81ddc106,o,om,79,122,279,201,200
6284c81ddc106,m,mc,78,30420,30574,30498,30496
6284c81ddc106,c,ch,76,73,258,149,182
6284c81ddc106,h,ha,109,75,259,184,150
6284c81ddc106,a,an,75,74,209,149,134
6284c81ddc106,n,no,60,609,743,669,683
6284c81ddc106,o,oo,74,106,258,180,184
6284c81ddc106,o,ot,78,257,445,335,367
6284c81ddc106,t,ts,110,121,310,231,200
6284c81ddc106,s,smeta1,79,975,1129,1054,1050
6284c81ddc106,meta1,meta1@,75,492,642,567,567
6284c81ddc106,@,@normal,75,358,491,433,416
6284c81ddc106,normal,normalh,58,725,843,783,785
6284c81ddc106,h,hbksp,60,959,1128,1019,1068
6284c81ddc106,bksp,bkspg,109,561,708,670,599
6284c81ddc106,g,gm,38,408,540,446,502
6284c81ddc106,m,ma,94,138,327,232,233
6284c81ddc106,a,ai,95,37,228,132,133
6284c81ddc106,i,il,96,140,296,236,200
6284c81ddc106,l,l.,60,174,328,234,268
6284c81ddc106,.,.c,94,172,377,266,283
6284c81ddc106,c,co,111,91,276,202,165
6284c81ddc106,o,om,74,124,293,198,219
6284c81ddc106,m,mc,95,33142,33362,33237,33267
6284c81ddc106,c,ch,125,140,358,265,233
6284c81ddc106,h,ha,93,141,360,234,267
6284c81ddc106,a,an,126,139,376,265,250
6284c81ddc106,n,no,111,257,478,368,367
6284c81ddc106,o,oo,110,123,343,233,233
6284c81ddc106,o,ot,110,257,443,367,333
6284c81ddc106,t,ts,76,191,376,267,300
6284c81ddc106,s,smeta1,109,1009,1226,1118,1117
6284c81ddc106,meta1,meta1@,108,442,693,550,585
6284c81ddc106,@,@normal,143,240,475,383,332
6284c81ddc106,normal,normalg,92,708,859,800,767
6284c81ddc106,g,gm,59,458,643,517,584
6284c81ddc106,m,ma,126,72,309,198,183
6284c81ddc106,a,ai,111,91,311,202,200
6284c81ddc106,i,il,109,141,359,250,250
6284c81ddc106,l,l.,109,207,459,316,350
6284c81ddc106,.,.c,143,139,410,282,267
6284c81ddc106,c,co,128,90,312,218,184
6284c81ddc106,o,om,94,138,327,232,233
6284c81ddc106,m,mc,95,30272,30459,30367,30364
6284c81ddc106,c,ch,92,206,408,298,316
6284c81ddc106,h,ha,110,123,361,233,251
6284c81ddc106,a,an,128,139,360,267,232
6284c81ddc106,n,no,93,258,460,351,367
6284c81ddc106,o,oo,109,123,343,232,234
6284c81ddc106,o,ot,111,290,477,401,366
6284c81ddc106,t,ts,76,174,343,250,267
6284c81ddc106,s,smeta1,93,725,892,818,799
6284c81ddc106,meta1,meta1@,74,526,742,600,668
6284c81ddc106,@,@normal,142,157,408,299,266
6284c81ddc106,normal,normalg,109,959,1144,1068,1035
6284c81ddc106,g,gm,76,474,692,550,616
6284c81ddc106,m,ma,142,123,376,265,234
6284c81ddc106,a,ai,111,124,328,235,217
6284c81ddc106,i,il,93,157,359,250,266
6284c81ddc106,l,l.,109,258,493,367,384
6284c81ddc106,.,.c,126,189,426,315,300
6284c81ddc106,c,co,111,72,278,183,167
6284c81ddc106,o,om,95,139,328,234,233
6284c81ddc106,m,mc,94,44513,44699,44607,44605
6284c81ddc106,c,ch,92,156,341,248,249
6284c81ddc106,h,ha,93,191,409,284,316
6284c81ddc106,a,an,125,140,376,265,251
6284c81ddc106,n,no,111,240,461,351,350
6284c81ddc106,o,oo,110,105,344,215,234
6284c81ddc106,o,ot,129,257,512,386,383
6284c81ddc106,t,ts,126,140,359,266,233
6284c81ddc106,s,smeta1,93,475,677,568,584
6284c81ddc106,meta1,meta1@,109,759,943,868,834
6284c81ddc106,@,@normal,75,425,608,500,533
6284c81ddc106,normal,normalg,108,1009,1225,1117,1117
6284c81ddc106,g,gm,108,508,743,616,635
6284c81ddc106,m,ma,127,155,410,282,283
6284c81ddc106,a,ai,128,107,311,235,183
6284c81ddc106,i,il,76,190,343,266,267
6284c81ddc106,l,l.,77,241,427,318,350
6284c81ddc106,.,.c,109,157,360,266,251
6284c81ddc106,c,co,94,156,327,250,233
6284c81ddc106,o,om,77,172,311,249,234
6284c81ddc106,m,mc,62,93272,93408,93334,93346
6284c81ddc106,c,ch,74,140,323,214,249
6284c81ddc106,h,ha,109,74,310,183,201
6284c81ddc106,a,an,127,90,259,217,132
6284c81ddc106,n,no,42,642,776,684,734
6284c81ddc106,o,oo,92,123,293,215,201
6284c81ddc106,o,ot,78,557,711,635,633
6284c81ddc106,t,ta,76,157,343,233,267
6284c81ddc106,a,abksp,110,1328,1577,1438,1467
6284c81ddc106,bksp,bksps,139,158,372,297,233
6284c81ddc106,s,smeta1,75,659,842,734,767
6284c81ddc106,meta1,meta1@,108,424,675,532,567
6284c81ddc106,@,@normal,143,191,443,334,300
6284c81ddc106,normal,normalg,109,442,643,551,534
6284c81ddc106,g,gm,92,241,459,333,367
6284c81ddc106,m,ma,126,55,293,181,167
6284c81ddc106,a,ai,112,20,212,132,100
6284c81ddc106,i,il,80,174,314,254,234
6284c81ddc106,l,l.,60,240,427,300,367
6284c81ddc106,.,.c,127,139,377,266,250
6284c81ddc106,c,co,111,89,294,200,183
6284c81ddc106,o,om,94,123,295,217,201
6284c81ddc106,m,mc,78,58870,59051,58948,58973
6284c81ddc106,c,ch,103,157,369,260,266
6284c81ddc106,h,ha,109,58,293,167,184
6284c81ddc106,a,an,126,56,276,182,150
6284c81ddc106,n,no,94,258,446,352,352
6284c81ddc106,o,oo,94,106,294,200,200
6284c81ddc106,o,ot,94,209,412,303,318
6284c81ddc106,t,ts,109,141,309,250,200
6284c81ddc106,s,smeta1,59,593,727,652,668
6284c81ddc106,meta1,meta1@,75,1176,1330,1251,1255
6284c81ddc106,@,@normal,79,275,446,354,367
6284c81ddc106,normal,normalg,92,794,963,886,871
6284c81ddc106,g,gm,77,224,411,301,334
6284c81ddc106,m,ma,110,123,344,233,234
6284c81ddc106,a,ai,111,20,211,131,100
6284c81ddc106,i,il,80,158,315,238,235
6284c81ddc106,l,l.,77,208,411,285,334
6284c81ddc106,.,.c,126,173,394,299,268
6284c81ddc106,c,co,95,56,245,151,150
6284c81ddc106,o,om,94,123,295,217,201
6284c81ddc106,m,mc,78,26175,26345,26253,26267
6284c81ddc106,c,ch,92,157,358,249,266
6284c81ddc106,h,ha,109,175,412,284,303
6284c81ddc106,a,an,128,89,327,217,199
6284c81ddc106,n,no,110,491,694,601,584
6284c81ddc106,o,ot,93,257,444,350,351
6284c81ddc106,t,ts,94,124,312,218,218
6284c81ddc106,s,smeta1,94,442,627,536,533
6284c81ddc106,meta1,meta1@,91,575,757,666,666
6284c81ddc106,@,@normal,91,260,459,351,368
6284c81ddc106,normal,normalbksp,108,772,992,880,884
6284c81ddc106,bksp,bkspbksp,112,155,362,267,250
6284c81ddc106,bksp,bkspo,95,1126,1332,1221,1237
6284c81ddc106,o,ot,111,340,528,451,417
6284c81ddc106,t,ts,77,324,496,401,419
6284c81ddc106,s,smeta1,95,791,996,886,901
6284c81ddc106,meta1,meta1@,110,340,578,450,468
6284c81ddc106,@,@normal,128,221,446,349,318
6284c81ddc106,normal,normalg,97,442,649,539,552
6284c81ddc106,g,gm,110,359,579,469,469
6284c81ddc106,m,ma,110,72,310,182,200
6284c81ddc106,a,ai,128,74,294,202,166
6284c81ddc106,i,il,92,176,344,268,252
6284c81ddc106,l,l.,76,224,394,300,318
6284c81ddc106,.,.c,94,173,361,267,267
6284c81ddc106,c,co,94,89,293,183,199
6284c81ddc106,o,om,110,124,312,234,202
6284c81ddc106,m,mi,78,62663204,62663359,62663282,62663281
6285c2f892a99,i,im,128,565,792,693,664
6285c2f892a99,m,mo,99,725,1019,824,920
6285c2f892a99,o,oi,195,187,491,382,296
6285c2f892a99,i,il,109,659,859,768,750
6285c2f892a99,l,ll,91,188,357,279,266
6285c2f892a99,l,la,78,206,461,284,383
6285c2f892a99,a,ae,177,339,660,516,483
6285c2f892a99,e,er,144,223,510,367,366
6285c2f892a99,r,rbksp,143,1089,1342,1232,1199
6285c2f892a99,bksp,bkspbksp,110,104,326,214,216
6285c2f892a99,bksp,bkspbksp,112,304,511,416,399
6285c2f892a99,bksp,bkspe,95,488,745,583,650
6285c2f892a99,e,er,162,471,778,633,616
6285c2f892a99,r,rmeta1,145,2320,2625,2465,2480
6285c2f892a99,meta1,meta1@,160,906,1143,1066,983
6285c2f892a99,@,@normal,77,206,459,283,382
6285c2f892a99,normal,normalg,176,522,775,698,599
6285c2f892a99,g,gm,77,471,626,548,549
6285c2f892a99,m,ma,78,139,362,217,284
6285c2f892a99,a,ai,145,138,344,283,199
6285c2f892a99,i,il,61,355,544,416,483
6285c2f892a99,l,lmeta1,128,254,544,382,416
6285c2f892a99,meta1,meta1.,162,373,645,535,483
6285c2f892a99,.,.normal,110,305,575,415,465
6285c2f892a99,normal,normalc,160,456,760,616,600
6285c2f892a99,c,co,144,188,411,332,267
6285c2f892a99,o,om,79,188,361,267,282
6285c2f892a99,m,mi,94,29604,29809,29698,29715
6285c2f892a99,i,ia,111,672,876,783,765
6285c2f892a99,a,am,93,1172,1341,1265,1248
6285c2f892a99,m,mo,76,656,826,732,750
6285c2f892a99,o,oi,94,220,410,314,316
6285c2f892a99,i,il,96,721,894,817,798
6285c2f892a99,l,ll,77,288,443,365,366
6285c2f892a99,l,le,78,773,944,851,866
6285c2f892a99,e,er,93,172,343,265,250
6285c2f892a99,r,rmeta1,78,1772,1924,1850,1846
6285c2f892a99,meta1,meta1@,74,773,941,847,867
6285c2f892a99,@,@normal,94,573,776,667,682
6285c2f892a99,normal,normalg,109,955,1142,1064,1033
6285c2f892a99,g,gm,78,620,810,698,732
6285c2f892a99,m,ma,112,388,595,500,483
6285c2f892a99,a,ai,95,470,677,565,582
6285c2f892a99,i,il,112,338,561,450,449
6285c2f892a99,l,lmeta1,111,1505,1709,1616,1598
6285c2f892a99,meta1,meta1.,93,705,909,798,816
6285c2f892a99,.,.normal,111,521,743,632,632
6285c2f892a99,normal,normalc,111,538,710,649,599
6285c2f892a99,c,co,61,488,661,549,600
6285c2f892a99,o,om,112,237,461,349,349
6285c2f892a99,m,mi,112,33344,33587,33456,33475
6285c2f892a99,i,ia,131,354,595,485,464
6285c2f892a99,a,am,110,772,1025,882,915
6285c2f892a99,m,mo,143,572,842,715,699
6285c2f892a99,o,oi,127,172,410,299,283
6285c2f892a99,i,il,111,722,910,833,799
6285c2f892a99,l,ll,77,189,360,266,283
6285c2f892a99,l,le,94,572,743,666,649
6285c2f892a99,e,er,77,156,327,233,250
6285c2f892a99,r,rmeta1,94,506,676,600,582
6285c2f892a99,meta1,meta1@,76,2720,2990,2796,2914
6285c2f892a99,@,@normal,194,523,792,717,598
6285c2f892a99,normal,normalg,75,1123,1308,1198,1233
6285c2f892a99,g,gm,110,470,709,580,599
6285c2f892a99,m,ma,129,404,662,533,533
6285c2f892a99,a,ai,129,354,595,483,466
6285c2f892a99,i,il,112,238,445,350,333
6285c2f892a99,l,lmeta1,95,770,943,865,848
6285c2f892a99,meta1,meta1.,78,556,728,634,650
6285c2f892a99,.,.normal,94,238,443,332,349
6285c2f892a99,normal,normalc,111,439,627,550,516
6285c2f892a99,c,co,77,471,660,548,583
6285c2f892a99,o,on,112,189,428,301,316
6285c2f892a99,n,nbksp,127,1005,1276,1132,1149
6285c2f892a99,bksp,bkspm,144,204,444,348,300
6285c2f892a99,m,mi,96,32136,32374,32232,32278
6285c2f892a99,i,ia,142,422,658,564,516
6285c2f892a99,a,am,94,738,959,832,865
6285c2f892a99,m,mo,127,273,543,400,416
6285c2f892a99,o,oi,143,205,477,348,334
6285c2f892a99,i,il,129,538,777,667,648
6285c2f892a99,l,ll,110,121,327,231,217
6285c2f892a99,l,le,96,523,728,619,632
6285c2f892a99,e,er,109,156,359,265,250
6285c2f892a99,r,rmeta1,94,422,592,516,498
6285c2f892a99,meta1,meta1@,76,639,843,715,767
6285c2f892a99,@,@normal,128,2170,2374,2298,2246
6285c2f892a99,normal,normalg,76,639,826,715,750
6285c2f892a99,g,gm,111,437,677,548,566
6285c2f892a99,m,ma,129,454,694,583,565
6285c2f892a99,a,ai,111,372,579,483,468
6285c2f892a99,i,il,96,303,511,399,415
6285c2f892a99,l,l.,112,1555,1810,1667,1698
6285c2f892a99,.,.c,143,456,676,599,533
6285c2f892a99,c,co,77,305,493,382,416
6285c2f892a99,o,om,111,155,410,266,299
6285c2f892a99,m,mi,144,29988,30241,30132,30097
6285c2f892a99,i,ia,109,356,558,465,449
6285c2f892a99,a,am,93,706,925,799,832
6285c2f892a99,m,mo,126,323,593,449,467
6285c2f892a99,o,oi,144,221,477,365,333
6285c2f892a99,i,il,112,606,827,718,715
6285c2f892a99,l,ll,109,188,409,297,300
6285c2f892a99,l,le,112,489,711,601,599
6285c2f892a99,e,er,110,189,360,299,250
6285c2f892a99,r,rmeta1,61,906,1025,967,964
6285c2f892a99,meta1,meta1@,58,673,875,731,817
6285c2f892a99,@,@normal,144,439,659,583,515
6285c2f892a99,normal,normalg,76,739,909,815,833
6285c2f892a99,g,gm,94,521,777,615,683
6285c2f892a99,m,ma,162,437,678,599,516
6285c2f892a99,a,ai,79,321,528,400,449
6285c2f892a99,i,il,128,238,494,366,366
6285c2f892a99,l,lc,128,1105,1327,1233,1199
6285c2f892a99,c,cbksp,94,1288,1542,1382,1448
6285c2f892a99,bksp,bksp.,160,572,926,732,766
6285c2f892a99,.,.c,194,338,626,532,432
6285c2f892a99,c,co,94,338,544,432,450
6285c2f892a99,o,om,112,188,411,300,299
6285c2f892a99,m,mi,111,33515,33769,33626,33658
6285c2f892a99,i,ia,143,373,609,516,466
6285c2f892a99,a,am,93,555,758,648,665
6285c2f892a99,m,mo,110,340,577,450,467
6285c2f892a99,o,oi,127,187,426,314,299
6285c2f892a99,i,il,112,639,861,751,749
6285c2f892a99,l,ll,110,154,393,264,283
6285c2f892a99,l,le,129,455,661,584,532
6285c2f892a99,e,er,77,207,327,284,250
6285c2f892a99,r,rmeta1,43,2437,2572,2480,2529
6285c2f892a99,meta1,meta1@,92,1090,1325,1182,1233
6285c2f892a99,@,@normal,143,572,841,715,698
6285c2f892a99,normal,normalg,126,1123,1342,1249,1216
6285c2f892a99,g,gm,93,520,743,613,650
6285c2f892a99,m,ma,130,353,595,483,465
6285c2f892a99,a,ai,112,405,611,517,499
6285c2f892a99,i,il,94,505,727,599,633
6285c2f892a99,l,l.,128,322,594,450,466
6285c2f892a99,.,.c,144,406,610,550,466
6285c2f892a99,c,co,60,288,443,348,383
6285c2f892a99,o,om,95,204,394,299,299
6285c2f892a99,m,mi,95,30782,31037,30877,30942
6285c2f892a99,i,ia,160,405,675,565,515
6285c2f892a99,a,am,110,739,959,849,849
6285c2f892a99,m,mo,110,322,576,432,466
6285c2f892a99,o,oi,144,171,411,315,267
6285c2f892a99,i,il,96,571,777,667,681
6285c2f892a99,l,ll,110,172,410,282,300
6285c2f892a99,l,le,128,456,677,584,549
6285c2f892a99,e,er,93,173,360,266,267
6285c2f892a99,r,rmeta1,94,705,892,799,798
6285c2f892a99,meta1,meta1@,93,823,1026,916,933
6285c2f892a99,@,@normal,110,689,941,799,831
6285c2f892a99,normal,normalg,142,889,1125,1031,983
6285c2f892a99,g,gm,94,454,710,548,616
6285c2f892a99,m,ma,162,355,645,517,483
6285c2f892a99,a,ai,128,404,627,532,499
6285c2f892a99,i,il,95,321,544,416,449
6285c2f892a99,l,l.,128,606,861,734,733
6285c2f892a99,.,.c,127,371,576,498,449
6285c2f892a99,c,co,78,305,478,383,400
6285c2f892a99,o,om,95,171,361,266,266
6285c2f892a99,m,mi,95,32183,32419,32278,32324
6285c2f892a99,i,ia,141,456,691,597,550
6285c2f892a99,a,am,94,755,976,849,882
6285c2f892a99,m,mo,127,306,643,433,516
6285c2f892a99,o,oi,210,205,543,415,333
6285c2f892a99,i,il,128,523,760,651,632
6285c2f892a99,l,ll,109,156,359,265,250
6285c2f892a99,l,le,94,456,644,550,550
6285c2f892a99,e,er,94,122,310,216,216
6285c2f892a99,r,rmeta1,94,573,742,667,648
6285c2f892a99,meta1,meta1&,75,623,825,698,750
6285c2f892a99,&,&normal,127,422,692,549,565
6285c2f892a99,normal,normalbksp,143,1505,1775,1648,1632
6285c2f892a99,bksp,bkspmeta1,127,405,626,532,499
6285c2f892a99,meta1,meta1@,94,639,860,733,766
6285c2f892a99,@,@normal,127,1037,1259,1164,1132
6285c2f892a99,normal,normalg,95,640,811,735,716
6285c2f892a99,g,gm,76,488,659,564,583
6285c2f892a99,m,ma,95,421,611,516,516
6285c2f892a99,a,ai,95,371,561,466,466
6285c2f892a99,i,il,95,404,627,499,532
6285c2f892a99,l,l.,128,273,528,401,400
6285c2f892a99,.,.c,127,439,626,566,499
6285c2f892a99,c,co,60,288,427,348,367
6285c2f892a99,o,om,79,221,411,300,332
6285c2f892a99,m,mi,111,28551,28752,28662,28641
6285c2f892a99,i,ia,90,971,1222,1061,1132
6285c2f892a99,a,am,161,222,493,383,332
6285c2f892a99,m,mo,110,323,593,433,483
6285c2f892a99,o,oi,160,288,543,448,383
6285c2f892a99,i,il,95,622,794,717,699
6285c2f892a99,l,ll,77,137,277,214,200
6285c2f892a99,l,le,63,356,595,419,532
6285c2f892a99,e,er,176,224,526,400,350
6285c2f892a99,r,rmeta1,126,639,891,765,765
6285c2f892a99,meta1,meta1@,126,756,992,882,866
6285c2f892a99,@,@normal,110,140,409,250,299
6285c2f892a99,normal,normalg,159,472,692,631,533
6285c2f892a99,g,gm,61,571,744,632,683
6285c2f892a99,m,ma,112,204,461,316,349
6285c2f892a99,a,ai,145,89,312,234,167
6285c2f892a99,i,il,78,438,610,516,532
6285c2f892a99,l,lmeta1,94,321,527,415,433
6285c2f892a99,meta1,meta1.,112,739,978,851,866
6285c2f892a99,.,.normal,127,2769,3056,2896,2929
6285c2f892a99,normal,normalc,160,456,726,616,566
6285c2f892a99,c,co,110,122,327,232,217
6285c2f892a99,o,om,95,171,377,266,282
6285c2f892a99,m,mi,111,28904,29126,29015,29015
6285c2f892a99,i,ia,111,222,477,333,366
6285c2f892a99,a,am,144,140,360,284,216
6285c2f892a99,m,mo,76,821,1041,897,965
6285c2f892a99,o,oi,144,171,444,315,300
6285c2f892a99,i,il,129,588,811,717,682
6285c2f892a99,l,ll,94,155,327,249,233
6285c2f892a99,l,le,78,372,644,450,566
6285c2f892a99,e,er,194,106,444,300,250
6285c2f892a99,r,rmeta1,144,389,709,533,565
6285c2f892a99,meta1,meta1@,176,589,842,765,666
6285c2f892a99,@,@normal,77,173,376,250,299
6285c2f892a99,normal,normalg,126,622,826,748,700
6285c2f892a99,g,gm,78,687,860,765,782
6285c2f892a99,m,ma,95,189,412,284,317
6285c2f892a99,a,ai,128,87,294,215,166
6285c2f892a99,i,il,79,338,495,417,416
6285c2f892a99,l,lmeta1,78,920,1142,998,1064
6285c2f892a99,meta1,meta1.,144,672,944,816,800
6285c2f892a99,.,.normal,128,1471,1758,1599,1630
6285c2f892a99,normal,normalc,159,473,793,632,634
6285c2f892a99,c,co,161,221,477,382,316
6285c2f892a99,o,om,95,139,328,234,233
6285c2f892a99,m,mt,94,18192740,18192894,18192834,18192800
62860bac1feef,t,th,60,105,276,165,216
62860bac1feef,h,hi,111,673,878,784,767
62860bac1feef,i,it,94,71,243,165,149
62860bac1feef,t,ti,78,58,212,136,134
62860bac1feef,i,ip,76,191,343,267,267
62860bac1feef,p,po,76,123,292,199,216
62860bac1feef,o,or,93,107,310,200,217
62860bac1feef,r,rn,110,24,227,134,117
62860bac1feef,n,nspace,93,1508,1676,1601,1583
62860bac1feef,space,spacek,75,574,758,649,683
62860bac1feef,k,kh,109,172,328,281,219
62860bac1feef,h,hu,47,121,262,168,215
62860bac1feef,u,un,94,139,310,233,216
62860bac1feef,n,nk,77,157,327,234,250
62860bac1feef,k,ko,93,208,410,301,317
62860bac1feef,o,or,109,1274,1476,1383,1367
62860bac1feef,r,rn,93,141,343,234,250
62860bac1feef,n,ns,109,142,375,251,266
62860bac1feef,s,si,124,41,274,165,150
62860bac1feef,i,ir,109,91,262,200,153
62860bac1feef,r,ri,62,1,142,63,80
62860bac1feef,i,ii,79,739,896,818,817
62860bac1feef,i,it,78,38021,38189,38099,38111
62860bac1feef,t,th,90,92,257,182,167
62860bac1feef,h,hi,75,158,291,233,216
62860bac1feef,i,it,58,90,225,148,167
62860bac1feef,t,ti,77,72,211,149,134
62860bac1feef,i,ip,62,1190,1328,1252,1266
62860bac1feef,p,po,76,142,310,218,234
62860bac1feef,o,ot,92,155,293,247,201
62860bac1feef,t,tn,46,141,278,187,232
62860bac1feef,n,n.,91,261,441,352,350
62860bac1feef,.,.k,89,561,722,650,633
62860bac1feef,k,kg,72,90,205,162,133
62860bac1feef,g,gshift,43,2010,2143,2053,2100
62860bac1feef,shift,shiftshift,90,1026,1224,1116,1134
62860bac1feef,shift,shiftmeta1,108,223,408,331,300
62860bac1feef,meta1,meta1@,77,758,961,835,884
62860bac1feef,@,@normal,126,75,309,201,183
62860bac1feef,normal,normalg,108,1256,1441,1364,1333
62860bac1feef,g,gm,77,642,827,719,750
62860bac1feef,m,mi,108,154,342,262,234
62860bac1feef,i,il,80,108,246,188,166
62860bac1feef,l,l.,58,176,342,234,284
62860bac1feef,.,.c,108,141,375,249,267
62860bac1feef,c,co,126,23,259,149,133
62860bac1feef,o,om,110,139,310,249,200
62860bac1feef,m,mt,61,28470,28621,28531,28560
62860bac1feef,t,th,90,74,223,164,133
62860bac1feef,h,hi,59,175,309,234,250
62860bac1feef,i,it,75,72,225,147,150
62860bac1feef,t,ti,78,73,211,151,133
62860bac1feef,i,ip,60,192,344,252,284
62860bac1feef,p,po,92,108,309,200,217
62860bac1feef,o,or,109,72,292,181,183
62860bac1feef,r,rn,111,91,294,202,183
62860bac1feef,n,n.,92,224,394,316,302
62860bac1feef,.,.k,78,188,309,266,231
62860bac1feef,k,kh,43,190,310,233,267
62860bac1feef,h,hbksp,77,794,962,871,885
62860bac1feef,bksp,bkspg,91,272,440,363,349
62860bac1feef,g,gmeta1,77,674,860,751,783
62860bac1feef,meta1,meta1@,109,441,658,550,549
62860bac1feef,@,@normal,108,73,292,181,184
62860bac1feef,normal,normalg,111,440,645,551,534
62860bac1feef,g,gm,94,256,444,350,350
62860bac1feef,m,mi,94,189,360,283,266
62860bac1feef,i,il,77,157,294,234,217
62860bac1feef,l,l.,60,188,344,248,284
62860bac1feef,.,.c,96,89,279,185,183
62860bac1feef,c,co,94,71,261,165,167
62860bac1feef,o,om,96,158,329,254,233
62860bac1feef,m,mt,75,30619,30801,30694,30726
62860bac1feef,t,th,107,45,258,152,151
62860bac1feef,h,hi,106,140,323,246,217
62860bac1feef,i,it,77,90,243,167,166
62860bac1feef,t,ti,76,55,193,131,117
62860bac1feef,i,ip,62,192,345,254,283
62860bac1feef,p,po,91,110,308,201,217
62860bac1feef,o,or,107,57,274,164,167
62860bac1feef,r,rn,110,91,276,201,166
62860bac1feef,n,n.,75,208,359,283,284
62860bac1feef,.,.k,76,173,326,249,250
62860bac1feef,k,kg,77,225,410,302,333
62860bac1feef,g,gmeta1,108,407,574,515,466
62860bac1feef,meta1,meta1@,59,473,643,532,584
62860bac1feef,@,@normal,111,140,344,251,233
62860bac1feef,normal,normalh,93,574,777,667,684
62860bac1feef,h,hbksp,110,575,793,685,683
62860bac1feef,bksp,bkspg,108,224,425,332,317
62860bac1feef,g,gm,93,74,276,167,183
62860bac1feef,m,ma,109,58,259,167,150
62860bac1feef,a,ai,92,40,226,132,134
62860bac1feef,i,il,94,140,294,234,200
62860bac1feef,l,l.,60,173,326,233,266
62860bac1feef,.,.c,93,92,277,185,184
62860bac1feef,c,co,92,58,225,150,133
62860bac1feef,o,om,75,172,308,247,233
62860bac1feef,m,mt,61,34304,34455,34365,34394
62860bac1feef,t,th,90,91,290,181,200
62860bac1feef,h,hi,109,123,342,232,233
62860bac1feef,i,it,110,139,327,249,217
62860bac1feef,t,ti,78,90,245,168,167
62860bac1feef,i,ip,77,191,377,268,300
62860bac1feef,p,po,109,122,325,231,216
62860bac1feef,o,or,94,57,278,151,184
62860bac1feef,r,rn,127,91,327,218,200
62860bac1feef,n,n.,109,1859,2076,1968,1967
62860bac1feef,.,.k,108,206,391,314,283
62860bac1feef,k,kg,77,209,361,286,284
62860bac1feef,g,gmeta1,75,142,357,217,282
62860bac1feef,meta1,meta1@,140,323,574,463,434
62860bac1feef,@,@normal,111,73,277,184,166
62860bac1feef,normal,normalg,93,439,610,532,517
62860bac1feef,g,gm,78,326,498,404,420
62860bac1feef,m,ma,94,3,224,97,130
62860bac1feef,a,ai,127,56,261,183,134
62860bac1feef,i,il,78,159,294,237,216
62860bac1feef,l,l.,57,190,357,247,300
62860bac1feef,.,.c,110,73,310,183,200
62860bac1feef,c,co,127,21,261,148,134
62860bac1feef,o,om,113,158,346,271,233
62860bac1feef,m,mt,75,26659,26827,26734,26752
62860bac1feef,t,th,93,59,243,152,150
62860bac1feef,h,hi,91,124,341,215,250
62860bac1feef,i,it,126,88,309,214,183
62860bac1feef,t,ti,95,23,212,118,117
62860bac1feef,i,ip,94,174,361,268,267
62860bac1feef,p,po,93,107,309,200,216
62860bac1feef,o,or,109,91,292,200,183
62860bac1feef,r,rn,92,108,276,200,184
62860bac1feef,n,n.,76,207,376,283,300
62860bac1feef,.,.k,93,506,726,599,633
62860bac1feef,k,kg,127,76,277,203,150
62860bac1feef,g,gmeta1,74,408,557,482,483
62860bac1feef,meta1,meta1@,75,357,542,432,467
62860bac1feef,@,@normal,110,60,260,170,150
62860bac1feef,normal,normalg,90,475,623,565,533
62860bac1feef,g,gm,58,125,292,183,234
62860bac1feef,m,ma,109,72,277,181,168
62860bac1feef,a,ai,96,10,195,106,99
62860bac1feef,i,il,89,156,305,245,216
62860bac1feef,l,l.,60,205,377,265,317
62860bac1feef,.,.c,112,124,345,236,233
62860bac1feef,c,co,109,55,276,164,167
62860bac1feef,o,om,112,153,329,265,217
62860bac1feef,m,mt,64,26593,26733,26657,26669
62860bac1feef,t,th,76,56,242,132,166
62860bac1feef,h,hi,110,140,376,250,266
62860bac1feef,i,it,126,73,293,199,167
62860bac1feef,t,ti,94,73,244,167,150
62860bac1feef,i,ip,77,223,393,300,316
62860bac1feef,p,po,93,540,744,633,651
62860bac1feef,o,or,111,60,261,171,150
62860bac1feef,r,rn,90,122,323,212,233
62860bac1feef,n,n.,111,1175,1361,1286,1250
62860bac1feef,.,.k,75,292,458,367,383
62860bac1feef,k,kg,91,241,391,332,300
62860bac1feef,g,gmeta1,59,290,443,349,384
62860bac1feef,meta1,meta1@,94,339,544,433,450
62860bac1feef,@,@normal,111,22,227,133,116
62860bac1feef,normal,normalg,94,523,711,617,617
62860bac1feef,g,gm,94,340,561,434,467
62860bac1feef,m,ma,127,20,244,147,117
62860bac1feef,a,ai,97,107,297,204,200
62860bac1feef,i,il,93,176,343,269,250
62860bac1feef,l,l.,74,221,390,295,316
62860bac1feef,.,.c,95,140,312,235,217
62860bac1feef,c,co,77,89,260,166,183
62860bac1feef,o,om,94,189,377,283,283
62860bac1feef,m,mt,94,31461,31648,31555,31554
62860bac1feef,t,th,93,73,259,166,166
62860bac1feef,h,hi,93,157,359,250,266
62860bac1feef,i,it,109,71,276,180,167
62860bac1feef,t,ti,96,88,246,184,150
62860bac1feef,i,ip,62,206,362,268,300
62860bac1feef,p,po,94,122,310,216,216
62860bac1feef,o,or,94,106,294,200,200
62860bac1feef,r,rn,94,91,294,185,200
62860bac1feef,n,n.,109,174,393,283,284
62860bac1feef,.,.k,110,558,793,668,683
62860bac1feef,k,kg,125,73,275,198,150
62860bac1feef,g,gmeta1,77,824,1010,901,933
62860bac1feef,meta1,meta1@,109,723,959,832,850
62860bac1feef,@,@normal,127,92,311,219,184
62860bac1feef,normal,normalg,92,408,592,500,500
62860bac1feef,g,gm,92,391,609,483,517
62860bac1feef,m,ma,126,56,259,182,133
62860bac1feef,a,ai,77,142,327,219,250
62860bac1feef,i,il,108,141,341,249,233
62860bac1feef,l,l.,92,190,409,282,317
62860bac1feef,.,.c,127,142,377,269,250
62860bac1feef,c,co,108,54,258,162,150
62860bac1feef,o,om,96,154,346,250,250
62860bac1feef,m,mt,96,29004,29173,29100,29077
62860bac1feef,t,th,73,90,289,163,216
62860bac1feef,h,hi,126,156,376,282,250
62860bac1feef,i,it,94,124,294,218,200
62860bac1feef,t,ti,76,90,243,166,167
62860bac1feef,i,ip,77,191,393,268,316
62860bac1feef,p,po,125,139,375,264,250
62860bac1feef,o,or,111,106,328,217,217
62860bac1feef,r,rn,111,90,294,201,183
62860bac1feef,n,n.,93,976,1160,1069,1067
62860bac1feef,.,.k,91,189,374,280,283
62860bac1feef,k,kg,94,158,327,252,233
62860bac1feef,g,gmeta1,75,756,908,831,833
62860bac1feef,meta1,meta1@,77,427,631,504,554
62860bac1feef,@,@normal,127,-15,222,112,95
62860bac1feef,normal,normalg,110,390,578,500,468
62860bac1feef,g,gm,78,356,545,434,467
62860bac1feef,m,mi,111,173,378,284,267
62860bac1feef,i,il,94,154,326,248,232
62860bac1feef,l,l.,78,172,346,250,268
62860bac1feef,.,.c,96,73,262,169,166
62860bac1feef,c,co,93,57,243,150,150
62860bac1feef,o,om,93,154,309,247,216
62860bac1feef,m,mbksp,62,2474,2612,2536,2550
62860bac1feef,bksp,bkspbksp,76,90,260,166,184
62860bac1feef,bksp,bkspbksp,94,73,244,167,150
62860bac1feef,bksp,bkspbksp,77,73,226,150,149
62860bac1feef,bksp,bkspbksp,76,90,276,166,200
62860bac1feef,bksp,bkspbksp,110,309,510,419,400
62860bac1feef,bksp,bkspa,91,507,708,598,617
62860bac1feef,a,ai,110,57,243,167,133
62860bac1feef,i,il,76,139,292,215,216
62860bac1feef,l,l.,77,173,361,250,284
62860bac1feef,.,.c,111,72,278,183,167
62860bac1feef,c,co,95,37,228,132,133
62860bac1feef,o,om,96,140,330,236,234
62860bac1feef,m,mt,94,33290,33494,33384,33400
62860bac1feef,t,th,110,41,260,151,150
62860bac1feef,h,hi,109,190,409,299,300
62860bac1feef,i,it,110,91,327,201,217
62860bac1feef,t,ti,126,54,276,180,150
62860bac1feef,i,ip,96,191,379,287,283
62860bac1feef,p,po,92,141,342,233,250
62860bac1feef,o,or,109,91,325,200,216
62860bac1feef,r,rn,125,76,309,201,184
62860bac1feef,n,n.,108,159,375,267,267
62860bac1feef,.,.k,108,222,408,330,300
62860bac1feef,k,kg,78,189,378,267,300
62860bac1feef,g,gmeta1,111,756,960,867,849
62860bac1feef,meta1,meta1@,93,310,527,403,434
62860bac1feef,@,@normal,124,39,257,163,133
62860bac1feef,normal,normalg,94,391,578,485,484
62860bac1feef,g,gm,93,389,593,482,500
62860bac1feef,m,ma,111,42,261,153,150
62860bac1feef,a,ai,108,90,308,198,200
62860bac1feef,i,il,110,122,310,232,200
62860bac1feef,l,l.,78,205,378,283,300
62860bac1feef,.,.c,95,124,312,219,217
62860bac1feef,c,co,93,87,277,180,184
62860bac1feef,o,om,97,205,362,302,265
62860bac1feef,m,ms,60,13704095,13704235,13704155,13704175
6286428fd32f8,s,sa,80,116,279,196,199
6286428fd32f8,a,as,83,150,291,233,208
6286428fd32f8,s,si,58,260,393,318,335
6286428fd32f8,i,in,75,159,317,234,242
6286428fd32f8,n,ni,83,166,343,249,260
6286428fd32f8,i,is,94,224,394,318,300
6286428fd32f8,s,ss,76,88,244,164,168
6286428fd32f8,s,sa,80,138,306,218,226
6286428fd32f8,a,as,88,149,288,237,200
6286428fd32f8,s,si,51,442,585,493,534
6286428fd32f8,i,in,92,259,418,351,326
6286428fd32f8,n,nmeta1,67,1074,1177,1141,1110
6286428fd32f8,meta1,meta1@,36,679,780,715,744
6286428fd32f8,@,@normal,65,319,441,384,376
6286428fd32f8,normal,normalg,57,369,492,426,435
6286428fd32f8,g,gm,66,201,333,267,267
6286428fd32f8,m,ma,66,234,380,300,314
6286428fd32f8,a,ai,80,237,393,317,313
6286428fd32f8,i,il,76,193,341,269,265
6286428fd32f8,l,l.,72,170,325,242,253
6286428fd32f8,.,.c,83,235,392,318,309
6286428fd32f8,c,co,74,218,359,292,285
6286428fd32f8,o,om,67,165,299,232,232
6286428fd32f8,m,ms,67,36525,36653,36592,36586
6286428fd32f8,s,sa,61,160,296,221,235
6286428fd32f8,a,ad,75,151,291,226,216
6286428fd32f8,d,di,65,246,392,311,327
6286428fd32f8,i,in,81,159,306,240,225
6286428fd32f8,n,ni,66,184,325,250,259
6286428fd32f8,i,is,75,233,368,308,293
6286428fd32f8,s,ss,60,105,235,165,175
6286428fd32f8,s,sa,70,124,271,194,201
6286428fd32f8,a,as,77,132,285,209,208
6286428fd32f8,s,si,76,251,403,327,327
6286428fd32f8,i,in,76,199,334,275,258
6286428fd32f8,n,nshift,59,686,819,745,760
6286428fd32f8,shift,shiftmeta1,74,611,750,685,676
6286428fd32f8,meta1,meta1@,65,386,516,451,451
6286428fd32f8,@,@normal,65,270,392,335,327
6286428fd32f8,normal,normalg,57,411,533,468,476
6286428fd32f8,g,gm,65,235,367,300,302
6286428fd32f8,m,ma,67,316,460,383,393
6286428fd32f8,a,ai,77,265,427,342,350
6286428fd32f8,i,il,85,151,311,236,226
6286428fd32f8,l,l.,75,184,342,259,267
6286428fd32f8,.,.c,83,216,375,299,292
6286428fd32f8,c,co,76,209,360,285,284
6286428fd32f8,o,om,75,150,293,225,218
6286428fd32f8,m,ms,68,25949,26083,26017,26015
6286428fd32f8,s,sa,66,158,307,224,241
6286428fd32f8,a,as,83,175,324,258,241
6286428fd32f8,s,si,66,353,494,419,428
6286428fd32f8,i,in,75,217,374,292,299
6286428fd32f8,n,ni,82,209,367,291,285
6286428fd32f8,i,is,76,313,468,389,392
6286428fd32f8,s,ss,79,114,264,193,185
6286428fd32f8,s,sa,71,166,330,237,259
6286428fd32f8,a,as,93,167,326,260,233
6286428fd32f8,s,si,66,392,534,458,468
6286428fd32f8,i,in,76,208,376,284,300
6286428fd32f8,n,nshift,92,1422,1570,1514,1478
6286428fd32f8,shift,shiftmeta1,56,529,649,585,593
6286428fd32f8,meta1,meta1@,64,345,474,409,410
6286428fd32f8,@,@normal,65,277,408,342,343
6286428fd32f8,normal,normalg,66,385,526,451,460
6286428fd32f8,g,gm,75,227,368,302,293
6286428fd32f8,m,ma,66,298,449,364,383
6286428fd32f8,a,ai,85,259,421,344,336
6286428fd32f8,i,il,77,149,285,226,208
6286428fd32f8,l,l.,59,793,911,852,852
6286428fd32f8,.,.c,59,385,516,444,457
6286428fd32f8,c,co,72,195,342,267,270
6286428fd32f8,o,om,75,149,284,224,209
6286428fd32f8,m,ms,60,24869,25012,24929,24952
6286428fd32f8,s,sa,83,164,340,247,257
6286428fd32f8,a,as,93,159,319,252,226
6286428fd32f8,s,si,67,235,385,302,318
6286428fd32f8,i,in,83,185,326,268,243
6286428fd32f8,n,ni,58,201,333,259,275
6286428fd32f8,i,is,74,275,415,349,341
6286428fd32f8,s,ss,66,115,252,181,186
6286428fd32f8,s,sa,71,130,288,201,217
6286428fd32f8,a,as,87,150,304,237,217
6286428fd32f8,s,si,67,325,459,392,392
6286428fd32f8,i,in,67,217,343,284,276
6286428fd32f8,n,nmeta1,59,318,434,377,375
6286428fd32f8,meta1,meta1@,57,494,608,551,551
6286428fd32f8,@,@normal,57,253,374,310,317
6286428fd32f8,normal,normalg,64,320,441,384,377
6286428fd32f8,g,gm,57,261,374,318,317
6286428fd32f8,m,ma,56,284,424,340,368
6286428fd32f8,a,ai,84,251,410,335,326
6286428fd32f8,i,il,75,170,292,245,217
6286428fd32f8,l,l.,47,191,290,238,243
6286428fd32f8,.,.c,52,460,578,512,526
6286428fd32f8,c,co,66,224,359,290,293
6286428fd32f8,o,om,69,149,286,218,217
6286428fd32f8,m,ms,68,23774,23926,23842,23858
6286428fd32f8,s,sa,84,151,334,235,250
6286428fd32f8,a,as,99,152,334,251,235
6286428fd32f8,s,si,83,251,409,334,326
6286428fd32f8,i,in,75,200,359,275,284
6286428fd32f8,n,ni,84,242,401,326,317
6286428fd32f8,i,is,75,826,984,901,909
6286428fd32f8,s,ss,83,122,285,205,202
6286428fd32f8,s,sa,80,130,289,210,209
6286428fd32f8,a,as,79,393,539,472,460
6286428fd32f8,s,si,67,274,408,341,341
6286428fd32f8,i,in,67,199,334,266,267
6286428fd32f8,n,nmeta1,68,620,736,688,668
6286428fd32f8,meta1,meta1@,48,311,424,359,376
6286428fd32f8,@,@normal,65,290,424,355,359
6286428fd32f8,normal,normalg,69,470,608,539,539
6286428fd32f8,g,gm,69,274,392,343,323
6286428fd32f8,m,ma,49,309,417,358,368
6286428fd32f8,a,ai,59,274,393,333,334
6286428fd32f8,i,il,60,189,309,249,249
6286428fd32f8,l,l.,60,546,655,606,595
6286428fd32f8,.,.c,49,251,378,300,329
6286428fd32f8,c,co,78,222,366,300,288
6286428fd32f8,o,om,66,170,308,236,242
6286428fd32f8,m,ms,72,26619,26780,26691,26708
6286428fd32f8,s,sa,89,203,380,292,291
6286428fd32f8,a,as,88,149,304,237,216
6286428fd32f8,s,sk,67,527,669,594,602
6286428fd32f8,k,kbksp,75,350,491,425,416
6286428fd32f8,bksp,bkspi,66,227,360,293,294
6286428fd32f8,i,in,67,184,318,251,251
6286428fd32f8,n,ni,67,199,333,266,266
6286428fd32f8,i,is,67,216,352,283,285
6286428fd32f8,s,ss,69,115,244,184,175
6286428fd32f8,s,sa,60,131,269,191,209
6286428fd32f8,a,as,78,149,278,227,200
6286428fd32f8,s,si,51,481,609,532,558
6286428fd32f8,i,in,77,222,396,299,319
6286428fd32f8,n,nshift,97,836,990,933,893
6286428fd32f8,shift,shiftmeta1,57,220,341,277,284
6286428fd32f8,meta1,meta1@,64,327,449,391,385
6286428fd32f8,@,@normal,58,278,401,336,343
6286428fd32f8,normal,normalg,65,336,474,401,409
6286428fd32f8,g,gm,73,260,391,333,318
6286428fd32f8,m,ma,58,275,409,333,351
6286428fd32f8,a,ai,76,264,410,340,334
6286428fd32f8,i,il,70,183,321,253,251
6286428fd32f8,l,l.,68,525,670,593,602
6286428fd32f8,.,.c,77,283,418,360,341
6286428fd32f8,c,co,58,251,376,309,318
6286428fd32f8,o,om,67,183,301,250,234
6286428fd32f8,m,ms,51,31519,31637,31570,31586
6286428fd32f8,s,sa,67,157,310,224,243
6286428fd32f8,a,as,86,121,283,207,197
6286428fd32f8,s,si,76,270,430,346,354
6286428fd32f8,i,in,84,165,333,249,249
6286428fd32f8,n,ni,84,184,344,268,260
6286428fd32f8,i,is,76,267,410,343,334
6286428fd32f8,s,ss,67,97,225,164,158
6286428fd32f8,s,si,61,735,854,796,793
6286428fd32f8,i,in,58,252,376,310,318
6286428fd32f8,n,ns,66,3031,3191,3097,3125
6286428fd32f8,s,sa,94,249,437,343,343
6286428fd32f8,a,as,94,508,670,602,576
6286428fd32f8,s,si,68,558,712,626,644
6286428fd32f8,i,in,86,232,403,318,317
6286428fd32f8,n,nmeta1,85,368,518,453,433
6286428fd32f8,meta1,meta1@,65,293,416,358,351
6286428fd32f8,@,@normal,58,271,392,329,334
6286428fd32f8,normal,normalg,63,478,616,541,553
6286428fd32f8,g,gm,75,302,450,377,375
6286428fd32f8,m,ma,73,333,483,406,410
6286428fd32f8,a,ai,77,300,462,377,385
6286428fd32f8,i,il,85,176,326,261,241
6286428fd32f8,l,l.,65,494,633,559,568
6286428fd32f8,.,.c,74,418,550,492,476
6286428fd32f8,c,co,58,245,376,303,318
6286428fd32f8,o,om,73,166,299,239,226
6286428fd32f8,m,ms,60,27385,27528,27445,27468
6286428fd32f8,s,sa,83,145,325,228,242
6286428fd32f8,a,as,97,129,304,226,207
6286428fd32f8,s,si,78,218,387,296,309
6286428fd32f8,i,in,91,176,367,267,276
6286428fd32f8,n,ni,100,207,426,307,326
6286428fd32f8,i,is,119,216,411,335,292
6286428fd32f8,s,ss,76,105,252,181,176
6286428fd32f8,s,sa,71,141,305,212,234
6286428fd32f8,a,as,93,150,309,243,216
6286428fd32f8,s,si,66,250,392,316,326
6286428fd32f8,i,in,76,218,352,294,276
6286428fd32f8,n,nmeta1,58,1070,1184,1128,1126
6286428fd32f8,meta1,meta1@,56,253,399,309,343
6286428fd32f8,@,@normal,90,361,508,451,418
6286428fd32f8,normal,normalg,57,504,617,561,560
6286428fd32f8,g,gm,56,227,340,283,284
6286428fd32f8,m,ma,57,259,392,316,335
6286428fd32f8,a,ai,76,266,444,342,368
6286428fd32f8,i,il,102,140,319,242,217
6286428fd32f8,l,l.,77,175,335,252,258
6286428fd32f8,.,.c,83,241,400,324,317
6286428fd32f8,c,co,76,202,344,278,268
6286428fd32f8,o,om,66,166,290,232,224
6286428fd32f8,m,ms,58,24379,24503,24437,24445
6286428fd32f8,s,sa,66,177,340,243,274
6286428fd32f8,a,as,97,131,306,228,209
6286428fd32f8,s,si,78,242,404,320,326
6286428fd32f8,i,in,84,225,384,309,300
6286428fd32f8,n,ni,75,884,1027,959,952
6286428fd32f8,i,is,68,275,402,343,334
6286428fd32f8,s,ss,59,106,235,165,176
6286428fd32f8,s,sa,70,141,304,211,234
6286428fd32f8,a,as,93,128,294,221,201
6286428fd32f8,s,si,73,257,415,330,342
6286428fd32f8,i,in,85,191,378,276,293
6286428fd32f8,n,nmeta1,102,231,401,333,299
6286428fd32f8,meta1,meta1@,68,267,403,335,335
6286428fd32f8,@,@normal,68,251,376,319,308
6286428fd32f8,normal,normalg,57,587,701,644,644
6286428fd32f8,g,gm,57,209,324,266,267
6286428fd32f8,m,ma,58,576,711,634,653
6286428fd32f8,a,ai,77,250,393,327,316
6286428fd32f8,i,il,66,161,290,227,224
6286428fd32f8,l,l.,63,485,634,548,571
6286428fd32f8,.,.c,86,216,370,302,284
6286428fd32f8,c,co,68,234,385,302,317
6286428fd32f8,o,om,83,165,325,248,242
6286428fd32f8,m,ms,77,25842,26007,25919,25930
6286428fd32f8,s,sa,88,143,322,231,234
6286428fd32f8,a,as,91,124,292,215,201
6286428fd32f8,s,si,77,258,411,335,334
6286428fd32f8,i,in,76,560,709,636,633
6286428fd32f8,n,ns,73,469,635,542,562
6286428fd32f8,s,sbksp,93,367,535,460,442
6286428fd32f8,bksp,bkspi,75,191,343,266,268
6286428fd32f8,i,is,77,224,377,301,300
6286428fd32f8,s,ss,76,98,242,174,166
6286428fd32f8,s,sa,68,115,267,183,199
6286428fd32f8,a,as,84,114,277,198,193
6286428fd32f8,s,si,79,218,381,297,302
6286428fd32f8,i,in,84,192,352,276,268
6286428fd32f8,n,nmeta1,76,234,384,310,308
6286428fd32f8,meta1,meta1@,74,243,400,317,326
6286428fd32f8,@,@normal,83,228,375,311,292
6286428fd32f8,normal,normalg,64,344,483,408,419
6286428fd32f8,g,gm,75,226,367,301,292
6286428fd32f8,m,ma,66,258,400,324,334
6286428fd32f8,a,ai,76,225,394,301,318
6286428fd32f8,i,il,93,150,318,243,225
6286428fd32f8,l,l.,75,167,334,242,259
6286428fd32f8,.,.v,92,190,359,282,267
6286428fd32f8,v,vbksp,77,283,428,360,351
6286428fd32f8,bksp,bkspc,68,185,336,253,268
6286428fd32f8,c,co,83,182,349,265,266
6286428fd32f8,o,om,84,142,302,226,218
6286428fd32f8,m,mw,76,7727722,7727901,7727798,7727825
6286620c76e34,w,wi,103,205,395,308,292
6286620c76e34,i,it,87,346,520,433,433
6286620c76e34,t,tt,87,68,245,155,158
6286620c76e34,t,tk,90,814,999,904,909
6286620c76e34,k,ka,95,62,252,157,157
6286620c76e34,a,ar,95,438,645,533,550
6286620c76e34,r,rn,112,790,996,902,884
6286620c76e34,n,nmeta1,94,530,718,624,624
6286620c76e34,meta1,meta1.,94,323,503,417,409
6286620c76e34,.,.normal,86,171,360,257,274
6286620c76e34,normal,normale,103,423,646,526,543
6286620c76e34,e,ex,120,230,470,350,350
6286620c76e34,x,xp,120,163,403,283,283
6286620c76e34,p,pe,120,146,369,266,249
6286620c76e34,e,er,103,137,379,240,276
6286620c76e34,r,rt,139,105,356,244,217
6286620c76e34,t,tmeta1,112,515,703,627,591
6286620c76e34,meta1,meta1@,76,652,818,728,742
6286620c76e34,@,@normal,90,246,415,336,325
6286620c76e34,normal,normalg,79,560,695,639,616
6286620c76e34,g,gm,56,253,416,309,360
6286620c76e34,m,ma,107,144,347,251,240
6286620c76e34,a,ai,96,150,314,246,218
6286620c76e34,i,il,68,151,326,219,258
6286620c76e34,l,l.,107,401,615,508,508
6286620c76e34,.,.c,107,485,691,592,584
6286620c76e34,c,co,99,175,365,274,266
6286620c76e34,o,om,91,183,375,274,284
6286620c76e34,m,mw,101,38642,38810,38743,38709
6286620c76e34,w,wi,67,155,299,222,232
6286620c76e34,i,it,77,875,1019,952,942
6286620c76e34,t,tt,67,105,224,172,157
6286620c76e34,t,ta,52,92,194,144,142
6286620c76e34,a,ak,50,225,351,275,301
6286620c76e34,k,ka,76,48,200,124,124
6286620c76e34,a,ar,76,305,469,381,393
6286620c76e34,r,rn,88,241,413,329,325
6286620c76e34,n,nmeta1,84,625,766,709,682
6286620c76e34,meta1,meta1.,57,342,499,399,442
6286620c76e34,.,.normal,100,200,365,300,265
6286620c76e34,normal,normale,65,443,600,508,535
6286620c76e34,e,ex,92,208,425,300,333
6286620c76e34,x,xp,125,185,433,310,308
6286620c76e34,p,pe,123,132,391,255,268
6286620c76e34,e,er,136,128,403,264,267
6286620c76e34,r,rt,139,111,338,250,199
6286620c76e34,t,tmeta1,88,399,561,487,473
6286620c76e34,meta1,meta1@,74,734,884,808,810
6286620c76e34,@,@normal,76,240,400,316,324
6286620c76e34,normal,normalg,84,426,586,510,502
6286620c76e34,g,gm,76,307,492,383,416
6286620c76e34,m,ma,109,165,375,274,266
6286620c76e34,a,ai,101,157,326,258,225
6286620c76e34,i,il,68,133,310,201,242
6286620c76e34,l,l.,109,374,600,483,491
6286620c76e34,.,.c,117,367,593,484,476
6286620c76e34,c,co,109,216,400,325,291
6286620c76e34,o,om,75,140,308,215,233
6286620c76e34,m,mw,93,35275,35469,35368,35376
6286620c76e34,w,wi,101,149,366,250,265
6286620c76e34,i,it,116,434,659,550,543
6286620c76e34,t,tt,109,80,267,189,158
6286620c76e34,t,ta,78,83,237,161,159
6286620c76e34,a,ak,76,207,391,283,315
6286620c76e34,k,ka,108,39,234,147,126
6286620c76e34,a,ar,87,375,554,462,467
6286620c76e34,r,rn,92,331,524,423,432
6286620c76e34,n,nmeta1,101,567,750,668,649
6286620c76e34,meta1,meta1.,82,667,834,749,752
6286620c76e34,.,.normal,85,199,384,284,299
6286620c76e34,normal,normale,100,619,785,719,685
6286620c76e34,e,ex,66,198,365,264,299
6286620c76e34,x,xp,101,191,410,292,309
6286620c76e34,p,pe,118,231,501,349,383
6286620c76e34,e,er,152,239,527,391,375
6286620c76e34,r,rt,136,130,384,266,248
6286620c76e34,t,tmeta1,118,649,833,767,715
6286620c76e34,meta1,meta1@,66,511,661,577,595
6286620c76e34,@,@normal,84,255,398,339,314
6286620c76e34,normal,normalg,59,801,927,860,868
6286620c76e34,g,gm,67,341,533,408,466
6286620c76e34,m,ma,125,64,267,189,142
6286620c76e34,a,ai,78,132,279,210,201
6286620c76e34,i,il,69,132,311,201,242
6286620c76e34,l,l.,110,424,634,534,524
6286620c76e34,.,.c,100,484,633,584,533
6286620c76e34,c,co,49,193,315,242,266
6286620c76e34,o,om,73,150,299,223,226
6286620c76e34,m,mw,76,30651,30802,30727,30726
6286620c76e34,w,wi,75,407,583,482,508
6286620c76e34,i,it,101,416,584,517,483
6286620c76e34,t,tt,67,89,225,156,158
6286620c76e34,t,ta,69,107,278,176,209
6286620c76e34,a,ak,102,157,368,259,266
6286620c76e34,k,ka,109,73,283,182,174
6286620c76e34,a,ar,101,300,510,401,409
6286620c76e34,r,rn,109,257,459,366,350
6286620c76e34,n,nmeta1,93,266,417,359,324
6286620c76e34,meta1,meta1.,58,792,917,850,859
6286620c76e34,.,.normal,67,167,316,234,249
6286620c76e34,normal,normale,82,400,551,482,469
6286620c76e34,e,ex,69,199,385,268,316
6286620c76e34,x,xp,117,520,733,637,616
6286620c76e34,p,pe,96,422,628,518,532
6286620c76e34,e,er,110,124,361,234,251
6286620c76e34,r,rt,127,104,336,231,209
6286620c76e34,t,tmeta1,105,331,521,436,416
6286620c76e34,meta1,meta1@,85,832,1011,917,926
6286620c76e34,@,@normal,94,231,409,325,315
6286620c76e34,normal,normalg,84,566,726,650,642
6286620c76e34,g,gm,76,267,476,343,400
6286620c76e34,m,ma,133,358,609,491,476
6286620c76e34,a,ai,118,122,316,240,198
6286620c76e34,i,il,76,134,302,210,226
6286620c76e34,l,l.,92,283,467,375,375
6286620c76e34,.,.c,92,467,626,559,534
6286620c76e34,c,co,67,215,350,282,283
6286620c76e34,o,om,68,148,335,216,267
6286620c76e34,m,mw,119,27134,27327,27253,27208
6286620c76e34,w,wi,74,258,416,332,342
6286620c76e34,i,it,84,383,533,467,449
6286620c76e34,t,tt,66,90,233,156,167
6286620c76e34,t,ta,77,82,226,159,149
6286620c76e34,a,ak,67,483,634,550,567
6286620c76e34,k,ka,84,89,267,173,183
6286620c76e34,a,ar,94,325,504,419,410
6286620c76e34,r,rn,85,299,458,384,373
6286620c76e34,n,nmeta1,74,350,524,424,450
6286620c76e34,meta1,meta1.,100,317,501,417,401
6286620c76e34,.,.normal,84,183,366,267,282
6286620c76e34,normal,normale,99,393,584,492,485
6286620c76e34,e,ex,92,267,450,359,358
6286620c76e34,x,xp,91,183,358,274,267
6286620c76e34,p,pe,84,164,376,248,292
6286620c76e34,e,er,128,122,368,250,240
6286620c76e34,r,rt,118,99,319,217,201
6286620c76e34,t,tmeta1,102,347,577,449,475
6286620c76e34,meta1,meta1@,128,457,678,585,550
6286620c76e34,@,@normal,93,456,633,549,540
6286620c76e34,normal,normalg,84,1334,1501,1418,1417
6286620c76e34,g,gm,83,350,542,433,459
6286620c76e34,m,ma,109,282,518,391,409
6286620c76e34,a,ai,127,147,350,274,223
6286620c76e34,i,il,76,123,302,199,226
6286620c76e34,l,l.,103,258,472,361,369
6286620c76e34,.,.c,111,281,475,392,364
6286620c76e34,c,co,83,159,342,242,259
6286620c76e34,o,om,100,156,366,256,266
6286620c76e34,m,mw,110,34175,34351,34285,34241
6286620c76e34,w,wi,66,232,358,298,292
6286620c76e34,i,it,60,600,727,660,667
6286620c76e34,t,tt,67,97,234,164,167
6286620c76e34,t,ta,70,90,245,160,175
6286620c76e34,a,ak,85,174,359,259,274
6286620c76e34,k,ka,100,48,242,148,142
6286620c76e34,a,ar,94,316,486,410,392
6286620c76e34,r,rn,76,266,442,342,366
6286620c76e34,n,nmeta1,100,618,749,718,649
6286620c76e34,meta1,meta1.,31,909,1057,940,1026
6286620c76e34,.,.normal,117,168,384,285,267
6286620c76e34,normal,normale,99,316,508,415,409
6286620c76e34,e,ex,93,199,418,292,325
6286620c76e34,x,xp,126,157,384,283,258
6286620c76e34,p,pe,101,256,468,357,367
6286620c76e34,e,er,111,131,361,242,250
6286620c76e34,r,rt,119,105,319,224,200
6286620c76e34,t,tmeta1,95,640,844,735,749
6286620c76e34,meta1,meta1@,109,657,843,766,734
6286620c76e34,@,@normal,77,172,334,249,257
6286620c76e34,normal,normalg,85,858,1020,943,935
6286620c76e34,g,gm,77,290,475,367,398
6286620c76e34,m,ma,108,183,392,291,284
6286620c76e34,a,ai,101,112,301,213,200
6286620c76e34,i,il,88,122,329,210,241
6286620c76e34,l,l.,119,225,461,344,342
6286620c76e34,.,.c,117,342,551,459,434
6286620c76e34,c,co,92,158,308,250,216
6286620c76e34,o,om,58,140,301,198,243
6286620c76e34,m,mw,103,35650,35828,35753,35725
6286620c76e34,w,wi,75,297,449,372,374
6286620c76e34,i,it,77,642,794,719,717
6286620c76e34,t,tt,75,88,249,163,174
6286620c76e34,t,ta,86,84,236,170,150
6286620c76e34,a,ak,66,632,799,698,733
6286620c76e34,k,ka,101,156,343,257,242
6286620c76e34,a,ar,86,349,520,435,434
6286620c76e34,r,rn,85,329,494,414,409
6286620c76e34,n,n.,80,608,796,688,716
6286620c76e34,.,.e,108,257,423,365,315
6286620c76e34,e,ex,58,184,343,242,285
6286620c76e34,x,xp,101,182,375,283,274
6286620c76e34,p,pe,92,123,326,215,234
6286620c76e34,e,er,111,139,369,250,258
6286620c76e34,r,rt,119,98,320,217,201
6286620c76e34,t,tmeta1,103,314,492,417,389
6286620c76e34,meta1,meta1@,75,1225,1384,1300,1309
6286620c76e34,@,@normal,84,392,542,476,458
6286620c76e34,normal,normalg,66,541,667,607,601
6286620c76e34,g,gm,60,199,342,259,282
6286620c76e34,m,ma,83,113,300,196,217
6286620c76e34,a,ai,104,79,255,183,151
6286620c76e34,i,ia,72,2873,3071,2945,2999
6286620c76e34,a,ai,126,132,318,258,192
6286620c76e34,i,il,60,158,334,218,274
6286620c76e34,l,l.,116,508,742,624,626
6286620c76e34,.,.c,118,183,392,301,274
6286620c76e34,c,co,91,81,275,172,184
6286620c76e34,o,om,103,121,302,224,199
6286620c76e34,m,mw,78,32750,32929,32828,32851
6286620c76e34,w,wi,101,181,367,282,266
6286620c76e34,i,it,85,350,510,435,425
6286620c76e34,t,tt,75,82,234,157,159
6286620c76e34,t,ta,77,82,243,159,166
6286620c76e34,a,ak,84,434,635,518,551
6286620c76e34,k,ka,117,80,283,197,166
6286620c76e34,a,ar,86,291,487,377,401
6286620c76e34,r,rn,110,240,434,350,324
6286620c76e34,n,n.,84,434,626,518,542
6286620c76e34,.,.e,108,191,375,299,267
6286620c76e34,e,ex,76,165,351,241,275
6286620c76e34,x,xp,110,115,326,225,216
6286620c76e34,p,pe,101,156,359,257,258
6286620c76e34,e,er,102,120,335,222,233
6286620c76e34,r,rt,113,87,322,200,209
6286620c76e34,t,tmeta1,122,573,737,695,615
6286620c76e34,meta1,meta1@,42,517,651,559,609
6286620c76e34,@,@normal,92,217,401,309,309
6286620c76e34,normal,normalg,92,524,691,616,599
6286620c76e34,g,gm,75,191,367,266,292
6286620c76e34,m,ma,101,131,301,232,200
6286620c76e34,a,ai,69,121,253,190,184
6286620c76e34,i,il,63,165,312,228,249
6286620c76e34,l,l.,84,433,625,517,541
6286620c76e34,.,.c,108,218,409,326,301
6286620c76e34,c,co,83,133,291,216,208
6286620c76e34,o,om,75,130,276,205,201
6286620c76e34,m,mw,71,28566,28704,28637,28633
6286620c76e34,w,wi,67,206,332,273,265
6286620c76e34,i,it,59,351,459,410,400
6286620c76e34,t,tt,49,82,210,131,161
6286620c76e34,t,tk,79,656,844,735,765
6286620c76e34,k,ka,109,49,234,158,125
6286620c76e34,a,ar,76,322,459,398,383
6286620c76e34,r,rn,61,334,462,395,401
6286620c76e34,n,n.,67,749,900,816,833
6286620c76e34,.,.e,84,284,442,368,358
6286620c76e34,e,ex,74,167,341,241,267
6286620c76e34,x,xp,100,182,391,282,291
6286620c76e34,p,pe,109,188,410,297,301
6286620c76e34,e,er,113,123,354,236,241
6286620c76e34,r,rt,118,89,310,207,192
6286620c76e34,t,tmeta1,103,382,535,485,432
6286620c76e34,meta1,meta1@,50,517,675,567,625
6286620c76e34,@,@normal,108,316,466,424,358
6286620c76e34,normal,normalg,42,1033,1144,1075,1102
6286620c76e34,g,gm,69,290,476,359,407
6286620c76e34,m,ma,117,115,300,232,183
6286620c76e34,a,ai,68,82,209,150,141
6286620c76e34,i,il,59,226,393,285,334
6286620c76e34,l,l.,108,523,724,631,616
6286620c76e34,.,.c,93,226,419,319,326
6286620c76e34,c,co,100,208,390,308,290
6286620c76e34,o,om,82,125,309,207,227
6286620c76e34,m,mw,102,29077,29252,29179,29150
6286620c76e34,w,wi,73,257,438,330,365
6286620c76e34,i,it,108,417,593,525,485
6286620c76e34,t,tt,68,88,226,156,158
6286620c76e34,t,ta,70,82,237,152,167
6286620c76e34,a,ak,85,831,1002,916,917
6286620c76e34,k,ka,86,97,261,183,175
6286620c76e34,a,ar,78,307,469,385,391
6286620c76e34,r,rn,84,176,333,260,249
6286620c76e34,n,n.,73,792,957,865,884
6286620c76e34,.,.e,92,207,375,299,283
6286620c76e34,e,ex,76,148,335,224,259
6286620c76e34,x,xp,111,291,494,402,383
6286620c76e34,p,pe,92,156,350,248,258
6286620c76e34,e,er,102,106,343,208,241
6286620c76e34,r,rt,135,65,311,200,176
6286620c76e34,t,tmeta1,111,276,477,387,366
6286620c76e34,meta1,meta1@,90,365,549,455,459
6286620c76e34,@,@normal,94,141,308,235,214
6286620c76e34,normal,normalg,73,843,1000,916,927
6286620c76e34,g,gm,84,274,483,358,399
6286620c76e34,m,ma,125,116,309,241,184
6286620c76e34,a,ai,68,121,259,189,191
6286620c76e34,i,il,70,122,294,192,224
6286620c76e34,l,l.,102,416,645,518,543
6286620c76e34,.,.c,127,241,436,368,309
6286620c76e34,c,co,68,131,293,199,225
6286620c76e34,o,om,94,121,302,215,208
6286620c76e34,m,mshift,87,54465001,54465178,54465088,54465091
628738751e222,shift,shiftS,90,192,350,282,260
628738751e222,S,Sshift,68,207,357,275,289
628738751e222,shift,shiftu,82,293,451,375,369
628738751e222,u,up,76,240,406,316,330
628738751e222,p,pa,90,77,249,167,159
628738751e222,a,aw,82,97,266,179,184
628738751e222,w,wa,87,149,302,236,215
628738751e222,a,ah,66,124,276,190,210
628738751e222,h,hmeta1,86,1015,1158,1101,1072
628738751e222,meta1,meta10,57,183,316,240,259
628738751e222,0,09,76,114,259,190,183
628738751e222,9,9@,69,167,310,236,241
628738751e222,@,@normal,74,142,307,216,233
628738751e222,normal,normalg,91,1191,1357,1282,1266
628738751e222,g,gm,75,383,540,458,465
628738751e222,m,ma,82,191,357,273,275
628738751e222,a,ai,84,106,267,190,183
628738751e222,i,il,77,175,335,252,258
628738751e222,l,l.,83,183,358,266,275
628738751e222,.,.c,92,217,376,309,284
628738751e222,c,co,67,132,282,199,215
628738751e222,o,om,83,166,317,249,234
628738751e222,m,mshift,68,28525,28690,28593,28622
628738751e222,shift,shiftS,97,225,407,322,310
628738751e222,S,Sshift,85,224,391,309,306
628738751e222,shift,shiftu,82,384,524,466,442
628738751e222,u,up,58,209,349,267,291
628738751e222,p,pw,82,342,523,424,441
628738751e222,w,wa,99,201,374,300,275
628738751e222,a,abksp,74,1312,1480,1386,1406
628738751e222,bksp,bkspbksp,94,699,885,793,791
628738751e222,bksp,bkspa,92,200,385,292,293
628738751e222,a,ae,93,174,341,267,248
628738751e222,e,ebksp,74,436,623,510,549
628738751e222,bksp,bkspw,113,616,813,729,700
628738751e222,w,wa,84,233,401,317,317
628738751e222,a,an,84,257,408,341,324
628738751e222,n,nh,67,275,400,342,333
628738751e222,h,hnormal,58,1674,1823,1732,1765
628738751e222,normal,normalp,91,323,523,414,432
628738751e222,p,pbksp,109,382,576,491,467
628738751e222,bksp,bkspmeta1,85,90,259,175,174
628738751e222,meta1,meta10,84,284,459,368,375
628738751e222,0,09,91,131,299,222,208
628738751e222,9,9@,77,233,394,310,317
628738751e222,@,@normal,84,773,957,857,873
628738751e222,normal,normalg,100,957,1132,1057,1032
628738751e222,g,gm,75,400,550,475,475
628738751e222,m,ma,75,182,350,257,275
628738751e222,a,ai,93,97,276,190,183
628738751e222,i,il,86,266,435,352,349
628738751e222,l,l.,83,234,408,317,325
628738751e222,.,.c,91,250,426,341,335
628738751e222,c,co,85,120,292,205,207
628738751e222,o,om,87,156,319,243,232
628738751e222,m,mshift,76,39606,39764,39682,39688
628738751e222,shift,shiftS,82,267,433,349,351
628738751e222,S,Sshift,84,349,515,433,431
628738751e222,shift,shiftu,82,292,441,374,359
628738751e222,u,up,67,325,474,392,407
628738751e222,p,pa,82,235,399,317,317
628738751e222,a,aw,82,740,923,822,841
628738751e222,w,wa,101,182,359,283,258
628738751e222,a,an,76,242,383,318,307
628738751e222,n,nshift,65,1948,2088,2013,2023
628738751e222,shift,shifth,75,274,416,349,341
628738751e222,h,hmeta1,67,784,937,851,870
628738751e222,meta1,meta10,86,269,448,355,362
628738751e222,0,09,93,133,309,226,216
628738751e222,9,9@,83,218,375,301,292
628738751e222,@,@normal,74,341,490,415,416
628738751e222,normal,normalg,75,626,775,701,700
628738751e222,g,gm,74,400,558,474,484
628738751e222,m,ma,84,247,415,331,331
628738751e222,a,ai,84,150,301,234,217
628738751e222,i,il,67,242,375,309,308
628738751e222,l,l.,66,325,474,391,408
628738751e222,.,.c,83,244,416,327,333
628738751e222,c,co,89,89,247,178,158
628738751e222,o,om,69,190,327,259,258
628738751e222,m,mshift,68,30311,30475,30379,30407
628738751e222,shift,shiftS,96,235,415,331,319
628738751e222,S,Sshift,84,349,515,433,431
628738751e222,shift,shiftu,82,284,450,366,368
628738751e222,u,up,84,315,490,399,406
628738751e222,p,pa,91,309,500,400,409
628738751e222,a,aw,100,248,440,348,340
628738751e222,w,wa,92,275,460,367,368
628738751e222,a,an,93,231,401,324,308
628738751e222,n,nh,77,341,492,418,415
628738751e222,h,hmeta1,74,391,557,465,483
628738751e222,meta1,meta10,92,225,400,317,308
628738751e222,0,09,83,283,433,366,350
628738751e222,9,9@,67,216,366,283,299
628738751e222,@,@normal,83,201,367,284,284
628738751e222,normal,normalg,83,698,856,781,773
628738751e222,g,gm,75,442,593,517,518
628738751e222,m,ma,76,314,475,390,399
628738751e222,a,ai,85,166,326,251,241
628738751e222,i,il,75,225,390,300,315
628738751e222,l,l.,90,275,448,365,358
628738751e222,.,.c,83,234,392,317,309
628738751e222,c,co,75,122,266,197,191
628738751e222,o,om,69,207,352,276,283
628738751e222,m,mshift,76,27021,27187,27097,27111
628738751e222,shift,shiftS,90,250,432,340,342
628738751e222,S,Sshift,92,365,548,457,456
628738751e222,shift,shiftu,91,343,518,434,427
628738751e222,u,up,84,299,468,383,384
628738751e222,p,pa,85,364,539,449,454
628738751e222,a,aw,90,169,348,259,258
628738751e222,w,wa,89,174,349,263,260
628738751e222,a,ah,86,441,600,527,514
628738751e222,h,hmeta1,73,509,664,582,591
628738751e222,meta1,meta10,82,208,375,290,293
628738751e222,0,09,85,241,401,326,316
628738751e222,9,9@,75,199,357,274,282
628738751e222,@,@normal,83,218,392,301,309
628738751e222,normal,normalg,91,732,890,823,799
628738751e222,g,gm,67,334,484,401,417
628738751e222,m,ma,83,231,408,314,325
628738751e222,a,ai,94,80,252,174,158
628738751e222,i,il,78,223,401,301,323
628738751e222,l,l.,100,208,409,308,309
628738751e222,.,.c,101,216,392,317,291
628738751e222,c,co,75,115,274,190,199
628738751e222,o,om,84,158,309,242,225
628738751e222,m,mshift,67,25391,25554,25458,25487
628738751e222,shift,shiftS,96,217,405,313,309
628738751e222,S,Sshift,92,225,399,317,307
628738751e222,shift,shiftu,82,275,441,357,359
628738751e222,u,up,84,324,467,408,383
628738751e222,p,pa,59,241,375,300,316
628738751e222,a,aw,75,210,383,285,308
628738751e222,w,wa,98,140,330,238,232
628738751e222,a,ah,92,467,635,559,543
628738751e222,h,hmeta1,76,533,681,609,605
628738751e222,meta1,meta10,72,217,365,289,293
628738751e222,0,09,76,191,341,267,265
628738751e222,9,9@,74,375,525,449,451
628738751e222,@,@normal,76,241,400,317,324
628738751e222,normal,normalg,83,650,808,733,725
628738751e222,g,gm,75,377,540,452,465
628738751e222,m,ma,88,208,389,296,301
628738751e222,a,ai,93,180,349,273,256
628738751e222,i,il,76,217,376,293,300
628738751e222,l,l.,83,242,408,325,325
628738751e222,.,.c,83,316,475,399,392
628738751e222,c,co,76,132,284,208,208
628738751e222,o,om,76,190,343,266,267
628738751e222,m,mshift,77,25437,25597,25514,25520
628738751e222,shift,shiftS,83,217,384,300,301
628738751e222,S,Sshift,84,307,472,391,388
628738751e222,shift,shiftu,81,368,524,449,443
628738751e222,u,up,75,291,442,366,367
628738751e222,p,pa,76,315,500,391,424
628738751e222,a,aw,109,158,342,267,233
628738751e222,w,wa,75,198,350,273,275
628738751e222,a,ah,77,441,575,518,498
628738751e222,h,h0,57,1192,1331,1249,1274
628738751e222,0,09,82,144,290,226,208
628738751e222,9,9@,64,142,281,206,217
628738751e222,@,@normal,75,149,308,224,233
628738751e222,normal,normalg,84,1265,1416,1349,1332
628738751e222,g,gm,67,340,483,407,416
628738751e222,m,ma,76,198,358,274,282
628738751e222,a,ai,84,192,343,276,259
628738751e222,i,il,67,183,341,250,274
628738751e222,l,l.,91,200,367,291,276
628738751e222,.,.c,76,200,350,276,274
628738751e222,c,co,74,81,223,155,149
628738751e222,o,om,68,158,293,226,225
628738751e222,m,mshift,67,25172,25320,25239,25253
628738751e222,shift,shiftS,81,184,350,265,269
628738751e222,S,Sshift,85,207,384,292,299
628738751e222,shift,shiftu,92,283,441,375,349
628738751e222,u,up,66,274,423,340,357
628738751e222,p,pa,83,150,333,233,250
628738751e222,a,aw,100,131,316,231,216
628738751e222,w,wa,85,131,319,216,234
628738751e222,a,an,103,105,285,208,182
628738751e222,n,nh,77,618,768,695,691
628738751e222,h,hmeta1,73,326,490,399,417
628738751e222,meta1,meta10,91,158,348,249,257
628738751e222,0,09,99,115,282,214,183
628738751e222,9,9@,68,151,293,219,225
628738751e222,@,@g,74,775,908,849,834
628738751e222,g,gm,59,316,450,375,391
628738751e222,m,ma,75,248,416,323,341
628738751e222,a,ai,93,184,350,277,257
628738751e222,i,il,73,208,374,281,301
628738751e222,l,l.,93,233,417,326,324
628738751e222,.,.c,91,225,383,316,292
628738751e222,c,co,67,113,241,180,174
628738751e222,o,om,61,157,302,218,241
628738751e222,m,mshift,84,30601,30765,30685,30681
628738751e222,shift,shiftS,80,193,357,273,277
628738751e222,S,Sshift,84,641,806,725,722
628738751e222,shift,shiftu,81,244,407,325,326
628738751e222,u,up,82,252,425,334,343
628738751e222,p,pa,91,104,305,195,214
628738751e222,a,aw,110,122,318,232,208
628738751e222,w,wa,86,150,319,236,233
628738751e222,a,an,83,258,424,341,341
628738751e222,n,nh,83,919,1074,1002,991
628738751e222,h,hmeta1,72,500,653,572,581
628738751e222,meta1,meta10,81,218,382,299,301
628738751e222,0,09,83,124,275,207,192
628738751e222,9,9@,68,160,301,228,233
628738751e222,@,@normal,73,98,264,171,191
628738751e222,normal,normalg,93,586,759,679,666
628738751e222,g,gm,80,333,487,413,407
628738751e222,m,ma,74,217,392,291,318
628738751e222,a,ai,101,158,325,259,224
628738751e222,i,il,66,192,350,258,284
628738751e222,l,l.,92,183,367,275,275
628738751e222,.,.c,92,225,416,317,324
628738751e222,c,co,99,124,298,223,199
628738751e222,o,om,75,150,300,225,225
628738751e222,m,mshift,75,25863,26017,25938,25942
628738751e222,shift,shiftS,79,252,414,331,335
628738751e222,S,Sshift,83,441,581,524,498
628738751e222,shift,shiftu,57,267,409,324,352
628738751e222,u,up,85,240,409,325,324
628738751e222,p,pa,84,91,275,175,191
628738751e222,a,aw,100,97,300,197,200
628738751e222,w,wa,103,140,327,243,224
628738751e222,a,an,84,1639,1808,1723,1724
628738751e222,n,nh,85,251,408,336,323
628738751e222,h,hmeta1,72,334,480,406,408
628738751e222,meta1,meta10,74,226,374,300,300
628738751e222,0,09,74,142,283,216,209
628738751e222,9,9l,67,499,648,566,581
628738751e222,l,lbksp,82,417,574,499,492
628738751e222,bksp,bksp@,75,500,650,575,575
628738751e222,@,@normal,75,1256,1423,1331,1348
628738751e222,normal,normalg,92,641,809,733,717
628738751e222,g,gm,76,315,475,391,399
628738751e222,m,ma,84,165,342,249,258
628738751e222,a,ai,93,149,309,242,216
628738751e222,i,il,67,190,324,257,257
628738751e222,l,l.,67,209,352,276,285
628738751e222,.,.c,76,182,337,258,261
628738751e222,c,co,79,111,257,190,178
628738751e222,o,om,67,167,301,234,234
628738751e222,m,mc,67,530893616,530893783,530893683,530893716
628f53a3a04f9,c,ca,100,149,359,249,259
628f53a3a04f9,a,ap,110,100,302,210,192
628f53a3a04f9,p,pz,92,240,441,332,349
628f53a3a04f9,z,zo,109,174,368,283,259
628f53a3a04f9,o,oo,85,98,275,183,190
628f53a3a04f9,o,on,92,160,335,252,243
628f53a3a04f9,n,nmeta1,83,1483,1681,1566,1598
628f53a3a04f9,meta1,meta1meta2,115,785,980,900,865
628f53a3a04f9,meta2,meta2_,80,278,450,358,370
628f53a3a04f9,_,_normal,92,591,801,683,709
628f53a3a04f9,normal,normaln,118,356,576,474,458
628f53a3a04f9,n,ni,102,208,402,310,300
628f53a3a04f9,i,il,92,183,375,275,283
628f53a3a04f9,l,lmeta1,100,874,1067,974,967
628f53a3a04f9,meta1,meta1@,93,424,593,517,500
628f53a3a04f9,@,@normal,76,132,333,208,257
628f53a3a04f9,normal,normaly,125,309,509,434,384
628f53a3a04f9,y,ya,75,150,334,225,259
628f53a3a04f9,a,ah,109,191,375,300,266
628f53a3a04f9,h,ho,75,174,350,249,275
628f53a3a04f9,o,oo,101,82,285,183,184
628f53a3a04f9,o,o.,102,207,402,309,300
628f53a3a04f9,.,.c,93,189,401,282,308
628f53a3a04f9,c,co,119,149,343,268,224
628f53a3a04f9,o,om,75,158,310,233,235
628f53a3a04f9,m,mc,77,23268,23417,23345,23340
628f53a3a04f9,c,ca,72,156,355,228,283
628f53a3a04f9,a,ap,127,91,310,218,183
628f53a3a04f9,p,pz,92,207,408,299,316
628f53a3a04f9,z,zo,109,91,294,200,185
628f53a3a04f9,o,oo,94,88,276,182,182
628f53a3a04f9,o,on,94,149,336,243,242
628f53a3a04f9,n,nmeta1,93,316,526,409,433
628f53a3a04f9,meta1,meta1meta2,117,366,583,483,466
628f53a3a04f9,meta2,meta2_,100,222,418,322,318
628f53a3a04f9,_,_normal,96,282,494,378,398
628f53a3a04f9,normal,normaln,116,266,476,382,360
628f53a3a04f9,n,ni,94,183,378,277,284
628f53a3a04f9,i,il,101,148,349,249,248
628f53a3a04f9,l,lmeta1,100,224,459,324,359
628f53a3a04f9,meta1,meta1@,135,324,560,459,425
628f53a3a04f9,@,@normal,101,107,325,208,224
628f53a3a04f9,normal,normaly,117,289,484,406,367
628f53a3a04f9,y,ya,78,158,363,236,285
628f53a3a04f9,a,ah,127,141,351,268,224
628f53a3a04f9,h,ho,83,166,333,249,250
628f53a3a04f9,o,oo,84,81,260,165,176
628f53a3a04f9,o,o.,95,207,402,302,307
628f53a3a04f9,.,.c,100,249,467,349,367
628f53a3a04f9,c,co,118,115,310,233,192
628f53a3a04f9,o,om,77,141,302,218,225
628f53a3a04f9,m,mc,84,21667,21841,21751,21757
628f53a3a04f9,c,ca,90,157,373,247,283
628f53a3a04f9,a,ap,126,100,310,226,184
628f53a3a04f9,p,pz,84,224,425,308,341
628f53a3a04f9,z,zo,117,91,292,208,175
628f53a3a04f9,o,oo,84,98,267,182,183
628f53a3a04f9,o,on,85,133,302,218,217
628f53a3a04f9,n,nmeta1,84,475,675,559,591
628f53a3a04f9,meta1,meta1meta2,116,191,425,307,309
628f53a3a04f9,meta2,meta2_,118,200,410,318,292
628f53a3a04f9,_,_normal,92,292,509,384,417
628f53a3a04f9,normal,normaln,125,272,500,397,375
628f53a3a04f9,n,ni,103,157,360,260,257
628f53a3a04f9,i,il,100,133,333,233,233
628f53a3a04f9,l,lmeta1,100,249,509,349,409
628f53a3a04f9,meta1,meta1@,160,467,719,627,559
628f53a3a04f9,@,@normal,92,116,349,208,257
628f53a3a04f9,normal,normaly,141,241,458,382,317
628f53a3a04f9,y,ya,76,116,327,192,251
628f53a3a04f9,a,ah,135,157,393,292,258
628f53a3a04f9,h,ho,101,148,343,249,242
628f53a3a04f9,o,oo,94,81,268,175,174
628f53a3a04f9,o,o.,93,183,377,276,284
628f53a3a04f9,.,.c,101,232,459,333,358
628f53a3a04f9,c,co,126,91,301,217,175
628f53a3a04f9,o,om,84,116,294,200,210
628f53a3a04f9,m,mc,94,21612,21789,21706,21695
628f53a3a04f9,c,ca,83,669,861,752,778
628f53a3a04f9,a,ap,109,149,350,258,241
628f53a3a04f9,p,pz,92,208,400,300,308
628f53a3a04f9,z,zo,100,84,283,184,183
628f53a3a04f9,o,oo,99,90,283,189,184
628f53a3a04f9,o,on,94,133,319,227,225
628f53a3a04f9,n,nmeta1,92,83,308,175,216
628f53a3a04f9,meta1,meta1meta2,133,241,474,374,341
628f53a3a04f9,meta2,meta2_,100,209,411,309,311
628f53a3a04f9,_,_normal,102,257,475,359,373
628f53a3a04f9,normal,normaln,116,314,533,430,417
628f53a3a04f9,n,ni,103,163,362,266,259
628f53a3a04f9,i,il,96,157,346,253,250
628f53a3a04f9,l,lmeta1,93,195,409,288,316
628f53a3a04f9,meta1,meta1@,121,365,579,486,458
628f53a3a04f9,@,@normal,93,133,336,226,243
628f53a3a04f9,normal,normaly,110,357,559,467,449
628f53a3a04f9,y,ya,92,132,366,224,274
628f53a3a04f9,a,ah,142,225,451,367,309
628f53a3a04f9,h,ho,84,166,343,250,259
628f53a3a04f9,o,oo,93,81,267,174,174
628f53a3a04f9,o,o.,93,216,393,309,300
628f53a3a04f9,.,.c,84,232,436,316,352
628f53a3a04f9,c,co,120,114,318,234,198
628f53a3a04f9,o,om,84,125,292,209,208
628f53a3a04f9,m,mc,83,22209,22358,22292,22275
628f53a3a04f9,c,ca,66,140,324,206,258
628f53a3a04f9,a,ap,118,125,333,243,215
628f53a3a04f9,p,pz,90,193,392,283,302
628f53a3a04f9,z,zo,109,116,316,225,207
628f53a3a04f9,o,oo,91,82,258,173,167
628f53a3a04f9,o,on,85,150,310,235,225
628f53a3a04f9,n,nmeta1,75,125,325,200,250
628f53a3a04f9,meta1,meta1meta2,125,250,491,375,366
628f53a3a04f9,meta2,meta2_,116,192,416,308,300
628f53a3a04f9,_,_normal,108,251,475,359,367
628f53a3a04f9,normal,normaln,116,299,517,415,401
628f53a3a04f9,n,ni,102,174,360,276,258
628f53a3a04f9,i,il,84,132,317,216,233
628f53a3a04f9,l,lmeta1,101,165,384,266,283
628f53a3a04f9,meta1,meta1@,118,359,560,477,442
628f53a3a04f9,@,@normal,83,149,350,232,267
628f53a3a04f9,normal,normaly,118,316,510,434,392
628f53a3a04f9,y,ya,76,140,342,216,266
628f53a3a04f9,a,ah,126,183,402,309,276
628f53a3a04f9,h,ho,93,140,326,233,233
628f53a3a04f9,o,oo,93,81,259,174,166
628f53a3a04f9,o,o.,85,216,393,301,308
628f53a3a04f9,.,.c,92,266,484,358,392
628f53a3a04f9,c,co,126,157,359,283,233
628f53a3a04f9,o,om,76,150,310,226,234
628f53a3a04f9,m,mc,84,21449,21616,21533,21532
628f53a3a04f9,c,ca,83,142,342,225,259
628f53a3a04f9,a,ap,117,124,332,241,215
628f53a3a04f9,p,pz,91,183,408,274,317
628f53a3a04f9,z,zo,134,58,276,192,142
628f53a3a04f9,o,oo,84,106,268,190,184
628f53a3a04f9,o,on,78,173,327,251,249
628f53a3a04f9,n,nmeta1,76,141,334,217,258
628f53a3a04f9,meta1,meta1meta2,117,250,483,367,366
628f53a3a04f9,meta2,meta2_,116,185,409,301,293
628f53a3a04f9,_,_normal,108,250,476,358,368
628f53a3a04f9,normal,normaln,118,288,500,406,382
628f53a3a04f9,n,ni,94,166,336,260,242
628f53a3a04f9,i,il,76,149,317,225,241
628f53a3a04f9,l,lmeta1,92,199,425,291,333
628f53a3a04f9,meta1,meta1@,134,275,493,409,359
628f53a3a04f9,@,@normal,84,182,392,266,308
628f53a3a04f9,normal,normaly,126,366,593,492,467
628f53a3a04f9,y,ya,101,182,401,283,300
628f53a3a04f9,a,ah,118,190,393,308,275
628f53a3a04f9,h,ho,85,149,310,234,225
628f53a3a04f9,o,oo,76,82,250,158,174
628f53a3a04f9,o,o.,92,200,368,292,276
628f53a3a04f9,.,.c,76,189,376,265,300
628f53a3a04f9,c,co,111,98,294,209,183
628f53a3a04f9,o,om,85,116,277,201,192
628f53a3a04f9,m,mc,76,23201,23352,23277,23276
628f53a3a04f9,c,ca,75,172,355,247,280
628f53a3a04f9,a,ap,108,91,283,199,175
628f53a3a04f9,p,pz,84,201,384,285,300
628f53a3a04f9,z,zo,99,100,283,199,184
628f53a3a04f9,o,oo,84,107,267,191,183
628f53a3a04f9,o,on,76,149,310,225,234
628f53a3a04f9,n,nmeta1,85,91,301,176,216
628f53a3a04f9,meta1,meta1meta2,125,224,450,349,325
628f53a3a04f9,meta2,meta2_,101,151,342,252,241
628f53a3a04f9,_,_normal,90,251,482,341,392
628f53a3a04f9,normal,normaln,141,290,499,431,358
628f53a3a04f9,n,ni,68,183,327,251,259
628f53a3a04f9,i,il,76,150,317,226,241
628f53a3a04f9,l,lmeta1,91,158,357,249,266
628f53a3a04f9,meta1,meta1@,108,292,485,400,377
628f53a3a04f9,@,@normal,85,125,333,210,248
628f53a3a04f9,normal,normaly,123,375,574,498,451
628f53a3a04f9,y,ya,76,150,367,226,291
628f53a3a04f9,a,ah,141,192,409,333,268
628f53a3a04f9,h,ho,76,140,318,216,242
628f53a3a04f9,o,oo,102,64,267,166,165
628f53a3a04f9,o,o.,101,176,369,277,268
628f53a3a04f9,.,.c,92,173,391,265,299
628f53a3a04f9,c,co,126,107,310,233,184
628f53a3a04f9,o,om,77,129,285,206,208
628f53a3a04f9,m,mc,79,22457,22629,22536,22550
628f53a3a04f9,c,ca,93,139,366,232,273
628f53a3a04f9,a,ap,134,143,377,277,243
628f53a3a04f9,p,pz,100,190,408,290,308
628f53a3a04f9,z,zo,118,141,343,259,225
628f53a3a04f9,o,oo,84,98,259,182,175
628f53a3a04f9,o,on,77,136,294,213,217
628f53a3a04f9,n,nmeta1,81,490,681,571,600
628f53a3a04f9,meta1,meta1meta2,110,207,442,317,332
628f53a3a04f9,meta2,meta2normal,125,283,525,408,400
628f53a3a04f9,normal,normalmeta1,117,1007,1257,1124,1140
628f53a3a04f9,meta1,meta1-,133,327,543,460,410
628f53a3a04f9,-,-bksp,83,926,1117,1009,1034
628f53a3a04f9,bksp,bkspnormal,108,300,541,408,433
628f53a3a04f9,normal,normalshift,133,332,582,465,449
628f53a3a04f9,shift,shiftmeta1,117,642,867,759,750
628f53a3a04f9,meta1,meta1meta2,108,1025,1234,1133,1126
628f53a3a04f9,meta2,meta2_,101,249,484,350,383
628f53a3a04f9,_,_normal,134,582,826,716,692
628f53a3a04f9,normal,normaln,110,381,585,491,475
628f53a3a04f9,n,ni,94,175,361,269,267
628f53a3a04f9,i,il,92,166,350,258,258
628f53a3a04f9,l,lmeta1,92,1123,1341,1215,1249
628f53a3a04f9,meta1,meta1@,126,383,593,509,467
628f53a3a04f9,@,@normal,84,132,326,216,242
628f53a3a04f9,normal,normaly,110,258,443,368,333
628f53a3a04f9,y,ya,75,166,384,241,309
628f53a3a04f9,a,ah,143,233,459,376,316
628f53a3a04f9,h,ho,83,149,317,232,234
628f53a3a04f9,o,oo,85,99,269,184,184
628f53a3a04f9,o,o.,85,216,377,301,292
628f53a3a04f9,.,.c,76,203,398,279,322
628f53a3a04f9,c,co,119,136,335,255,216
628f53a3a04f9,o,om,80,130,280,210,200
628f53a3a04f9,m,mc,70,21827,21981,21897,21911
628f53a3a04f9,c,ca,84,173,358,257,274
628f53a3a04f9,a,ap,101,150,333,251,232
628f53a3a04f9,p,pz,82,176,375,258,293
628f53a3a04f9,z,zo,117,240,449,357,332
628f53a3a04f9,o,on,92,141,334,233,242
628f53a3a04f9,n,nbksp,101,854,1027,955,926
628f53a3a04f9,bksp,bkspo,72,515,680,587,608
628f53a3a04f9,o,on,93,173,334,266,241
628f53a3a04f9,n,nmeta1,68,526,692,594,624
628f53a3a04f9,meta1,meta1meta2,98,184,383,282,285
628f53a3a04f9,meta2,meta2_,101,169,366,270,265
628f53a3a04f9,_,_normal,96,293,522,389,426
628f53a3a04f9,normal,normaln,133,264,484,397,351
628f53a3a04f9,n,ni,87,166,336,253,249
628f53a3a04f9,i,il,83,150,325,233,242
628f53a3a04f9,l,lmeta1,92,176,400,268,308
628f53a3a04f9,meta1,meta1@,132,274,482,406,350
628f53a3a04f9,@,@normal,76,166,376,242,300
628f53a3a04f9,normal,normaly,134,316,534,450,400
628f53a3a04f9,y,ya,84,140,350,224,266
628f53a3a04f9,a,ah,126,183,386,309,260
628f53a3a04f9,h,ho,77,148,334,225,257
628f53a3a04f9,o,oo,109,90,285,199,176
628f53a3a04f9,o,o.,86,207,377,293,291
628f53a3a04f9,.,.c,84,182,392,266,308
628f53a3a04f9,c,co,126,124,326,250,200
628f53a3a04f9,o,om,76,133,285,209,209
628f53a3a04f9,m,mc,76,20624,20774,20700,20698
628f53a3a04f9,c,ca,74,199,400,273,326
628f53a3a04f9,a,ap,127,107,326,234,199
628f53a3a04f9,p,pz,92,200,409,292,317
628f53a3a04f9,z,zo,117,58,267,175,150
628f53a3a04f9,o,oo,92,90,266,182,174
628f53a3a04f9,o,on,84,134,293,218,209
628f53a3a04f9,n,nmeta1,75,416,609,491,534
628f53a3a04f9,meta1,meta1meta2,118,215,450,333,332
628f53a3a04f9,meta2,meta2_,117,168,392,285,275
628f53a3a04f9,_,_normal,107,234,474,341,367
628f53a3a04f9,normal,normaln,133,431,650,564,517
628f53a3a04f9,n,ni,86,200,361,286,275
628f53a3a04f9,i,il,75,149,315,224,240
628f53a3a04f9,l,lmeta1,91,175,384,266,293
628f53a3a04f9,meta1,meta1@,118,250,452,368,334
628f53a3a04f9,@,@normal,84,166,383,250,299
628f53a3a04f9,normal,normaly,133,316,526,449,393
628f53a3a04f9,y,ya,77,165,386,242,309
628f53a3a04f9,a,ah,144,139,368,283,224
628f53a3a04f9,h,ho,85,148,335,233,250
628f53a3a04f9,o,oo,102,64,260,166,158
628f53a3a04f9,o,oc,94,457,677,551,583
628f53a3a04f9,c,co,126,116,318,242,192
628f53a3a04f9,o,om,76,132,276,208,200
628f53a3a04f9,m,mc,68,-7224,-7082,-7156,-7150
628f53a3a04f9,c,ca,74,199,400,273,326
628f53a3a04f9,a,ap,127,107,326,234,199
628f53a3a04f9,p,pz,92,200,409,292,317
628f53a3a04f9,z,zo,117,58,267,175,150
628f53a3a04f9,o,oo,92,90,266,182,174
628f53a3a04f9,o,on,84,134,293,218,209
628f53a3a04f9,n,nmeta1,75,416,609,491,534
628f53a3a04f9,meta1,meta1meta2,118,215,450,333,332
628f53a3a04f9,meta2,meta2_,117,168,392,285,275
628f53a3a04f9,_,_normal,107,234,474,341,367
628f53a3a04f9,normal,normaln,133,431,650,564,517
628f53a3a04f9,n,ni,86,200,361,286,275
628f53a3a04f9,i,il,75,149,315,224,240
628f53a3a04f9,l,lmeta1,91,175,384,266,293
628f53a3a04f9,meta1,meta1@,118,250,452,368,334
628f53a3a04f9,@,@normal,84,166,383,250,299
628f53a3a04f9,normal,normaly,133,316,526,449,393
628f53a3a04f9,y,ya,77,165,386,242,309
628f53a3a04f9,a,ah,144,139,368,283,224
628f53a3a04f9,h,ho,85,148,335,233,250
628f53a3a04f9,o,oo,102,64,260,166,158
628f53a3a04f9,o,oc,94,457,677,551,583
628f53a3a04f9,c,co,126,116,318,242,192
628f53a3a04f9,o,om,76,132,276,208,200
628f53a3a04f9,m,mk,68,56802112,56802271,56802180,56802203
629032823d046,k,kh,91,158,325,249,234
629032823d046,h,ho,76,83,250,159,174
629032823d046,o,on,91,151,326,242,235
629032823d046,n,ng,84,166,376,250,292
629032823d046,g,gk,126,90,318,216,192
629032823d046,k,kw,102,58,261,160,159
629032823d046,w,wa,101,100,317,201,216
629032823d046,a,an,116,115,325,231,209
629032823d046,n,nmeta1,94,398,576,492,482
629032823d046,meta1,meta1@,84,353,512,437,428
629032823d046,@,@normal,75,174,323,249,248
629032823d046,normal,normalg,74,318,458,392,384
629032823d046,g,gm,66,369,526,435,460
629032823d046,m,ma,91,28,242,119,151
629032823d046,a,ai,123,16,231,139,108
629032823d046,i,il,92,141,309,233,217
629032823d046,l,l.,76,485,619,561,543
629032823d046,.,.c,58,234,400,292,342
629032823d046,c,co,108,55,243,163,135
629032823d046,o,om,80,137,322,217,242
629032823d046,m,mk,105,28424,28637,28529,28532
629032823d046,k,kh,108,117,317,225,209
629032823d046,h,ho,92,19,139,111,47
629032823d046,o,on,28,202,304,230,276
629032823d046,n,ng,74,160,343,234,269
629032823d046,g,gk,109,48,242,157,133
629032823d046,k,kw,85,151,327,236,242
629032823d046,w,wa,91,98,318,189,227
629032823d046,a,an,129,36,260,165,131
629032823d046,n,nmeta1,95,586,771,681,676
629032823d046,meta1,meta1@,90,226,400,316,310
629032823d046,@,@normal,84,123,274,207,190
629032823d046,normal,normalg,67,259,394,326,327
629032823d046,g,gm,68,208,369,276,301
629032823d046,m,ma,93,88,290,181,197
629032823d046,a,ai,109,-9,186,100,77
629032823d046,i,il,86,133,304,219,218
629032823d046,l,l.,85,175,360,260,275
629032823d046,.,.c,100,151,334,251,234
629032823d046,c,co,83,55,200,138,117
629032823d046,o,om,62,122,296,184,234
629032823d046,m,mk,112,24727,24953,24839,24841
629032823d046,k,kh,114,128,325,242,211
629032823d046,h,ho,83,91,250,174,167
629032823d046,o,on,76,124,285,200,209
629032823d046,n,ng,85,100,269,185,184
629032823d046,g,gk,84,37,217,121,133
629032823d046,k,kw,96,65,280,161,184
629032823d046,w,wa,119,124,352,243,233
629032823d046,a,an,109,98,275,207,166
629032823d046,n,nmeta1,68,252,426,320,358
629032823d046,meta1,meta1@,106,335,499,441,393
629032823d046,@,@normal,58,169,298,227,240
629032823d046,normal,normalg,71,302,431,373,360
629032823d046,g,gm,58,311,459,369,401
629032823d046,m,ma,90,73,275,163,185
629032823d046,a,ai,112,18,168,130,56
629032823d046,i,il,38,144,265,182,227
629032823d046,l,l.,83,143,334,226,251
629032823d046,.,.c,108,83,276,191,168
629032823d046,c,co,85,23,192,108,107
629032823d046,o,om,84,116,319,200,235
629032823d046,m,mk,119,41195,41397,41314,41278
629032823d046,k,kh,83,100,276,183,193
629032823d046,h,ho,93,18,164,111,71
629032823d046,o,on,53,127,274,180,221
629032823d046,n,ng,94,207,394,301,300
629032823d046,g,gk,93,131,326,224,233
629032823d046,k,kw,102,180,399,282,297
629032823d046,w,wa,117,102,334,219,217
629032823d046,a,an,115,86,307,201,192
629032823d046,n,nmeta1,106,206,425,312,319
629032823d046,meta1,meta1@,113,276,489,389,376
629032823d046,@,@normal,100,118,308,218,208
629032823d046,normal,normalg,90,334,490,424,400
629032823d046,g,gm,66,311,468,377,402
629032823d046,m,ma,91,80,300,171,209
629032823d046,a,ai,129,114,296,243,167
629032823d046,i,il,53,150,286,203,233
629032823d046,l,l.,83,133,310,216,227
629032823d046,.,.c,94,105,285,199,191
629032823d046,c,co,86,92,261,178,175
629032823d046,o,om,83,118,292,201,209
629032823d046,m,mk,91,25696,25887,25787,25796
629032823d046,k,kh,100,158,351,258,251
629032823d046,h,ho,93,107,284,200,191
629032823d046,o,on,84,166,356,250,272
629032823d046,n,ng,106,161,365,267,259
629032823d046,g,gk,98,85,274,183,176
629032823d046,k,kw,91,261,426,352,335
629032823d046,w,wa,74,143,318,217,244
629032823d046,a,an,101,72,242,173,141
629032823d046,n,nmeta1,69,210,351,279,282
629032823d046,meta1,meta1@,72,318,492,390,420
629032823d046,@,@normal,102,116,301,218,199
629032823d046,normal,normalg,83,316,474,399,391
629032823d046,g,gm,75,303,493,378,418
629032823d046,m,ma,115,67,283,182,168
629032823d046,a,ai,101,31,201,132,100
629032823d046,i,il,69,134,304,203,235
629032823d046,l,l.,101,158,358,259,257
629032823d046,.,.c,99,100,257,199,158
629032823d046,c,co,58,36,175,94,117
629032823d046,o,om,81,125,316,206,235
629032823d046,m,mo,110,1042,1237,1152,1127
629032823d046,o,om,85,123,302,208,217
629032823d046,m,mk,94,25479,25663,25573,25569
629032823d046,k,kh,90,208,399,298,309
629032823d046,h,ho,101,58,234,159,133
629032823d046,o,on,75,150,334,225,259
629032823d046,n,ng,109,84,310,193,201
629032823d046,g,gk,117,16,234,133,117
629032823d046,k,kw,101,216,426,317,325
629032823d046,w,wa,109,116,343,225,234
629032823d046,a,an,118,36,269,154,151
629032823d046,n,nmeta1,115,199,405,314,290
629032823d046,meta1,meta1&,91,259,426,350,335
629032823d046,&,&bksp,76,726,868,802,792
629032823d046,bksp,bksp@,66,185,334,251,268
629032823d046,@,@normal,83,517,699,600,616
629032823d046,normal,normalg,99,359,525,458,426
629032823d046,g,gm,67,311,460,378,393
629032823d046,m,ma,82,55,249,137,167
629032823d046,a,ai,112,81,228,193,116
629032823d046,i,il,35,168,278,203,243
629032823d046,l,l.,75,141,317,216,242
629032823d046,.,.c,101,73,268,174,167
629032823d046,c,co,94,80,236,174,142
629032823d046,o,om,62,130,295,192,233
629032823d046,m,mk,103,25462,25665,25565,25562
629032823d046,k,kh,100,158,370,258,270
629032823d046,h,ho,112,12,182,124,70
629032823d046,o,on,58,149,302,207,244
629032823d046,n,ng,95,107,295,202,200
629032823d046,g,gk,93,13,219,106,126
629032823d046,k,kw,113,65,295,178,182
629032823d046,w,wa,117,92,344,209,227
629032823d046,a,an,135,72,301,207,166
629032823d046,n,nmeta1,94,175,387,269,293
629032823d046,meta1,meta1@,118,224,425,342,307
629032823d046,@,@normal,83,160,350,243,267
629032823d046,normal,normalg,107,885,1050,992,943
629032823d046,g,gm,58,302,460,360,402
629032823d046,m,ma,100,37,242,137,142
629032823d046,a,ai,105,48,195,153,90
629032823d046,i,il,42,160,269,202,227
629032823d046,l,l.,67,150,317,217,250
629032823d046,.,.c,100,89,267,189,167
629032823d046,c,co,78,47,211,125,133
629032823d046,o,om,86,105,295,191,209
629032823d046,m,mk,104,28993,29206,29097,29102
629032823d046,k,kh,109,99,292,208,183
629032823d046,h,ho,84,19,185,103,101
629032823d046,o,on,82,157,306,239,224
629032823d046,n,ng,67,117,269,184,202
629032823d046,g,gk,85,73,225,158,140
629032823d046,k,kw,67,92,261,159,194
629032823d046,w,wa,102,107,334,209,232
629032823d046,a,an,125,75,276,200,151
629032823d046,n,nmeta1,76,226,374,302,298
629032823d046,meta1,meta1@,72,257,417,329,345
629032823d046,@,@normal,88,116,286,204,198
629032823d046,normal,normalg,82,259,400,341,318
629032823d046,g,gm,59,285,434,344,375
629032823d046,m,ma,90,48,233,138,143
629032823d046,a,ai,95,30,169,125,74
629032823d046,i,il,44,160,288,204,244
629032823d046,l,l.,84,122,308,206,224
629032823d046,.,.c,102,98,302,200,200
629032823d046,c,co,102,37,185,139,83
629032823d046,o,om,46,150,280,196,234
629032823d046,m,mk,84,26554,26730,26638,26646
629032823d046,k,kh,92,266,442,358,350
629032823d046,h,ho,84,38,226,122,142
629032823d046,o,on,104,124,312,228,208
629032823d046,n,ng,84,83,261,167,177
629032823d046,g,gk,94,55,244,149,150
629032823d046,k,kw,95,98,295,193,200
629032823d046,w,wa,102,98,311,200,209
629032823d046,a,an,111,34,234,145,123
629032823d046,n,nmeta1,89,1054,1241,1143,1152
629032823d046,meta1,meta1@,98,326,516,424,418
629032823d046,@,@normal,92,123,291,215,199
629032823d046,normal,normalg,76,341,493,417,417
629032823d046,g,gm,76,227,394,303,318
629032823d046,m,ma,91,38,234,129,143
629032823d046,a,ai,105,64,220,169,115
629032823d046,i,il,51,143,277,194,226
629032823d046,l,l.,83,147,317,230,234
629032823d046,.,.c,87,64,246,151,159
629032823d046,c,co,95,81,236,176,141
629032823d046,o,om,60,130,286,190,226
629032823d046,m,mk,96,22622,22810,22718,22714
629032823d046,k,kh,92,91,268,183,176
629032823d046,h,ho,85,16,166,101,81
629032823d046,o,on,65,125,275,190,210
629032823d046,n,ng,85,124,311,209,226
629032823d046,g,gk,102,36,234,138,132
629032823d046,k,kw,96,92,288,188,192
629032823d046,w,wa,100,134,333,234,233
629032823d046,a,an,99,133,308,232,209
629032823d046,n,nmeta1,76,302,459,378,383
629032823d046,meta1,meta1@,81,285,440,366,359
629032823d046,@,@normal,74,82,241,156,167
629032823d046,normal,normalg,85,333,495,418,410
629032823d046,g,gm,77,267,418,344,341
629032823d046,m,ma,74,64,242,138,168
629032823d046,a,ai,104,21,179,125,75
629032823d046,i,il,54,167,280,221,226
629032823d046,l,lm,59,182,334,241,275
629032823d046,m,mbksp,93,1244,1413,1337,1320
629032823d046,bksp,bksp.,76,208,359,284,283
629032823d046,.,.c,75,164,325,239,250
629032823d046,c,co,86,37,209,123,123
629032823d046,o,om,86,98,272,184,186
629032823d046,m,mshift,88,1648689,1648832,1648777,1648744
62903a289da17,shift,shiftC,55,376,489,431,434
62903a289da17,C,CA,58,209,374,267,316
62903a289da17,A,AH,107,55,242,162,135
62903a289da17,H,HN,80,159,314,239,234
62903a289da17,N,NO,75,241,374,316,299
62903a289da17,O,OO,58,90,226,148,168
62903a289da17,O,Obksp,78,939,1111,1017,1033
62903a289da17,bksp,bkspbksp,94,56,228,150,134
62903a289da17,bksp,bkspH,78,1341,1478,1419,1400
62903a289da17,H,HA,59,141,293,200,234
62903a289da17,A,AN,93,1241,1394,1334,1301
62903a289da17,N,NO,60,625,726,685,666
62903a289da17,O,OO,41,124,226,165,185
62903a289da17,O,OT,61,108,244,169,183
62903a289da17,T,TS,75,375,525,450,450
62903a289da17,S,Smeta1,75,926,1075,1001,1000
62903a289da17,meta1,meta1@,74,610,776,684,702
62903a289da17,@,@normal,92,491,658,583,566
62903a289da17,normal,normalshift,75,690,842,765,767
62903a289da17,shift,shiftG,77,409,562,486,485
62903a289da17,G,GM,76,225,409,301,333
62903a289da17,M,MA,108,56,258,164,150
62903a289da17,A,AL,94,257,410,351,316
62903a289da17,L,L.,59,176,327,235,268
62903a289da17,.,.bksp,92,990,1158,1082,1066
62903a289da17,bksp,bkspbksp,76,217,392,293,316
62903a289da17,bksp,bkspI,99,594,785,693,686
62903a289da17,I,IL,92,224,426,316,334
62903a289da17,L,L.,110,206,411,316,301
62903a289da17,.,.C,95,190,378,285,283
62903a289da17,C,CO,93,73,243,166,150
62903a289da17,O,OM,77,173,310,250,233
62903a289da17,M,Mc,60,28322,28498,28382,28438
62903a289da17,c,ch,116,191,382,307,266
62903a289da17,h,hn,75,358,508,433,433
62903a289da17,n,no,75,226,376,301,301
62903a289da17,o,oo,75,124,276,199,201
62903a289da17,o,ot,77,124,310,201,233
62903a289da17,t,ts,109,259,443,368,334
62903a289da17,s,smeta1,75,559,708,634,633
62903a289da17,meta1,meta1@,74,426,592,500,518
62903a289da17,@,@normal,92,225,374,317,282
62903a289da17,normal,normalg,57,543,658,600,601
62903a289da17,g,gm,58,443,627,501,569
62903a289da17,m,ma,126,107,342,233,216
62903a289da17,a,ai,109,74,293,183,184
62903a289da17,i,il,110,157,360,267,250
62903a289da17,l,l.,93,190,377,283,284
62903a289da17,.,.c,94,122,310,216,216
62903a289da17,c,co,94,106,294,200,200
62903a289da17,o,om,94,157,327,251,233
62903a289da17,m,mc,76,24828,25013,24904,24937
62903a289da17,c,ch,109,208,426,317,317
62903a289da17,h,hn,109,424,643,533,534
62903a289da17,n,no,110,225,444,335,334
62903a289da17,o,oo,109,141,360,250,251
62903a289da17,o,ot,110,291,492,401,382
62903a289da17,t,ts,91,159,343,250,252
62903a289da17,s,smeta1,93,641,808,734,715
62903a289da17,meta1,meta1@,74,392,593,466,519
62903a289da17,@,@normal,127,190,426,317,299
62903a289da17,normal,normalg,109,575,743,684,634
62903a289da17,g,gm,59,459,611,518,552
62903a289da17,m,ma,93,107,309,200,216
62903a289da17,a,ai,109,108,310,217,201
62903a289da17,i,il,93,158,343,251,250
62903a289da17,l,l.,92,224,426,316,334
62903a289da17,.,.c,110,106,293,216,183
62903a289da17,c,co,77,90,260,167,183
62903a289da17,o,om,93,140,327,233,234
62903a289da17,m,mc,94,40442,40633,40536,40539
62903a289da17,c,ch,97,192,381,289,284
62903a289da17,h,hn,92,373,542,465,450
62903a289da17,n,na,77,875,1027,952,950
62903a289da17,a,an,75,523,693,598,618
62903a289da17,n,nbksp,95,590,829,685,734
62903a289da17,bksp,bkspa,144,238,476,382,332
62903a289da17,a,an,94,691,862,785,768
62903a289da17,n,no,77,341,477,418,400
62903a289da17,o,oo,59,174,326,233,267
62903a289da17,o,ot,93,141,310,234,217
62903a289da17,t,ts,76,625,777,701,701
62903a289da17,s,smeta1,76,557,691,633,615
62903a289da17,meta1,meta1@,58,460,625,518,567
62903a289da17,@,@normal,107,275,457,382,350
62903a289da17,normal,normalg,75,993,1160,1068,1085
62903a289da17,g,gm,92,458,659,550,567
62903a289da17,m,ma,109,173,409,282,300
62903a289da17,a,ai,127,124,344,251,217
62903a289da17,i,il,93,141,327,234,234
62903a289da17,l,l.,93,240,443,333,350
62903a289da17,.,.c,110,156,360,266,250
62903a289da17,c,co,94,124,310,218,216
62903a289da17,o,om,92,140,294,232,202
62903a289da17,m,mc,62,25823,25994,25885,25932
62903a289da17,c,ch,109,191,392,300,283
62903a289da17,h,ha,92,158,359,250,267
62903a289da17,a,an,109,191,393,300,284
62903a289da17,n,no,93,224,427,317,334
62903a289da17,o,oo,110,139,326,249,216
62903a289da17,o,ot,77,275,461,352,384
62903a289da17,t,tmeta1,109,875,1076,984,967
62903a289da17,meta1,meta1@,92,391,626,483,534
62903a289da17,@,@normal,143,243,493,386,350
62903a289da17,normal,normalbksp,107,526,724,633,617
62903a289da17,bksp,bkspbksp,91,157,342,248,251
62903a289da17,bksp,bksps,94,650,825,744,731
62903a289da17,s,smeta1,81,1326,1500,1407,1419
62903a289da17,meta1,meta1@,93,423,644,516,551
62903a289da17,@,@normal,128,357,578,485,450
62903a289da17,normal,normalg,93,675,826,768,733
62903a289da17,g,gm,58,542,709,600,651
62903a289da17,m,ma,109,207,426,316,317
62903a289da17,a,ai,110,192,394,302,284
62903a289da17,i,il,92,141,342,233,250
62903a289da17,l,l.,109,225,426,334,317
62903a289da17,.,.c,92,157,342,249,250
62903a289da17,c,co,93,141,293,234,200
62903a289da17,o,om,59,174,311,233,252
62903a289da17,m,mc,78,34029,34204,34107,34126
62903a289da17,c,ch,97,141,347,238,250
62903a289da17,h,ha,109,141,359,250,250
62903a289da17,a,an,109,108,309,217,200
62903a289da17,n,no,92,275,476,367,384
62903a289da17,o,oo,109,123,309,232,200
62903a289da17,o,ot,77,275,444,352,367
62903a289da17,t,ts,92,141,326,233,234
62903a289da17,s,smeta1,93,658,826,751,733
62903a289da17,meta1,meta1@,75,426,626,501,551
62903a289da17,@,@normal,125,225,407,350,282
62903a289da17,normal,normalg,57,476,610,533,553
62903a289da17,g,gm,77,374,560,451,483
62903a289da17,m,ma,109,89,309,198,200
62903a289da17,a,ai,111,92,312,203,201
62903a289da17,i,il,109,123,326,232,217
62903a289da17,l,l.,94,190,394,284,300
62903a289da17,.,.c,110,107,327,217,217
62903a289da17,c,co,110,73,293,183,183
62903a289da17,o,om,110,140,310,250,200
62903a289da17,m,mc,60,32885,33037,32945,32977
62903a289da17,c,ch,92,107,276,199,184
62903a289da17,h,hn,77,357,527,434,450
62903a289da17,n,no,93,241,427,334,334
62903a289da17,o,oo,93,106,294,199,201
62903a289da17,o,ot,95,291,427,386,332
62903a289da17,t,ts,41,793,892,834,851
62903a289da17,s,smeta1,58,1676,1775,1734,1717
62903a289da17,meta1,meta1@,41,477,643,518,602
62903a289da17,@,@normal,125,225,425,350,300
62903a289da17,normal,normalg,75,893,1059,968,984
62903a289da17,g,ga,91,376,543,467,452
62903a289da17,a,am,76,274,476,350,400
62903a289da17,m,mm,126,991,1194,1117,1068
62903a289da17,m,ma,77,224,377,301,300
62903a289da17,a,ai,76,58,210,134,134
62903a289da17,i,il,76,157,276,233,200
62903a289da17,l,l.,43,459,610,502,567
62903a289da17,.,.c,108,291,492,399,384
62903a289da17,c,co,93,73,244,166,151
62903a289da17,o,om,78,139,277,217,199
62903a289da17,m,mc,60,28284,28454,28344,28394
62903a289da17,c,ch,110,159,360,269,250
62903a289da17,h,hn,91,392,558,483,467
62903a289da17,n,nbksp,75,2035,2225,2110,2150
62903a289da17,bksp,bkspa,115,727,951,842,836
62903a289da17,a,an,109,357,543,466,434
62903a289da17,n,no,77,208,394,285,317
62903a289da17,o,oo,109,123,310,232,201
62903a289da17,o,ot,78,257,428,335,350
62903a289da17,t,ts,93,109,275,202,182
62903a289da17,s,smeta1,73,1410,1558,1483,1485
62903a289da17,meta1,meta1@,75,577,743,652,668
62903a289da17,@,@normal,91,275,440,366,349
62903a289da17,normal,normalg,74,442,609,516,535
62903a289da17,g,gm,93,375,578,468,485
62903a289da17,m,ma,110,89,293,199,183
62903a289da17,a,ai,94,58,244,152,150
62903a289da17,i,il,92,124,325,216,233
62903a289da17,l,l.,109,192,376,301,267
62903a289da17,.,.c,75,107,276,182,201
62903a289da17,c,co,94,106,293,200,199
62903a289da17,o,om,93,124,294,217,201
62903a289da17,m,mc,77,25048,25201,25125,25124
62903a289da17,c,ch,76,189,342,265,266
62903a289da17,h,ha,77,174,359,251,282
62903a289da17,a,an,108,158,325,266,217
62903a289da17,n,no,59,275,410,334,351
62903a289da17,o,oo,76,123,276,199,200
62903a289da17,o,ot,77,275,427,352,350
62903a289da17,t,ts,75,174,326,249,251
62903a289da17,s,smeta1,77,390,543,467,466
62903a289da17,meta1,meta1@,76,376,561,452,485
62903a289da17,@,@normal,109,225,425,334,316
62903a289da17,normal,normalg,91,459,609,550,518
62903a289da17,g,gm,59,408,592,467,533
62903a289da17,m,ma,125,56,276,181,151
62903a289da17,a,ai,95,74,261,169,166
62903a289da17,i,il,92,142,309,234,217
62903a289da17,l,l.,75,875,1043,950,968
62903a289da17,.,.c,93,173,343,266,250
62903a289da17,c,co,77,107,277,184,200
62903a289da17,o,om,93,139,310,232,217
62903a289da17,m,mc,78,23024,23195,23102,23117
62903a289da17,c,ch,93,173,376,266,283
62903a289da17,h,ha,110,141,360,251,250
62903a289da17,a,an,109,158,376,267,267
62903a289da17,n,no,109,208,376,317,267
62903a289da17,o,oo,59,123,260,182,201
62903a289da17,o,ot,78,258,428,336,350
62903a289da17,t,ts,92,141,326,233,234
62903a289da17,s,smeta1,93,308,493,401,400
62903a289da17,meta1,meta1@,92,342,543,434,451
62903a289da17,@,@normal,109,175,376,284,267
62903a289da17,normal,normalg,92,408,593,500,501
62903a289da17,g,gm,93,358,559,451,466
62903a289da17,m,ma,108,91,275,199,167
62903a289da17,a,ai,76,58,227,134,151
62903a289da17,i,il,93,140,309,233,216
62903a289da17,l,l.,76,192,360,268,284
62903a289da17,.,.c,92,90,275,182,183
62903a289da17,c,co,93,107,260,200,167
62903a289da17,o,om,60,139,277,199,217
62903a289da17,m,mp,78,776089,776273,776167,776195
62903e8a125c5,p,pu,106,185,372,291,266
62903e8a125c5,u,un,81,193,364,274,283
62903e8a125c5,n,nc,90,288,473,378,383
62903e8a125c5,c,ch,95,89,295,184,200
62903e8a125c5,h,ha,111,539,803,650,692
62903e8a125c5,a,an,153,160,420,313,267
62903e8a125c5,n,nn,107,191,400,298,293
62903e8a125c5,n,nk,102,210,402,312,300
62903e8a125c5,k,ku,90,152,331,242,241
62903e8a125c5,u,ul,89,152,331,241,242
62903e8a125c5,l,lshift,90,219,415,309,325
62903e8a125c5,shift,shiftmeta1,106,1029,1198,1135,1092
62903e8a125c5,meta1,meta1@,63,737,907,800,844
62903e8a125c5,@,@normal,107,84,272,191,165
62903e8a125c5,normal,normalg,81,453,608,534,527
62903e8a125c5,g,gm,74,235,408,309,334
62903e8a125c5,m,ma,99,75,281,174,182
62903e8a125c5,a,ai,107,-9,181,98,74
62903e8a125c5,i,il,83,133,301,216,218
62903e8a125c5,l,l.,85,869,1078,954,993
62903e8a125c5,.,.c,124,159,382,283,258
62903e8a125c5,c,co,99,58,240,157,141
62903e8a125c5,o,om,83,141,292,224,209
62903e8a125c5,m,mp,68,33709,33880,33777,33812
62903e8a125c5,p,pu,103,203,405,306,302
62903e8a125c5,u,un,99,185,383,284,284
62903e8a125c5,n,nc,99,159,366,258,267
62903e8a125c5,c,ch,108,134,366,242,258
62903e8a125c5,h,ha,124,794,1058,918,934
62903e8a125c5,a,an,140,29,282,169,142
62903e8a125c5,n,na,113,100,354,213,241
62903e8a125c5,a,an,141,158,392,299,251
62903e8a125c5,n,nk,93,769,977,862,884
62903e8a125c5,k,kl,115,473,681,588,566
62903e8a125c5,l,lmeta1,93,669,868,762,775
62903e8a125c5,meta1,meta1@,106,635,856,741,750
62903e8a125c5,@,@normal,115,49,247,164,132
62903e8a125c5,normal,normalg,83,363,544,446,461
62903e8a125c5,g,gm,98,218,423,316,325
62903e8a125c5,m,ml,107,432,623,539,516
62903e8a125c5,l,l.,84,243,427,327,343
62903e8a125c5,.,.c,100,258,443,358,343
62903e8a125c5,c,co,85,24,194,109,109
62903e8a125c5,o,om,85,165,300,250,215
62903e8a125c5,m,mp,50,25370,25544,25420,25494
62903e8a125c5,p,pu,124,176,408,300,284
62903e8a125c5,u,un,108,142,341,250,233
62903e8a125c5,n,nc,91,126,323,217,232
62903e8a125c5,c,ch,106,74,258,180,152
62903e8a125c5,h,ha,78,267,493,345,415
62903e8a125c5,a,an,148,93,350,241,202
62903e8a125c5,n,nn,109,214,417,323,308
62903e8a125c5,n,nk,94,142,343,236,249
62903e8a125c5,k,ku,107,134,349,241,242
62903e8a125c5,u,ul,108,167,375,275,267
62903e8a125c5,l,lshift,100,535,732,635,632
62903e8a125c5,shift,shiftmeta1,97,571,748,668,651
62903e8a125c5,meta1,meta1@,80,737,924,817,844
62903e8a125c5,@,@normal,107,56,256,163,149
62903e8a125c5,normal,normalg,93,344,527,437,434
62903e8a125c5,g,gm,90,268,473,358,383
62903e8a125c5,m,ma,115,57,291,172,176
62903e8a125c5,a,ai,119,50,252,169,133
62903e8a125c5,i,il,83,151,325,234,242
62903e8a125c5,l,l.,91,218,391,309,300
62903e8a125c5,.,.c,82,99,266,181,184
62903e8a125c5,c,co,85,90,242,175,157
62903e8a125c5,o,om,67,134,276,201,209
62903e8a125c5,m,mp,75,36716,36891,36791,36816
62903e8a125c5,p,pu,100,234,415,334,315
62903e8a125c5,u,un,81,161,324,242,243
62903e8a125c5,n,nc,82,134,291,216,209
62903e8a125c5,c,ch,75,101,275,176,200
62903e8a125c5,h,ha,99,250,474,349,375
62903e8a125c5,a,an,125,99,324,224,199
62903e8a125c5,n,na,100,29,241,129,141
62903e8a125c5,a,an,112,40,221,152,109
62903e8a125c5,n,nk,69,603,769,672,700
62903e8a125c5,k,ku,97,133,347,230,250
62903e8a125c5,u,ul,117,144,359,261,242
62903e8a125c5,l,lmeta1,98,411,580,509,482
62903e8a125c5,meta1,meta1@,71,446,630,517,559
62903e8a125c5,@,@normal,113,59,256,172,143
62903e8a125c5,normal,normalg,84,327,501,411,417
62903e8a125c5,g,gm,90,168,373,258,283
62903e8a125c5,m,ma,115,57,283,172,168
62903e8a125c5,a,ai,111,22,219,133,108
62903e8a125c5,i,il,86,150,328,236,242
62903e8a125c5,l,l.,92,652,884,744,792
62903e8a125c5,.,.c,140,73,290,213,150
62903e8a125c5,c,co,77,91,260,168,183
62903e8a125c5,o,om,92,115,292,207,200
62903e8a125c5,m,mp,85,28838,29039,28923,28954
62903e8a125c5,p,pu,116,208,407,324,291
62903e8a125c5,u,un,83,126,317,209,234
62903e8a125c5,n,nc,108,250,458,358,350
62903e8a125c5,c,ch,100,75,267,175,167
62903e8a125c5,h,ha,92,542,792,634,700
62903e8a125c5,a,an,158,191,457,349,299
62903e8a125c5,n,na,108,28,258,136,150
62903e8a125c5,a,an,122,616,831,738,709
62903e8a125c5,n,nk,93,287,468,380,375
62903e8a125c5,k,ku,88,518,697,606,609
62903e8a125c5,u,ul,91,160,341,251,250
62903e8a125c5,l,lmeta1,90,485,655,575,565
62903e8a125c5,meta1,meta1@,80,454,632,534,552
62903e8a125c5,@,@normal,98,75,265,173,167
62903e8a125c5,normal,normalg,92,335,509,427,417
62903e8a125c5,g,gm,82,319,507,401,425
62903e8a125c5,m,ma,106,90,307,196,201
62903e8a125c5,a,ai,111,38,218,149,107
62903e8a125c5,i,il,69,168,312,237,243
62903e8a125c5,l,l.,75,568,725,643,650
62903e8a125c5,.,.c,82,184,349,266,267
62903e8a125c5,c,co,83,108,267,191,184
62903e8a125c5,o,om,76,141,308,217,232
62903e8a125c5,m,mp,91,36685,36908,36776,36817
62903e8a125c5,p,pu,132,277,499,409,367
62903e8a125c5,u,un,90,186,365,276,275
62903e8a125c5,n,nc,89,193,365,282,276
62903e8a125c5,c,ch,83,134,341,217,258
62903e8a125c5,h,ha,124,268,516,392,392
62903e8a125c5,a,an,124,108,356,232,232
62903e8a125c5,n,na,124,117,366,241,242
62903e8a125c5,a,an,125,184,426,309,301
62903e8a125c5,n,nk,117,235,451,352,334
62903e8a125c5,k,ku,99,233,406,332,307
62903e8a125c5,u,ul,74,219,399,293,325
62903e8a125c5,l,lmeta1,106,247,454,353,348
62903e8a125c5,meta1,meta1@,101,307,511,408,410
62903e8a125c5,@,@normal,103,55,245,158,142
62903e8a125c5,normal,normalg,87,273,462,360,375
62903e8a125c5,g,gm,102,212,411,314,309
62903e8a125c5,m,ma,97,90,306,187,209
62903e8a125c5,a,ai,119,57,261,176,142
62903e8a125c5,i,il,85,131,310,216,225
62903e8a125c5,l,lmeta1,94,742,927,836,833
62903e8a125c5,meta1,meta1.,91,703,859,794,768
62903e8a125c5,.,.normal,65,176,322,241,257
62903e8a125c5,normal,normalc,81,418,583,499,502
62903e8a125c5,c,co,84,85,275,169,191
62903e8a125c5,o,om,106,133,305,239,199
62903e8a125c5,m,mp,66,31980,32170,32046,32104
62903e8a125c5,p,pu,124,192,415,316,291
62903e8a125c5,u,un,99,119,309,218,210
62903e8a125c5,n,nc,91,134,305,225,214
62903e8a125c5,c,ch,80,84,291,164,211
62903e8a125c5,h,ha,127,250,518,377,391
62903e8a125c5,a,an,141,39,291,180,150
62903e8a125c5,n,na,111,-10,219,101,108
62903e8a125c5,a,an,118,56,269,174,151
62903e8a125c5,n,nk,95,168,378,263,283
62903e8a125c5,k,ku,115,292,490,407,375
62903e8a125c5,u,ul,83,91,267,174,184
62903e8a125c5,l,lmeta1,93,1236,1418,1329,1325
62903e8a125c5,meta1,meta1@,89,414,590,503,501
62903e8a125c5,@,@normal,87,83,261,170,174
62903e8a125c5,normal,normalg,91,353,551,444,460
62903e8a125c5,g,gm,107,227,415,334,308
62903e8a125c5,m,ma,81,82,295,163,214
62903e8a125c5,a,ai,132,-16,218,116,86
62903e8a125c5,i,il,102,123,319,225,217
62903e8a125c5,l,l.,94,535,720,629,626
62903e8a125c5,.,.c,91,450,591,541,500
62903e8a125c5,c,co,50,82,224,132,174
62903e8a125c5,o,om,92,159,309,251,217
62903e8a125c5,m,mp,58,28367,28530,28425,28472
62903e8a125c5,p,pu,105,199,396,304,291
62903e8a125c5,u,ub,92,143,333,235,241
62903e8a125c5,b,bc,98,77,266,175,168
62903e8a125c5,c,ch,91,87,291,178,200
62903e8a125c5,h,ha,113,392,621,505,508
62903e8a125c5,a,an,116,217,450,333,334
62903e8a125c5,n,na,117,91,341,208,224
62903e8a125c5,a,an,133,116,342,249,209
62903e8a125c5,n,nk,93,143,334,236,241
62903e8a125c5,k,ku,98,192,381,290,283
62903e8a125c5,u,ul,91,161,341,252,250
62903e8a125c5,l,lmeta1,89,40,231,129,142
62903e8a125c5,meta1,meta1@,102,452,644,554,542
62903e8a125c5,@,@normal,90,66,265,156,175
62903e8a125c5,normal,normalg,109,251,450,360,341
62903e8a125c5,g,gm,90,186,366,276,276
62903e8a125c5,m,ma,90,91,291,181,201
62903e8a125c5,a,ai,110,49,226,159,116
62903e8a125c5,i,il,67,134,292,201,225
62903e8a125c5,l,l.,91,636,800,727,709
62903e8a125c5,.,.c,73,141,307,214,234
62903e8a125c5,c,co,93,91,259,184,166
62903e8a125c5,o,om,75,126,267,201,192
62903e8a125c5,m,mp,66,21817,22015,21883,21949
62903e8a125c5,p,pu,132,194,424,326,292
62903e8a125c5,u,un,98,144,330,242,232
62903e8a125c5,n,nc,88,445,624,533,536
62903e8a125c5,c,ch,91,93,299,184,208
62903e8a125c5,h,ha,115,384,649,499,534
62903e8a125c5,a,an,150,66,324,216,174
62903e8a125c5,n,na,108,28,264,136,156
62903e8a125c5,a,an,128,-10,196,118,68
62903e8a125c5,n,nk,78,479,654,557,576
62903e8a125c5,k,ku,97,217,414,314,317
62903e8a125c5,u,ul,100,160,358,260,258
62903e8a125c5,l,lmeta1,98,153,374,251,276
62903e8a125c5,meta1,meta1@,123,226,447,349,324
62903e8a125c5,@,@normal,98,42,232,140,134
62903e8a125c5,normal,normalg,92,285,477,377,385
62903e8a125c5,g,gm,100,167,349,267,249
62903e8a125c5,m,ma,82,90,275,172,193
62903e8a125c5,a,al,103,257,452,360,349
62903e8a125c5,l,l.,92,310,492,402,400
62903e8a125c5,.,.c,90,65,241,155,151
62903e8a125c5,c,co,86,99,259,185,173
62903e8a125c5,o,om,74,117,268,191,194
62903e8a125c5,m,mp,77,24100,24302,24177,24225
62903e8a125c5,p,pu,125,175,399,300,274
62903e8a125c5,u,un,99,135,332,234,233
62903e8a125c5,n,nc,98,93,291,191,193
62903e8a125c5,c,ch,100,92,283,192,183
62903e8a125c5,h,ha,91,217,448,308,357
62903e8a125c5,a,an,140,101,349,241,209
62903e8a125c5,n,na,108,38,250,146,142
62903e8a125c5,a,an,104,30,236,134,132
62903e8a125c5,n,nk,102,154,353,256,251
62903e8a125c5,k,ku,97,124,339,221,242
62903e8a125c5,u,ul,118,152,351,270,233
62903e8a125c5,l,lmeta1,81,627,832,708,751
62903e8a125c5,meta1,meta1@,124,293,524,417,400
62903e8a125c5,@,@normal,107,58,239,165,132
62903e8a125c5,normal,normalg,74,374,550,448,476
62903e8a125c5,g,gm,102,164,368,266,266
62903e8a125c5,m,ma,102,71,287,173,185
62903e8a125c5,a,ai,114,37,255,151,141
62903e8a125c5,i,il,104,138,346,242,242
62903e8a125c5,l,l.,104,269,455,373,351
62903e8a125c5,.,.c,82,141,299,223,217
62903e8a125c5,c,co,76,91,241,167,165
62903e8a125c5,o,om,74,108,259,182,185
62903e8a125c5,m,mw,77,6501256,6501441,6501333,6501364
6290593ba68a4,w,wi,108,927,1109,1035,1001
6290593ba68a4,i,ij,74,175,341,249,267
6290593ba68a4,j,ja,92,376,560,468,468
6290593ba68a4,a,ak,92,475,660,567,568
6290593ba68a4,k,k.,93,275,493,368,400
6290593ba68a4,.,.s,125,442,659,567,534
6290593ba68a4,s,smeta1,92,1445,1627,1537,1535
6290593ba68a4,meta1,meta1@,90,710,892,800,802
6290593ba68a4,@,@normal,92,392,575,484,483
6290593ba68a4,normal,normalc,91,559,743,650,652
6290593ba68a4,c,cm,93,408,610,501,517
6290593ba68a4,m,mu,109,327,510,436,401
6290593ba68a4,u,u.,74,291,509,365,435
6290593ba68a4,.,.a,144,491,745,635,601
6290593ba68a4,a,ac,110,491,710,601,600
6290593ba68a4,c,c.,109,509,777,618,668
6290593ba68a4,.,.t,159,593,861,752,702
6290593ba68a4,t,th,109,458,660,567,551
6290593ba68a4,h,hw,93,63330,63512,63423,63419
6290593ba68a4,w,wi,89,542,706,631,617
6290593ba68a4,i,ij,75,192,359,267,284
6290593ba68a4,j,ja,92,443,626,535,534
6290593ba68a4,a,ak,91,444,609,535,518
6290593ba68a4,k,k.,74,359,541,433,467
6290593ba68a4,.,.s,108,476,676,584,568
6290593ba68a4,s,smeta1,92,393,592,485,500
6290593ba68a4,meta1,meta1@,107,593,808,700,701
6290593ba68a4,@,@normal,108,377,608,485,500
6290593ba68a4,normal,normalc,123,526,758,649,635
6290593ba68a4,c,cm,109,443,677,552,568
6290593ba68a4,m,mu,125,325,542,450,417
6290593ba68a4,u,u.,92,2121,2346,2213,2254
6290593ba68a4,.,.a,133,592,834,725,701
6290593ba68a4,a,ac,109,375,627,484,518
6290593ba68a4,c,c.,143,541,811,684,668
6290593ba68a4,.,.t,127,409,644,536,517
6290593ba68a4,t,th,108,192,409,300,301
6290593ba68a4,h,hw,109,42627,42827,42736,42718
6290593ba68a4,w,wi,91,676,875,767,784
6290593ba68a4,i,ij,108,242,458,350,350
6290593ba68a4,j,ja,108,309,543,417,435
6290593ba68a4,a,ak,126,526,760,652,634
6290593ba68a4,k,k.,108,275,559,383,451
6290593ba68a4,.,.s,176,409,693,585,517
6290593ba68a4,s,smeta1,108,275,492,383,384
6290593ba68a4,meta1,meta1@,109,542,777,651,668
6290593ba68a4,@,@normal,126,376,610,502,484
6290593ba68a4,normal,normalc,108,441,659,549,551
6290593ba68a4,c,cm,110,375,661,485,551
6290593ba68a4,m,mu,176,258,527,434,351
6290593ba68a4,u,u.,93,440,677,533,584
6290593ba68a4,.,.a,144,524,762,668,618
6290593ba68a4,a,ac,94,441,644,535,550
6290593ba68a4,c,c.,109,508,828,617,719
6290593ba68a4,.,.t,211,576,895,787,684
6290593ba68a4,t,th,108,191,392,299,284
6290593ba68a4,h,hw,93,35353,35552,35446,35459
6290593ba68a4,w,wi,106,593,774,699,668
6290593ba68a4,i,ij,75,208,408,283,333
6290593ba68a4,j,ja,125,392,644,517,519
6290593ba68a4,a,ak,127,525,728,652,601
6290593ba68a4,k,k.,76,275,476,351,400
6290593ba68a4,.,.s,125,409,626,534,501
6290593ba68a4,s,smeta1,92,259,475,351,383
6290593ba68a4,meta1,meta1@,124,944,1160,1068,1036
6290593ba68a4,@,@normal,92,410,592,502,500
6290593ba68a4,normal,normalc,90,559,758,649,668
6290593ba68a4,c,cm,109,392,644,501,535
6290593ba68a4,m,mu,143,341,543,484,400
6290593ba68a4,u,u.,59,392,611,451,552
6290593ba68a4,.,.a,160,524,793,684,633
6290593ba68a4,a,ac,109,425,644,534,535
6290593ba68a4,c,c.,110,541,778,651,668
6290593ba68a4,.,.t,127,476,695,603,568
6290593ba68a4,t,th,92,225,409,317,317
6290593ba68a4,h,hw,92,37489,37689,37581,37597
6290593ba68a4,w,wi,108,625,826,733,718
6290593ba68a4,i,ij,93,225,409,318,316
6290593ba68a4,j,ja,91,492,693,583,602
6290593ba68a4,a,ak,110,508,744,618,634
6290593ba68a4,k,k.,126,1010,1244,1136,1118
6290593ba68a4,.,.s,108,460,659,568,551
6290593ba68a4,s,smeta1,91,509,674,600,583
6290593ba68a4,meta1,meta1normal,74,3081,3229,3155,3155
6290593ba68a4,normal,normalc,74,661,775,735,701
6290593ba68a4,c,cm,40,493,642,533,602
6290593ba68a4,m,mu,109,392,559,501,450
6290593ba68a4,u,u.,58,826,994,884,936
6290593ba68a4,.,.a,110,658,861,768,751
6290593ba68a4,a,ac,93,508,708,601,615
6290593ba68a4,c,c.,107,644,844,751,737
6290593ba68a4,.,.t,93,493,644,586,551
6290593ba68a4,t,th,58,176,342,234,284
6290593ba68a4,h,hw,108,39205,39404,39313,39296
6290593ba68a4,w,wi,91,510,692,601,601
6290593ba68a4,i,ij,91,192,375,283,284
6290593ba68a4,j,ja,92,359,577,451,485
6290593ba68a4,a,ak,126,459,711,585,585
6290593ba68a4,k,k.,126,258,526,384,400
6290593ba68a4,.,.s,142,526,760,668,618
6290593ba68a4,s,smeta1,92,275,459,367,367
6290593ba68a4,meta1,meta1@,92,525,728,617,636
6290593ba68a4,@,@normal,111,375,594,486,483
6290593ba68a4,normal,normalc,108,576,777,684,669
6290593ba68a4,c,cm,93,425,678,518,585
6290593ba68a4,m,mu,160,292,527,452,367
6290593ba68a4,u,u.,75,340,527,415,452
6290593ba68a4,.,.a,112,423,629,535,517
6290593ba68a4,a,ac,94,407,611,501,517
6290593ba68a4,c,c.,110,509,712,619,602
6290593ba68a4,.,.t,93,609,761,702,668
6290593ba68a4,t,th,59,208,360,267,301
6290593ba68a4,h,hw,93,32355,32558,32448,32465
6290593ba68a4,w,wi,110,542,744,652,634
6290593ba68a4,i,ij,92,192,375,284,283
6290593ba68a4,j,jshift,91,260,493,351,402
6290593ba68a4,shift,shiftK,142,425,677,567,535
6290593ba68a4,K,Kbksp,110,1762,1947,1872,1837
6290593ba68a4,bksp,bkspshift,75,758,925,833,850
6290593ba68a4,shift,shifta,92,343,509,435,417
6290593ba68a4,a,ak,74,745,911,819,837
6290593ba68a4,k,k.,92,977,1177,1069,1085
6290593ba68a4,.,.s,108,460,657,568,549
6290593ba68a4,s,smeta1,89,325,525,414,436
6290593ba68a4,meta1,meta1@,111,526,763,637,652
6290593ba68a4,@,@normal,126,425,660,551,534
6290593ba68a4,normal,normalc,109,542,728,651,619
6290593ba68a4,c,cm,77,492,694,569,617
6290593ba68a4,m,mu,125,376,542,501,417
6290593ba68a4,u,u.,41,409,560,450,519
6290593ba68a4,.,.a,110,524,745,634,635
6290593ba68a4,a,ac,111,507,695,618,584
6290593ba68a4,c,ct,77,1211,1380,1288,1303
6290593ba68a4,t,th,92,944,1094,1036,1002
6290593ba68a4,h,hw,58,36116,36281,36174,36223
6290593ba68a4,w,wi,107,760,959,867,852
6290593ba68a4,i,ij,92,175,359,267,267
6290593ba68a4,j,ja,92,359,560,451,468
6290593ba68a4,a,ak,109,509,727,618,618
6290593ba68a4,k,k.,109,342,577,451,468
6290593ba68a4,.,.s,126,442,660,568,534
6290593ba68a4,s,smeta1,92,2899,3097,2991,3005
6290593ba68a4,meta1,meta1@,106,611,807,717,701
6290593ba68a4,@,@normal,90,1295,1492,1385,1402
6290593ba68a4,normal,normalc,107,494,692,601,585
6290593ba68a4,c,cm,91,392,625,483,534
6290593ba68a4,m,mu,142,293,510,435,368
6290593ba68a4,u,u.,75,373,560,448,485
6290593ba68a4,.,.a,112,541,712,653,600
6290593ba68a4,a,ac,59,475,643,534,584
6290593ba68a4,c,c.,109,608,827,717,718
6290593ba68a4,.,.t,110,442,611,552,501
6290593ba68a4,t,th,59,209,359,268,300
6290593ba68a4,h,hw,91,33637,33824,33728,33733
6290593ba68a4,w,wi,96,577,733,673,637
6290593ba68a4,i,ij,60,243,395,303,335
6290593ba68a4,j,ja,92,1296,1478,1388,1386
6290593ba68a4,a,ak,90,794,976,884,886
6290593ba68a4,k,k.,92,292,577,384,485
6290593ba68a4,.,.s,193,593,911,786,718
6290593ba68a4,s,smeta1,125,1262,1795,1387,1670
6290593ba68a4,meta1,meta1@,408,794,1327,1202,919
6290593ba68a4,@,@normal,125,643,825,768,700
6290593ba68a4,normal,normalc,57,493,642,550,585
6290593ba68a4,c,cm,92,477,711,569,619
6290593ba68a4,m,mu,142,276,510,418,368
6290593ba68a4,u,u.,92,407,643,499,551
6290593ba68a4,.,.a,144,508,762,652,618
6290593ba68a4,a,ac,110,508,728,618,618
6290593ba68a4,c,c.,110,608,878,718,768
6290593ba68a4,.,.t,160,543,795,703,635
6290593ba68a4,t,th,92,175,376,267,284
6290593ba68a4,h,hw,109,36400,36599,36509,36490
6290593ba68a4,w,wi,90,545,743,635,653
6290593ba68a4,i,ij,108,176,375,284,267
6290593ba68a4,j,ja,91,393,576,484,485
6290593ba68a4,a,ak,92,743,910,835,818
6290593ba68a4,k,k.,75,275,543,350,468
6290593ba68a4,.,.s,193,543,810,736,617
6290593ba68a4,s,smeta1,74,275,441,349,367
6290593ba68a4,meta1,meta1@,92,527,727,619,635
6290593ba68a4,@,@normal,108,393,625,501,517
6290593ba68a4,normal,normalc,124,627,875,751,751
6290593ba68a4,c,cm,124,576,826,700,702
6290593ba68a4,m,mu,126,308,509,434,383
6290593ba68a4,u,u.,75,358,577,433,502
6290593ba68a4,.,.a,144,542,795,686,651
6290593ba68a4,a,ac,109,441,644,550,535
6290593ba68a4,c,c.,94,658,861,752,767
6290593ba68a4,.,.t,109,509,677,618,568
6290593ba68a4,t,th,59,309,443,368,384
6290593ba68a4,h,hb,75,98558394,98558561,98558469,98558486
