id,single_alphabet,di-graph,Dwell_time,Interval_time,Latency_time,Flight_time,Uptoup_time
5e3640413a40c,t,ti,97,297,467,394,370
5e3640413a40c,i,in,73,365,477,438,404
5e3640413a40c,n,nspace,39,296,402,335,363
5e3640413a40c,space,spacea,67,746,873,813,806
5e3640413a40c,a,an,60,357,472,417,412
5e3640413a40c,n,nu,55,310,422,365,367
5e3640413a40c,u,uc,57,1143,1292,1200,1235
5e3640413a40c,c,ch,92,207,390,299,298
5e3640413a40c,h,ht,91,695,825,786,734
5e3640413a40c,t,tr,39,212,320,251,281
5e3640413a40c,r,ra,69,1094,1223,1163,1154
5e3640413a40c,a,ak,60,909,1059,969,999
5e3640413a40c,k,ko,90,222,387,312,297
5e3640413a40c,o,oo,75,148,291,223,216
5e3640413a40c,o,on,68,246,402,314,334
5e3640413a40c,n,nt,88,43315,43476,43403,43388
5e3640413a40c,t,ti,73,345,489,418,416
5e3640413a40c,i,in,71,278,406,349,335
5e3640413a40c,n,na,57,1331,1455,1388,1398
5e3640413a40c,a,an,67,354,520,421,453
5e3640413a40c,n,nu,99,424,579,523,480
5e3640413a40c,u,uc,56,544,661,600,605
5e3640413a40c,c,ch,61,208,341,269,280
5e3640413a40c,h,ht,72,641,787,713,715
5e3640413a40c,t,tr,74,213,358,287,284
5e3640413a40c,r,ra,71,196,322,267,251
5e3640413a40c,a,ak,55,346,490,401,435
5e3640413a40c,k,ko,89,179,335,268,246
5e3640413a40c,o,oo,67,178,315,245,248
5e3640413a40c,o,on,70,266,426,336,356
5e3640413a40c,n,nt,90,31927,32076,32017,31986
5e3640413a40c,t,ti,59,294,440,353,381
5e3640413a40c,i,in,87,241,402,328,315
5e3640413a40c,n,nspace,74,929,1092,1003,1018
5e3640413a40c,space,spacen,89,726,891,815,802
5e3640413a40c,n,nu,76,242,408,318,332
5e3640413a40c,u,uc,90,278,442,368,352
5e3640413a40c,c,ch,74,204,336,278,262
5e3640413a40c,h,ha,58,664,812,722,754
5e3640413a40c,a,ay,90,274,436,364,346
5e3640413a40c,y,yt,72,1646,1791,1718,1719
5e3640413a40c,t,tr,73,176,323,249,250
5e3640413a40c,r,rk,74,732,895,806,821
5e3640413a40c,k,ko,89,225,352,314,263
5e3640413a40c,o,oo,38,119,236,157,198
5e3640413a40c,o,on,79,344,533,423,454
5e3640413a40c,n,nt,110,39767,39916,39877,39806
5e3640413a40c,t,to,39,273,439,312,400
5e3640413a40c,o,oi,127,1842,2039,1969,1912
5e3640413a40c,i,in,70,338,467,408,397
5e3640413a40c,n,nspace,59,483,645,542,586
5e3640413a40c,space,spacea,103,277,468,380,365
5e3640413a40c,a,an,88,290,487,378,399
5e3640413a40c,n,nu,109,232,411,341,302
5e3640413a40c,u,uc,70,330,454,400,384
5e3640413a40c,c,ch,54,191,321,245,267
5e3640413a40c,h,ha,76,1128,1295,1204,1219
5e3640413a40c,a,at,91,595,767,686,676
5e3640413a40c,t,tr,81,135,314,216,233
5e3640413a40c,r,ra,98,219,415,317,317
5e3640413a40c,a,ak,98,336,515,434,417
5e3640413a40c,k,ko,81,185,349,266,268
5e3640413a40c,o,oo,83,184,364,267,281
5e3640413a40c,o,on,97,636,798,733,701
5e3640413a40c,n,nt,65,38083,38220,38148,38155
5e3640413a40c,t,ti,72,283,409,355,337
5e3640413a40c,i,in,54,259,386,313,332
5e3640413a40c,n,nspace,73,245,407,318,334
5e3640413a40c,space,spacea,89,393,557,482,468
5e3640413a40c,a,an,75,324,491,399,416
5e3640413a40c,n,nu,92,259,421,351,329
5e3640413a40c,u,uc,70,362,525,432,455
5e3640413a40c,c,ch,93,197,386,290,293
5e3640413a40c,h,ha,96,531,701,627,605
5e3640413a40c,a,at,74,294,442,368,368
5e3640413a40c,t,tr,74,228,387,302,313
5e3640413a40c,r,ra,85,263,440,348,355
5e3640413a40c,a,ak,92,341,522,433,430
5e3640413a40c,k,ko,89,229,404,318,315
5e3640413a40c,o,oo,86,145,338,231,252
5e3640413a40c,o,on,107,283,473,390,366
5e3640413a40c,n,nt,83,39448,39601,39531,39518
5e3640413a40c,t,ti,70,300,472,370,402
5e3640413a40c,i,in,102,327,522,429,420
5e3640413a40c,n,nspace,93,607,809,700,716
5e3640413a40c,space,spacea,109,409,605,518,496
5e3640413a40c,a,an,87,394,572,481,485
5e3640413a40c,n,nu,91,279,472,370,381
5e3640413a40c,u,uc,102,365,573,467,471
5e3640413a40c,c,ch,106,177,369,283,263
5e3640413a40c,h,ha,86,1818,1985,1904,1899
5e3640413a40c,a,at,81,346,484,427,403
5e3640413a40c,t,tr,57,162,288,219,231
5e3640413a40c,r,ra,69,230,369,299,300
5e3640413a40c,a,ak,70,381,555,451,485
5e3640413a40c,k,ko,104,174,387,278,283
5e3640413a40c,o,oo,109,112,308,221,199
5e3640413a40c,o,on,87,263,439,350,352
5e3640413a40c,n,nt,89,30545,30708,30634,30619
5e3640413a40c,t,ti,74,313,457,387,383
5e3640413a40c,i,in,70,381,506,451,436
5e3640413a40c,n,nspace,55,256,404,311,349
5e3640413a40c,space,spacea,93,494,676,587,583
5e3640413a40c,a,an,89,360,558,449,469
5e3640413a40c,n,nu,109,242,437,351,328
5e3640413a40c,u,uc,86,382,538,468,452
5e3640413a40c,c,ch,70,230,367,300,297
5e3640413a40c,h,ha,67,405,534,472,467
5e3640413a40c,a,at,62,297,454,359,392
5e3640413a40c,t,tr,95,256,422,351,327
5e3640413a40c,r,ra,71,260,404,331,333
5e3640413a40c,a,ak,73,373,538,446,465
5e3640413a40c,k,ko,92,199,409,291,317
5e3640413a40c,o,oo,118,113,318,231,200
5e3640413a40c,o,ot,87,31202,31357,31289,31270
5e3640413a40c,t,ti,68,264,399,332,331
5e3640413a40c,i,in,67,265,405,332,338
5e3640413a40c,n,nspace,73,212,387,285,314
5e3640413a40c,space,spacea,102,332,472,434,370
5e3640413a40c,a,an,38,327,452,365,414
5e3640413a40c,n,nu,87,228,385,315,298
5e3640413a40c,u,uc,70,339,502,409,432
5e3640413a40c,c,ch,93,166,348,259,255
5e3640413a40c,h,ha,89,274,437,363,348
5e3640413a40c,a,at,74,263,406,337,332
5e3640413a40c,t,tr,69,159,319,228,250
5e3640413a40c,r,ra,91,207,392,298,301
5e3640413a40c,a,ak,94,312,497,406,403
5e3640413a40c,k,ko,91,160,356,251,265
5e3640413a40c,o,oo,105,133,317,238,212
5e3640413a40c,o,on,79,222,380,301,301
5e3640413a40c,n,nt,79,33070,33235,33149,33156
5e3640413a40c,t,ti,86,345,501,431,415
5e3640413a40c,i,in,70,349,487,419,417
5e3640413a40c,n,nspace,68,244,385,312,317
5e3640413a40c,space,spacea,73,464,592,537,519
5e3640413a40c,a,an,55,311,437,366,382
5e3640413a40c,n,nu,71,213,387,284,316
5e3640413a40c,u,uc,103,315,486,418,383
5e3640413a40c,c,ch,68,231,351,299,283
5e3640413a40c,h,ht,52,594,735,646,683
5e3640413a40c,t,tr,89,166,339,255,250
5e3640413a40c,r,ra,84,179,355,263,271
5e3640413a40c,a,ak,92,328,490,420,398
5e3640413a40c,k,ko,70,179,319,249,249
5e3640413a40c,o,oo,70,111,251,181,181
5e3640413a40c,o,on,70,249,406,319,336
5e3640413a40c,n,nt,87,40216,40389,40303,40302
5e3640413a40c,t,ti,86,344,501,430,415
5e3640413a40c,i,in,71,216,354,287,283
5e3640413a40c,n,nspace,67,346,488,413,421
5e3640413a40c,space,spacea,75,293,439,368,364
5e3640413a40c,a,an,71,280,455,351,384
5e3640413a40c,n,nu,104,214,402,318,298
5e3640413a40c,u,uc,84,366,505,450,421
5e3640413a40c,c,ch,55,192,317,247,262
5e3640413a40c,h,ht,70,624,772,694,702
5e3640413a40c,t,tr,78,212,395,290,317
5e3640413a40c,r,ra,105,213,354,318,249
5e3640413a40c,a,ak,36,324,436,360,400
5e3640413a40c,k,ko,76,228,376,304,300
5e3640413a40c,o,oo,72,114,255,186,183
5e3640413a40c,o,on,69,594,705,663,636
5e3640413a40c,n,nt,42,80317,80457,80359,80415
5e36422296180,t,ti,98,416,598,514,500
5e36422296180,i,in,84,1094,1271,1178,1187
5e36422296180,n,nspace,93,619,840,712,747
5e36422296180,space,spacea,128,312,545,440,417
5e36422296180,a,an,105,143,323,248,218
5e36422296180,n,nu,75,294,456,369,381
5e36422296180,u,uc,87,363,503,450,416
5e36422296180,c,ch,53,196,271,249,218
5e36422296180,h,ht,22,493,588,515,566
5e36422296180,t,tr,73,144,273,217,200
5e36422296180,r,ra,56,127,258,183,202
5e36422296180,a,ak,75,227,390,302,315
5e36422296180,k,kp,88,177,356,265,268
5e36422296180,p,po,91,125,289,216,198
5e36422296180,o,obksp,73,2214,2360,2287,2287
5e36422296180,bksp,bkspbksp,73,108,254,181,181
5e36422296180,bksp,bkspo,73,1345,1524,1418,1451
5e36422296180,o,oo,106,108,288,214,182
5e36422296180,o,on,74,278,441,352,367
5e36422296180,n,nbksp,89,2909,3091,2998,3002
5e36422296180,bksp,bkspbksp,93,108,294,201,201
5e36422296180,bksp,bkspbksp,93,106,295,199,202
5e36422296180,bksp,bkspbksp,96,88,277,184,181
5e36422296180,bksp,bkspbksp,93,106,293,199,200
5e36422296180,bksp,bkspbksp,94,107,292,201,198
5e36422296180,bksp,bkspbksp,91,261,424,352,333
5e36422296180,bksp,bkspa,72,614,789,686,717
5e36422296180,a,at,103,294,455,397,352
5e36422296180,t,tr,58,174,323,232,265
5e36422296180,r,rk,91,426,607,517,516
5e36422296180,k,ko,90,210,390,300,300
5e36422296180,o,oo,90,142,309,232,219
5e36422296180,o,on,77,243,408,320,331
5e36422296180,n,nt,88,32083,32242,32171,32154
5e36422296180,t,ti,71,296,421,367,350
5e36422296180,i,in,54,229,354,283,300
5e36422296180,n,nspace,71,195,356,266,285
5e36422296180,space,spacea,90,193,373,283,283
5e36422296180,a,an,90,158,341,248,251
5e36422296180,n,nu,93,345,525,438,432
5e36422296180,u,uc,87,407,588,494,501
5e36422296180,c,ch,94,244,411,338,317
5e36422296180,h,ha,73,210,406,283,333
5e36422296180,a,at,123,226,440,349,317
5e36422296180,t,tr,91,159,323,250,232
5e36422296180,r,ra,73,143,306,216,233
5e36422296180,a,ak,90,178,340,268,250
5e36422296180,k,ko,72,177,340,249,268
5e36422296180,o,oo,91,88,274,179,183
5e36422296180,o,on,95,209,412,304,317
5e36422296180,n,nt,108,29001,29179,29109,29071
5e36422296180,t,ti,70,311,420,381,350
5e36422296180,i,in,39,228,372,267,333
5e36422296180,n,nspace,105,194,388,299,283
5e36422296180,space,spacea,89,245,439,334,350
5e36422296180,a,an,105,143,338,248,233
5e36422296180,n,nu,90,262,424,352,334
5e36422296180,u,uc,72,346,505,418,433
5e36422296180,c,ch,87,160,306,247,219
5e36422296180,h,ht,59,441,558,500,499
5e36422296180,t,tr,58,192,340,250,282
5e36422296180,r,rk,90,378,524,468,434
5e36422296180,k,ko,56,160,305,216,249
5e36422296180,o,oo,89,109,275,198,186
5e36422296180,o,on,77,191,342,268,265
5e36422296180,n,nbksp,74,8163,8325,8237,8251
5e36422296180,bksp,bkspbksp,88,109,288,197,200
5e36422296180,bksp,bkspbksp,91,91,276,182,185
5e36422296180,bksp,bkspbksp,94,124,292,218,198
5e36422296180,bksp,bkspa,74,1060,1175,1134,1101
5e36422296180,a,abksp,41,3394,3524,3435,3483
5e36422296180,bksp,bkspbksp,89,143,323,232,234
5e36422296180,bksp,bkspbksp,91,122,275,213,184
5e36422296180,bksp,bksph,62,1943,2078,2005,2016
5e36422296180,h,ha,73,177,323,250,250
5e36422296180,a,at,73,344,473,417,400
5e36422296180,t,tr,56,159,257,215,201
5e36422296180,r,ra,42,157,291,199,249
5e36422296180,a,ak,92,210,374,302,282
5e36422296180,k,ko,72,211,340,283,268
5e36422296180,o,oo,57,192,323,249,266
5e36422296180,o,on,74,312,458,386,384
5e36422296180,n,nt,72,31367,31493,31439,31421
5e36422296180,t,ti,54,245,387,299,333
5e36422296180,i,in,88,210,422,298,334
5e36422296180,n,nspace,124,142,357,266,233
5e36422296180,space,spacea,91,313,492,404,401
5e36422296180,a,an,88,310,470,398,382
5e36422296180,n,nu,72,229,372,301,300
5e36422296180,u,uc,71,314,458,385,387
5e36422296180,c,ch,73,157,320,230,247
5e36422296180,h,ha,90,294,456,384,366
5e36422296180,a,at,72,295,456,367,384
5e36422296180,t,tr,89,160,322,249,233
5e36422296180,r,ra,73,226,389,299,316
5e36422296180,a,ak,90,313,491,403,401
5e36422296180,k,ko,88,177,373,265,285
5e36422296180,o,oo,108,90,289,198,181
5e36422296180,o,on,91,210,411,301,320
5e36422296180,n,nt,110,31481,31628,31591,31518
5e36422296180,t,ti,37,312,420,349,383
5e36422296180,i,in,71,294,456,365,385
5e36422296180,n,nspace,91,227,423,318,332
5e36422296180,space,spacea,105,329,522,434,417
5e36422296180,a,an,88,344,489,432,401
5e36422296180,n,nu,57,344,489,401,432
5e36422296180,u,uc,88,346,506,434,418
5e36422296180,c,ch,72,159,321,231,249
5e36422296180,h,ha,90,311,474,401,384
5e36422296180,a,ay,73,239,404,312,331
5e36422296180,y,ybksp,92,531,727,623,635
5e36422296180,bksp,bkspt,104,395,623,499,519
5e36422296180,t,tr,124,174,409,298,285
5e36422296180,r,ra,111,190,374,301,263
5e36422296180,a,ak,73,362,523,435,450
5e36422296180,k,ko,88,177,355,265,267
5e36422296180,o,oo,90,108,273,198,183
5e36422296180,o,on,75,228,377,303,302
5e36422296180,n,nt,74,30848,30993,30922,30919
5e36422296180,t,ti,71,279,455,350,384
5e36422296180,i,in,105,228,421,333,316
5e36422296180,n,nspace,88,194,371,282,283
5e36422296180,space,spacea,89,262,441,351,352
5e36422296180,a,an,90,293,473,383,383
5e36422296180,n,nu,90,227,422,317,332
5e36422296180,u,uc,105,996,1189,1101,1084
5e36422296180,c,ch,88,177,339,265,251
5e36422296180,h,ha,74,380,524,454,450
5e36422296180,a,at,70,294,453,364,383
5e36422296180,t,tr,89,176,356,265,267
5e36422296180,r,ra,91,261,422,352,331
5e36422296180,a,ak,70,797,939,867,869
5e36422296180,k,ko,72,211,354,283,282
5e36422296180,o,oo,71,93,255,164,184
5e36422296180,o,on,91,227,426,318,335
5e36422296180,n,nt,108,30016,30193,30124,30085
5e36422296180,t,ti,69,246,371,315,302
5e36422296180,i,in,56,411,554,467,498
5e36422296180,n,nspace,87,680,872,767,785
5e36422296180,space,spacea,105,294,438,399,333
5e36422296180,a,an,39,327,472,366,433
5e36422296180,n,nu,106,262,422,368,316
5e36422296180,u,uc,54,546,671,600,617
5e36422296180,c,ch,71,229,370,300,299
5e36422296180,h,ha,70,342,488,412,418
5e36422296180,a,at,76,293,477,369,401
5e36422296180,t,tr,108,210,390,318,282
5e36422296180,r,ra,72,245,409,317,337
5e36422296180,a,ak,92,359,523,451,431
5e36422296180,k,ko,72,176,357,248,285
5e36422296180,o,oo,109,191,392,300,283
5e36422296180,o,on,92,326,458,418,366
5e36422296180,n,nt,40,30066,30142,30106,30102
5e36422296180,t,ti,36,262,386,298,350
5e36422296180,i,in,88,247,422,335,334
5e36422296180,n,nspace,87,194,354,281,267
5e36422296180,space,spacea,73,328,489,401,416
5e36422296180,a,an,88,311,489,399,401
5e36422296180,n,nu,90,228,406,318,316
5e36422296180,u,uc,88,279,472,367,384
5e36422296180,c,ch,105,177,372,282,267
5e36422296180,h,ha,90,293,456,383,366
5e36422296180,a,at,73,277,440,350,367
5e36422296180,t,tr,90,137,323,227,233
5e36422296180,r,ra,96,228,379,324,283
5e36422296180,a,ak,55,312,440,367,385
5e36422296180,k,ko,73,176,356,249,283
5e36422296180,o,oo,107,124,306,231,199
5e36422296180,o,on,75,228,392,303,317
5e36422296180,n,nt,89,30949,31109,31038,31020
5e36422296180,t,ti,71,246,355,317,284
5e36422296180,i,in,38,208,354,246,316
5e36422296180,n,nspace,108,127,325,235,217
5e36422296180,space,spacea,90,329,457,419,367
5e36422296180,a,an,38,312,440,350,402
5e36422296180,n,nu,90,276,489,366,399
5e36422296180,u,uc,123,344,558,467,435
5e36422296180,c,ch,91,192,373,283,282
5e36422296180,h,ha,90,295,473,385,383
5e36422296180,a,at,88,227,404,315,316
5e36422296180,t,tr,89,144,290,233,201
5e36422296180,r,ra,57,225,356,282,299
5e36422296180,a,ak,74,329,491,403,417
5e36422296180,k,ko,88,143,340,231,252
5e36422296180,o,oo,109,107,324,216,215
5e36422296180,o,on,108,227,408,335,300
5e36422296180,n,nt,73,31550,31710,31623,31637
5e36422296180,t,tspace,87,1029,1188,1116,1101
5e36422296180,space,spacea,72,311,437,383,365
5e36422296180,a,an,54,296,454,350,400
5e36422296180,n,nu,104,229,422,333,318
5e36422296180,u,uc,89,1145,1323,1234,1234
5e36422296180,c,ch,89,210,355,299,266
5e36422296180,h,ha,56,293,405,349,349
5e36422296180,a,at,56,295,442,351,386
5e36422296180,t,tr,91,176,339,267,248
5e36422296180,r,ra,72,211,373,283,301
5e36422296180,a,ak,90,334,506,424,416
5e36422296180,k,ko,82,178,366,260,284
5e36422296180,o,oo,106,108,289,214,183
5e36422296180,o,on,75,261,408,336,333
5e36422296180,n,np,72,182194201,182194374,182194273,182194302
5e390b60a5cd0,p,pa,101,81,341,182,240
5e390b60a5cd0,a,at,159,577,802,736,643
5e390b60a5cd0,t,th,66,847,972,913,906
5e390b60a5cd0,h,ho,59,592,706,651,647
5e390b60a5cd0,o,om,55,412,539,467,484
5e390b60a5cd0,m,mp,72,527,673,599,601
5e390b60a5cd0,p,po,74,146,321,220,247
5e390b60a5cd0,o,on,101,313,483,414,382
5e390b60a5cd0,n,ng,69,298,406,367,337
5e390b60a5cd0,g,gspace,39,1011,1106,1050,1067
5e390b60a5cd0,space,spacem,56,475,637,531,581
5e390b60a5cd0,m,mu,106,265,438,371,332
5e390b60a5cd0,u,ua,67,762,936,829,869
5e390b60a5cd0,a,an,107,1144,1289,1251,1182
5e390b60a5cd0,n,ng,38,248,372,286,334
5e390b60a5cd0,g,gt,86,528,651,614,565
5e390b60a5cd0,t,th,37,381,492,418,455
5e390b60a5cd0,h,ho,74,594,740,668,666
5e390b60a5cd0,o,on,72,410,556,482,484
5e390b60a5cd0,n,ng,74,276,421,350,347
5e390b60a5cd0,g,gp,71,85236,85390,85307,85319
5e390b60a5cd0,p,pa,83,95,268,178,185
5e390b60a5cd0,a,at,90,633,790,723,700
5e390b60a5cd0,t,th,67,496,621,563,554
5e390b60a5cd0,h,ho,58,392,486,450,428
5e390b60a5cd0,o,om,36,282,355,318,319
5e390b60a5cd0,m,mp,37,312,386,349,349
5e390b60a5cd0,p,pi,37,157,252,194,215
5e390b60a5cd0,i,in,58,149,274,207,216
5e390b60a5cd0,n,ng,67,115,269,182,202
5e390b60a5cd0,g,gbksp,87,963,1103,1050,1016
5e390b60a5cd0,bksp,bkspo,53,415,540,468,487
5e390b60a5cd0,o,on,72,227,370,299,298
5e390b60a5cd0,n,ng,71,56,202,127,131
5e390b60a5cd0,g,gspace,75,499,645,574,570
5e390b60a5cd0,space,spacem,71,2049,2155,2120,2084
5e390b60a5cd0,m,mu,35,182,252,217,217
5e390b60a5cd0,u,ua,35,118,246,153,211
5e390b60a5cd0,a,an,93,419,609,512,516
5e390b60a5cd0,n,ng,97,137,299,234,202
5e390b60a5cd0,g,gt,65,146,282,211,217
5e390b60a5cd0,t,th,71,263,391,334,320
5e390b60a5cd0,h,ho,57,212,323,269,266
5e390b60a5cd0,o,on,54,246,385,300,331
5e390b60a5cd0,n,ng,85,38,202,123,117
5e390b60a5cd0,g,gp,79,44269,44431,44348,44352
5e390b60a5cd0,p,pa,83,97,266,180,183
5e390b60a5cd0,a,at,86,453,606,539,520
5e390b60a5cd0,t,th,67,295,433,362,366
5e390b60a5cd0,h,ho,71,266,408,337,337
5e390b60a5cd0,o,om,71,241,339,312,268
5e390b60a5cd0,m,mp,27,192,286,219,259
5e390b60a5cd0,p,po,67,114,236,181,169
5e390b60a5cd0,o,on,55,182,287,237,232
5e390b60a5cd0,n,ng,50,55,200,105,150
5e390b60a5cd0,g,gspace,95,500,652,595,557
5e390b60a5cd0,space,spacem,57,292,420,349,363
5e390b60a5cd0,m,mu,71,162,302,233,231
5e390b60a5cd0,u,ua,69,50,218,119,149
5e390b60a5cd0,a,an,99,69,215,168,116
5e390b60a5cd0,n,ng,47,147,248,194,201
5e390b60a5cd0,g,gt,54,133,222,187,168
5e390b60a5cd0,t,th,35,328,435,363,400
5e390b60a5cd0,h,ho,72,160,286,232,214
5e390b60a5cd0,o,on,54,214,330,268,276
5e390b60a5cd0,n,ng,62,9,169,71,107
5e390b60a5cd0,g,gg,98,1599,1729,1697,1631
5e390b60a5cd0,g,gp,32,43389,43505,43421,43473
5e390b60a5cd0,p,pa,84,79,287,163,203
5e390b60a5cd0,a,at,124,330,521,454,397
5e390b60a5cd0,t,th,67,365,489,432,422
5e390b60a5cd0,h,ho,57,207,318,264,261
5e390b60a5cd0,o,om,54,151,258,205,204
5e390b60a5cd0,m,mp,53,346,468,399,415
5e390b60a5cd0,p,po,69,126,267,195,198
5e390b60a5cd0,o,on,72,125,326,197,254
5e390b60a5cd0,n,ng,129,81,275,210,146
5e390b60a5cd0,g,gspace,65,415,549,480,484
5e390b60a5cd0,space,spacem,69,334,468,403,399
5e390b60a5cd0,m,mu,65,153,263,218,198
5e390b60a5cd0,u,un,45,241,348,286,303
5e390b60a5cd0,n,ng,62,149,279,211,217
5e390b60a5cd0,g,gt,68,127,284,195,216
5e390b60a5cd0,t,th,89,98,238,187,149
5e390b60a5cd0,h,hi,51,149,252,200,201
5e390b60a5cd0,i,in,52,141,256,193,204
5e390b60a5cd0,n,ng,63,49,175,112,112
5e390b60a5cd0,g,gh,63,2163,2298,2226,2235
5e390b60a5cd0,h,ho,72,165,274,237,202
5e390b60a5cd0,o,on,37,177,303,214,266
5e390b60a5cd0,n,ng,89,35,188,124,99
5e390b60a5cd0,g,gbksp,64,4163,4283,4227,4219
5e390b60a5cd0,bksp,bkspbksp,56,132,237,188,181
5e390b60a5cd0,bksp,bkspbksp,49,105,213,154,164
5e390b60a5cd0,bksp,bkspbksp,59,85,193,144,134
5e390b60a5cd0,bksp,bkspbksp,49,122,217,171,168
5e390b60a5cd0,bksp,bkspbksp,46,238,315,284,269
5e390b60a5cd0,bksp,bkspn,31,465,564,496,533
5e390b60a5cd0,n,ng,68,212,333,280,265
5e390b60a5cd0,g,gt,53,1934,2101,1987,2048
5e390b60a5cd0,t,th,114,120,298,234,184
5e390b60a5cd0,h,ho,64,156,298,220,234
5e390b60a5cd0,o,on,78,123,295,201,217
5e390b60a5cd0,n,ng,94,91,259,185,165
5e390b60a5cd0,g,gp,74,39220,39363,39294,39289
5e390b60a5cd0,p,pa,69,712,886,781,817
5e390b60a5cd0,a,at,105,314,503,419,398
5e390b60a5cd0,t,th,84,184,351,268,267
5e390b60a5cd0,h,ho,83,130,301,213,218
5e390b60a5cd0,o,om,88,280,437,368,349
5e390b60a5cd0,m,mp,69,167,319,236,250
5e390b60a5cd0,p,pi,83,168,317,251,234
5e390b60a5cd0,i,in,66,174,333,240,267
5e390b60a5cd0,n,ng,93,19,173,112,80
5e390b60a5cd0,g,gbksp,61,432,549,493,488
5e390b60a5cd0,bksp,bkspbksp,56,111,222,167,166
5e390b60a5cd0,bksp,bkspbksp,55,88,222,143,167
5e390b60a5cd0,bksp,bkspi,79,396,564,475,485
5e390b60a5cd0,i,in,89,262,389,351,300
5e390b60a5cd0,n,ng,38,53,190,91,152
5e390b60a5cd0,g,gbksp,99,290,463,389,364
5e390b60a5cd0,bksp,bkspbksp,74,309,475,383,401
5e390b60a5cd0,bksp,bkspo,92,177,357,269,265
5e390b60a5cd0,o,on,88,109,288,197,200
5e390b60a5cd0,n,ng,91,18,189,109,98
5e390b60a5cd0,g,gspace,80,1627,1767,1707,1687
5e390b60a5cd0,space,spacem,60,1040,1176,1100,1116
5e390b60a5cd0,m,mu,76,226,355,302,279
5e390b60a5cd0,u,ua,53,122,253,175,200
5e390b60a5cd0,a,an,78,514,664,592,586
5e390b60a5cd0,n,ng,72,720,855,792,783
5e390b60a5cd0,g,gt,63,262,383,325,320
5e390b60a5cd0,t,th,58,257,373,315,315
5e390b60a5cd0,h,ho,58,228,355,286,297
5e390b60a5cd0,o,on,69,244,384,313,315
5e390b60a5cd0,n,ng,71,61,206,132,135
5e390b60a5cd0,g,gp,74,59183,59367,59257,59293
5e390b60a5cd0,p,pt,110,758,975,868,865
5e390b60a5cd0,t,th,107,157,336,264,229
5e390b60a5cd0,h,ho,72,86,238,158,166
5e390b60a5cd0,o,om,80,162,315,242,235
5e390b60a5cd0,m,mp,73,226,422,299,349
5e390b60a5cd0,p,po,123,763,956,886,833
5e390b60a5cd0,o,on,70,231,370,301,300
5e390b60a5cd0,n,ng,69,163,303,232,234
5e390b60a5cd0,g,gspace,71,478,622,549,551
5e390b60a5cd0,space,spacem,73,295,441,368,368
5e390b60a5cd0,m,mu,73,178,303,251,230
5e390b60a5cd0,u,un,52,435,520,487,468
5e390b60a5cd0,n,ng,33,193,299,226,266
5e390b60a5cd0,g,gt,73,154,288,227,215
5e390b60a5cd0,t,th,61,129,248,190,187
5e390b60a5cd0,h,ho,58,175,275,233,217
5e390b60a5cd0,o,on,42,194,308,236,266
5e390b60a5cd0,n,ng,72,-14,170,58,98
5e390b60a5cd0,g,gg,112,1062,1264,1174,1152
5e390b60a5cd0,g,gbksp,90,3860,4011,3950,3921
5e390b60a5cd0,bksp,bkspbksp,61,101,223,162,162
5e390b60a5cd0,bksp,bkspbksp,61,110,228,171,167
5e390b60a5cd0,bksp,bkspbksp,57,106,239,163,182
5e390b60a5cd0,bksp,bkspbksp,76,95,226,171,150
5e390b60a5cd0,bksp,bkspbksp,55,112,238,167,183
5e390b60a5cd0,bksp,bkspbksp,71,145,242,216,171
5e390b60a5cd0,bksp,bkspa,26,968,1076,994,1050
5e390b60a5cd0,a,an,82,556,746,638,664
5e390b60a5cd0,n,ng,108,166,339,274,231
5e390b60a5cd0,g,gt,65,130,250,195,185
5e390b60a5cd0,t,th,55,145,256,200,201
5e390b60a5cd0,h,ho,56,197,308,253,252
5e390b60a5cd0,o,on,55,211,319,266,264
5e390b60a5cd0,n,ng,53,55,203,108,150
5e390b60a5cd0,g,gp,95,37467,37634,37562,37539
5e390b60a5cd0,p,pt,72,677,854,749,782
5e390b60a5cd0,t,th,105,159,354,264,249
5e390b60a5cd0,h,ho,90,110,287,200,197
5e390b60a5cd0,o,on,87,180,355,267,268
5e390b60a5cd0,n,nm,88,655,822,743,734
5e390b60a5cd0,m,mp,79,478,645,557,566
5e390b60a5cd0,p,po,88,130,289,218,201
5e390b60a5cd0,o,on,71,193,337,264,266
5e390b60a5cd0,n,ng,73,36,189,109,116
5e390b60a5cd0,g,gspace,80,617,778,697,698
5e390b60a5cd0,space,spacem,81,349,500,430,419
5e390b60a5cd0,m,mu,70,281,424,351,354
5e390b60a5cd0,u,ua,73,227,419,300,346
5e390b60a5cd0,a,an,119,248,420,367,301
5e390b60a5cd0,n,ng,53,197,371,250,318
5e390b60a5cd0,g,gt,121,161,386,282,265
5e390b60a5cd0,t,th,104,165,353,269,249
5e390b60a5cd0,h,ho,84,111,287,195,203
5e390b60a5cd0,o,on,92,194,356,286,264
5e390b60a5cd0,n,ng,70,98,252,168,182
5e390b60a5cd0,g,gp,84,51779,51891,51863,51807
5e390b60a5cd0,p,pa,28,130,225,158,197
5e390b60a5cd0,a,at,67,565,722,632,655
5e390b60a5cd0,t,th,90,191,388,281,298
5e390b60a5cd0,h,ho,107,106,289,213,182
5e390b60a5cd0,o,om,76,148,290,224,214
5e390b60a5cd0,m,mp,66,242,403,308,337
5e390b60a5cd0,p,pi,95,142,292,237,197
5e390b60a5cd0,i,in,55,200,281,255,226
5e390b60a5cd0,n,nh,26,116,217,142,191
5e390b60a5cd0,h,hbksp,75,764,911,839,836
5e390b60a5cd0,bksp,bkspbksp,72,92,222,164,150
5e390b60a5cd0,bksp,bkspbksp,58,129,241,187,183
5e390b60a5cd0,bksp,bkspo,54,526,652,580,598
5e390b60a5cd0,o,on,72,215,357,287,285
5e390b60a5cd0,n,nh,70,73,270,143,200
5e390b60a5cd0,h,hbksp,127,193,412,320,285
5e390b60a5cd0,bksp,bkspg,92,-15,156,77,64
5e390b60a5cd0,g,gg,79,799,963,878,884
5e390b60a5cd0,g,gspace,85,1697,1841,1782,1756
5e390b60a5cd0,space,spacem,59,1166,1245,1225,1186
5e390b60a5cd0,m,mu,20,191,274,211,254
5e390b60a5cd0,u,ua,63,120,283,183,220
5e390b60a5cd0,a,an,100,494,666,594,566
5e390b60a5cd0,n,ng,72,129,289,201,217
5e390b60a5cd0,g,gt,88,130,306,218,218
5e390b60a5cd0,t,th,88,106,272,194,184
5e390b60a5cd0,h,ho,78,89,227,167,149
5e390b60a5cd0,o,on,60,129,245,189,185
5e390b60a5cd0,n,ng,56,67,170,123,114
5e390b60a5cd0,g,gp,47,52184,52275,52231,52228
5e390b60a5cd0,p,p.,44,522,639,566,595
5e390b60a5cd0,.,.s,73,492,657,565,584
5e390b60a5cd0,s,smeta1,92,230,422,322,330
5e390b60a5cd0,meta1,meta13,100,313,516,413,416
5e390b60a5cd0,3,3normal,103,498,688,601,585
5e390b60a5cd0,normal,normalx,87,339,517,426,430
5e390b60a5cd0,x,xy,91,172,310,263,219
5e390b60a5cd0,y,yy,47,131,216,178,169
5e390b60a5cd0,y,ymeta1,38,1193,1320,1231,1282
5e390b60a5cd0,meta1,meta1@,89,780,941,869,852
5e390b60a5cd0,@,@normal,72,231,420,303,348
5e390b60a5cd0,normal,normalg,117,407,587,524,470
5e390b60a5cd0,g,gm,63,379,476,442,413
5e390b60a5cd0,m,ma,34,148,283,182,249
5e390b60a5cd0,a,abksp,101,468,2170,569,2069
5e390b60a5cd0,bksp,bkspp,1601,398,2067,1999,466
5e390b60a5cd0,p,pa,68,20,204,88,136
5e390b60a5cd0,a,aa,116,809,1015,925,899
5e390b60a5cd0,a,at,90,579,772,669,682
5e390b60a5cd0,t,th,103,197,386,300,283
5e390b60a5cd0,h,ho,86,164,320,250,234
5e390b60a5cd0,o,om,70,230,370,300,300
5e390b60a5cd0,m,mp,70,343,502,413,432
5e390b60a5cd0,p,po,89,197,339,286,250
5e390b60a5cd0,o,on,53,267,389,320,336
5e390b60a5cd0,n,ng,69,52,218,121,149
5e390b60a5cd0,g,gspace,97,476,616,573,519
5e390b60a5cd0,space,spacem,43,344,444,387,401
5e390b60a5cd0,m,mu,57,225,334,282,277
5e390b60a5cd0,u,un,52,447,569,499,517
5e390b60a5cd0,n,ng,70,166,306,236,236
5e390b60a5cd0,g,gt,70,144,269,214,199
5e390b60a5cd0,t,th,55,163,288,218,233
5e390b60a5cd0,h,ho,70,144,286,214,216
5e390b60a5cd0,o,on,72,158,308,230,236
5e390b60a5cd0,n,ng,78,36,194,114,116
5e390b60a5cd0,g,gp,80,47662,47858,47742,47778
5e390b60a5cd0,p,pa,116,844,1049,960,933
5e390b60a5cd0,a,at,89,548,738,637,649
5e390b60a5cd0,t,th,101,162,350,263,249
5e390b60a5cd0,h,ho,87,108,272,195,185
5e390b60a5cd0,o,om,77,178,342,255,265
5e390b60a5cd0,m,mp,87,363,522,450,435
5e390b60a5cd0,p,po,72,146,289,218,217
5e390b60a5cd0,o,on,71,230,353,301,282
5e390b60a5cd0,n,ng,52,74,185,126,133
5e390b60a5cd0,g,gspace,59,632,761,691,702
5e390b60a5cd0,space,spacem,70,857,969,927,899
5e390b60a5cd0,m,mu,42,232,341,274,299
5e390b60a5cd0,u,ua,67,377,537,444,470
5e390b60a5cd0,a,an,93,376,543,469,450
5e390b60a5cd0,n,ng,74,362,493,436,419
5e390b60a5cd0,g,gt,57,275,370,332,313
5e390b60a5cd0,t,th,38,694,786,732,748
5e390b60a5cd0,h,ho,54,214,323,268,269
5e390b60a5cd0,o,on,55,227,338,282,283
5e390b60a5cd0,n,ng,56,144,271,200,215
5e390b60a5cd0,g,gc,71,-532887,-532750,-532816,-532821
5e390b84833af,c,cshift,66,1455,1644,1521,1578
5e390b84833af,shift,shiftshift,123,648,843,771,720
5e390b84833af,shift,shiftc,72,591,770,663,698
5e390b84833af,c,ch,107,293,493,400,386
5e390b84833af,h,ha,93,193,391,286,298
5e390b84833af,a,al,105,509,689,614,584
5e390b84833af,l,li,75,162,322,237,247
5e390b84833af,i,it,85,75,269,160,184
5e390b84833af,t,tspace,109,250,458,359,349
5e390b84833af,space,spacep,99,532,718,631,619
5e390b84833af,p,pa,87,163,369,250,282
5e390b84833af,a,at,119,162,371,281,252
5e390b84833af,t,th,90,178,355,268,265
5e390b84833af,h,ho,87,445,623,532,536
5e390b84833af,o,om,91,177,356,268,265
5e390b84833af,m,mk,88,145,322,233,234
5e390b84833af,k,ka,89,142,321,231,232
5e390b84833af,a,as,90,211,390,301,300
5e390b84833af,s,si,89,253,440,342,351
5e390b84833af,i,iw,98,545,730,643,632
5e390b84833af,w,wa,87,176,389,263,302
5e390b84833af,a,at,126,175,359,301,233
5e390b84833af,t,tt,58,89,222,147,164
5e390b84833af,t,ta,75,232,394,307,319
5e390b84833af,a,an,87,309,471,396,384
5e390b84833af,n,na,75,142,307,217,232
5e390b84833af,a,ax,90,59158,59326,59248,59236
5e390b84833af,x,xh,78,228,333,306,255
5e390b84833af,h,ha,27,187,325,214,298
5e390b84833af,a,abksp,111,550,742,661,631
5e390b84833af,bksp,bkspbksp,81,442,600,523,519
5e390b84833af,bksp,bkspc,77,579,726,656,649
5e390b84833af,c,ch,70,729,871,799,801
5e390b84833af,h,ha,72,209,387,281,315
5e390b84833af,a,al,106,646,842,752,736
5e390b84833af,l,li,90,191,353,281,263
5e390b84833af,i,it,72,128,289,200,217
5e390b84833af,t,tmeta1,89,549,723,638,634
5e390b84833af,meta1,meta10,85,523,736,608,651
5e390b84833af,0,01,128,262,493,390,365
5e390b84833af,1,1bksp,103,611,807,714,704
5e390b84833af,bksp,bksp0,93,489,671,582,578
5e390b84833af,0,01,89,167,376,256,287
5e390b84833af,1,1@,120,496,687,616,567
5e390b84833af,@,@normal,71,476,669,547,598
5e390b84833af,normal,normalh,122,395,589,517,467
5e390b84833af,h,ho,72,329,472,401,400
5e390b84833af,o,ot,71,228,372,299,301
5e390b84833af,t,tm,73,278,423,351,350
5e390b84833af,m,ma,72,395,573,467,501
5e390b84833af,a,ai,106,226,453,332,347
5e390b84833af,i,ispace,121,3511,3708,3632,3587
5e390b84833af,space,spacep,76,556,723,632,647
5e390b84833af,p,pa,91,226,409,317,318
5e390b84833af,a,at,92,486,659,578,567
5e390b84833af,t,th,81,179,348,260,267
5e390b84833af,h,ho,88,293,469,381,381
5e390b84833af,o,om,88,198,339,286,251
5e390b84833af,m,mk,53,275,402,328,349
5e390b84833af,k,ka,74,144,310,218,236
5e390b84833af,a,as,92,312,458,404,366
5e390b84833af,s,si,54,132,250,186,196
5e390b84833af,i,iw,64,187,317,251,253
5e390b84833af,w,wa,66,256,435,322,369
5e390b84833af,a,at,113,261,430,374,317
5e390b84833af,t,tt,56,294,389,350,333
5e390b84833af,t,ta,39,274,405,313,366
5e390b84833af,a,an,92,201,355,293,263
5e390b84833af,n,na,62,299,434,361,372
5e390b84833af,a,ac,73,36662,36790,36735,36717
5e390b84833af,c,ch,55,258,391,313,336
5e390b84833af,h,ha,78,184,357,262,279
5e390b84833af,a,al,95,380,580,475,485
5e390b84833af,l,li,105,177,353,282,248
5e390b84833af,i,it,71,160,337,231,266
5e390b84833af,t,tspace,106,430,592,536,486
5e390b84833af,space,spacep,56,495,639,551,583
5e390b84833af,p,pa,88,210,421,298,333
5e390b84833af,a,at,123,377,573,500,450
5e390b84833af,t,th,73,578,722,651,649
5e390b84833af,h,ho,71,261,406,332,335
5e390b84833af,o,om,74,264,376,338,302
5e390b84833af,m,mk,38,242,351,280,313
5e390b84833af,k,ka,71,315,506,386,435
5e390b84833af,a,as,120,345,536,465,416
5e390b84833af,s,si,71,546,687,617,616
5e390b84833af,i,iw,70,658,821,728,751
5e390b84833af,w,wa,93,230,409,323,316
5e390b84833af,a,at,86,226,384,312,298
5e390b84833af,t,tt,72,181,323,253,251
5e390b84833af,t,ta,70,264,453,334,383
5e390b84833af,a,an,119,431,611,550,492
5e390b84833af,n,na,61,371,508,432,447
5e390b84833af,a,ac,76,33376,33492,33452,33416
5e390b84833af,c,ch,40,241,372,281,332
5e390b84833af,h,ha,91,178,377,269,286
5e390b84833af,a,al,108,32,221,140,113
5e390b84833af,l,li,81,560,699,641,618
5e390b84833af,i,it,58,129,257,187,199
5e390b84833af,t,tspace,70,763,905,833,835
5e390b84833af,space,spacep,72,357,503,429,431
5e390b84833af,p,pa,74,146,327,220,253
5e390b84833af,a,at,107,244,422,351,315
5e390b84833af,t,th,71,222,355,293,284
5e390b84833af,h,ho,62,250,391,312,329
5e390b84833af,o,om,79,187,331,266,252
5e390b84833af,m,mk,65,172,318,237,253
5e390b84833af,k,ka,81,138,315,219,234
5e390b84833af,a,as,96,208,393,304,297
5e390b84833af,s,si,89,243,406,332,317
5e390b84833af,i,iw,74,124,290,198,216
5e390b84833af,w,wa,92,184,359,276,267
5e390b84833af,a,at,83,189,368,272,285
5e390b84833af,t,tt,96,90,230,186,134
5e390b84833af,t,ta,44,243,361,287,317
5e390b84833af,a,an,74,175,306,249,232
5e390b84833af,n,na,57,193,342,250,285
5e390b84833af,a,ac,92,35064,35227,35156,35135
5e390b84833af,c,ch,71,246,368,317,297
5e390b84833af,h,ha,51,163,301,214,250
5e390b84833af,a,al,87,142,320,229,233
5e390b84833af,l,li,91,330,492,421,401
5e390b84833af,i,it,71,129,271,200,200
5e390b84833af,t,tspace,71,511,660,582,589
5e390b84833af,space,spacep,78,591,756,669,678
5e390b84833af,p,pa,87,148,338,235,251
5e390b84833af,a,at,103,272,487,375,384
5e390b84833af,t,th,112,513,680,625,568
5e390b84833af,h,ho,55,238,370,293,315
5e390b84833af,o,om,77,223,377,300,300
5e390b84833af,m,mk,77,244,392,321,315
5e390b84833af,k,ka,71,179,356,250,285
5e390b84833af,a,as,106,212,406,318,300
5e390b84833af,s,si,88,162,338,250,250
5e390b84833af,i,iw,88,156,320,244,232
5e390b84833af,w,wt,76,497,626,573,550
5e390b84833af,t,tt,53,106,206,159,153
5e390b84833af,t,ta,47,258,395,305,348
5e390b84833af,a,an,90,254,423,344,333
5e390b84833af,n,na,79,102,297,181,218
5e390b84833af,a,ac,116,29107,29318,29223,29202
5e390b84833af,c,ch,95,164,311,259,216
5e390b84833af,h,hl,52,336,501,388,449
5e390b84833af,l,li,113,230,413,343,300
5e390b84833af,i,it,70,131,270,201,200
5e390b84833af,t,tspace,69,297,457,366,388
5e390b84833af,space,spacebksp,91,1174,1356,1265,1265
5e390b84833af,bksp,bkspa,91,1278,1444,1369,1353
5e390b84833af,a,al,75,405,569,480,494
5e390b84833af,l,li,89,380,555,469,466
5e390b84833af,i,it,86,314,437,400,351
5e390b84833af,t,tspace,37,463,624,500,587
5e390b84833af,space,spacep,124,558,786,682,662
5e390b84833af,p,pa,104,227,440,331,336
5e390b84833af,a,at,109,239,424,348,315
5e390b84833af,t,th,76,163,326,239,250
5e390b84833af,h,ho,87,266,438,353,351
5e390b84833af,o,om,85,544,701,629,616
5e390b84833af,m,mk,72,928,1077,1000,1005
5e390b84833af,k,ka,77,273,442,350,365
5e390b84833af,a,as,92,308,492,400,400
5e390b84833af,s,si,92,293,455,385,363
5e390b84833af,i,iw,70,332,490,402,420
5e390b84833af,w,wa,88,224,421,312,333
5e390b84833af,a,at,109,279,458,388,349
5e390b84833af,t,tt,70,344,452,414,382
5e390b84833af,t,ta,38,279,423,317,385
5e390b84833af,a,an,106,776,956,882,850
5e390b84833af,n,na,74,244,424,318,350
5e390b84833af,a,ac,106,30614,30789,30720,30683
5e390b84833af,c,ch,69,163,287,232,218
5e390b84833af,h,hl,55,402,555,457,500
5e390b84833af,l,li,98,245,413,343,315
5e390b84833af,i,il,70,1564,1722,1634,1652
5e390b84833af,l,li,88,409,572,497,484
5e390b84833af,i,it,75,302,473,377,398
5e390b84833af,t,tspace,96,514,698,610,602
5e390b84833af,space,spacep,88,466,668,554,580
5e390b84833af,p,pa,114,238,501,352,387
5e390b84833af,a,at,149,356,547,505,398
5e390b84833af,t,th,42,487,591,529,549
5e390b84833af,h,ho,62,280,416,342,354
5e390b84833af,o,om,74,276,425,350,351
5e390b84833af,m,mk,75,275,388,350,313
5e390b84833af,k,ka,38,261,393,299,355
5e390b84833af,a,as,94,189,388,283,294
5e390b84833af,s,si,105,476,656,581,551
5e390b84833af,i,iw,75,262,412,337,337
5e390b84833af,w,wa,75,224,405,299,330
5e390b84833af,a,at,106,229,405,335,299
5e390b84833af,t,tt,70,313,440,383,370
5e390b84833af,t,ta,57,257,407,314,350
5e390b84833af,a,an,93,291,442,384,349
5e390b84833af,n,na,58,394,527,452,469
5e390b84833af,a,ac,75,38698,38856,38773,38781
5e390b84833af,c,ch,83,161,334,244,251
5e390b84833af,h,hl,90,945,1124,1035,1034
5e390b84833af,l,li,89,280,440,369,351
5e390b84833af,i,it,71,143,302,214,231
5e390b84833af,t,tspace,88,211,374,299,286
5e390b84833af,space,spacep,75,395,574,470,499
5e390b84833af,p,pa,104,130,355,234,251
5e390b84833af,a,at,121,461,668,582,547
5e390b84833af,t,th,86,191,371,277,285
5e390b84833af,h,ho,94,179,360,273,266
5e390b84833af,o,om,87,228,386,315,299
5e390b84833af,m,mk,71,847,992,918,921
5e390b84833af,k,ka,74,175,338,249,264
5e390b84833af,a,as,89,367,554,456,465
5e390b84833af,s,si,98,246,400,344,302
5e390b84833af,i,iw,56,144,273,200,217
5e390b84833af,w,wt,73,477,622,550,549
5e390b84833af,t,tt,72,146,273,218,201
5e390b84833af,t,ta,55,227,387,282,332
5e390b84833af,a,an,105,163,337,268,232
5e390b84833af,n,na,69,144,322,213,253
5e390b84833af,a,ac,109,36512,36711,36621,36602
5e390b84833af,c,ch,90,228,373,318,283
5e390b84833af,h,ha,55,183,334,238,279
5e390b84833af,a,al,96,153,332,249,236
5e390b84833af,l,li,83,441,591,524,508
5e390b84833af,i,it,67,133,293,200,226
5e390b84833af,t,tspace,93,245,432,338,339
5e390b84833af,space,spacep,94,393,556,487,462
5e390b84833af,p,pa,69,194,370,263,301
5e390b84833af,a,at,107,294,474,401,367
5e390b84833af,t,th,73,461,590,534,517
5e390b84833af,h,ho,56,210,336,266,280
5e390b84833af,o,om,70,198,354,268,284
5e390b84833af,m,mk,86,228,386,314,300
5e390b84833af,k,ka,72,145,307,217,235
5e390b84833af,a,as,90,280,456,370,366
5e390b84833af,s,si,86,212,370,298,284
5e390b84833af,i,iw,72,174,320,246,248
5e390b84833af,w,wa,74,162,342,236,268
5e390b84833af,a,at,106,245,407,351,301
5e390b84833af,t,tt,56,211,322,267,266
5e390b84833af,t,tn,55,828,977,883,922
5e390b84833af,n,na,94,255,458,349,364
5e390b84833af,a,ac,109,29425,29574,29534,29465
5e390b84833af,c,ch,40,278,393,318,353
5e390b84833af,h,hi,75,1181,1319,1256,1244
5e390b84833af,i,it,63,170,313,233,250
5e390b84833af,t,tspace,80,231,366,311,286
5e390b84833af,space,spacep,55,351,504,406,449
5e390b84833af,p,pa,98,235,448,333,350
5e390b84833af,a,at,115,682,868,797,753
5e390b84833af,t,th,71,279,437,350,366
5e390b84833af,h,ho,87,1545,1722,1632,1635
5e390b84833af,o,om,90,237,421,327,331
5e390b84833af,m,mk,94,297,480,391,386
5e390b84833af,k,ka,89,2074,2258,2163,2169
5e390b84833af,a,as,95,308,498,403,403
5e390b84833af,s,si,95,472,638,567,543
5e390b84833af,i,iw,71,178,322,249,251
5e390b84833af,w,wa,73,176,371,249,298
5e390b84833af,a,at,122,397,576,519,454
5e390b84833af,t,tt,57,192,321,249,264
5e390b84833af,t,ta,72,310,473,382,401
5e390b84833af,a,an,91,245,407,336,316
5e390b84833af,n,na,71,193,356,264,285
5e390b84833af,a,ak,92,-420371,-420165,-420279,-420257
5e390b90d6e7f,k,ka,114,925,1167,1039,1053
5e390b90d6e7f,a,an,128,290,523,418,395
5e390b90d6e7f,n,nt,105,731,891,836,786
5e390b90d6e7f,t,ti,55,424,554,479,499
5e390b90d6e7f,i,ik,75,1134,1289,1209,1214
5e390b90d6e7f,k,ka,80,86,247,166,167
5e390b90d6e7f,a,aspace,81,753,874,834,793
5e390b90d6e7f,space,spaces,40,873,1018,913,978
5e390b90d6e7f,s,so,105,564,770,669,665
5e390b90d6e7f,o,oi,101,160,317,261,216
5e390b90d6e7f,i,ip,56,564,690,620,634
5e390b90d6e7f,p,pe,70,415,586,485,516
5e390b90d6e7f,e,et,101,181,367,282,266
5e390b90d6e7f,t,tc,85,330,522,415,437
5e390b90d6e7f,c,ch,107,160,352,267,245
5e390b90d6e7f,h,ha,85,182,372,267,287
5e390b90d6e7f,a,ao,105,996,1172,1101,1067
5e390b90d6e7f,o,oo,71,97,195,168,124
5e390b90d6e7f,o,on,27,923,1018,950,991
5e390b90d6e7f,n,nk,68,70040,70187,70108,70119
5e390b90d6e7f,k,ka,79,152,328,231,249
5e390b90d6e7f,a,an,97,1273,1432,1370,1335
5e390b90d6e7f,n,nt,62,269,410,331,348
5e390b90d6e7f,t,ti,79,189,331,268,252
5e390b90d6e7f,i,ik,63,137,279,200,216
5e390b90d6e7f,k,ka,79,53,228,132,149
5e390b90d6e7f,a,aspace,96,154,313,250,217
5e390b90d6e7f,space,spaces,63,573,729,636,666
5e390b90d6e7f,s,so,93,56,230,149,137
5e390b90d6e7f,o,oi,81,134,281,215,200
5e390b90d6e7f,i,ip,66,152,279,218,213
5e390b90d6e7f,p,pe,61,472,646,533,585
5e390b90d6e7f,e,et,113,104,313,217,200
5e390b90d6e7f,t,tc,96,220,411,316,315
5e390b90d6e7f,c,ch,95,156,346,251,251
5e390b90d6e7f,h,ha,95,87,263,182,168
5e390b90d6e7f,a,ak,81,253,429,334,348
5e390b90d6e7f,k,kk,95,54,228,149,133
5e390b90d6e7f,k,ko,79,1173,1316,1252,1237
5e390b90d6e7f,o,oo,64,52,180,116,116
5e390b90d6e7f,o,ok,64,61483,61617,61547,61553
5e390b90d6e7f,k,ka,70,117,273,187,203
5e390b90d6e7f,a,an,86,36,184,122,98
5e390b90d6e7f,n,nt,62,296,395,358,333
5e390b90d6e7f,t,ti,37,895,988,932,951
5e390b90d6e7f,i,ik,56,780,890,836,834
5e390b90d6e7f,k,kq,54,90,252,144,198
5e390b90d6e7f,q,qspace,108,267,443,375,335
5e390b90d6e7f,space,spacebksp,68,314,452,382,384
5e390b90d6e7f,bksp,bkspa,70,1348,1537,1418,1467
5e390b90d6e7f,a,aspace,119,180,351,299,232
5e390b90d6e7f,space,spaces,52,831,970,883,918
5e390b90d6e7f,s,so,87,73,251,160,164
5e390b90d6e7f,o,oi,91,130,258,221,167
5e390b90d6e7f,i,ip,37,158,255,195,218
5e390b90d6e7f,p,pe,60,483,608,543,548
5e390b90d6e7f,e,et,65,234,368,299,303
5e390b90d6e7f,t,tc,69,613,735,682,666
5e390b90d6e7f,c,ch,53,193,300,246,247
5e390b90d6e7f,h,ha,54,251,406,305,352
5e390b90d6e7f,a,ak,101,486,649,587,548
5e390b90d6e7f,k,ko,62,139,251,201,189
5e390b90d6e7f,o,on,50,712,811,762,761
5e390b90d6e7f,n,nk,49,44882,45021,44931,44972
5e390b90d6e7f,k,ka,90,178,338,268,248
5e390b90d6e7f,a,an,70,448,606,518,536
5e390b90d6e7f,n,nt,88,175,319,263,231
5e390b90d6e7f,t,ti,56,162,273,218,217
5e390b90d6e7f,i,ij,55,215,301,270,246
5e390b90d6e7f,j,jk,31,1036,1136,1067,1105
5e390b90d6e7f,k,ka,69,94,236,163,167
5e390b90d6e7f,a,aspace,73,159,273,232,200
5e390b90d6e7f,space,spaces,41,477,591,518,550
5e390b90d6e7f,s,so,73,77,239,150,166
5e390b90d6e7f,o,oi,89,155,303,244,214
5e390b90d6e7f,i,ip,59,138,243,197,184
5e390b90d6e7f,p,pe,46,499,600,545,554
5e390b90d6e7f,e,et,55,159,270,214,215
5e390b90d6e7f,t,tc,56,512,657,568,601
5e390b90d6e7f,c,ch,89,193,355,282,266
5e390b90d6e7f,h,ha,73,144,307,217,234
5e390b90d6e7f,a,ak,90,143,320,233,230
5e390b90d6e7f,k,ko,87,144,306,231,219
5e390b90d6e7f,o,oo,75,53,190,128,115
5e390b90d6e7f,o,on,62,145,278,207,216
5e390b90d6e7f,n,nk,71,43872,43994,43943,43923
5e390b90d6e7f,k,ka,51,149,282,200,231
5e390b90d6e7f,a,an,82,90,248,172,166
5e390b90d6e7f,n,ny,76,410,577,486,501
5e390b90d6e7f,y,yt,91,1084,1272,1175,1181
5e390b90d6e7f,t,ti,97,190,364,287,267
5e390b90d6e7f,i,ik,77,135,277,212,200
5e390b90d6e7f,k,ka,65,52,217,117,152
5e390b90d6e7f,a,aspace,100,184,348,284,248
5e390b90d6e7f,space,spaces,64,622,781,686,717
5e390b90d6e7f,s,so,95,22,211,117,116
5e390b90d6e7f,o,oi,94,119,277,213,183
5e390b90d6e7f,i,ip,64,121,232,185,168
5e390b90d6e7f,p,pe,47,518,599,565,552
5e390b90d6e7f,e,et,34,179,283,213,249
5e390b90d6e7f,t,tc,70,531,674,601,604
5e390b90d6e7f,c,ch,73,178,303,251,230
5e390b90d6e7f,h,ha,52,125,237,177,185
5e390b90d6e7f,a,ak,60,481,628,541,568
5e390b90d6e7f,k,ko,87,160,287,247,200
5e390b90d6e7f,o,oo,40,69,173,109,133
5e390b90d6e7f,o,on,64,181,297,245,233
5e390b90d6e7f,n,nk,52,33129,33257,33181,33205
5e390b90d6e7f,k,ka,76,181,370,257,294
5e390b90d6e7f,a,an,113,71,266,184,153
5e390b90d6e7f,n,nt,82,445,585,527,503
5e390b90d6e7f,t,ti,58,246,358,304,300
5e390b90d6e7f,i,ik,54,147,238,201,184
5e390b90d6e7f,k,ka,37,83,184,120,147
5e390b90d6e7f,a,aspace,64,729,850,793,786
5e390b90d6e7f,space,spaces,57,143,256,200,199
5e390b90d6e7f,s,so,56,103,238,159,182
5e390b90d6e7f,o,oi,79,130,280,209,201
5e390b90d6e7f,i,ip,71,161,271,232,200
5e390b90d6e7f,p,pe,39,511,623,550,584
5e390b90d6e7f,e,et,73,158,322,231,249
5e390b90d6e7f,t,tc,91,160,338,251,247
5e390b90d6e7f,c,ch,87,180,323,267,236
5e390b90d6e7f,h,ha,56,179,291,235,235
5e390b90d6e7f,a,ak,56,474,621,530,565
5e390b90d6e7f,k,ko,91,152,306,243,215
5e390b90d6e7f,o,oo,63,74,197,137,134
5e390b90d6e7f,o,on,60,166,260,226,200
5e390b90d6e7f,n,nm,34,33038,33139,33072,33105
5e390b90d6e7f,m,ma,67,294,434,361,367
5e390b90d6e7f,a,abksp,73,644,756,717,683
5e390b90d6e7f,bksp,bkspk,39,394,524,433,485
5e390b90d6e7f,k,ka,91,236,422,327,331
5e390b90d6e7f,a,at,95,680,847,775,752
5e390b90d6e7f,t,ti,72,194,354,266,282
5e390b90d6e7f,i,ik,88,157,338,245,250
5e390b90d6e7f,k,ka,93,52,225,145,132
5e390b90d6e7f,a,aspace,80,162,282,242,202
5e390b90d6e7f,space,spaces,40,411,545,451,505
5e390b90d6e7f,s,so,94,68,254,162,160
5e390b90d6e7f,o,oi,92,118,259,210,167
5e390b90d6e7f,i,ip,49,146,251,195,202
5e390b90d6e7f,p,pe,56,444,588,500,532
5e390b90d6e7f,e,et,88,144,321,232,233
5e390b90d6e7f,t,tc,89,230,389,319,300
5e390b90d6e7f,c,ch,70,211,370,281,300
5e390b90d6e7f,h,ha,89,97,257,186,168
5e390b90d6e7f,a,ak,71,349,501,420,430
5e390b90d6e7f,k,ko,81,103,249,184,168
5e390b90d6e7f,o,oo,65,72,184,137,119
5e390b90d6e7f,o,on,47,176,281,223,234
5e390b90d6e7f,n,nk,58,35262,35393,35320,35335
5e390b90d6e7f,k,ka,73,156,340,229,267
5e390b90d6e7f,a,an,111,79,259,190,148
5e390b90d6e7f,n,nt,69,166,287,235,218
5e390b90d6e7f,t,ti,52,175,285,227,233
5e390b90d6e7f,i,ik,58,128,240,186,182
5e390b90d6e7f,k,ka,54,69,221,123,167
5e390b90d6e7f,a,aspace,98,280,415,378,317
5e390b90d6e7f,space,spaces,37,363,470,400,433
5e390b90d6e7f,s,so,70,130,254,200,184
5e390b90d6e7f,o,oi,54,145,237,199,183
5e390b90d6e7f,i,ip,38,148,238,186,200
5e390b90d6e7f,p,pe,52,481,588,533,536
5e390b90d6e7f,e,et,55,194,288,249,233
5e390b90d6e7f,t,tc,39,544,671,583,632
5e390b90d6e7f,c,ch,88,380,538,468,450
5e390b90d6e7f,h,ha,70,54,219,124,149
5e390b90d6e7f,a,ak,95,213,380,308,285
5e390b90d6e7f,k,ko,72,145,271,217,199
5e390b90d6e7f,o,oo,54,72,173,126,119
5e390b90d6e7f,o,on,47,178,278,225,231
5e390b90d6e7f,n,nm,53,30163,30305,30216,30252
5e390b90d6e7f,m,ma,89,178,372,267,283
5e390b90d6e7f,a,am,105,35,222,140,117
5e390b90d6e7f,m,mbksp,82,215,350,297,268
5e390b90d6e7f,bksp,bkspbksp,53,51,168,104,115
5e390b90d6e7f,bksp,bkspbksp,64,87,199,151,135
5e390b90d6e7f,bksp,bkspk,48,428,565,476,517
5e390b90d6e7f,k,ka,89,183,387,272,298
5e390b90d6e7f,a,an,115,70,248,185,133
5e390b90d6e7f,n,nt,63,212,346,275,283
5e390b90d6e7f,t,tk,71,396,495,467,424
5e390b90d6e7f,k,kbksp,28,479,573,507,545
5e390b90d6e7f,bksp,bkspbksp,66,545,683,611,617
5e390b90d6e7f,bksp,bkspu,72,480,622,552,550
5e390b90d6e7f,u,uk,70,175,301,245,231
5e390b90d6e7f,k,ka,56,71,205,127,149
5e390b90d6e7f,a,abksp,78,313,428,391,350
5e390b90d6e7f,bksp,bkspbksp,37,55,173,92,136
5e390b90d6e7f,bksp,bkspbksp,81,69,228,150,147
5e390b90d6e7f,bksp,bkspbksp,78,311,465,389,387
5e390b90d6e7f,bksp,bkspi,76,493,644,569,568
5e390b90d6e7f,i,ik,75,275,426,350,351
5e390b90d6e7f,k,ka,76,241,427,317,351
5e390b90d6e7f,a,aspace,110,305,458,415,348
5e390b90d6e7f,space,spaces,43,594,709,637,666
5e390b90d6e7f,s,so,72,89,239,161,167
5e390b90d6e7f,o,oi,78,110,241,188,163
5e390b90d6e7f,i,il,53,179,287,232,234
5e390b90d6e7f,l,lp,55,821,939,876,884
5e390b90d6e7f,p,pe,63,493,646,556,583
5e390b90d6e7f,e,et,90,178,325,268,235
5e390b90d6e7f,t,tc,57,680,822,737,765
5e390b90d6e7f,c,ch,85,210,370,295,285
5e390b90d6e7f,h,ha,75,211,408,286,333
5e390b90d6e7f,a,ak,122,178,388,300,266
5e390b90d6e7f,k,ko,88,145,289,233,201
5e390b90d6e7f,o,oo,56,71,188,127,132
5e390b90d6e7f,o,on,61,160,279,221,218
5e390b90d6e7f,n,na,58,40282,40428,40340,40370
5e390b90d6e7f,a,an,88,180,322,268,234
5e390b90d6e7f,n,nt,54,431,532,485,478
5e390b90d6e7f,t,ti,47,1728,1849,1775,1802
5e390b90d6e7f,i,ik,74,158,293,232,219
5e390b90d6e7f,k,ka,61,50,193,111,132
5e390b90d6e7f,a,aspace,82,228,366,310,284
5e390b90d6e7f,space,spaces,56,563,707,619,651
5e390b90d6e7f,s,so,88,52,219,140,131
5e390b90d6e7f,o,oi,79,147,263,226,184
5e390b90d6e7f,i,ip,37,179,255,216,218
5e390b90d6e7f,p,pe,39,496,572,535,533
5e390b90d6e7f,e,et,37,226,320,263,283
5e390b90d6e7f,t,tc,57,612,741,669,684
5e390b90d6e7f,c,ch,72,168,303,240,231
5e390b90d6e7f,h,ha,63,139,297,202,234
5e390b90d6e7f,a,ak,95,505,680,600,585
5e390b90d6e7f,k,ko,80,234,378,314,298
5e390b90d6e7f,o,on,64,198,333,262,269
5e390b90d6e7f,n,no,71,1243,1388,1314,1317
5e390b90d6e7f,o,on,74,258,406,332,332
5e390b90d6e7f,n,nk,74,-463170,-463031,-463096,-463105
5e390ba17d9fd,k,ku,65,298,432,363,367
5e390ba17d9fd,u,up,69,192,352,261,283
5e390ba17d9fd,p,pt,91,1160,1339,1251,1248
5e390ba17d9fd,t,ti,88,144,324,232,236
5e390ba17d9fd,i,ip,92,206,371,298,279
5e390ba17d9fd,p,po,73,165,307,238,234
5e390ba17d9fd,o,on,69,900,1036,969,967
5e390ba17d9fd,n,ng,67,105,267,172,200
5e390ba17d9fd,g,gspace,95,1364,1515,1459,1420
5e390ba17d9fd,space,spaces,56,526,692,582,636
5e390ba17d9fd,s,su,110,157,356,267,246
5e390ba17d9fd,u,uw,89,163,288,252,199
5e390ba17d9fd,w,wa,36,195,319,231,283
5e390ba17d9fd,a,an,88,598,771,686,683
5e390ba17d9fd,n,nn,85,109,254,194,169
5e390ba17d9fd,n,na,60,141,292,201,232
5e390ba17d9fd,a,at,91,532,691,623,600
5e390ba17d9fd,t,tr,68,109,252,177,184
5e390ba17d9fd,r,ri,75,681,808,756,733
5e390ba17d9fd,i,ik,52,67189,67284,67241,67232
5e390ba17d9fd,k,ku,43,43,165,86,122
5e390ba17d9fd,u,up,79,74,230,153,151
5e390ba17d9fd,p,pt,77,170,322,247,245
5e390ba17d9fd,t,ti,75,128,280,203,205
5e390ba17d9fd,i,ip,77,176,325,253,248
5e390ba17d9fd,p,po,72,115,254,187,182
5e390ba17d9fd,o,on,67,216,370,283,303
5e390ba17d9fd,n,ng,87,37,219,124,132
5e390ba17d9fd,g,gspace,95,1097,1279,1192,1184
5e390ba17d9fd,space,spaces,87,177,353,264,266
5e390ba17d9fd,s,su,89,161,340,250,251
5e390ba17d9fd,u,uw,90,97,240,187,150
5e390ba17d9fd,w,wa,53,141,269,194,216
5e390ba17d9fd,a,an,75,107,275,182,200
5e390ba17d9fd,n,nn,93,73,261,166,168
5e390ba17d9fd,n,na,95,18,209,113,114
5e390ba17d9fd,a,at,96,230,415,326,319
5e390ba17d9fd,t,tr,89,81,254,170,165
5e390ba17d9fd,r,ra,84,71,236,155,152
5e390ba17d9fd,a,ai,81,163,314,244,233
5e390ba17d9fd,i,ik,70,40810,40957,40880,40887
5e390ba17d9fd,k,kp,77,353,527,430,450
5e390ba17d9fd,p,pk,97,2143,2330,2240,2233
5e390ba17d9fd,k,ku,90,56,203,146,113
5e390ba17d9fd,u,up,57,111,261,168,204
5e390ba17d9fd,p,pt,93,144,306,237,213
5e390ba17d9fd,t,ti,69,200,351,269,282
5e390ba17d9fd,i,ip,82,185,334,267,252
5e390ba17d9fd,p,po,67,116,251,183,184
5e390ba17d9fd,o,on,68,196,353,264,285
5e390ba17d9fd,n,ng,89,19,169,108,80
5e390ba17d9fd,g,g.,61,626,767,687,706
5e390ba17d9fd,.,.r,80,660,825,740,745
5e390ba17d9fd,r,ra,85,655,804,740,719
5e390ba17d9fd,a,aa,64,1077,1182,1141,1118
5e390ba17d9fd,a,ar,41,541,657,582,616
5e390ba17d9fd,r,rk,75,72,224,147,149
5e390ba17d9fd,k,kmeta1,77,1331,1472,1408,1395
5e390ba17d9fd,meta1,meta1@,64,440,620,504,556
5e390ba17d9fd,@,@normal,116,144,300,260,184
5e390ba17d9fd,normal,normalg,40,541,639,581,599
5e390ba17d9fd,g,gm,58,37,191,95,133
5e390ba17d9fd,m,ma,96,106,264,202,168
5e390ba17d9fd,a,ai,62,52,160,114,98
5e390ba17d9fd,i,ibksp,46,611,731,657,685
5e390ba17d9fd,bksp,bkspbksp,74,94,221,168,147
5e390ba17d9fd,bksp,bkspbksp,53,298,422,351,369
5e390ba17d9fd,bksp,bkspm,71,410,539,481,468
5e390ba17d9fd,m,ma,58,492,642,550,584
5e390ba17d9fd,a,ai,92,208,373,300,281
5e390ba17d9fd,i,il,73,128,258,201,185
5e390ba17d9fd,l,l.,57,642,773,699,716
5e390ba17d9fd,.,.c,74,146,290,220,216
5e390ba17d9fd,c,co,70,72,237,142,167
5e390ba17d9fd,o,om,95,226,410,321,315
5e390ba17d9fd,m,mbksp,89,1778,3824,1867,3735
5e390ba17d9fd,bksp,bkspbksp,1957,232,2237,2189,280
5e390ba17d9fd,bksp,bkspspace,48,664,787,712,739
5e390ba17d9fd,space,spaces,75,289,424,364,349
5e390ba17d9fd,s,su,60,126,276,186,216
5e390ba17d9fd,u,uw,90,110,239,200,149
5e390ba17d9fd,w,wn,39,443,540,482,501
5e390ba17d9fd,n,nn,58,98,191,156,133
5e390ba17d9fd,n,na,35,144,234,179,199
5e390ba17d9fd,a,at,55,646,790,701,735
5e390ba17d9fd,t,tr,89,111,270,200,181
5e390ba17d9fd,r,ra,70,54,204,124,134
5e390ba17d9fd,a,ai,80,397,533,477,453
5e390ba17d9fd,i,ibksp,56,1706,1836,1762,1780
5e390ba17d9fd,bksp,bkspbksp,74,56,193,130,119
5e390ba17d9fd,bksp,bkspbksp,63,52,213,115,150
5e390ba17d9fd,bksp,bkspbksp,98,19,296,117,198
5e390ba17d9fd,bksp,bkspbksp,179,51,317,230,138
5e390ba17d9fd,bksp,bkspbksp,87,32,199,119,112
5e390ba17d9fd,bksp,bkspbksp,80,54,215,134,135
5e390ba17d9fd,bksp,bkspa,81,793,966,874,885
5e390ba17d9fd,a,an,92,163,307,255,215
5e390ba17d9fd,n,nn,52,69,167,121,115
5e390ba17d9fd,n,na,46,54,162,100,116
5e390ba17d9fd,a,at,62,762,914,824,852
5e390ba17d9fd,t,tr,90,128,288,218,198
5e390ba17d9fd,r,ra,70,280,426,350,356
5e390ba17d9fd,a,ai,76,502,675,578,599
5e390ba17d9fd,i,ik,97,38860,39029,38957,38932
5e390ba17d9fd,k,ku,72,196,338,268,266
5e390ba17d9fd,u,up,70,53,205,123,135
5e390ba17d9fd,p,pt,82,176,349,258,267
5e390ba17d9fd,t,ti,91,127,309,218,218
5e390ba17d9fd,i,ip,91,209,388,300,297
5e390ba17d9fd,p,po,88,132,288,220,200
5e390ba17d9fd,o,on,68,202,336,270,268
5e390ba17d9fd,n,ng,66,52,198,118,132
5e390ba17d9fd,g,g.,80,182,331,262,251
5e390ba17d9fd,.,.p,69,610,770,679,701
5e390ba17d9fd,p,pa,91,92,273,183,182
5e390ba17d9fd,a,ar,90,310,475,400,385
5e390ba17d9fd,r,rn,75,143,307,218,232
5e390ba17d9fd,n,nbksp,89,573,707,662,618
5e390ba17d9fd,bksp,bkspbksp,45,69,178,114,133
5e390ba17d9fd,bksp,bkspbksp,64,71,248,135,184
5e390ba17d9fd,bksp,bkspbksp,113,52,247,165,134
5e390ba17d9fd,bksp,bkspbksp,82,68,211,150,129
5e390ba17d9fd,bksp,bkspspace,61,400,531,461,470
5e390ba17d9fd,space,spaces,70,731,853,801,783
5e390ba17d9fd,s,su,52,142,284,194,232
5e390ba17d9fd,u,uw,90,55,206,145,116
5e390ba17d9fd,w,wa,61,162,296,223,235
5e390ba17d9fd,a,an,73,159,273,232,200
5e390ba17d9fd,n,nn,41,72,174,113,133
5e390ba17d9fd,n,na,61,89,244,150,183
5e390ba17d9fd,a,at,94,280,412,374,318
5e390ba17d9fd,t,tr,38,104,202,142,164
5e390ba17d9fd,r,ri,60,439,562,499,502
5e390ba17d9fd,i,ii,63,696,866,759,803
5e390ba17d9fd,i,ik,107,33372,33540,33479,33433
5e390ba17d9fd,k,ku,61,161,293,222,232
5e390ba17d9fd,u,up,71,528,673,599,602
5e390ba17d9fd,p,pt,74,463,574,537,500
5e390ba17d9fd,t,ti,37,209,317,246,280
5e390ba17d9fd,i,ip,71,165,339,236,268
5e390ba17d9fd,p,po,103,117,306,220,203
5e390ba17d9fd,o,on,86,164,338,250,252
5e390ba17d9fd,n,ng,88,5,182,93,94
5e390ba17d9fd,g,gspace,89,730,861,819,772
5e390ba17d9fd,space,spacebksp,42,540,672,582,630
5e390ba17d9fd,bksp,bkspg,90,529,691,619,601
5e390ba17d9fd,g,gspace,72,294,425,366,353
5e390ba17d9fd,space,spaces,59,793,906,852,847
5e390ba17d9fd,s,su,54,213,336,267,282
5e390ba17d9fd,u,uw,69,113,250,182,181
5e390ba17d9fd,w,wa,68,143,286,211,218
5e390ba17d9fd,a,an,75,74,207,149,132
5e390ba17d9fd,n,nn,58,54,193,112,135
5e390ba17d9fd,n,na,81,90,230,171,149
5e390ba17d9fd,a,at,59,566,663,625,604
5e390ba17d9fd,t,tr,38,126,219,164,181
5e390ba17d9fd,r,ra,55,212,338,267,283
5e390ba17d9fd,a,au,71,90,222,161,151
5e390ba17d9fd,u,ubksp,61,608,742,669,681
5e390ba17d9fd,bksp,bkspi,73,479,609,552,536
5e390ba17d9fd,i,ik,57,31296,31426,31353,31369
5e390ba17d9fd,k,ku,73,146,271,219,198
5e390ba17d9fd,u,up,52,108,251,160,199
5e390ba17d9fd,p,pt,91,184,325,275,234
5e390ba17d9fd,t,ti,50,182,299,232,249
5e390ba17d9fd,i,ip,67,183,318,250,251
5e390ba17d9fd,p,po,68,133,268,201,200
5e390ba17d9fd,o,on,67,183,351,250,284
5e390ba17d9fd,n,ng,101,129,336,230,235
5e390ba17d9fd,g,gspace,106,1126,1305,1232,1199
5e390ba17d9fd,space,spaces,73,245,372,318,299
5e390ba17d9fd,s,su,54,364,505,418,451
5e390ba17d9fd,u,uw,87,50,234,137,147
5e390ba17d9fd,w,wa,97,130,301,227,204
5e390ba17d9fd,a,an,74,195,339,269,265
5e390ba17d9fd,n,nn,70,311,440,381,370
5e390ba17d9fd,n,na,59,209,340,268,281
5e390ba17d9fd,a,at,72,497,606,569,534
5e390ba17d9fd,t,tr,37,113,203,150,166
5e390ba17d9fd,r,ra,53,209,355,262,302
5e390ba17d9fd,a,au,93,144,291,237,198
5e390ba17d9fd,u,ubksp,54,649,774,703,720
5e390ba17d9fd,bksp,bkspi,71,427,567,498,496
5e390ba17d9fd,i,ik,69,32646,32806,32715,32737
5e390ba17d9fd,k,ku,91,127,256,218,165
5e390ba17d9fd,u,up,38,108,223,146,185
5e390ba17d9fd,p,pt,77,176,324,253,247
5e390ba17d9fd,t,ti,71,169,322,240,251
5e390ba17d9fd,i,ip,82,166,316,248,234
5e390ba17d9fd,p,pn,68,363,536,431,468
5e390ba17d9fd,n,ng,105,82,236,187,131
5e390ba17d9fd,g,gspace,49,645,767,694,718
5e390ba17d9fd,space,spacebksp,73,815,958,888,885
5e390ba17d9fd,bksp,bkspbksp,70,71,217,141,147
5e390ba17d9fd,bksp,bkspbksp,76,73,212,149,136
5e390ba17d9fd,bksp,bkspbksp,63,68,213,131,150
5e390ba17d9fd,bksp,bkspo,82,559,683,641,601
5e390ba17d9fd,o,on,42,294,424,336,382
5e390ba17d9fd,n,ng,88,19,202,107,114
5e390ba17d9fd,g,gspace,95,430,582,525,487
5e390ba17d9fd,space,spaces,57,394,521,451,464
5e390ba17d9fd,s,sw,70,555,704,625,634
5e390ba17d9fd,w,wa,79,90,265,169,186
5e390ba17d9fd,a,ab,96,229,394,325,298
5e390ba17d9fd,b,ba,69,253,369,322,300
5e390ba17d9fd,a,abksp,47,769,896,816,849
5e390ba17d9fd,bksp,bkspu,80,1450,1615,1530,1535
5e390ba17d9fd,u,uw,85,147,300,232,215
5e390ba17d9fd,w,wa,68,87,254,155,186
5e390ba17d9fd,a,an,99,33,180,132,81
5e390ba17d9fd,n,nn,48,69,182,117,134
5e390ba17d9fd,n,na,65,106,214,171,149
5e390ba17d9fd,a,at,43,581,695,624,652
5e390ba17d9fd,t,tr,71,111,221,182,150
5e390ba17d9fd,r,ri,39,387,505,426,466
5e390ba17d9fd,i,ii,79,795,949,874,870
5e390ba17d9fd,i,ik,75,36927,37091,37002,37016
5e390ba17d9fd,k,ku,89,129,286,218,197
5e390ba17d9fd,u,up,68,133,254,201,186
5e390ba17d9fd,p,pt,53,196,337,249,284
5e390ba17d9fd,t,ti,88,199,388,287,300
5e390ba17d9fd,i,ip,101,149,351,250,250
5e390ba17d9fd,p,po,101,137,300,238,199
5e390ba17d9fd,o,on,62,477,630,539,568
5e390ba17d9fd,n,ng,91,92,239,183,148
5e390ba17d9fd,g,gmeta1,56,715,840,771,784
5e390ba17d9fd,meta1,meta1.,69,262,369,331,300
5e390ba17d9fd,.,.normal,38,212,334,250,296
5e390ba17d9fd,normal,normalbksp,84,886,1055,970,971
5e390ba17d9fd,bksp,bkspspace,85,295,437,380,352
5e390ba17d9fd,space,spaces,57,613,723,670,666
5e390ba17d9fd,s,su,53,164,270,217,217
5e390ba17d9fd,u,uw,53,142,266,195,213
5e390ba17d9fd,w,wa,71,167,289,238,218
5e390ba17d9fd,a,an,51,147,269,198,218
5e390ba17d9fd,n,nn,71,69,219,140,148
5e390ba17d9fd,n,na,79,71,247,150,168
5e390ba17d9fd,a,ar,97,284,465,381,368
5e390ba17d9fd,r,rr,84,109,249,193,165
5e390ba17d9fd,r,ri,56,454,591,510,535
5e390ba17d9fd,i,ibksp,81,346,500,427,419
5e390ba17d9fd,bksp,bkspbksp,73,49,202,122,129
5e390ba17d9fd,bksp,bkspbksp,80,79,198,159,118
5e390ba17d9fd,bksp,bkspbksp,39,280,407,319,368
5e390ba17d9fd,bksp,bkspt,88,762,922,850,834
5e390ba17d9fd,t,tr,72,110,269,182,197
5e390ba17d9fd,r,ra,87,194,390,281,303
5e390ba17d9fd,a,ai,109,195,390,304,281
5e390ba17d9fd,i,ik,86,34648,34823,34734,34737
5e390ba17d9fd,k,ku,89,110,269,199,180
5e390ba17d9fd,u,up,70,162,302,232,232
5e390ba17d9fd,p,pt,70,599,739,669,669
5e390ba17d9fd,t,ti,70,179,336,249,266
5e390ba17d9fd,i,ip,87,212,368,299,281
5e390ba17d9fd,p,po,69,151,287,220,218
5e390ba17d9fd,o,on,67,191,333,258,266
5e390ba17d9fd,n,ng,75,79,207,154,132
5e390ba17d9fd,g,gspace,53,915,1040,968,987
5e390ba17d9fd,space,spaces,72,179,354,251,282
5e390ba17d9fd,s,su,103,150,350,253,247
5e390ba17d9fd,u,uw,97,121,282,218,185
5e390ba17d9fd,w,wa,64,123,268,187,204
5e390ba17d9fd,a,an,81,123,263,204,182
5e390ba17d9fd,n,nn,59,89,192,148,133
5e390ba17d9fd,n,na,44,264,397,308,353
5e390ba17d9fd,a,at,89,392,540,481,451
5e390ba17d9fd,t,tr,59,112,234,171,175
5e390ba17d9fd,r,ri,63,534,683,597,620
5e390ba17d9fd,i,iu,86,32407,32571,32493,32485
5e390ba17d9fd,u,up,78,150,296,228,218
5e390ba17d9fd,p,pt,68,178,315,246,247
5e390ba17d9fd,t,ti,69,216,387,285,318
5e390ba17d9fd,i,ip,102,247,420,349,318
5e390ba17d9fd,p,po,71,143,288,214,217
5e390ba17d9fd,o,on,74,226,389,300,315
5e390ba17d9fd,n,ng,89,43,224,132,135
5e390ba17d9fd,g,gspace,92,1111,1293,1203,1201
5e390ba17d9fd,space,spaces,90,312,487,402,397
5e390ba17d9fd,s,su,85,195,371,280,286
5e390ba17d9fd,u,uw,91,160,306,251,215
5e390ba17d9fd,w,wa,55,127,256,182,201
5e390ba17d9fd,a,an,74,86,223,160,149
5e390ba17d9fd,n,nn,63,73,213,136,150
5e390ba17d9fd,n,na,77,123,277,200,200
5e390ba17d9fd,a,at,77,464,612,541,535
5e390ba17d9fd,t,tr,71,111,236,182,165
5e390ba17d9fd,r,ra,54,195,338,249,284
5e390ba17d9fd,a,ai,89,131,289,220,200
5e390ba17d9fd,i,it,69,-416541,-416407,-416472,-416476
5e390bc710e3f,t,th,65,375,496,440,431
5e390bc710e3f,h,hn,56,994,1119,1050,1063
5e390bc710e3f,n,nu,69,317,422,386,353
5e390bc710e3f,u,ut,36,395,468,431,432
5e390bc710e3f,t,tbksp,37,895,1039,932,1002
5e390bc710e3f,bksp,bkspbksp,107,129,308,236,201
5e390bc710e3f,bksp,bkspbksp,72,424,586,496,514
5e390bc710e3f,bksp,bkspbksp,90,378,543,468,453
5e390bc710e3f,bksp,bkspa,75,776,975,851,900
5e390bc710e3f,a,an,124,993,1206,1117,1082
5e390bc710e3f,n,nu,89,275,424,364,335
5e390bc710e3f,u,ut,60,827,974,887,914
5e390bc710e3f,t,tspace,87,915,1089,1002,1002
5e390bc710e3f,space,spacep,87,175,370,262,283
5e390bc710e3f,p,pi,108,279,439,387,331
5e390bc710e3f,i,iy,52,300,423,352,371
5e390bc710e3f,y,ya,71,194,403,265,332
5e390bc710e3f,a,av,138,294,521,432,383
5e390bc710e3f,v,va,89,124,339,213,250
5e390bc710e3f,a,at,126,179,373,305,247
5e390bc710e3f,t,tshift,68,47251,47392,47319,47324
5e390bc710e3f,shift,shiftshift,73,760,906,833,833
5e390bc710e3f,shift,shiftshift,73,490,628,563,555
5e390bc710e3f,shift,shiftshift,65,384,502,449,437
5e390bc710e3f,shift,shiftt,53,266,391,319,338
5e390bc710e3f,t,th,72,197,323,269,251
5e390bc710e3f,h,ha,54,147,269,201,215
5e390bc710e3f,a,an,68,163,287,231,219
5e390bc710e3f,n,nu,56,349,445,405,389
5e390bc710e3f,u,ut,40,236,385,276,345
5e390bc710e3f,t,tspace,109,659,880,768,771
5e390bc710e3f,space,spacep,112,257,474,369,362
5e390bc710e3f,p,pi,105,295,473,400,368
5e390bc710e3f,i,iy,73,1196,1339,1269,1266
5e390bc710e3f,y,ya,70,310,456,380,386
5e390bc710e3f,a,av,76,361,524,437,448
5e390bc710e3f,v,va,87,226,402,313,315
5e390bc710e3f,a,at,89,547,707,636,618
5e390bc710e3f,t,tt,71,36133,36291,36204,36220
5e390bc710e3f,t,th,87,245,400,332,313
5e390bc710e3f,h,ha,68,91,269,159,201
5e390bc710e3f,a,an,110,162,360,272,250
5e390bc710e3f,n,nu,88,298,472,386,384
5e390bc710e3f,u,ut,86,372,554,458,468
5e390bc710e3f,t,tspace,96,691,863,787,767
5e390bc710e3f,space,spacep,76,143,309,219,233
5e390bc710e3f,p,pi,90,195,354,285,264
5e390bc710e3f,i,iy,69,364,507,433,438
5e390bc710e3f,y,ya,74,169,337,243,263
5e390bc710e3f,a,av,94,313,479,407,385
5e390bc710e3f,v,va,72,127,304,199,232
5e390bc710e3f,a,at,105,164,337,269,232
5e390bc710e3f,t,tt,68,34898,35056,34966,34988
5e390bc710e3f,t,th,90,177,337,267,247
5e390bc710e3f,h,ha,70,148,292,218,222
5e390bc710e3f,a,an,74,109,253,183,179
5e390bc710e3f,n,nu,70,230,369,300,299
5e390bc710e3f,u,ut,69,265,437,334,368
5e390bc710e3f,t,tspace,103,280,454,383,351
5e390bc710e3f,space,spacep,71,248,438,319,367
5e390bc710e3f,p,pi,119,213,400,332,281
5e390bc710e3f,i,iy,68,281,419,349,351
5e390bc710e3f,y,ya,70,106,270,176,200
5e390bc710e3f,a,av,94,212,378,306,284
5e390bc710e3f,v,va,72,53,237,125,165
5e390bc710e3f,a,at,112,262,466,374,354
5e390bc710e3f,t,tt,92,33411,33574,33503,33482
5e390bc710e3f,t,th,71,165,288,236,217
5e390bc710e3f,h,ha,52,197,353,249,301
5e390bc710e3f,a,an,104,166,353,270,249
5e390bc710e3f,n,nu,83,230,402,313,319
5e390bc710e3f,u,ut,89,260,437,349,348
5e390bc710e3f,t,t.,88,248,424,336,336
5e390bc710e3f,.,.p,88,277,486,365,398
5e390bc710e3f,p,pbksp,121,547,757,668,636
5e390bc710e3f,bksp,bkspbksp,89,70,236,159,147
5e390bc710e3f,bksp,bkspspace,77,364,548,441,471
5e390bc710e3f,space,spacei,107,479,700,586,593
5e390bc710e3f,i,iy,114,289,484,403,370
5e390bc710e3f,y,ya,81,156,347,237,266
5e390bc710e3f,a,av,110,166,342,276,232
5e390bc710e3f,v,va,66,88,235,154,169
5e390bc710e3f,a,at,81,379,517,460,436
5e390bc710e3f,t,tbksp,57,1167,1306,1224,1249
5e390bc710e3f,bksp,bkspbksp,82,109,281,191,199
5e390bc710e3f,bksp,bkspbksp,90,68,271,158,181
5e390bc710e3f,bksp,bkspbksp,113,78,280,191,167
5e390bc710e3f,bksp,bkspbksp,89,107,289,196,200
5e390bc710e3f,bksp,bkspbksp,93,343,528,436,435
5e390bc710e3f,bksp,bkspp,92,227,391,319,299
5e390bc710e3f,p,pi,72,446,608,518,536
5e390bc710e3f,i,iy,90,227,389,317,299
5e390bc710e3f,y,ya,72,311,457,383,385
5e390bc710e3f,a,av,74,276,438,350,364
5e390bc710e3f,v,va,88,76,256,164,168
5e390bc710e3f,a,at,92,144,305,236,213
5e390bc710e3f,t,tt,69,27415,27556,27484,27487
5e390bc710e3f,t,th,72,164,306,236,234
5e390bc710e3f,h,ha,70,163,319,233,249
5e390bc710e3f,a,an,86,91,269,177,183
5e390bc710e3f,n,nu,92,250,394,342,302
5e390bc710e3f,u,ut,52,227,385,279,333
5e390bc710e3f,t,tspace,106,194,405,300,299
5e390bc710e3f,space,spacep,105,127,338,232,233
5e390bc710e3f,p,pa,106,794,974,900,868
5e390bc710e3f,a,av,74,181,341,255,267
5e390bc710e3f,v,va,86,88,287,174,201
5e390bc710e3f,a,at,113,311,517,424,404
5e390bc710e3f,t,tt,93,32957,33139,33050,33046
5e390bc710e3f,t,th,89,148,322,237,233
5e390bc710e3f,h,ha,85,145,335,230,250
5e390bc710e3f,a,an,105,244,454,349,349
5e390bc710e3f,n,nu,105,265,474,370,369
5e390bc710e3f,u,ut,104,213,402,317,298
5e390bc710e3f,t,tspace,85,347,521,432,436
5e390bc710e3f,space,spacep,89,229,423,318,334
5e390bc710e3f,p,pi,105,246,452,351,347
5e390bc710e3f,i,iy,101,170,366,271,265
5e390bc710e3f,y,ya,95,172,378,267,283
5e390bc710e3f,a,av,111,139,312,250,201
5e390bc710e3f,v,va,62,67,229,129,167
5e390bc710e3f,a,at,100,285,522,385,422
5e390bc710e3f,t,tt,137,37626,37868,37763,37731
5e390bc710e3f,t,th,105,163,338,268,233
5e390bc710e3f,h,ha,70,148,306,218,236
5e390bc710e3f,a,an,88,119,303,207,215
5e390bc710e3f,n,nu,96,248,447,344,351
5e390bc710e3f,u,ut,103,253,468,356,365
5e390bc710e3f,t,tspace,112,281,498,393,386
5e390bc710e3f,space,spacep,105,114,320,219,215
5e390bc710e3f,p,pi,101,230,419,331,318
5e390bc710e3f,i,iy,88,182,386,270,298
5e390bc710e3f,y,yv,116,482,683,598,567
5e390bc710e3f,v,va,85,259,445,344,360
5e390bc710e3f,a,abksp,101,1135,1325,1236,1224
5e390bc710e3f,bksp,bkspbksp,89,89,272,178,183
5e390bc710e3f,bksp,bkspbksp,94,293,481,387,387
5e390bc710e3f,bksp,bkspa,94,192,374,286,280
5e390bc710e3f,a,av,88,394,554,482,466
5e390bc710e3f,v,va,72,146,306,218,234
5e390bc710e3f,a,at,88,263,423,351,335
5e390bc710e3f,t,tt,72,30993,31139,31065,31067
5e390bc710e3f,t,th,74,176,323,250,249
5e390bc710e3f,h,ha,73,128,291,201,218
5e390bc710e3f,a,an,90,145,290,235,200
5e390bc710e3f,n,nu,55,265,406,320,351
5e390bc710e3f,u,ut,86,680,882,766,796
5e390bc710e3f,t,tspace,116,885,1088,1001,972
5e390bc710e3f,space,spacep,87,145,352,232,265
5e390bc710e3f,p,pi,120,193,439,313,319
5e390bc710e3f,i,iy,126,138,374,264,248
5e390bc710e3f,y,ya,110,386,609,496,499
5e390bc710e3f,a,av,113,381,566,494,453
5e390bc710e3f,v,va,72,76,256,148,184
5e390bc710e3f,a,at,108,343,509,451,401
5e390bc710e3f,t,tt,58,28227,28356,28285,28298
5e390bc710e3f,t,th,71,193,355,264,284
5e390bc710e3f,h,hn,91,394,572,485,481
5e390bc710e3f,n,nu,87,208,388,295,301
5e390bc710e3f,u,ut,93,182,344,275,251
5e390bc710e3f,t,tspace,69,279,453,348,384
5e390bc710e3f,space,spacep,105,191,404,296,299
5e390bc710e3f,p,pi,108,246,443,354,335
5e390bc710e3f,i,iy,89,194,387,283,298
5e390bc710e3f,y,ya,104,245,506,349,402
5e390bc710e3f,a,av,157,412,656,569,499
5e390bc710e3f,v,va,87,92,250,179,163
5e390bc710e3f,a,at,71,258,408,329,337
5e390bc710e3f,t,th,79,-354090,-353939,-354011,-354018
5e390bd4ac264,h,hbksp,72,961,1089,1033,1017
5e390bd4ac264,bksp,bkspbksp,56,590,741,646,685
5e390bd4ac264,bksp,bkspt,95,1509,1662,1604,1567
5e390bd4ac264,t,ta,58,747,890,805,832
5e390bd4ac264,a,an,85,462,653,547,568
5e390bd4ac264,n,nbksp,106,1272,1424,1378,1318
5e390bd4ac264,bksp,bkspbksp,46,87,213,133,167
5e390bd4ac264,bksp,bkspbksp,80,92,227,172,147
5e390bd4ac264,bksp,bkspbksp,55,71,224,126,169
5e390bd4ac264,bksp,bkspt,98,462,618,560,520
5e390bd4ac264,t,ta,58,1092,1221,1150,1163
5e390bd4ac264,a,an,71,576,722,647,651
5e390bd4ac264,n,ne,75,261,443,336,368
5e390bd4ac264,e,es,107,226,402,333,295
5e390bd4ac264,s,sspace,69,498,655,567,586
5e390bd4ac264,space,spacem,88,595,741,683,653
5e390bd4ac264,m,ma,58,191,353,249,295
5e390bd4ac264,a,an,104,778,971,882,867
5e390bd4ac264,n,nu,89,344,507,433,418
5e390bd4ac264,u,us,74,346,491,420,417
5e390bd4ac264,s,ss,71,129,287,200,216
5e390bd4ac264,s,si,87,497,674,584,587
5e390bd4ac264,i,ir,90,259,421,349,331
5e390bd4ac264,r,ri,72,360,504,432,432
5e390bd4ac264,i,ip,72,378,540,450,468
5e390bd4ac264,p,pe,90,276,437,366,347
5e390bd4ac264,e,en,71,387,555,458,484
5e390bd4ac264,n,nt,97,66196,66373,66293,66276
5e390bd4ac264,t,tn,80,1043,1227,1123,1147
5e390bd4ac264,n,ne,104,263,420,367,316
5e390bd4ac264,e,es,53,161,284,214,231
5e390bd4ac264,s,sspace,70,467,606,537,536
5e390bd4ac264,space,spacem,69,330,484,399,415
5e390bd4ac264,m,ma,85,264,418,349,333
5e390bd4ac264,a,an,69,695,854,764,785
5e390bd4ac264,n,nu,90,338,539,428,449
5e390bd4ac264,u,us,111,198,378,309,267
5e390bd4ac264,s,ss,69,106,233,175,164
5e390bd4ac264,s,si,58,199,312,257,254
5e390bd4ac264,i,ir,55,177,308,232,253
5e390bd4ac264,r,ri,76,205,354,281,278
5e390bd4ac264,i,ip,73,196,357,269,284
5e390bd4ac264,p,pe,88,111,274,199,186
5e390bd4ac264,e,en,75,357,539,432,464
5e390bd4ac264,n,nt,107,34982,35194,35089,35087
5e390bd4ac264,t,ta,105,194,389,299,284
5e390bd4ac264,a,an,90,546,745,636,655
5e390bd4ac264,n,nu,109,355,568,464,459
5e390bd4ac264,u,us,104,97,273,201,169
5e390bd4ac264,s,se,72,1696,1825,1768,1753
5e390bd4ac264,e,es,57,142,253,199,196
5e390bd4ac264,s,sbksp,54,1614,1739,1668,1685
5e390bd4ac264,bksp,bkspbksp,71,92,254,163,183
5e390bd4ac264,bksp,bkspbksp,91,344,497,435,406
5e390bd4ac264,bksp,bkspe,62,322,423,384,361
5e390bd4ac264,e,es,39,178,286,217,247
5e390bd4ac264,s,sspace,69,614,778,683,709
5e390bd4ac264,space,spacem,95,787,972,882,877
5e390bd4ac264,m,ma,90,159,342,249,252
5e390bd4ac264,a,an,93,325,512,418,419
5e390bd4ac264,n,nu,94,207,404,301,310
5e390bd4ac264,u,us,103,215,370,318,267
5e390bd4ac264,s,ss,52,230,354,282,302
5e390bd4ac264,s,si,72,246,388,318,316
5e390bd4ac264,i,ir,70,212,353,282,283
5e390bd4ac264,r,ri,71,229,370,300,299
5e390bd4ac264,i,ip,70,231,390,301,320
5e390bd4ac264,p,pe,89,142,322,231,233
5e390bd4ac264,e,en,91,609,775,700,684
5e390bd4ac264,n,nt,75,33965,34077,34040,34002
5e390bd4ac264,t,tn,37,878,1039,915,1002
5e390bd4ac264,n,ne,124,259,422,383,298
5e390bd4ac264,e,es,39,911,1009,950,970
5e390bd4ac264,s,sspace,59,258,406,317,347
5e390bd4ac264,space,spacem,89,604,802,693,713
5e390bd4ac264,m,ma,109,141,346,250,237
5e390bd4ac264,a,an,96,287,494,383,398
5e390bd4ac264,n,nu,111,261,459,372,348
5e390bd4ac264,u,us,87,180,354,267,267
5e390bd4ac264,s,ss,87,148,289,235,202
5e390bd4ac264,s,si,54,211,339,265,285
5e390bd4ac264,i,ir,74,176,304,250,230
5e390bd4ac264,r,ri,54,195,304,249,250
5e390bd4ac264,i,ip,55,214,355,269,300
5e390bd4ac264,p,pe,86,195,336,281,250
5e390bd4ac264,e,en,55,313,441,368,386
5e390bd4ac264,n,nt,73,34531,34673,34604,34600
5e390bd4ac264,t,ta,69,165,321,234,252
5e390bd4ac264,a,an,87,396,572,483,485
5e390bd4ac264,n,ne,89,143,285,232,196
5e390bd4ac264,e,es,53,165,320,218,267
5e390bd4ac264,s,sspace,102,1057,1287,1159,1185
5e390bd4ac264,space,spacem,128,364,596,492,468
5e390bd4ac264,m,ma,104,111,303,215,199
5e390bd4ac264,a,an,88,277,439,365,351
5e390bd4ac264,n,nu,74,245,404,319,330
5e390bd4ac264,u,us,85,135,319,220,234
5e390bd4ac264,s,ss,99,154,333,253,234
5e390bd4ac264,s,si,80,297,432,377,352
5e390bd4ac264,i,ir,55,227,337,282,282
5e390bd4ac264,r,ri,55,138,290,193,235
5e390bd4ac264,i,ip,97,496,662,593,565
5e390bd4ac264,p,pe,69,112,267,181,198
5e390bd4ac264,e,en,86,246,406,332,320
5e390bd4ac264,n,nt,74,29454,29607,29528,29533
5e390bd4ac264,t,ta,79,264,429,343,350
5e390bd4ac264,a,an,86,563,742,649,656
5e390bd4ac264,n,ne,93,139,321,232,228
5e390bd4ac264,e,es,89,129,307,218,218
5e390bd4ac264,s,sspace,89,842,1036,931,947
5e390bd4ac264,space,spacem,105,514,739,619,634
5e390bd4ac264,m,ma,120,87,306,207,186
5e390bd4ac264,a,an,99,257,435,356,336
5e390bd4ac264,n,nu,79,272,424,351,345
5e390bd4ac264,u,us,73,162,325,235,252
5e390bd4ac264,s,ss,90,124,286,214,196
5e390bd4ac264,s,si,72,179,307,251,235
5e390bd4ac264,i,ir,56,511,641,567,585
5e390bd4ac264,r,ri,74,144,291,218,217
5e390bd4ac264,i,ip,73,559,691,632,618
5e390bd4ac264,p,pe,59,194,323,253,264
5e390bd4ac264,e,en,70,245,388,315,318
5e390bd4ac264,n,nt,73,35749,35907,35822,35834
5e390bd4ac264,t,tn,85,646,839,731,754
5e390bd4ac264,n,ne,108,123,287,231,179
5e390bd4ac264,e,es,56,164,289,220,233
5e390bd4ac264,s,sspace,69,266,422,335,353
5e390bd4ac264,space,spacebksp,87,667,835,754,748
5e390bd4ac264,bksp,bkspbksp,81,77,215,158,134
5e390bd4ac264,bksp,bkspbksp,57,112,224,169,167
5e390bd4ac264,bksp,bkspbksp,55,309,457,364,402
5e390bd4ac264,bksp,bkspn,93,875,1077,968,984
5e390bd4ac264,n,ne,109,159,337,268,228
5e390bd4ac264,e,es,69,145,320,214,251
5e390bd4ac264,s,sspace,106,211,423,317,317
5e390bd4ac264,space,spacem,106,432,610,538,504
5e390bd4ac264,m,ma,72,160,320,232,248
5e390bd4ac264,a,an,88,279,439,367,351
5e390bd4ac264,n,nu,72,229,370,301,298
5e390bd4ac264,u,us,69,194,354,263,285
5e390bd4ac264,s,ss,91,172,321,263,230
5e390bd4ac264,s,si,58,648,798,706,740
5e390bd4ac264,i,ir,92,308,459,400,367
5e390bd4ac264,r,ri,59,172,285,231,226
5e390bd4ac264,i,ip,54,266,410,320,356
5e390bd4ac264,p,pe,90,159,303,249,213
5e390bd4ac264,e,en,54,345,501,399,447
5e390bd4ac264,n,nt,102,33362,33541,33464,33439
5e390bd4ac264,t,ta,77,279,460,356,383
5e390bd4ac264,a,an,104,467,671,571,567
5e390bd4ac264,n,ne,100,197,365,297,265
5e390bd4ac264,e,es,68,164,319,232,251
5e390bd4ac264,s,sspace,87,267,437,354,350
5e390bd4ac264,space,spacem,83,590,805,673,722
5e390bd4ac264,m,ma,132,181,376,313,244
5e390bd4ac264,a,an,63,279,434,342,371
5e390bd4ac264,n,nu,92,208,391,300,299
5e390bd4ac264,u,us,91,144,323,235,232
5e390bd4ac264,s,ss,88,144,303,232,215
5e390bd4ac264,s,si,71,462,640,533,569
5e390bd4ac264,i,ir,107,161,371,268,264
5e390bd4ac264,r,ri,103,129,305,232,202
5e390bd4ac264,i,ip,73,327,506,400,433
5e390bd4ac264,p,pe,106,179,373,285,267
5e390bd4ac264,e,en,88,326,507,414,419
5e390bd4ac264,n,nt,93,29178,29344,29271,29251
5e390bd4ac264,t,tn,73,577,758,650,685
5e390bd4ac264,n,ne,108,205,387,313,279
5e390bd4ac264,e,es,74,181,322,255,248
5e390bd4ac264,s,sspace,67,396,523,463,456
5e390bd4ac264,space,spacem,60,508,690,568,630
5e390bd4ac264,m,ma,122,146,323,268,201
5e390bd4ac264,a,an,55,212,356,267,301
5e390bd4ac264,n,nu,89,208,352,297,263
5e390bd4ac264,u,us,55,463,576,518,521
5e390bd4ac264,s,ss,58,127,240,185,182
5e390bd4ac264,s,si,55,372,536,427,481
5e390bd4ac264,i,ir,109,148,344,257,235
5e390bd4ac264,r,ri,87,111,270,198,183
5e390bd4ac264,i,ip,72,393,571,465,499
5e390bd4ac264,p,pe,106,143,326,249,220
5e390bd4ac264,e,en,77,259,425,336,348
5e390bd4ac264,n,na,89,40129,40325,40218,40236
5e390bd4ac264,a,abksp,107,802,990,909,883
5e390bd4ac264,bksp,bkspbksp,81,444,631,525,550
5e390bd4ac264,bksp,bkspbksp,106,107,292,213,186
5e390bd4ac264,bksp,bkspt,79,541,708,620,629
5e390bd4ac264,t,ta,88,129,308,217,220
5e390bd4ac264,a,an,91,296,459,387,368
5e390bd4ac264,n,ne,72,174,317,246,245
5e390bd4ac264,e,es,71,147,288,218,217
5e390bd4ac264,s,sspace,70,353,491,423,421
5e390bd4ac264,space,spacem,68,545,684,613,616
5e390bd4ac264,m,ma,71,210,370,281,299
5e390bd4ac264,a,an,89,293,423,382,334
5e390bd4ac264,n,nu,41,260,406,301,365
5e390bd4ac264,u,us,105,162,336,267,231
5e390bd4ac264,s,ss,69,163,306,232,237
5e390bd4ac264,s,si,74,345,506,419,432
5e390bd4ac264,i,ir,87,230,356,317,269
5e390bd4ac264,r,ri,39,244,355,283,316
5e390bd4ac264,i,ip,72,446,575,518,503
5e390bd4ac264,p,pe,57,243,371,300,314
5e390bd4ac264,e,en,71,343,486,414,415
5e390bd4ac264,n,np,72,-418047,-417932,-417975,-418004
5e390bddcfeff,p,pr,43,1199,1280,1242,1237
5e390bddcfeff,r,ra,38,993,1072,1031,1034
5e390bddcfeff,a,aw,41,442,522,483,481
5e390bddcfeff,w,wi,39,897,975,936,936
5e390bddcfeff,i,in,39,510,591,549,552
5e390bddcfeff,n,nspace,42,1322,1423,1364,1381
5e390bddcfeff,space,spacea,59,523,628,582,569
5e390bddcfeff,a,ak,46,590,708,636,662
5e390bddcfeff,k,ks,72,796,926,868,854
5e390bddcfeff,s,sh,58,629,757,687,699
5e390bddcfeff,h,ha,70,1256,1370,1326,1300
5e390bddcfeff,a,ar,44,559,643,603,599
5e390bddcfeff,r,ra,40,1157,1241,1197,1201
5e390bddcfeff,a,am,44,508,611,552,567
5e390bddcfeff,m,ma,59,608,709,667,650
5e390bddcfeff,a,at,42,2323,2439,2365,2397
5e390bddcfeff,t,tp,74,61047,61180,61121,61106
5e390bddcfeff,p,pr,59,825,959,884,900
5e390bddcfeff,r,ra,75,260,424,335,349
5e390bddcfeff,a,aw,89,126,272,215,183
5e390bddcfeff,w,wi,57,728,857,785,800
5e390bddcfeff,i,ispace,72,1403,1555,1475,1483
5e390bddcfeff,space,spacea,80,328,468,408,388
5e390bddcfeff,a,ak,60,607,772,667,712
5e390bddcfeff,k,ks,105,478,656,583,551
5e390bddcfeff,s,sh,73,444,611,517,538
5e390bddcfeff,h,ha,94,688,875,782,781
5e390bddcfeff,a,ar,93,239,422,332,329
5e390bddcfeff,r,ra,90,210,356,300,266
5e390bddcfeff,a,am,56,577,746,633,690
5e390bddcfeff,m,ma,113,404,579,517,466
5e390bddcfeff,a,at,62,425,561,487,499
5e390bddcfeff,t,tp,74,48442,48590,48516,48516
5e390bddcfeff,p,pr,74,594,775,668,701
5e390bddcfeff,r,ra,107,242,422,349,315
5e390bddcfeff,a,aw,73,128,255,201,182
5e390bddcfeff,w,wi,54,546,675,600,621
5e390bddcfeff,i,in,75,194,371,269,296
5e390bddcfeff,n,nspace,102,915,1074,1017,972
5e390bddcfeff,space,spacea,57,339,441,396,384
5e390bddcfeff,a,ak,45,493,624,538,579
5e390bddcfeff,k,ks,86,613,786,699,700
5e390bddcfeff,s,sh,87,412,610,499,523
5e390bddcfeff,h,ha,111,243,453,354,342
5e390bddcfeff,a,ar,99,188,387,287,288
5e390bddcfeff,r,ra,100,226,380,326,280
5e390bddcfeff,a,am,54,340,523,394,469
5e390bddcfeff,m,ma,129,376,576,505,447
5e390bddcfeff,a,at,71,613,772,684,701
5e390bddcfeff,t,tmeta1,88,428,576,516,488
5e390bddcfeff,meta1,meta1p,60,47476,47623,47536,47563
5e390bddcfeff,p,pr,87,662,839,749,752
5e390bddcfeff,r,ra,90,177,339,267,249
5e390bddcfeff,a,aw,72,105,256,177,184
5e390bddcfeff,w,wi,79,495,679,574,600
5e390bddcfeff,i,in,105,144,322,249,217
5e390bddcfeff,n,nspace,73,1109,1243,1182,1170
5e390bddcfeff,space,spacea,61,223,358,284,297
5e390bddcfeff,a,ak,74,393,594,467,520
5e390bddcfeff,k,ks,127,358,541,485,414
5e390bddcfeff,s,sh,56,409,537,465,481
5e390bddcfeff,h,ha,72,327,473,399,401
5e390bddcfeff,a,ar,74,311,508,385,434
5e390bddcfeff,r,ra,123,160,339,283,216
5e390bddcfeff,a,am,56,577,723,633,667
5e390bddcfeff,m,ma,90,409,593,499,503
5e390bddcfeff,a,at,94,392,558,486,464
5e390bddcfeff,t,tr,72,44501,44677,44573,44605
5e390bddcfeff,r,ra,104,174,385,278,281
5e390bddcfeff,a,aw,107,104,287,211,180
5e390bddcfeff,w,wi,76,546,695,622,619
5e390bddcfeff,i,in,73,262,409,335,336
5e390bddcfeff,n,nspace,74,1257,1404,1331,1330
5e390bddcfeff,space,spacea,73,292,403,365,330
5e390bddcfeff,a,ak,38,365,492,403,454
5e390bddcfeff,k,ks,89,514,658,603,569
5e390bddcfeff,s,sh,55,458,587,513,532
5e390bddcfeff,h,ha,74,275,441,349,367
5e390bddcfeff,a,ar,92,192,391,284,299
5e390bddcfeff,r,ra,107,121,290,228,183
5e390bddcfeff,a,am,62,395,549,457,487
5e390bddcfeff,m,ma,92,389,555,481,463
5e390bddcfeff,a,at,74,327,473,401,399
5e390bddcfeff,t,tp,72,53316,53447,53388,53375
5e390bddcfeff,p,pr,59,554,703,613,644
5e390bddcfeff,r,ra,90,328,512,418,422
5e390bddcfeff,a,aw,94,101,272,195,178
5e390bddcfeff,w,wi,77,597,762,674,685
5e390bddcfeff,i,in,88,178,354,266,266
5e390bddcfeff,n,nspace,88,162,354,250,266
5e390bddcfeff,space,spacea,104,460,623,564,519
5e390bddcfeff,a,ak,59,660,808,719,749
5e390bddcfeff,k,ks,89,462,642,551,553
5e390bddcfeff,s,sh,91,590,788,681,697
5e390bddcfeff,h,ha,107,277,456,384,349
5e390bddcfeff,a,ar,72,261,406,333,334
5e390bddcfeff,r,ra,73,309,456,382,383
5e390bddcfeff,a,am,74,527,693,601,619
5e390bddcfeff,m,ma,92,339,526,431,434
5e390bddcfeff,a,at,95,274,446,369,351
5e390bddcfeff,t,tr,77,52844,53030,52921,52953
5e390bddcfeff,r,ra,109,208,390,317,281
5e390bddcfeff,a,aw,73,105,271,178,198
5e390bddcfeff,w,wi,93,556,726,649,633
5e390bddcfeff,i,in,77,417,560,494,483
5e390bddcfeff,n,nspace,66,936,1083,1002,1017
5e390bddcfeff,space,spacea,81,313,466,394,385
5e390bddcfeff,a,ak,72,395,557,467,485
5e390bddcfeff,k,ks,90,609,775,699,685
5e390bddcfeff,s,sh,76,359,543,435,467
5e390bddcfeff,h,ha,108,305,504,413,396
5e390bddcfeff,a,ar,91,211,392,302,301
5e390bddcfeff,r,ra,90,184,324,274,234
5e390bddcfeff,a,am,50,393,549,443,499
5e390bddcfeff,m,ma,106,461,624,567,518
5e390bddcfeff,a,at,57,361,489,418,432
5e390bddcfeff,t,tp,71,41966,42123,42037,42052
5e390bddcfeff,p,pr,86,645,839,731,753
5e390bddcfeff,r,ra,108,208,422,316,314
5e390bddcfeff,a,aw,106,126,289,232,183
5e390bddcfeff,w,wi,57,611,758,668,701
5e390bddcfeff,i,in,90,242,406,332,316
5e390bddcfeff,n,nspace,74,261,422,335,348
5e390bddcfeff,space,spacea,87,409,571,496,484
5e390bddcfeff,a,ak,75,427,593,502,518
5e390bddcfeff,k,ks,91,562,711,653,620
5e390bddcfeff,s,sh,58,556,688,614,630
5e390bddcfeff,h,ha,74,961,1111,1035,1037
5e390bddcfeff,a,ar,76,274,423,350,347
5e390bddcfeff,r,ra,73,178,306,251,233
5e390bddcfeff,a,am,55,395,540,450,485
5e390bddcfeff,m,ma,90,376,559,466,469
5e390bddcfeff,a,at,93,305,459,398,366
5e390bddcfeff,t,tp,61,39577,39743,39638,39682
5e390bddcfeff,p,pr,105,562,773,667,668
5e390bddcfeff,r,ra,106,158,389,264,283
5e390bddcfeff,a,aw,125,71,272,196,147
5e390bddcfeff,w,wi,76,446,615,522,539
5e390bddcfeff,i,in,93,257,438,350,345
5e390bddcfeff,n,nspace,88,126,306,214,218
5e390bddcfeff,space,spacea,92,493,643,585,551
5e390bddcfeff,a,ak,58,612,773,670,715
5e390bddcfeff,k,ks,103,429,605,532,502
5e390bddcfeff,s,sh,73,427,610,500,537
5e390bddcfeff,h,ha,110,270,454,380,344
5e390bddcfeff,a,ar,74,227,373,301,299
5e390bddcfeff,r,ra,72,162,290,234,218
5e390bddcfeff,a,am,56,629,775,685,719
5e390bddcfeff,m,ma,90,359,521,449,431
5e390bddcfeff,a,at,72,292,408,364,336
5e390bddcfeff,t,tp,44,39384,39494,39428,39450
5e390bddcfeff,p,pr,66,611,751,677,685
5e390bddcfeff,r,ra,74,208,354,282,280
5e390bddcfeff,a,aw,72,128,255,200,183
5e390bddcfeff,w,wi,55,613,777,668,722
5e390bddcfeff,i,in,109,192,389,301,280
5e390bddcfeff,n,nspace,88,293,470,381,382
5e390bddcfeff,space,spacea,89,429,576,518,487
5e390bddcfeff,a,ak,58,459,593,517,535
5e390bddcfeff,k,ks,76,475,623,551,547
5e390bddcfeff,s,sh,72,442,622,514,550
5e390bddcfeff,h,ha,108,423,607,531,499
5e390bddcfeff,a,ar,76,211,358,287,282
5e390bddcfeff,r,ra,71,228,341,299,270
5e390bddcfeff,a,am,42,676,825,718,783
5e390bddcfeff,m,ma,107,307,492,414,385
5e390bddcfeff,a,at,78,274,409,352,331
5e390bddcfeff,t,tmeta1,57,542,658,599,601
5e390bddcfeff,meta1,meta1@,59,875,1011,934,952
5e390bddcfeff,@,@normal,77,338,474,415,397
5e390bddcfeff,normal,normalg,59,541,660,600,601
5e390bddcfeff,g,gm,60,291,442,351,382
5e390bddcfeff,m,mbksp,91,2794,2976,2885,2885
5e390bddcfeff,bksp,bkspbksp,91,258,423,349,332
5e390bddcfeff,bksp,bkspbksp,74,210,357,284,283
5e390bddcfeff,bksp,bkspn,73,-109482,-109342,-109409,-109415
5e390d77af5fb,n,nu,67,147,283,214,216
5e390d77af5fb,u,ut,69,231,339,300,270
5e390d77af5fb,t,tt,39,118,200,157,161
5e390d77af5fb,t,ta,43,390,531,433,488
5e390d77af5fb,a,ap,98,71,262,169,164
5e390d77af5fb,p,po,93,74,260,167,167
5e390d77af5fb,o,on,93,162,310,255,217
5e390d77af5fb,n,nspace,55,123,255,178,200
5e390d77af5fb,space,spacep,77,383,529,460,452
5e390d77af5fb,p,pa,69,93,253,162,184
5e390d77af5fb,a,an,91,159,321,250,230
5e390d77af5fb,n,np,71,244,376,315,305
5e390d77af5fb,p,pr,61,152,272,213,211
5e390d77af5fb,r,rs,59,464,610,523,551
5e390d77af5fb,s,si,87,121,289,208,202
5e390d77af5fb,i,it,81,146,295,227,214
5e390d77af5fb,t,tw,68,197,337,265,269
5e390d77af5fb,w,wh,72,878,1021,950,949
5e390d77af5fb,h,hbksp,71,1680,1841,1751,1770
5e390d77af5fb,bksp,bkspbksp,90,69,252,159,162
5e390d77af5fb,bksp,bkspbksp,93,74,245,167,152
5e390d77af5fb,bksp,bkspbksp,78,294,428,372,350
5e390d77af5fb,bksp,bkspw,56,563,693,619,637
5e390d77af5fb,w,we,74,208,353,282,279
5e390d77af5fb,e,ec,71,329,490,400,419
5e390d77af5fb,c,ch,90,360,539,450,449
5e390d77af5fb,h,hn,89,35413,35575,35502,35486
5e390d77af5fb,n,nu,73,227,387,300,314
5e390d77af5fb,u,ut,87,231,373,318,286
5e390d77af5fb,t,tt,55,88,220,143,165
5e390d77af5fb,t,th,77,244,397,321,320
5e390d77af5fb,h,ha,76,309,473,385,397
5e390d77af5fb,a,ap,88,234,407,322,319
5e390d77af5fb,p,po,85,85,266,170,181
5e390d77af5fb,o,on,96,247,431,343,335
5e390d77af5fb,n,np,88,4578,4757,4666,4669
5e390d77af5fb,p,pu,91,226,386,317,295
5e390d77af5fb,u,un,69,195,337,264,268
5e390d77af5fb,n,np,73,177,322,250,249
5e390d77af5fb,p,pr,72,1015,1141,1087,1069
5e390d77af5fb,r,ra,54,173,305,227,251
5e390d77af5fb,a,as,78,158,325,236,247
5e390d77af5fb,s,si,89,130,289,219,200
5e390d77af5fb,i,it,70,129,271,199,201
5e390d77af5fb,t,tw,72,215,356,287,284
5e390d77af5fb,w,wr,69,262,421,331,352
5e390d77af5fb,r,rc,90,293,457,383,367
5e390d77af5fb,c,ch,74,139,305,213,231
5e390d77af5fb,h,hbksp,92,845,1028,937,936
5e390d77af5fb,bksp,bkspbksp,91,91,253,182,162
5e390d77af5fb,bksp,bkspbksp,71,78,223,149,152
5e390d77af5fb,bksp,bkspe,74,413,559,487,485
5e390d77af5fb,e,ec,72,328,471,400,399
5e390d77af5fb,c,ch,71,146,285,217,214
5e390d77af5fb,h,hn,68,29899,30056,29967,29988
5e390d77af5fb,n,nu,89,223,403,312,314
5e390d77af5fb,u,ut,91,229,391,320,300
5e390d77af5fb,t,tt,71,91,238,162,167
5e390d77af5fb,t,th,76,269,413,345,337
5e390d77af5fb,h,ha,68,292,419,360,351
5e390d77af5fb,a,ap,59,160,304,219,245
5e390d77af5fb,p,po,85,128,304,213,219
5e390d77af5fb,o,on,91,276,443,367,352
5e390d77af5fb,n,np,76,594,761,670,685
5e390d77af5fb,p,pu,91,189,371,280,280
5e390d77af5fb,u,un,91,213,376,304,285
5e390d77af5fb,n,np,72,212,369,284,297
5e390d77af5fb,p,pr,85,207,384,292,299
5e390d77af5fb,r,ra,92,266,429,358,337
5e390d77af5fb,a,as,71,274,404,345,333
5e390d77af5fb,s,si,59,528,659,587,600
5e390d77af5fb,i,it,72,160,319,232,247
5e390d77af5fb,t,tw,87,517,689,604,602
5e390d77af5fb,w,we,85,142,300,227,215
5e390d77af5fb,e,ec,73,1031,1160,1104,1087
5e390d77af5fb,c,cj,56,178,259,234,203
5e390d77af5fb,j,jh,25,1142,1236,1167,1211
5e390d77af5fb,h,hn,69,29202,29353,29271,29284
5e390d77af5fb,n,nu,82,167,284,249,202
5e390d77af5fb,u,ut,35,196,267,231,232
5e390d77af5fb,t,tt,36,104,203,140,167
5e390d77af5fb,t,th,63,104,246,167,183
5e390d77af5fb,h,ha,79,182,347,261,268
5e390d77af5fb,a,ap,86,214,385,300,299
5e390d77af5fb,p,po,85,530,686,615,601
5e390d77af5fb,o,on,71,195,354,266,283
5e390d77af5fb,n,nspace,88,171,339,259,251
5e390d77af5fb,space,spacep,80,244,396,324,316
5e390d77af5fb,p,pu,72,564,706,636,634
5e390d77af5fb,u,un,70,162,301,232,231
5e390d77af5fb,n,np,69,179,319,248,250
5e390d77af5fb,p,pr,71,313,456,384,385
5e390d77af5fb,r,ra,72,116,256,188,184
5e390d77af5fb,a,as,68,201,349,269,281
5e390d77af5fb,s,si,80,163,313,243,233
5e390d77af5fb,i,it,70,197,322,267,252
5e390d77af5fb,t,tw,55,259,405,314,350
5e390d77af5fb,w,we,91,164,281,255,190
5e390d77af5fb,e,ec,26,289,385,315,359
5e390d77af5fb,c,ch,70,228,388,298,318
5e390d77af5fb,h,hn,90,26562,26761,26652,26671
5e390d77af5fb,n,nu,109,241,423,350,314
5e390d77af5fb,u,ut,73,182,321,255,248
5e390d77af5fb,t,tt,66,96,233,162,167
5e390d77af5fb,t,th,71,167,323,238,252
5e390d77af5fb,h,ha,85,92,284,177,199
5e390d77af5fb,a,ap,107,129,323,236,216
5e390d77af5fb,p,po,87,91,255,178,168
5e390d77af5fb,o,on,77,232,362,309,285
5e390d77af5fb,n,nspace,53,160,301,213,248
5e390d77af5fb,space,spaceu,88,1093,1254,1181,1166
5e390d77af5fb,u,un,73,182,322,255,249
5e390d77af5fb,n,np,67,181,334,248,267
5e390d77af5fb,p,pr,86,180,321,266,235
5e390d77af5fb,r,ra,55,262,390,317,335
5e390d77af5fb,a,as,73,229,387,302,314
5e390d77af5fb,s,si,85,246,385,331,300
5e390d77af5fb,i,it,54,198,320,252,266
5e390d77af5fb,t,tw,68,398,539,466,471
5e390d77af5fb,w,we,73,128,269,201,196
5e390d77af5fb,e,ec,68,400,538,468,470
5e390d77af5fb,c,ch,70,211,335,281,265
5e390d77af5fb,h,hbksp,54,2304,2456,2358,2402
5e390d77af5fb,bksp,bkspbksp,98,53,228,151,130
5e390d77af5fb,bksp,bkspbksp,77,73,228,150,151
5e390d77af5fb,bksp,bkspbksp,78,68,228,146,150
5e390d77af5fb,bksp,bkspp,82,970,1133,1052,1051
5e390d77af5fb,p,po,81,129,263,210,182
5e390d77af5fb,o,on,53,229,352,282,299
5e390d77af5fb,n,nspace,70,324,472,394,402
5e390d77af5fb,space,spacep,78,1211,1346,1289,1268
5e390d77af5fb,p,pbksp,57,778,923,835,866
5e390d77af5fb,bksp,bkspp,88,1195,1355,1283,1267
5e390d77af5fb,p,pn,72,27098,27238,27170,27166
5e390d77af5fb,n,nu,68,245,385,313,317
5e390d77af5fb,u,ut,72,146,272,218,200
5e390d77af5fb,t,tt,54,114,220,168,166
5e390d77af5fb,t,th,52,166,286,218,234
5e390d77af5fb,h,ha,68,364,519,432,451
5e390d77af5fb,a,ap,87,376,535,463,448
5e390d77af5fb,p,po,72,297,457,369,385
5e390d77af5fb,o,on,88,255,420,343,332
5e390d77af5fb,n,nu,77,816,944,893,867
5e390d77af5fb,u,un,51,194,301,245,250
5e390d77af5fb,n,np,56,171,306,227,250
5e390d77af5fb,p,pr,79,181,328,260,249
5e390d77af5fb,r,ra,68,231,386,299,318
5e390d77af5fb,a,as,87,182,353,269,266
5e390d77af5fb,s,si,84,216,384,300,300
5e390d77af5fb,i,it,84,215,367,299,283
5e390d77af5fb,t,tw,68,297,453,365,385
5e390d77af5fb,w,we,88,125,287,213,199
5e390d77af5fb,e,ec,74,231,373,305,299
5e390d77af5fb,c,ch,68,199,320,267,252
5e390d77af5fb,h,hn,53,28058,28186,28111,28133
5e390d77af5fb,n,nu,75,197,358,272,283
5e390d77af5fb,u,ut,86,145,285,231,199
5e390d77af5fb,t,tt,54,114,221,168,167
5e390d77af5fb,t,th,53,157,284,210,231
5e390d77af5fb,h,ha,74,304,478,378,404
5e390d77af5fb,a,ap,100,102,284,202,184
5e390d77af5fb,p,po,82,105,281,187,199
5e390d77af5fb,o,on,94,243,411,337,317
5e390d77af5fb,n,nu,74,908,1056,982,982
5e390d77af5fb,u,un,74,162,290,236,216
5e390d77af5fb,n,nr,54,342,489,396,435
5e390d77af5fb,r,ra,93,248,410,341,317
5e390d77af5fb,a,as,69,176,335,245,266
5e390d77af5fb,s,si,90,197,357,287,267
5e390d77af5fb,i,it,70,710,838,780,768
5e390d77af5fb,t,tbksp,58,2456,2590,2514,2532
5e390d77af5fb,bksp,bkspbksp,76,89,242,165,166
5e390d77af5fb,bksp,bkspbksp,77,71,209,148,132
5e390d77af5fb,bksp,bkspbksp,61,263,381,324,320
5e390d77af5fb,bksp,bkspp,57,348,474,405,417
5e390d77af5fb,p,pr,69,144,284,213,215
5e390d77af5fb,r,ra,71,179,340,250,269
5e390d77af5fb,a,as,90,174,337,264,247
5e390d77af5fb,s,si,73,126,273,199,200
5e390d77af5fb,i,it,74,163,292,237,218
5e390d77af5fb,t,te,55,309,455,364,400
5e390d77af5fb,e,ew,91,627,792,718,701
5e390d77af5fb,w,wbksp,74,535,673,609,599
5e390d77af5fb,bksp,bkspbksp,64,144,262,208,198
5e390d77af5fb,bksp,bkspbksp,54,315,455,369,401
5e390d77af5fb,bksp,bkspw,86,414,559,500,473
5e390d77af5fb,w,we,59,118,253,177,194
5e390d77af5fb,e,ec,76,362,509,438,433
5e390d77af5fb,c,ch,71,152,271,223,200
5e390d77af5fb,h,hn,48,27748,27868,27796,27820
5e390d77af5fb,n,nu,72,196,321,268,249
5e390d77af5fb,u,ut,53,165,285,218,232
5e390d77af5fb,t,tt,67,91,235,158,168
5e390d77af5fb,t,th,77,129,277,206,200
5e390d77af5fb,h,ha,71,328,473,399,402
5e390d77af5fb,a,ap,74,195,338,269,264
5e390d77af5fb,p,po,69,499,636,568,567
5e390d77af5fb,o,on,68,163,284,231,216
5e390d77af5fb,n,nspace,53,108,222,161,169
5e390d77af5fb,space,spacep,61,196,326,257,265
5e390d77af5fb,p,pu,69,432,572,501,503
5e390d77af5fb,u,un,71,192,302,263,231
5e390d77af5fb,n,np,39,180,288,219,249
5e390d77af5fb,p,pr,69,183,318,252,249
5e390d77af5fb,r,ra,66,174,319,240,253
5e390d77af5fb,a,as,79,378,546,457,467
5e390d77af5fb,s,si,89,162,320,251,231
5e390d77af5fb,i,it,69,130,286,199,217
5e390d77af5fb,t,tw,87,246,425,333,338
5e390d77af5fb,w,we,92,125,287,217,195
5e390d77af5fb,e,ec,70,231,371,301,301
5e390d77af5fb,c,ch,70,247,355,317,285
5e390d77af5fb,h,hn,38,27015,27140,27053,27102
5e390d77af5fb,n,nu,87,281,437,368,350
5e390d77af5fb,u,ut,69,144,266,213,197
5e390d77af5fb,t,tt,53,114,220,167,167
5e390d77af5fb,t,th,53,217,321,270,268
5e390d77af5fb,h,ha,51,229,368,280,317
5e390d77af5fb,a,ap,88,131,304,219,216
5e390d77af5fb,p,po,85,97,251,182,166
5e390d77af5fb,o,on,69,194,321,263,252
5e390d77af5fb,n,np,58,560,724,618,666
5e390d77af5fb,p,pu,106,263,425,369,319
5e390d77af5fb,u,un,56,160,285,216,229
5e390d77af5fb,n,np,69,179,337,248,268
5e390d77af5fb,p,pr,89,186,339,275,250
5e390d77af5fb,r,ra,64,297,450,361,386
5e390d77af5fb,a,as,89,229,404,318,315
5e390d77af5fb,s,si,86,278,436,364,350
5e390d77af5fb,i,it,72,195,356,267,284
5e390d77af5fb,t,tw,89,415,558,504,469
5e390d77af5fb,w,we,54,143,266,197,212
5e390d77af5fb,e,ec,69,295,455,364,386
5e390d77af5fb,c,ch,91,161,306,252,215
5e390d77af5fb,h,hn,54,28196,28326,28250,28272
5e390d77af5fb,n,nu,76,330,489,406,413
5e390d77af5fb,u,ut,83,182,317,265,234
5e390d77af5fb,t,tt,52,111,202,163,150
5e390d77af5fb,t,th,39,199,321,238,282
5e390d77af5fb,h,ha,83,198,384,281,301
5e390d77af5fb,a,ap,103,129,319,232,216
5e390d77af5fb,p,po,87,95,253,182,166
5e390d77af5fb,o,on,71,183,306,254,235
5e390d77af5fb,n,nu,52,893,1018,945,966
5e390d77af5fb,u,un,73,164,291,237,218
5e390d77af5fb,n,np,54,178,303,232,249
5e390d77af5fb,p,pr,71,462,606,533,535
5e390d77af5fb,r,ra,73,169,337,242,264
5e390d77af5fb,a,as,95,168,364,263,269
5e390d77af5fb,s,si,101,119,299,220,198
5e390d77af5fb,i,it,79,244,396,323,317
5e390d77af5fb,t,tw,73,265,410,338,337
5e390d77af5fb,w,we,72,128,286,200,214
5e390d77af5fb,e,ec,86,314,487,400,401
5e390d77af5fb,c,ch,87,162,302,249,215
5e390d77af5fb,h,hw,53,-332510,-332374,-332457,-332427
5e390d88e0d6d,w,wi,83,1017,1181,1100,1098
5e390d88e0d6d,i,iy,81,269,418,350,337
5e390d88e0d6d,y,ya,68,113,283,181,215
5e390d88e0d6d,a,ak,102,268,466,370,364
5e390d88e0d6d,k,ko,96,121,281,217,185
5e390d88e0d6d,o,or,64,237,400,301,336
5e390d88e0d6d,r,rn,99,245,417,344,318
5e390d88e0d6d,n,nspace,73,6939,7088,7012,7015
5e390d88e0d6d,space,spacep,76,820,993,896,917
5e390d88e0d6d,p,ph,97,331,514,428,417
5e390d88e0d6d,h,ho,86,327,504,413,418
5e390d88e0d6d,o,oo,91,108,289,199,198
5e390d88e0d6d,o,om,90,312,506,402,416
5e390d88e0d6d,m,mj,104,281,471,385,367
5e390d88e0d6d,j,jr,86,696,870,782,784
5e390d88e0d6d,r,ro,88,462,623,550,535
5e390d88e0d6d,o,oe,73,241,422,314,349
5e390d88e0d6d,e,en,108,291,508,399,400
5e390d88e0d6d,n,nw,109,160,360,269,251
5e390d88e0d6d,w,wt,91,567,739,658,648
5e390d88e0d6d,t,tbksp,81,52163,52335,52244,52254
5e390d88e0d6d,bksp,bkspw,91,667,856,758,765
5e390d88e0d6d,w,wa,98,194,399,292,301
5e390d88e0d6d,a,ai,107,649,858,756,751
5e390d88e0d6d,i,iy,102,183,365,285,263
5e390d88e0d6d,y,ya,80,202,430,282,350
5e390d88e0d6d,a,ak,148,170,416,318,268
5e390d88e0d6d,k,ko,98,134,330,232,232
5e390d88e0d6d,o,or,98,329,558,427,460
5e390d88e0d6d,r,rn,131,216,441,347,310
5e390d88e0d6d,n,nspace,94,777,967,871,873
5e390d88e0d6d,space,spacep,96,357,523,453,427
5e390d88e0d6d,p,ph,70,1326,1489,1396,1419
5e390d88e0d6d,h,ho,93,157,325,250,232
5e390d88e0d6d,o,oo,75,104,258,179,183
5e390d88e0d6d,o,om,79,311,496,390,417
5e390d88e0d6d,m,mj,106,176,388,282,282
5e390d88e0d6d,j,jr,106,625,805,731,699
5e390d88e0d6d,r,ra,74,2826,3009,2900,2935
5e390d88e0d6d,a,ar,109,528,711,637,602
5e390d88e0d6d,r,ro,74,204,406,278,332
5e390d88e0d6d,o,oe,128,126,395,254,267
5e390d88e0d6d,e,en,141,258,489,399,348
5e390d88e0d6d,n,nw,90,163,360,253,270
5e390d88e0d6d,w,wa,107,191,423,298,316
5e390d88e0d6d,a,at,125,493,691,618,566
5e390d88e0d6d,t,te,73,42449,42608,42522,42535
5e390d88e0d6d,e,ea,86,477,621,563,535
5e390d88e0d6d,a,abksp,58,639,775,697,717
5e390d88e0d6d,bksp,bkspbksp,78,110,261,188,183
5e390d88e0d6d,bksp,bkspw,73,478,655,551,582
5e390d88e0d6d,w,wi,104,615,807,719,703
5e390d88e0d6d,i,iy,88,225,387,313,299
5e390d88e0d6d,y,yk,74,445,589,519,515
5e390d88e0d6d,k,ko,70,120,286,190,216
5e390d88e0d6d,o,or,96,164,330,260,234
5e390d88e0d6d,r,rn,70,243,386,313,316
5e390d88e0d6d,n,nspace,73,1481,1695,1554,1622
5e390d88e0d6d,space,spacep,141,1123,1352,1264,1211
5e390d88e0d6d,p,ph,88,580,757,668,669
5e390d88e0d6d,h,ho,89,1176,1388,1265,1299
5e390d88e0d6d,o,oo,123,131,324,254,201
5e390d88e0d6d,o,om,70,243,439,313,369
5e390d88e0d6d,m,mj,126,174,406,300,280
5e390d88e0d6d,j,ja,106,193,427,299,321
5e390d88e0d6d,a,ar,128,341,559,469,431
5e390d88e0d6d,r,ro,90,392,578,482,488
5e390d88e0d6d,o,oe,96,190,428,286,332
5e390d88e0d6d,e,en,142,240,505,382,363
5e390d88e0d6d,n,nw,123,109,338,232,215
5e390d88e0d6d,w,wt,106,463,675,569,569
5e390d88e0d6d,t,tt,106,2475,2673,2581,2567
5e390d88e0d6d,t,tw,92,35593,35778,35685,35686
5e390d88e0d6d,w,wa,93,210,410,303,317
5e390d88e0d6d,a,ai,107,611,806,718,699
5e390d88e0d6d,i,iy,88,194,402,282,314
5e390d88e0d6d,y,yk,120,538,758,658,638
5e390d88e0d6d,k,ko,100,142,331,242,231
5e390d88e0d6d,o,or,89,711,874,800,785
5e390d88e0d6d,r,rn,74,276,474,350,400
5e390d88e0d6d,n,nspace,124,526,739,650,615
5e390d88e0d6d,space,spacep,89,215,403,304,314
5e390d88e0d6d,p,ph,99,326,552,425,453
5e390d88e0d6d,h,ho,127,394,627,521,500
5e390d88e0d6d,o,oo,106,194,389,300,283
5e390d88e0d6d,o,om,89,480,693,569,604
5e390d88e0d6d,m,mj,124,157,420,281,296
5e390d88e0d6d,j,jr,139,661,906,800,767
5e390d88e0d6d,r,ro,106,411,589,517,483
5e390d88e0d6d,o,oe,72,211,406,283,334
5e390d88e0d6d,e,en,123,226,456,349,333
5e390d88e0d6d,n,nw,107,143,339,250,232
5e390d88e0d6d,w,wa,89,179,359,268,270
5e390d88e0d6d,a,at,91,292,472,383,381
5e390d88e0d6d,t,tw,89,47245,47410,47334,47321
5e390d88e0d6d,w,wi,76,1129,1310,1205,1234
5e390d88e0d6d,i,iy,105,462,637,567,532
5e390d88e0d6d,y,ya,70,690,854,760,784
5e390d88e0d6d,a,ak,94,1128,1293,1222,1199
5e390d88e0d6d,k,ko,71,143,302,214,231
5e390d88e0d6d,o,or,88,312,512,400,424
5e390d88e0d6d,r,rn,112,225,423,337,311
5e390d88e0d6d,n,n.,86,252,419,338,333
5e390d88e0d6d,.,.p,81,1214,1367,1295,1286
5e390d88e0d6d,p,ph,72,362,539,434,467
5e390d88e0d6d,h,hbksp,105,1887,2120,1992,2015
5e390d88e0d6d,bksp,bkspbksp,128,111,326,239,198
5e390d88e0d6d,bksp,bkspbksp,87,1364,1553,1451,1466
5e390d88e0d6d,bksp,bkspspace,102,448,607,550,505
5e390d88e0d6d,space,spacep,57,693,823,750,766
5e390d88e0d6d,p,ph,73,727,909,800,836
5e390d88e0d6d,h,ho,109,541,741,650,632
5e390d88e0d6d,o,oo,91,140,303,231,212
5e390d88e0d6d,o,om,72,329,493,401,421
5e390d88e0d6d,m,mj,92,178,355,270,263
5e390d88e0d6d,j,jr,85,563,771,648,686
5e390d88e0d6d,r,ro,123,244,455,367,332
5e390d88e0d6d,o,oe,88,178,353,266,265
5e390d88e0d6d,e,en,87,243,437,330,350
5e390d88e0d6d,n,nw,107,130,361,237,254
5e390d88e0d6d,w,wa,124,143,389,267,265
5e390d88e0d6d,a,at,122,431,605,553,483
5e390d88e0d6d,t,tw,52,39930,40091,39982,40039
5e390d88e0d6d,w,wa,109,141,354,250,245
5e390d88e0d6d,a,au,104,264,474,368,370
5e390d88e0d6d,u,uk,106,654,886,760,780
5e390d88e0d6d,k,kbksp,126,1232,1461,1358,1335
5e390d88e0d6d,bksp,bkspi,103,761,952,864,849
5e390d88e0d6d,i,iy,88,248,436,336,348
5e390d88e0d6d,y,ya,100,136,370,236,270
5e390d88e0d6d,a,ak,134,993,1202,1127,1068
5e390d88e0d6d,k,ko,75,144,322,219,247
5e390d88e0d6d,o,or,103,215,438,318,335
5e390d88e0d6d,r,rn,120,168,368,288,248
5e390d88e0d6d,n,nspace,80,160,368,240,288
5e390d88e0d6d,space,spacep,128,93,324,221,196
5e390d88e0d6d,p,ph,103,330,544,433,441
5e390d88e0d6d,h,ho,111,134,320,245,209
5e390d88e0d6d,o,oo,75,143,308,218,233
5e390d88e0d6d,o,om,90,248,427,338,337
5e390d88e0d6d,m,mj,89,155,367,244,278
5e390d88e0d6d,j,ja,123,52,323,175,200
5e390d88e0d6d,a,ar,148,285,549,433,401
5e390d88e0d6d,r,ro,116,121,369,237,253
5e390d88e0d6d,o,oe,132,110,364,242,232
5e390d88e0d6d,e,en,122,127,372,249,250
5e390d88e0d6d,n,nw,123,515,721,638,598
5e390d88e0d6d,w,wt,83,391,552,474,469
5e390d88e0d6d,t,tw,78,41832,41998,41910,41920
5e390d88e0d6d,w,wa,88,210,403,298,315
5e390d88e0d6d,a,ai,105,627,823,732,718
5e390d88e0d6d,i,iy,91,177,338,268,247
5e390d88e0d6d,y,ya,70,166,339,236,269
5e390d88e0d6d,a,ak,103,194,388,297,285
5e390d88e0d6d,k,ko,91,127,306,218,215
5e390d88e0d6d,o,or,88,230,422,318,334
5e390d88e0d6d,r,rn,104,145,335,249,231
5e390d88e0d6d,n,nspace,86,896,1081,982,995
5e390d88e0d6d,space,spacep,99,215,405,314,306
5e390d88e0d6d,p,ph,91,648,826,739,735
5e390d88e0d6d,h,ho,87,542,703,629,616
5e390d88e0d6d,o,oo,74,144,307,218,233
5e390d88e0d6d,o,om,89,231,458,320,369
5e390d88e0d6d,m,mj,138,174,403,312,265
5e390d88e0d6d,j,jt,91,560,740,651,649
5e390d88e0d6d,t,to,89,428,612,517,523
5e390d88e0d6d,o,oe,95,224,423,319,328
5e390d88e0d6d,e,en,104,209,405,313,301
5e390d88e0d6d,n,nw,92,176,376,268,284
5e390d88e0d6d,w,wt,108,403,606,511,498
5e390d88e0d6d,t,ta,95,1862,2064,1957,1969
5e390d88e0d6d,a,at,107,593,810,700,703
5e390d88e0d6d,t,tw,110,37155,37356,37265,37246
5e390d88e0d6d,w,wa,91,728,894,819,803
5e390d88e0d6d,a,ai,75,652,842,727,767
5e390d88e0d6d,i,iy,115,176,379,291,264
5e390d88e0d6d,y,ya,88,129,338,217,250
5e390d88e0d6d,a,ak,121,162,371,283,250
5e390d88e0d6d,k,ko,88,130,288,218,200
5e390d88e0d6d,o,or,70,180,336,250,266
5e390d88e0d6d,r,rn,86,132,285,218,199
5e390d88e0d6d,n,nspace,67,197,370,264,303
5e390d88e0d6d,space,spacep,106,194,389,300,283
5e390d88e0d6d,p,ph,89,311,503,400,414
5e390d88e0d6d,h,ho,103,106,320,209,217
5e390d88e0d6d,o,oo,111,108,296,219,185
5e390d88e0d6d,o,om,77,245,428,322,351
5e390d88e0d6d,m,mj,106,180,372,286,266
5e390d88e0d6d,j,ja,86,109,319,195,233
5e390d88e0d6d,a,af,124,264,492,388,368
5e390d88e0d6d,f,fr,104,1088,1324,1192,1220
5e390d88e0d6d,r,rr,132,1189,1433,1321,1301
5e390d88e0d6d,r,ro,112,237,459,349,347
5e390d88e0d6d,o,oe,110,183,458,293,348
5e390d88e0d6d,e,en,165,561,854,726,689
5e390d88e0d6d,n,nw,128,90,323,218,195
5e390d88e0d6d,w,wa,105,162,390,267,285
5e390d88e0d6d,a,at,123,266,453,389,330
5e390d88e0d6d,t,tw,64,39902,40033,39966,39969
5e390d88e0d6d,w,wa,67,250,433,317,366
5e390d88e0d6d,a,ai,116,772,985,888,869
5e390d88e0d6d,i,iy,97,217,411,314,314
5e390d88e0d6d,y,ya,97,163,382,260,285
5e390d88e0d6d,a,ak,122,248,454,370,332
5e390d88e0d6d,k,ko,84,147,302,231,218
5e390d88e0d6d,o,or,71,265,458,336,387
5e390d88e0d6d,r,rn,122,260,436,382,314
5e390d88e0d6d,n,nspace,54,546,686,600,632
5e390d88e0d6d,space,spacep,86,1546,1720,1632,1634
5e390d88e0d6d,p,ph,88,848,1022,936,934
5e390d88e0d6d,h,ho,86,213,402,299,316
5e390d88e0d6d,o,oo,103,117,316,220,213
5e390d88e0d6d,o,om,96,204,449,300,353
5e390d88e0d6d,m,mj,149,190,467,339,318
5e390d88e0d6d,j,jr,128,545,779,673,651
5e390d88e0d6d,r,ro,106,295,505,401,399
5e390d88e0d6d,o,oe,104,146,339,250,235
5e390d88e0d6d,e,en,89,210,386,299,297
5e390d88e0d6d,n,nw,87,130,306,217,219
5e390d88e0d6d,w,wa,89,211,406,300,317
5e390d88e0d6d,a,at,106,492,687,598,581
5e390d88e0d6d,t,tw,89,40166,40326,40255,40237
5e390d88e0d6d,w,wa,71,161,337,232,266
5e390d88e0d6d,a,ai,105,545,740,650,635
5e390d88e0d6d,i,iy,90,159,353,249,263
5e390d88e0d6d,y,ya,104,90,324,194,220
5e390d88e0d6d,a,ak,130,109,344,239,214
5e390d88e0d6d,k,ko,105,112,307,217,202
5e390d88e0d6d,o,or,90,197,405,287,315
5e390d88e0d6d,r,rn,118,128,318,246,200
5e390d88e0d6d,n,np,72,1823,2007,1895,1935
5e390d88e0d6d,p,ph,112,961,1200,1073,1088
5e390d88e0d6d,h,ho,127,172,388,299,261
5e390d88e0d6d,o,oo,89,112,289,201,200
5e390d88e0d6d,o,om,88,248,425,336,337
5e390d88e0d6d,m,mj,89,143,320,232,231
5e390d88e0d6d,j,jr,88,530,720,618,632
5e390d88e0d6d,r,ro,102,230,420,332,318
5e390d88e0d6d,o,oe,88,144,338,232,250
5e390d88e0d6d,e,en,106,279,492,385,386
5e390d88e0d6d,n,nw,107,108,321,215,214
5e390d88e0d6d,w,wa,106,125,375,231,269
5e390d88e0d6d,a,at,144,226,440,370,296
5e390d88e0d6d,t,tj,70,-467756,-467599,-467686,-467669
5e390dbb867ea,shift,shiftP,64,150,250,214,186
5e390dbb867ea,P,Pshift,36,1131,1224,1167,1188
5e390dbb867ea,shift,shiftbksp,57,675,790,732,733
5e390dbb867ea,bksp,bkspp,58,1212,1324,1270,1266
5e390dbb867ea,p,pr,54,676,787,730,733
5e390dbb867ea,r,ra,57,193,289,250,232
5e390dbb867ea,a,an,39,280,373,319,334
5e390dbb867ea,n,nw,54,109,204,163,150
5e390dbb867ea,w,wa,41,195,288,236,247
5e390dbb867ea,a,as,52,181,269,233,217
5e390dbb867ea,s,sspace,36,266,340,302,304
5e390dbb867ea,space,spaces,38,241,319,279,281
5e390dbb867ea,s,sr,40,327,424,367,384
5e390dbb867ea,r,ri,57,226,323,283,266
5e390dbb867ea,i,in,40,327,407,367,367
5e390dbb867ea,n,na,40,106,189,146,149
5e390dbb867ea,a,an,43,88,160,131,117
5e390dbb867ea,n,nbksp,29,3536,3600,3565,3571
5e390dbb867ea,bksp,bkspbksp,35,105,198,140,163
5e390dbb867ea,bksp,bkspbksp,58,111,224,169,166
5e390dbb867ea,bksp,bkspa,55,562,673,617,618
5e390dbb867ea,a,an,56,408,538,464,482
5e390dbb867ea,n,na,74,132,242,206,168
5e390dbb867ea,a,an,36,103,201,139,165
5e390dbb867ea,n,np,62,47665,47765,47727,47703
5e390dbb867ea,p,pr,38,231,294,269,256
5e390dbb867ea,r,rn,25,608,659,633,634
5e390dbb867ea,n,nw,26,241,320,267,294
5e390dbb867ea,w,wa,53,165,253,218,200
5e390dbb867ea,a,as,35,229,296,264,261
5e390dbb867ea,s,sspace,32,853,944,885,912
5e390dbb867ea,space,spaces,59,359,457,418,398
5e390dbb867ea,s,sr,39,324,395,363,356
5e390dbb867ea,r,ri,32,419,492,451,460
5e390dbb867ea,i,in,41,426,504,467,463
5e390dbb867ea,n,na,37,107,220,144,183
5e390dbb867ea,a,an,76,91,209,167,133
5e390dbb867ea,n,na,42,4649,4796,4691,4754
5e390dbb867ea,a,an,105,425,587,530,482
5e390dbb867ea,n,na,57,93,189,150,132
5e390dbb867ea,a,an,39,161,225,200,186
5e390dbb867ea,n,np,25,34297,34364,34322,34339
5e390dbb867ea,p,pr,42,175,269,217,227
5e390dbb867ea,r,ra,52,198,302,250,250
5e390dbb867ea,a,an,52,217,301,269,249
5e390dbb867ea,n,nw,32,149,217,181,185
5e390dbb867ea,w,wa,36,177,254,213,218
5e390dbb867ea,a,as,41,195,272,236,231
5e390dbb867ea,s,sspace,36,496,569,532,533
5e390dbb867ea,space,spaces,37,232,295,269,258
5e390dbb867ea,s,sr,26,323,388,349,362
5e390dbb867ea,r,ri,39,231,335,270,296
5e390dbb867ea,i,ia,65,185,316,250,251
5e390dbb867ea,a,an,66,224,333,290,267
5e390dbb867ea,n,na,43,209,277,252,234
5e390dbb867ea,a,an,25,163,217,188,192
5e390dbb867ea,n,np,29,39259,39340,39288,39311
5e390dbb867ea,p,pr,52,162,250,214,198
5e390dbb867ea,r,ra,36,232,306,268,270
5e390dbb867ea,a,an,38,226,303,264,265
5e390dbb867ea,n,nw,39,134,203,173,164
5e390dbb867ea,w,wa,30,195,265,225,235
5e390dbb867ea,a,as,40,212,290,252,250
5e390dbb867ea,s,sspace,38,296,376,334,338
5e390dbb867ea,space,spaces,42,441,523,483,481
5e390dbb867ea,s,sr,40,360,432,400,392
5e390dbb867ea,r,ri,32,219,305,251,273
5e390dbb867ea,i,ia,54,145,253,199,199
5e390dbb867ea,a,an,54,128,238,182,184
5e390dbb867ea,n,na,56,113,207,169,151
5e390dbb867ea,a,an,38,119,203,157,165
5e390dbb867ea,n,np,46,30598,30700,30644,30654
5e390dbb867ea,p,pr,56,107,220,163,164
5e390dbb867ea,r,ra,57,198,309,255,252
5e390dbb867ea,a,an,54,179,258,233,204
5e390dbb867ea,n,nw,25,143,203,168,178
5e390dbb867ea,w,wa,35,183,269,218,234
5e390dbb867ea,a,as,51,180,268,231,217
5e390dbb867ea,s,sspace,37,163,239,200,202
5e390dbb867ea,space,spaces,39,292,407,331,368
5e390dbb867ea,s,sr,76,274,391,350,315
5e390dbb867ea,r,ri,41,179,256,220,215
5e390dbb867ea,i,ia,36,162,236,198,200
5e390dbb867ea,a,an,38,148,238,186,200
5e390dbb867ea,n,na,52,87,219,139,167
5e390dbb867ea,a,an,80,55,196,135,116
5e390dbb867ea,n,np,61,44020,44112,44081,44051
5e390dbb867ea,p,pr,31,169,264,200,233
5e390dbb867ea,r,ra,64,223,351,287,287
5e390dbb867ea,a,an,64,171,279,235,215
5e390dbb867ea,n,nw,44,108,210,152,166
5e390dbb867ea,w,wa,58,165,291,223,233
5e390dbb867ea,a,as,68,186,282,254,214
5e390dbb867ea,s,sspace,28,268,333,296,305
5e390dbb867ea,space,spaces,37,363,439,400,402
5e390dbb867ea,s,sr,39,625,705,664,666
5e390dbb867ea,r,ri,41,179,257,220,216
5e390dbb867ea,i,ia,37,520,604,557,567
5e390dbb867ea,a,an,47,162,244,209,197
5e390dbb867ea,n,na,35,124,202,159,167
5e390dbb867ea,a,an,43,103,176,146,133
5e390dbb867ea,n,np,30,51752,51829,51782,51799
5e390dbb867ea,p,pr,47,183,268,230,221
5e390dbb867ea,r,ra,38,176,288,214,250
5e390dbb867ea,a,an,74,108,225,182,151
5e390dbb867ea,n,na,43,307,392,350,349
5e390dbb867ea,a,as,42,184,275,226,233
5e390dbb867ea,s,ss,49,2731,2828,2780,2779
5e390dbb867ea,s,sbksp,48,724,813,772,765
5e390dbb867ea,bksp,bkspspace,41,240,316,281,275
5e390dbb867ea,space,spaces,35,164,228,199,193
5e390dbb867ea,s,sr,29,289,355,318,326
5e390dbb867ea,r,ri,37,194,284,231,247
5e390dbb867ea,i,ia,53,178,270,231,217
5e390dbb867ea,a,an,39,131,222,170,183
5e390dbb867ea,n,na,52,415,506,467,454
5e390dbb867ea,a,an,39,193,267,232,228
5e390dbb867ea,n,np,35,31002,31091,31037,31056
5e390dbb867ea,p,pr,54,612,702,666,648
5e390dbb867ea,r,ra,36,194,286,230,250
5e390dbb867ea,a,an,56,213,299,269,243
5e390dbb867ea,n,nw,30,152,210,182,180
5e390dbb867ea,w,wa,28,170,238,198,210
5e390dbb867ea,a,as,40,165,254,205,214
5e390dbb867ea,s,sspace,49,2867,2954,2916,2905
5e390dbb867ea,space,spaces,38,142,219,180,181
5e390dbb867ea,s,sr,39,292,376,331,337
5e390dbb867ea,r,ri,45,244,326,289,281
5e390dbb867ea,i,ia,37,174,268,211,231
5e390dbb867ea,a,an,57,131,224,188,167
5e390dbb867ea,n,na,36,90,187,126,151
5e390dbb867ea,a,an,61,112,211,173,150
5e390dbb867ea,n,np,38,39096,39176,39134,39138
5e390dbb867ea,p,pr,42,195,272,237,230
5e390dbb867ea,r,ra,35,216,288,251,253
5e390dbb867ea,a,an,37,162,225,199,188
5e390dbb867ea,n,nw,26,135,201,161,175
5e390dbb867ea,w,wa,40,167,258,207,218
5e390dbb867ea,a,as,51,164,252,215,201
5e390dbb867ea,s,ss,37,930,1003,967,966
5e390dbb867ea,s,sr,36,294,387,330,351
5e390dbb867ea,r,ri,57,294,390,351,333
5e390dbb867ea,i,in,39,353,421,392,382
5e390dbb867ea,n,na,29,129,198,158,169
5e390dbb867ea,a,an,40,123,204,163,164
5e390dbb867ea,n,np,41,33188,33286,33229,33245
5e390dbb867ea,p,pr,57,99,197,156,140
5e390dbb867ea,r,ra,41,253,325,294,284
5e390dbb867ea,a,an,31,129,185,160,154
5e390dbb867ea,n,nw,25,142,204,167,179
5e390dbb867ea,w,wa,37,193,255,230,218
5e390dbb867ea,a,as,25,208,259,233,234
5e390dbb867ea,s,sspace,26,142,226,168,200
5e390dbb867ea,space,spaces,58,127,211,185,153
5e390dbb867ea,s,sr,26,225,306,251,280
5e390dbb867ea,r,ri,55,196,277,251,222
5e390dbb867ea,i,ia,26,137,204,163,178
5e390dbb867ea,a,an,41,122,206,163,165
5e390dbb867ea,n,na,43,145,229,188,186
5e390dbb867ea,a,an,41,67,155,108,114
5e390dbb867ea,n,nc,47,-390381,-390292,-390334,-390339
5e390df46a144,shift,shiftW,58,427,525,485,467
5e390df46a144,W,WA,40,391,488,431,448
5e390df46a144,A,Abksp,57,1025,1124,1082,1067
5e390df46a144,bksp,bkspshift,42,477,574,519,532
5e390df46a144,shift,shiftr,55,376,475,431,420
5e390df46a144,r,ri,44,412,494,456,450
5e390df46a144,i,is,38,344,420,382,382
5e390df46a144,s,sbksp,38,830,906,868,868
5e390df46a144,bksp,bkspbksp,38,125,201,163,163
5e390df46a144,bksp,bkspbksp,38,612,685,650,647
5e390df46a144,bksp,bkspa,35,501,572,536,537
5e390df46a144,a,ar,36,778,855,814,819
5e390df46a144,r,ri,41,359,436,400,395
5e390df46a144,i,is,36,613,692,649,656
5e390df46a144,s,sspace,43,258,339,301,296
5e390df46a144,space,spacebksp,38,3807,3859,3845,3821
5e390df46a144,bksp,bkspw,14,943,1012,957,998
5e390df46a144,w,wa,55,1287,1405,1342,1350
5e390df46a144,a,ar,63,642,747,705,684
5e390df46a144,r,ri,42,746,824,788,782
5e390df46a144,i,is,36,577,669,613,633
5e390df46a144,s,sspace,56,276,373,332,317
5e390df46a144,space,spaces,41,2158,2243,2199,2202
5e390df46a144,s,su,44,924,1027,968,983
5e390df46a144,u,uk,59,343,458,402,399
5e390df46a144,k,kj,56,311,413,367,357
5e390df46a144,j,ja,46,403,489,449,443
5e390df46a144,a,ar,40,279,377,319,337
5e390df46a144,r,ro,58,388,489,446,431
5e390df46a144,o,oe,43,580,675,623,632
5e390df46a144,e,en,52,430,520,482,468
5e390df46a144,n,ni,38,39328,39406,39366,39368
5e390df46a144,i,ia,40,214,306,254,266
5e390df46a144,a,abksp,52,593,721,645,669
5e390df46a144,bksp,bkspbksp,76,69,189,145,113
5e390df46a144,bksp,bkspw,44,416,496,460,452
5e390df46a144,w,wa,36,88,183,124,147
5e390df46a144,a,ar,59,216,310,275,251
5e390df46a144,r,ri,35,246,318,281,283
5e390df46a144,i,is,37,446,522,483,485
5e390df46a144,s,sspace,39,161,240,200,201
5e390df46a144,space,spaces,40,477,573,517,533
5e390df46a144,s,su,56,210,306,266,250
5e390df46a144,u,uk,40,163,239,203,199
5e390df46a144,k,kj,36,104,169,140,133
5e390df46a144,j,ja,29,1195,1284,1224,1255
5e390df46a144,a,ar,60,257,354,317,294
5e390df46a144,r,ro,37,232,321,269,284
5e390df46a144,o,oe,52,244,339,296,287
5e390df46a144,e,en,43,743,825,786,782
5e390df46a144,n,nw,39,28232,28322,28271,28283
5e390df46a144,w,wa,51,107,200,158,149
5e390df46a144,a,ar,42,161,243,203,201
5e390df46a144,r,ri,40,229,322,269,282
5e390df46a144,i,is,53,266,357,319,304
5e390df46a144,s,sspace,38,143,218,181,180
5e390df46a144,space,spaces,37,250,339,287,302
5e390df46a144,s,su,52,211,301,263,249
5e390df46a144,u,uk,38,106,205,144,167
5e390df46a144,k,kj,61,107,211,168,150
5e390df46a144,j,ja,43,181,260,224,217
5e390df46a144,a,ar,36,146,218,182,182
5e390df46a144,r,ro,36,222,288,258,252
5e390df46a144,o,oe,30,189,263,219,233
5e390df46a144,e,en,44,511,593,555,549
5e390df46a144,n,nw,38,41285,41363,41323,41325
5e390df46a144,w,wa,40,109,186,149,146
5e390df46a144,a,ar,37,142,219,179,182
5e390df46a144,r,ri,40,217,308,257,268
5e390df46a144,i,is,51,195,284,246,233
5e390df46a144,s,sspace,38,162,228,200,190
5e390df46a144,space,spaces,28,189,271,217,243
5e390df46a144,s,su,54,197,288,251,234
5e390df46a144,u,uk,37,107,186,144,149
5e390df46a144,k,kj,42,113,182,155,140
5e390df46a144,j,ja,27,193,255,220,228
5e390df46a144,a,ar,35,145,208,180,173
5e390df46a144,r,ro,28,191,248,219,220
5e390df46a144,o,oe,29,172,236,201,207
5e390df46a144,e,en,35,265,337,300,302
5e390df46a144,n,nw,37,25263,25338,25300,25301
5e390df46a144,w,wa,38,125,203,163,165
5e390df46a144,a,ar,40,121,207,161,167
5e390df46a144,r,ri,46,230,314,276,268
5e390df46a144,i,is,38,426,504,464,466
5e390df46a144,s,sspace,40,296,391,336,351
5e390df46a144,space,spaces,55,226,337,281,282
5e390df46a144,s,su,56,194,290,250,234
5e390df46a144,u,uk,40,129,205,169,165
5e390df46a144,k,kj,36,109,171,145,135
5e390df46a144,j,ja,26,178,242,204,216
5e390df46a144,a,ar,38,144,221,182,183
5e390df46a144,r,ro,39,181,256,220,217
5e390df46a144,o,oe,36,164,236,200,200
5e390df46a144,e,en,36,245,318,281,282
5e390df46a144,n,nw,37,23047,23122,23084,23085
5e390df46a144,w,wa,38,105,189,143,151
5e390df46a144,a,ar,46,165,241,211,195
5e390df46a144,r,ri,30,219,279,249,249
5e390df46a144,i,is,30,179,253,209,223
5e390df46a144,s,sspace,44,148,228,192,184
5e390df46a144,space,spaces,36,155,249,191,213
5e390df46a144,s,su,58,200,294,258,236
5e390df46a144,u,uk,36,105,168,141,132
5e390df46a144,k,kj,27,108,178,135,151
5e390df46a144,j,ja,43,180,260,223,217
5e390df46a144,a,at,37,140,220,177,183
5e390df46a144,t,tbksp,43,1981,2079,2024,2036
5e390df46a144,bksp,bkspbksp,55,104,204,159,149
5e390df46a144,bksp,bkspr,45,546,661,591,616
5e390df46a144,r,ri,70,148,253,218,183
5e390df46a144,i,ie,35,167,247,202,212
5e390df46a144,e,ebksp,45,625,716,670,671
5e390df46a144,bksp,bkspbksp,46,744,830,790,784
5e390df46a144,bksp,bkspo,40,394,476,434,436
5e390df46a144,o,oe,42,262,339,304,297
5e390df46a144,e,en,35,250,334,285,299
5e390df46a144,n,nw,49,24481,24569,24530,24520
5e390df46a144,w,wa,39,103,203,142,164
5e390df46a144,a,ar,61,146,232,207,171
5e390df46a144,r,ri,25,358,420,383,395
5e390df46a144,i,is,37,535,624,572,587
5e390df46a144,s,sspace,52,126,218,178,166
5e390df46a144,space,spaces,40,122,221,162,181
5e390df46a144,s,su,59,216,311,275,252
5e390df46a144,u,uk,36,132,217,168,181
5e390df46a144,k,kj,49,92,188,141,139
5e390df46a144,j,ja,47,193,310,240,263
5e390df46a144,a,ar,70,130,236,200,166
5e390df46a144,r,ro,36,183,253,219,217
5e390df46a144,o,oe,34,158,249,192,215
5e390df46a144,e,en,57,232,327,289,270
5e390df46a144,n,nw,38,33565,33656,33603,33618
5e390df46a144,w,wa,53,89,203,142,150
5e390df46a144,a,ar,61,184,270,245,209
5e390df46a144,r,ri,25,224,292,249,267
5e390df46a144,i,is,43,387,469,430,426
5e390df46a144,s,sspace,39,611,690,650,651
5e390df46a144,space,spaces,40,278,374,318,334
5e390df46a144,s,su,56,194,301,250,245
5e390df46a144,u,uk,51,108,201,159,150
5e390df46a144,k,kj,42,109,180,151,138
5e390df46a144,j,ja,29,192,275,221,246
5e390df46a144,a,ar,54,136,238,190,184
5e390df46a144,r,ro,48,195,296,243,248
5e390df46a144,o,oe,53,180,260,233,207
5e390df46a144,e,en,27,272,340,299,313
5e390df46a144,n,ni,41,24435,24520,24476,24479
5e390df46a144,i,ia,44,216,299,260,255
5e390df46a144,a,am,39,213,303,252,264
5e390df46a144,m,mb,51,134,237,185,186
5e390df46a144,b,bbksp,52,349,453,401,401
5e390df46a144,bksp,bkspw,52,793,901,845,849
5e390df46a144,w,wa,56,89,205,145,149
5e390df46a144,a,ar,60,124,227,184,167
5e390df46a144,r,ri,43,195,277,238,234
5e390df46a144,i,is,39,161,238,200,199
5e390df46a144,s,sspace,38,124,205,162,167
5e390df46a144,space,spaces,43,106,210,149,167
5e390df46a144,s,su,61,198,296,259,235
5e390df46a144,u,uk,37,118,186,155,149
5e390df46a144,k,kj,31,103,180,134,149
5e390df46a144,j,ja,46,173,278,219,232
5e390df46a144,a,ar,59,125,226,184,167
5e390df46a144,r,ro,42,179,260,221,218
5e390df46a144,o,oe,39,178,244,217,205
5e390df46a144,e,en,27,242,308,269,281
5e390df46a144,n,ni,39,24214,24292,24253,24253
5e390df46a144,i,ia,39,191,269,230,230
5e390df46a144,a,am,39,211,277,250,238
5e390df46a144,m,mb,27,134,219,161,192
5e390df46a144,b,bo,58,150,243,208,185
5e390df46a144,o,os,35,382,484,417,449
5e390df46a144,s,ss,67,95,201,162,134
5e390df46a144,s,sbksp,39,312,387,351,348
5e390df46a144,bksp,bkspbksp,36,94,172,130,136
5e390df46a144,bksp,bkspbksp,42,87,159,129,117
5e390df46a144,bksp,bkspbksp,30,102,178,132,148
5e390df46a144,bksp,bkspbksp,46,125,190,171,144
5e390df46a144,bksp,bkspbksp,19,76,163,95,144
5e390df46a144,bksp,bkspbksp,68,85,213,153,145
5e390df46a144,bksp,bkspw,60,1285,1380,1345,1320
5e390df46a144,w,wa,35,110,199,145,164
5e390df46a144,a,ar,54,121,206,175,152
5e390df46a144,r,ri,31,226,285,257,254
5e390df46a144,i,is,28,258,341,286,313
5e390df46a144,s,sspace,55,186,267,241,212
5e390df46a144,space,spaces,26,115,195,141,169
5e390df46a144,s,su,54,201,290,255,236
5e390df46a144,u,uk,35,103,183,138,148
5e390df46a144,k,kj,45,89,195,134,150
5e390df46a144,j,ja,61,166,280,227,219
5e390df46a144,a,ar,53,125,219,178,166
5e390df46a144,r,ro,41,195,264,236,223
5e390df46a144,o,oe,28,174,238,202,210
5e390df46a144,e,en,36,549,616,585,580
5e390df46a144,n,nn,31,-281782,-281629,-281751,-281660
5e390e2b5a066,n,na,122,684,892,806,770
5e390e2b5a066,a,at,86,322,496,408,410
5e390e2b5a066,t,tt,88,93,256,181,168
5e390e2b5a066,t,ta,75,193,340,268,265
5e390e2b5a066,a,ap,72,297,475,369,403
5e390e2b5a066,p,ph,106,226,438,332,332
5e390e2b5a066,h,ho,106,212,439,318,333
5e390e2b5a066,o,on,121,260,487,381,366
5e390e2b5a066,n,nspace,106,1255,1439,1361,1333
5e390e2b5a066,space,spacep,78,298,499,376,421
5e390e2b5a066,p,ph,123,290,523,413,400
5e390e2b5a066,h,ha,110,608,794,718,684
5e390e2b5a066,a,as,76,325,510,401,434
5e390e2b5a066,s,sa,109,1305,1471,1414,1362
5e390e2b5a066,a,abksp,57,896,1041,953,984
5e390e2b5a066,bksp,bkspbksp,88,110,288,198,200
5e390e2b5a066,bksp,bkspbksp,90,88,289,178,199
5e390e2b5a066,bksp,bkspu,111,869,1084,980,973
5e390e2b5a066,u,uk,104,523,733,627,629
5e390e2b5a066,k,kk,106,93,287,199,181
5e390e2b5a066,k,ka,88,528,710,616,622
5e390e2b5a066,a,am,94,1355,1544,1449,1450
5e390e2b5a066,m,mn,95,47719,47947,47814,47852
5e390e2b5a066,n,na,133,308,566,441,433
5e390e2b5a066,a,at,125,590,842,715,717
5e390e2b5a066,t,ta,127,407,606,534,479
5e390e2b5a066,a,ap,72,496,706,568,634
5e390e2b5a066,p,ph,138,327,556,465,418
5e390e2b5a066,h,ho,91,380,572,471,481
5e390e2b5a066,o,on,101,263,453,364,352
5e390e2b5a066,n,nspace,89,676,855,765,766
5e390e2b5a066,space,spacep,90,1009,1242,1099,1152
5e390e2b5a066,p,ph,143,275,546,418,403
5e390e2b5a066,h,hbksp,128,1972,2207,2100,2079
5e390e2b5a066,bksp,bkspa,107,610,830,717,723
5e390e2b5a066,a,as,113,539,740,652,627
5e390e2b5a066,s,su,88,461,674,549,586
5e390e2b5a066,u,uk,125,375,609,500,484
5e390e2b5a066,k,kk,109,102,343,211,234
5e390e2b5a066,k,ka,132,821,1063,953,931
5e390e2b5a066,a,am,110,1040,1258,1150,1148
5e390e2b5a066,m,mn,108,46455,46659,46563,46551
5e390e2b5a066,n,na,96,1561,1747,1657,1651
5e390e2b5a066,a,at,90,605,793,695,703
5e390e2b5a066,t,tt,98,88,279,186,181
5e390e2b5a066,t,ta,93,276,442,369,349
5e390e2b5a066,a,ap,73,1396,1591,1469,1518
5e390e2b5a066,p,ph,122,395,625,517,503
5e390e2b5a066,h,hn,108,524,739,632,631
5e390e2b5a066,n,nspace,107,875,1092,982,985
5e390e2b5a066,space,spacep,110,725,960,835,850
5e390e2b5a066,p,ph,125,258,471,383,346
5e390e2b5a066,h,hs,88,1294,1493,1382,1405
5e390e2b5a066,s,sbksp,111,1323,1541,1434,1430
5e390e2b5a066,bksp,bkspbksp,107,108,306,215,199
5e390e2b5a066,bksp,bkspa,91,562,727,653,636
5e390e2b5a066,a,as,74,659,825,733,751
5e390e2b5a066,s,su,92,323,526,415,434
5e390e2b5a066,u,uk,111,533,739,644,628
5e390e2b5a066,k,kbksp,95,962,1167,1057,1072
5e390e2b5a066,bksp,bkspk,110,557,757,667,647
5e390e2b5a066,k,kk,90,127,308,217,218
5e390e2b5a066,k,km,91,906,1090,997,999
5e390e2b5a066,m,mn,93,37463,37627,37556,37534
5e390e2b5a066,n,nt,71,1261,1374,1332,1303
5e390e2b5a066,t,tt,42,507,622,549,580
5e390e2b5a066,t,tp,73,1078,1258,1151,1185
5e390e2b5a066,p,ph,107,311,490,418,383
5e390e2b5a066,h,ho,72,460,607,532,535
5e390e2b5a066,o,on,75,259,425,334,350
5e390e2b5a066,n,nbksp,91,1524,1658,1615,1567
5e390e2b5a066,bksp,bkspbksp,43,142,223,185,180
5e390e2b5a066,bksp,bkspbksp,38,126,206,164,168
5e390e2b5a066,bksp,bkspbksp,42,138,239,180,197
5e390e2b5a066,bksp,bkspa,59,541,716,600,657
5e390e2b5a066,a,ap,116,473,679,589,563
5e390e2b5a066,p,ph,90,291,457,381,367
5e390e2b5a066,h,ho,76,243,429,319,353
5e390e2b5a066,o,on,110,240,423,350,313
5e390e2b5a066,n,nspace,73,295,425,368,352
5e390e2b5a066,space,spacep,57,826,975,883,918
5e390e2b5a066,p,ph,92,258,423,350,331
5e390e2b5a066,h,ha,73,426,591,499,518
5e390e2b5a066,a,as,92,359,526,451,434
5e390e2b5a066,s,su,75,425,559,500,484
5e390e2b5a066,u,uk,59,309,458,368,399
5e390e2b5a066,k,kk,90,358,508,448,418
5e390e2b5a066,k,km,60,937,1057,997,997
5e390e2b5a066,m,mn,60,43811,43979,43871,43919
5e390e2b5a066,n,na,108,576,777,684,669
5e390e2b5a066,a,at,93,640,844,733,751
5e390e2b5a066,t,tt,111,88,291,199,180
5e390e2b5a066,t,th,92,1440,1659,1532,1567
5e390e2b5a066,h,ho,127,277,510,404,383
5e390e2b5a066,o,on,106,294,540,400,434
5e390e2b5a066,n,nbksp,140,1078,1305,1218,1165
5e390e2b5a066,bksp,bkspbksp,87,109,288,196,201
5e390e2b5a066,bksp,bkspbksp,92,126,308,218,216
5e390e2b5a066,bksp,bkspp,90,928,1143,1018,1053
5e390e2b5a066,p,ph,125,524,775,649,650
5e390e2b5a066,h,ho,126,307,560,433,434
5e390e2b5a066,o,on,127,290,523,417,396
5e390e2b5a066,n,nspace,106,827,1020,933,914
5e390e2b5a066,space,spacep,87,591,809,678,722
5e390e2b5a066,p,ph,131,292,545,423,414
5e390e2b5a066,h,ha,122,377,590,499,468
5e390e2b5a066,a,as,91,310,510,401,419
5e390e2b5a066,s,su,109,442,608,551,499
5e390e2b5a066,u,uk,57,392,558,449,501
5e390e2b5a066,k,kk,109,158,356,267,247
5e390e2b5a066,k,ka,89,327,530,416,441
5e390e2b5a066,a,am,114,503,746,617,632
5e390e2b5a066,m,mn,129,37740,37975,37869,37846
5e390e2b5a066,n,na,106,394,588,500,482
5e390e2b5a066,a,at,88,362,557,450,469
5e390e2b5a066,t,tt,107,174,385,281,278
5e390e2b5a066,t,ta,104,408,597,512,493
5e390e2b5a066,a,ap,85,406,601,491,516
5e390e2b5a066,p,ph,110,241,475,351,365
5e390e2b5a066,h,ho,124,410,657,534,533
5e390e2b5a066,o,ospace,123,758,987,881,864
5e390e2b5a066,space,spacep,106,493,723,599,617
5e390e2b5a066,p,ph,124,326,573,450,449
5e390e2b5a066,h,ha,123,627,841,750,718
5e390e2b5a066,a,as,91,294,510,385,419
5e390e2b5a066,s,su,125,402,655,527,530
5e390e2b5a066,u,uk,128,329,581,457,453
5e390e2b5a066,k,kk,124,207,436,331,312
5e390e2b5a066,k,ka,105,312,510,417,405
5e390e2b5a066,a,am,93,509,725,602,632
5e390e2b5a066,m,mn,123,45361,45592,45484,45469
5e390e2b5a066,n,na,108,341,576,449,468
5e390e2b5a066,a,at,127,441,691,568,564
5e390e2b5a066,t,tp,123,1994,2240,2117,2117
5e390e2b5a066,p,ph,123,278,522,401,399
5e390e2b5a066,h,ho,121,230,472,351,351
5e390e2b5a066,o,on,121,260,490,381,369
5e390e2b5a066,n,nspace,109,209,423,318,314
5e390e2b5a066,space,spacep,105,311,542,416,437
5e390e2b5a066,p,ph,126,357,576,483,450
5e390e2b5a066,h,ha,93,473,691,566,598
5e390e2b5a066,a,as,125,324,563,449,438
5e390e2b5a066,s,sk,114,873,1094,987,980
5e390e2b5a066,k,kk,107,246,487,353,380
5e390e2b5a066,k,ka,134,460,686,594,552
5e390e2b5a066,a,am,92,492,677,584,585
5e390e2b5a066,m,mbksp,93,4488,4690,4581,4597
5e390e2b5a066,bksp,bkspbksp,109,77,291,186,182
5e390e2b5a066,bksp,bkspbksp,105,1027,1238,1132,1133
5e390e2b5a066,bksp,bkspu,106,327,542,433,436
5e390e2b5a066,u,uk,109,427,642,536,533
5e390e2b5a066,k,kk,106,87,255,193,149
5e390e2b5a066,k,ka,62,711,864,773,802
5e390e2b5a066,a,am,91,556,757,647,666
5e390e2b5a066,m,mn,110,53537,53754,53647,53644
5e390e2b5a066,n,na,107,460,655,567,548
5e390e2b5a066,a,at,88,429,642,517,554
5e390e2b5a066,t,tt,125,239,489,364,364
5e390e2b5a066,t,ta,125,344,559,469,434
5e390e2b5a066,a,ap,90,574,794,664,704
5e390e2b5a066,p,ph,130,339,578,469,448
5e390e2b5a066,h,ho,109,425,659,534,550
5e390e2b5a066,o,on,125,322,573,447,448
5e390e2b5a066,n,nspace,126,910,1125,1036,999
5e390e2b5a066,space,spacep,89,711,923,800,834
5e390e2b5a066,p,ph,123,309,558,432,435
5e390e2b5a066,h,ha,126,308,545,434,419
5e390e2b5a066,a,as,111,340,576,451,465
5e390e2b5a066,s,su,125,376,626,501,501
5e390e2b5a066,u,uk,125,1056,1288,1181,1163
5e390e2b5a066,k,kk,107,126,341,233,234
5e390e2b5a066,k,ka,108,392,593,500,485
5e390e2b5a066,a,am,93,592,791,685,698
5e390e2b5a066,m,mn,106,40554,40775,40660,40669
5e390e2b5a066,n,nq,115,309,516,424,401
5e390e2b5a066,q,qt,92,377,575,469,483
5e390e2b5a066,t,tbksp,106,710,922,816,816
5e390e2b5a066,bksp,bkspbksp,106,108,288,214,182
5e390e2b5a066,bksp,bkspa,74,577,746,651,672
5e390e2b5a066,a,at,95,389,593,484,498
5e390e2b5a066,t,tt,109,75,272,184,163
5e390e2b5a066,t,ta,88,344,524,432,436
5e390e2b5a066,a,ap,92,408,625,500,533
5e390e2b5a066,p,ph,125,510,780,635,655
5e390e2b5a066,h,ho,145,256,505,401,360
5e390e2b5a066,o,on,104,261,455,365,351
5e390e2b5a066,n,nspace,90,227,423,317,333
5e390e2b5a066,space,spacep,106,726,975,832,869
5e390e2b5a066,p,ph,143,607,861,750,718
5e390e2b5a066,h,ha,111,239,460,350,349
5e390e2b5a066,a,as,110,376,578,486,468
5e390e2b5a066,s,su,92,373,574,465,482
5e390e2b5a066,u,uk,109,491,710,600,601
5e390e2b5a066,k,kk,110,1068,1288,1178,1178
5e390e2b5a066,k,ka,110,1011,1216,1121,1106
5e390e2b5a066,a,am,95,406,611,501,516
5e390e2b5a066,m,mn,110,44310,44545,44420,44435
5e390e2b5a066,n,nt,125,1124,1358,1249,1233
5e390e2b5a066,t,tt,109,191,424,300,315
5e390e2b5a066,t,ta,124,261,474,385,350
5e390e2b5a066,a,ap,89,761,1011,850,922
5e390e2b5a066,p,ph,161,240,522,401,361
5e390e2b5a066,h,ho,121,243,490,364,369
5e390e2b5a066,o,on,126,446,677,572,551
5e390e2b5a066,n,nspace,105,191,401,296,296
5e390e2b5a066,space,spacep,105,1426,1678,1531,1573
5e390e2b5a066,p,ph,147,271,546,418,399
5e390e2b5a066,h,ha,128,422,660,550,532
5e390e2b5a066,a,as,110,323,526,433,416
5e390e2b5a066,s,su,93,519,726,612,633
5e390e2b5a066,u,uk,114,442,663,556,549
5e390e2b5a066,k,kk,107,209,424,316,317
5e390e2b5a066,k,ka,108,325,526,433,418
5e390e2b5a066,a,am,93,525,743,618,650
5e390e2b5a066,m,mn,125,-304253,-304072,-304128,-304197
5e390f0800cfd,n,na,56,330,458,386,402
5e390f0800cfd,a,at,72,310,438,382,366
5e390f0800cfd,t,td,56,308,455,364,399
5e390f0800cfd,d,da,91,129,290,220,199
5e390f0800cfd,a,an,70,280,388,350,318
5e390f0800cfd,n,na,38,233,354,271,316
5e390f0800cfd,a,ai,83,249,384,332,301
5e390f0800cfd,i,ispace,52,161,283,213,231
5e390f0800cfd,space,spacep,70,230,354,300,284
5e390f0800cfd,p,ph,54,427,555,481,501
5e390f0800cfd,h,ho,74,162,290,236,216
5e390f0800cfd,o,on,54,228,337,282,283
5e390f0800cfd,n,ng,55,495,606,550,551
5e390f0800cfd,g,ga,56,244,371,300,315
5e390f0800cfd,a,am,71,311,440,382,369
5e390f0800cfd,m,mn,58,32621,32741,32679,32683
5e390f0800cfd,n,na,62,286,431,348,369
5e390f0800cfd,a,at,83,250,396,333,313
5e390f0800cfd,t,td,63,188,299,251,236
5e390f0800cfd,d,da,48,172,297,220,249
5e390f0800cfd,a,an,77,243,394,320,317
5e390f0800cfd,n,na,74,221,373,295,299
5e390f0800cfd,a,ai,78,237,378,315,300
5e390f0800cfd,i,ispace,63,175,298,238,235
5e390f0800cfd,space,spacep,60,279,396,339,336
5e390f0800cfd,p,ph,57,262,388,319,331
5e390f0800cfd,h,ho,69,162,286,231,217
5e390f0800cfd,o,on,55,163,271,218,216
5e390f0800cfd,n,ng,53,293,418,346,365
5e390f0800cfd,g,ga,72,259,422,331,350
5e390f0800cfd,a,am,91,318,490,409,399
5e390f0800cfd,m,mn,81,27421,27550,27502,27469
5e390f0800cfd,n,na,48,275,416,323,368
5e390f0800cfd,a,at,93,229,378,322,285
5e390f0800cfd,t,td,56,195,305,251,249
5e390f0800cfd,d,da,54,162,272,216,218
5e390f0800cfd,a,an,56,308,423,364,367
5e390f0800cfd,n,na,59,277,393,336,334
5e390f0800cfd,a,ai,57,238,354,295,297
5e390f0800cfd,i,ispace,59,211,325,270,266
5e390f0800cfd,space,spacep,55,513,624,568,569
5e390f0800cfd,p,ph,56,376,506,432,450
5e390f0800cfd,h,ho,74,172,289,246,215
5e390f0800cfd,o,on,43,154,277,197,234
5e390f0800cfd,n,ng,80,274,432,354,352
5e390f0800cfd,g,ga,78,242,393,320,315
5e390f0800cfd,a,am,73,311,440,384,367
5e390f0800cfd,m,mn,56,27581,27692,27637,27636
5e390f0800cfd,n,na,55,281,422,336,367
5e390f0800cfd,a,at,86,241,385,327,299
5e390f0800cfd,t,td,58,164,289,222,231
5e390f0800cfd,d,da,67,147,284,214,217
5e390f0800cfd,a,an,70,248,389,318,319
5e390f0800cfd,n,na,71,210,372,281,301
5e390f0800cfd,a,ai,91,242,372,333,281
5e390f0800cfd,i,ispace,39,231,324,270,285
5e390f0800cfd,space,spacep,54,363,453,417,399
5e390f0800cfd,p,ph,36,313,420,349,384
5e390f0800cfd,h,ho,71,175,287,246,216
5e390f0800cfd,o,on,41,163,257,204,216
5e390f0800cfd,n,ng,53,316,423,369,370
5e390f0800cfd,g,ga,54,577,705,631,651
5e390f0800cfd,a,am,74,509,638,583,564
5e390f0800cfd,m,mn,55,26646,26757,26701,26702
5e390f0800cfd,n,na,56,293,442,349,386
5e390f0800cfd,a,at,93,308,491,401,398
5e390f0800cfd,t,td,90,177,322,267,232
5e390f0800cfd,d,da,55,145,288,200,233
5e390f0800cfd,a,an,88,262,389,350,301
5e390f0800cfd,n,na,39,279,389,318,350
5e390f0800cfd,a,ai,71,261,403,332,332
5e390f0800cfd,i,ispace,71,212,337,283,266
5e390f0800cfd,space,spacep,54,332,423,386,369
5e390f0800cfd,p,ph,37,326,420,363,383
5e390f0800cfd,h,ho,57,175,306,232,249
5e390f0800cfd,o,on,74,180,308,254,234
5e390f0800cfd,n,ng,54,647,756,701,702
5e390f0800cfd,g,ga,55,258,370,313,315
5e390f0800cfd,a,am,57,279,408,336,351
5e390f0800cfd,m,mn,72,26253,26386,26325,26314
5e390f0800cfd,n,na,61,299,434,360,373
5e390f0800cfd,a,at,74,225,371,299,297
5e390f0800cfd,t,td,72,160,319,232,247
5e390f0800cfd,d,da,87,130,288,217,201
5e390f0800cfd,a,an,71,215,354,286,283
5e390f0800cfd,n,na,68,231,370,299,302
5e390f0800cfd,a,ai,71,244,353,315,282
5e390f0800cfd,i,ispace,38,180,288,218,250
5e390f0800cfd,space,spacep,70,255,371,325,301
5e390f0800cfd,p,ph,46,262,343,308,297
5e390f0800cfd,h,ho,35,165,270,200,235
5e390f0800cfd,o,on,70,197,337,267,267
5e390f0800cfd,n,ng,70,213,336,283,266
5e390f0800cfd,g,ga,53,346,489,399,436
5e390f0800cfd,a,am,90,265,422,355,332
5e390f0800cfd,m,mn,67,33600,33710,33667,33643
5e390f0800cfd,n,na,43,295,421,338,378
5e390f0800cfd,a,at,83,327,499,410,416
5e390f0800cfd,t,td,89,213,370,302,281
5e390f0800cfd,d,da,68,178,336,246,268
5e390f0800cfd,a,an,90,293,442,383,352
5e390f0800cfd,n,na,59,278,409,337,350
5e390f0800cfd,a,ai,72,260,388,332,316
5e390f0800cfd,i,ispace,56,217,321,273,265
5e390f0800cfd,space,spacep,48,397,502,445,454
5e390f0800cfd,p,ph,57,375,505,432,448
5e390f0800cfd,h,ho,73,227,353,300,280
5e390f0800cfd,o,on,53,194,319,247,266
5e390f0800cfd,n,ng,72,303,443,375,371
5e390f0800cfd,g,ga,68,242,401,310,333
5e390f0800cfd,a,am,91,377,504,468,413
5e390f0800cfd,m,mn,36,28616,28681,28652,28645
5e390f0800cfd,n,na,29,271,388,300,359
5e390f0800cfd,a,at,88,248,405,336,317
5e390f0800cfd,t,td,69,163,303,232,234
5e390f0800cfd,d,da,71,145,286,216,215
5e390f0800cfd,a,an,70,261,387,331,317
5e390f0800cfd,n,na,56,246,371,302,315
5e390f0800cfd,a,ai,69,246,371,315,302
5e390f0800cfd,i,ispace,56,191,323,247,267
5e390f0800cfd,space,spacep,76,294,425,370,349
5e390f0800cfd,p,ph,55,295,425,350,370
5e390f0800cfd,h,ho,75,175,305,250,230
5e390f0800cfd,o,on,55,163,273,218,218
5e390f0800cfd,n,ng,55,264,389,319,334
5e390f0800cfd,g,ga,70,293,450,363,380
5e390f0800cfd,a,am,87,263,422,350,335
5e390f0800cfd,m,mn,72,25712,25840,25784,25768
5e390f0800cfd,n,na,56,280,427,336,371
5e390f0800cfd,a,at,91,222,387,313,296
5e390f0800cfd,t,td,74,181,323,255,249
5e390f0800cfd,d,dn,68,499,619,567,551
5e390f0800cfd,n,na,52,262,387,314,335
5e390f0800cfd,a,ai,73,296,423,369,350
5e390f0800cfd,i,ispace,54,213,320,267,266
5e390f0800cfd,space,spacep,53,419,506,472,453
5e390f0800cfd,p,ph,34,424,517,458,483
5e390f0800cfd,h,ho,59,195,305,254,246
5e390f0800cfd,o,on,51,179,302,230,251
5e390f0800cfd,n,ng,72,261,405,333,333
5e390f0800cfd,g,ga,72,300,454,372,382
5e390f0800cfd,a,am,82,253,416,335,334
5e390f0800cfd,m,mn,81,26500,26650,26581,26569
5e390f0800cfd,n,nt,69,630,807,699,738
5e390f0800cfd,t,tbksp,108,914,1073,1022,965
5e390f0800cfd,bksp,bkspa,51,462,601,513,550
5e390f0800cfd,a,at,88,326,472,414,384
5e390f0800cfd,t,td,58,242,370,300,312
5e390f0800cfd,d,da,70,161,305,231,235
5e390f0800cfd,a,an,74,295,427,369,353
5e390f0800cfd,n,na,58,259,375,317,317
5e390f0800cfd,a,ai,58,258,358,316,300
5e390f0800cfd,i,ispace,42,225,322,267,280
5e390f0800cfd,space,spacep,55,277,388,332,333
5e390f0800cfd,p,ph,56,312,425,368,369
5e390f0800cfd,h,ho,57,193,306,250,249
5e390f0800cfd,o,on,56,282,420,338,364
5e390f0800cfd,n,ng,82,350,487,432,405
5e390f0800cfd,g,ga,55,207,352,262,297
5e390f0800cfd,a,am,90,279,425,369,335
5e390f0800cfd,m,mi,56,-142969,-142837,-142913,-142893
5e390faaec0c9,i,iv,76,400,581,476,505
5e390faaec0c9,v,vh,105,95,266,200,161
5e390faaec0c9,h,ha,66,75,257,141,191
5e390faaec0c9,a,ao,116,197,375,313,259
5e390faaec0c9,o,on,62,126,281,188,219
5e390faaec0c9,n,nbksp,93,1027,1193,1120,1100
5e390faaec0c9,bksp,bkspbksp,73,112,256,185,183
5e390faaec0c9,bksp,bkspbksp,71,107,236,178,165
5e390faaec0c9,bksp,bkspbksp,58,92,245,150,187
5e390faaec0c9,bksp,bkspc,95,880,1061,975,966
5e390faaec0c9,c,ch,86,164,316,250,230
5e390faaec0c9,h,ha,66,38,204,104,138
5e390faaec0c9,a,am,100,214,398,314,298
5e390faaec0c9,m,mo,84,179,316,263,232
5e390faaec0c9,o,on,53,165,308,218,255
5e390faaec0c9,n,nspace,90,711,870,801,780
5e390faaec0c9,space,spaces,69,615,790,684,721
5e390faaec0c9,s,si,106,86,268,192,162
5e390faaec0c9,i,ia,76,329,480,405,404
5e390faaec0c9,a,abksp,75,857,1020,932,945
5e390faaec0c9,bksp,bkspl,88,200,354,288,266
5e390faaec0c9,l,la,66,1276,1435,1342,1369
5e390faaec0c9,a,aa,93,450,640,543,547
5e390faaec0c9,a,at,97,235,421,332,324
5e390faaec0c9,t,tc,89,192,404,281,315
5e390faaec0c9,c,ch,123,109,338,232,215
5e390faaec0c9,h,ha,106,122,322,228,216
5e390faaec0c9,a,ar,94,133,292,227,198
5e390faaec0c9,r,ra,65,111,289,176,224
5e390faaec0c9,a,an,113,209,422,322,309
5e390faaec0c9,n,nu,100,130,301,230,201
5e390faaec0c9,u,un,71,166,304,237,233
5e390faaec0c9,n,ni,67,37288,37455,37355,37388
5e390faaec0c9,i,ic,100,614,816,714,716
5e390faaec0c9,c,ch,102,131,316,233,214
5e390faaec0c9,h,ha,83,92,287,175,204
5e390faaec0c9,a,am,112,70,259,182,147
5e390faaec0c9,m,mo,77,165,294,242,217
5e390faaec0c9,o,on,52,176,318,228,266
5e390faaec0c9,n,nspace,90,360,558,450,468
5e390faaec0c9,space,spaces,108,309,494,417,386
5e390faaec0c9,s,si,77,113,255,190,178
5e390faaec0c9,i,il,65,156,300,221,235
5e390faaec0c9,l,lbksp,79,993,1210,1072,1131
5e390faaec0c9,bksp,bkspa,138,70,291,208,153
5e390faaec0c9,a,ap,83,748,919,831,836
5e390faaec0c9,p,pa,88,82,270,170,182
5e390faaec0c9,a,at,100,263,453,363,353
5e390faaec0c9,t,tc,90,196,371,286,281
5e390faaec0c9,c,ch,85,56,267,141,182
5e390faaec0c9,h,hr,126,1397,1614,1523,1488
5e390faaec0c9,r,ra,91,69,205,160,114
5e390faaec0c9,a,an,45,275,413,320,368
5e390faaec0c9,n,nu,93,114,289,207,196
5e390faaec0c9,u,un,82,111,267,193,185
5e390faaec0c9,n,ni,74,30166,30329,30240,30255
5e390faaec0c9,i,ic,89,324,519,413,430
5e390faaec0c9,c,ch,106,37,221,143,115
5e390faaec0c9,h,ha,78,70,262,148,184
5e390faaec0c9,a,am,114,-13,194,101,80
5e390faaec0c9,m,mo,93,151,296,244,203
5e390faaec0c9,o,on,52,198,274,250,222
5e390faaec0c9,n,nspace,24,203,320,227,296
5e390faaec0c9,space,spaces,93,526,725,619,632
5e390faaec0c9,s,si,106,39,238,145,132
5e390faaec0c9,i,ip,93,419,577,512,484
5e390faaec0c9,p,pt,65,309,433,374,368
5e390faaec0c9,t,tc,59,173,345,232,286
5e390faaec0c9,c,ch,113,87,294,200,181
5e390faaec0c9,h,ha,94,35,243,129,149
5e390faaec0c9,a,ar,114,161,347,275,233
5e390faaec0c9,r,ra,72,73,223,145,151
5e390faaec0c9,a,an,78,292,463,370,385
5e390faaec0c9,n,nu,93,107,258,200,165
5e390faaec0c9,u,un,58,120,259,178,201
5e390faaec0c9,n,nbksp,81,1873,2014,1954,1933
5e390faaec0c9,bksp,bkspbksp,60,129,226,189,166
5e390faaec0c9,bksp,bkspbksp,37,107,207,144,170
5e390faaec0c9,bksp,bkspbksp,63,87,228,150,165
5e390faaec0c9,bksp,bkspbksp,78,89,245,167,167
5e390faaec0c9,bksp,bkspbksp,78,287,427,365,349
5e390faaec0c9,bksp,bkspbksp,62,139,280,201,218
5e390faaec0c9,bksp,bkspp,79,947,1127,1026,1048
5e390faaec0c9,p,pt,101,529,719,630,618
5e390faaec0c9,t,tc,89,1089,1288,1178,1199
5e390faaec0c9,c,ch,110,75,276,185,166
5e390faaec0c9,h,ha,91,125,327,216,236
5e390faaec0c9,a,ar,111,105,276,216,165
5e390faaec0c9,r,ra,60,33,176,93,116
5e390faaec0c9,a,an,83,317,481,400,398
5e390faaec0c9,n,nu,81,121,283,202,202
5e390faaec0c9,u,un,81,108,298,189,217
5e390faaec0c9,n,nbksp,109,1408,1561,1517,1452
5e390faaec0c9,bksp,bkspbksp,44,145,241,189,197
5e390faaec0c9,bksp,bkspbksp,52,142,272,194,220
5e390faaec0c9,bksp,bkspa,78,775,926,853,848
5e390faaec0c9,a,an,73,1099,1289,1172,1216
5e390faaec0c9,n,nu,117,122,317,239,200
5e390faaec0c9,u,un,78,141,296,219,218
5e390faaec0c9,n,np,77,28212,28381,28289,28304
5e390faaec0c9,p,pi,92,256,438,348,346
5e390faaec0c9,i,ic,90,242,425,332,335
5e390faaec0c9,c,ch,93,68,240,161,147
5e390faaec0c9,h,ha,79,109,280,188,201
5e390faaec0c9,a,am,92,35,224,127,132
5e390faaec0c9,m,mo,97,137,316,234,219
5e390faaec0c9,o,on,82,141,316,223,234
5e390faaec0c9,n,nspace,93,231,412,324,319
5e390faaec0c9,space,spaces,88,512,720,600,632
5e390faaec0c9,s,si,120,124,301,244,181
5e390faaec0c9,i,il,57,199,323,256,266
5e390faaec0c9,l,la,67,107,273,174,206
5e390faaec0c9,a,ap,99,228,427,327,328
5e390faaec0c9,p,pt,100,832,1001,932,901
5e390faaec0c9,t,tc,69,199,386,268,317
5e390faaec0c9,c,ch,118,36,252,154,134
5e390faaec0c9,h,ha,98,124,333,222,235
5e390faaec0c9,a,ar,111,207,374,318,263
5e390faaec0c9,r,ra,56,108,242,164,186
5e390faaec0c9,a,an,78,208,377,286,299
5e390faaec0c9,n,nu,91,152,322,243,231
5e390faaec0c9,u,un,79,143,299,222,220
5e390faaec0c9,n,np,77,27258,27428,27335,27351
5e390faaec0c9,p,pi,93,307,478,400,385
5e390faaec0c9,i,ic,78,191,378,269,300
5e390faaec0c9,c,ch,109,69,255,178,146
5e390faaec0c9,h,ha,77,91,263,168,186
5e390faaec0c9,a,am,95,69,260,164,165
5e390faaec0c9,m,mo,96,143,297,239,201
5e390faaec0c9,o,on,58,142,274,200,216
5e390faaec0c9,n,nspace,74,126,293,200,219
5e390faaec0c9,space,spaces,93,577,776,670,683
5e390faaec0c9,s,si,106,129,304,235,198
5e390faaec0c9,i,il,69,125,272,194,203
5e390faaec0c9,l,la,78,158,309,236,231
5e390faaec0c9,a,ap,73,346,491,419,418
5e390faaec0c9,p,pa,72,110,288,182,216
5e390faaec0c9,a,at,106,295,504,401,398
5e390faaec0c9,t,tc,103,228,421,331,318
5e390faaec0c9,c,ch,90,129,275,219,185
5e390faaec0c9,h,ha,56,111,255,167,199
5e390faaec0c9,a,ar,88,214,369,302,281
5e390faaec0c9,r,ra,67,92,253,159,186
5e390faaec0c9,a,an,94,178,341,272,247
5e390faaec0c9,n,nu,69,126,237,195,168
5e390faaec0c9,u,un,42,158,276,200,234
5e390faaec0c9,n,ni,76,34582,34714,34658,34638
5e390faaec0c9,i,ic,56,679,838,735,782
5e390faaec0c9,c,ch,103,53,234,156,131
5e390faaec0c9,h,ha,78,72,286,150,208
5e390faaec0c9,a,ao,136,191,396,327,260
5e390faaec0c9,o,on,69,106,269,175,200
5e390faaec0c9,n,nm,94,1156,1378,1250,1284
5e390faaec0c9,m,mo,128,141,379,269,251
5e390faaec0c9,o,on,110,176,358,286,248
5e390faaec0c9,n,nspace,72,167,306,239,234
5e390faaec0c9,space,spaces,67,612,765,679,698
5e390faaec0c9,s,si,86,73,238,159,152
5e390faaec0c9,i,il,79,164,328,243,249
5e390faaec0c9,l,la,85,87,252,172,167
5e390faaec0c9,a,ap,80,347,515,427,435
5e390faaec0c9,p,pt,88,354,501,442,413
5e390faaec0c9,t,tc,59,195,360,254,301
5e390faaec0c9,c,ch,106,39,239,145,133
5e390faaec0c9,h,ha,94,73,264,167,170
5e390faaec0c9,a,ar,97,176,346,273,249
5e390faaec0c9,r,ra,73,19,190,92,117
5e390faaec0c9,a,an,98,257,432,355,334
5e390faaec0c9,n,nu,77,125,259,202,182
5e390faaec0c9,u,un,57,136,273,193,216
5e390faaec0c9,n,np,80,24664,24814,24744,24734
5e390faaec0c9,p,pm,70,213,354,283,284
5e390faaec0c9,m,mbksp,71,968,1140,1039,1069
5e390faaec0c9,bksp,bkspi,101,230,400,331,299
5e390faaec0c9,i,ic,69,243,411,312,342
5e390faaec0c9,c,ch,99,7,155,106,56
5e390faaec0c9,h,ha,49,109,251,158,202
5e390faaec0c9,a,am,93,-30,94,63,1
5e390faaec0c9,m,mo,31,165,262,196,231
5e390faaec0c9,o,on,66,130,266,196,200
5e390faaec0c9,n,nm,70,1347,1503,1417,1433
5e390faaec0c9,m,mo,86,142,303,228,217
5e390faaec0c9,o,on,75,150,293,225,218
5e390faaec0c9,n,nspace,68,107,284,175,216
5e390faaec0c9,space,spaces,109,296,497,405,388
5e390faaec0c9,s,si,92,117,305,209,213
5e390faaec0c9,i,il,96,144,297,240,201
5e390faaec0c9,l,lp,57,320,490,377,433
5e390faaec0c9,p,pa,113,72,298,185,185
5e390faaec0c9,a,at,113,193,359,306,246
5e390faaec0c9,t,tc,53,97,239,150,186
5e390faaec0c9,c,ch,89,105,270,194,181
5e390faaec0c9,h,ha,76,107,279,183,203
5e390faaec0c9,a,abksp,96,1479,1644,1575,1548
5e390faaec0c9,bksp,bkspbksp,69,111,236,180,167
5e390faaec0c9,bksp,bkspbksp,56,130,240,186,184
5e390faaec0c9,bksp,bkspp,54,1061,1219,1115,1165
5e390faaec0c9,p,pa,104,103,303,207,199
5e390faaec0c9,a,at,96,184,346,280,250
5e390faaec0c9,t,tc,66,91,251,157,185
5e390faaec0c9,c,ch,94,110,276,204,182
5e390faaec0c9,h,ha,72,129,273,201,201
5e390faaec0c9,a,ar,72,229,356,301,284
5e390faaec0c9,r,ra,55,54,222,109,167
5e390faaec0c9,a,an,113,245,447,358,334
5e390faaec0c9,n,nu,89,130,271,219,182
5e390faaec0c9,u,un,52,148,267,200,215
5e390faaec0c9,n,np,67,31518,31654,31585,31587
5e390faaec0c9,p,pm,69,249,387,318,318
5e390faaec0c9,m,m.,69,262,401,331,332
5e390faaec0c9,.,.i,70,1749,1904,1819,1834
5e390faaec0c9,i,ic,85,194,368,279,283
5e390faaec0c9,c,ch,89,54,222,143,133
5e390faaec0c9,h,ha,79,70,273,149,194
5e390faaec0c9,a,ao,124,235,448,359,324
5e390faaec0c9,o,on,89,103,289,192,200
5e390faaec0c9,n,nbksp,97,379,548,476,451
5e390faaec0c9,bksp,bkspm,72,747,939,819,867
5e390faaec0c9,m,mo,120,156,353,276,233
5e390faaec0c9,o,on,77,172,309,249,232
5e390faaec0c9,n,nspace,60,127,244,187,184
5e390faaec0c9,space,spaces,57,982,1141,1039,1084
5e390faaec0c9,s,si,102,55,234,157,132
5e390faaec0c9,i,il,77,177,327,254,250
5e390faaec0c9,l,la,73,145,290,218,217
5e390faaec0c9,a,ap,72,129,289,201,217
5e390faaec0c9,p,pa,88,89,254,177,166
5e390faaec0c9,a,at,77,156,293,233,216
5e390faaec0c9,t,tc,60,129,276,189,216
5e390faaec0c9,c,ch,87,74,238,161,151
5e390faaec0c9,h,ha,77,144,328,221,251
5e390faaec0c9,a,ar,107,194,340,301,233
5e390faaec0c9,r,ra,39,104,222,143,183
5e390faaec0c9,a,an,79,265,430,344,351
5e390faaec0c9,n,nu,86,146,284,232,198
5e390faaec0c9,u,un,52,148,254,200,202
5e390faaec0c9,n,np,54,33167,33319,33221,33265
5e390faaec0c9,p,pi,98,1790,2017,1888,1919
5e390faaec0c9,i,ic,129,143,378,272,249
5e390faaec0c9,c,ch,106,145,308,251,202
5e390faaec0c9,h,ha,57,848,975,905,918
5e390faaec0c9,a,am,70,939,1122,1009,1052
5e390faaec0c9,m,mo,113,160,340,273,227
5e390faaec0c9,o,on,67,182,318,249,251
5e390faaec0c9,n,nspace,69,315,490,384,421
5e390faaec0c9,space,spaces,106,243,437,349,331
5e390faaec0c9,s,si,88,93,273,181,185
5e390faaec0c9,i,il,92,158,324,250,232
5e390faaec0c9,l,la,74,161,290,235,216
5e390faaec0c9,a,ap,55,277,421,332,366
5e390faaec0c9,p,pt,89,1081,1242,1170,1153
5e390faaec0c9,t,tt,72,1140,1284,1212,1212
5e390faaec0c9,t,ta,72,1299,1476,1371,1404
5e390faaec0c9,a,at,105,226,419,331,314
5e390faaec0c9,t,tc,88,376,572,464,484
5e390faaec0c9,c,ch,108,125,311,233,203
5e390faaec0c9,h,ha,78,172,346,250,268
5e390faaec0c9,a,ar,96,2657,2844,2753,2748
5e390faaec0c9,r,ra,91,86,275,177,184
5e390faaec0c9,a,an,98,412,646,510,548
5e390faaec0c9,n,nu,136,1224,1454,1360,1318
5e390faaec0c9,u,un,94,177,341,271,247
5e390faaec0c9,n,np,70,32069,32222,32139,32152
5e390faaec0c9,p,pi,83,303,483,386,400
5e390faaec0c9,i,ic,97,253,447,350,350
5e390faaec0c9,c,ch,97,106,284,203,187
5e390faaec0c9,h,ha,81,147,346,228,265
5e390faaec0c9,a,am,118,69,283,187,165
5e390faaec0c9,m,mo,96,149,315,245,219
5e390faaec0c9,o,on,70,180,317,250,247
5e390faaec0c9,n,nspace,67,232,402,299,335
5e390faaec0c9,space,spaces,103,361,588,464,485
5e390faaec0c9,s,si,124,112,323,236,199
5e390faaec0c9,i,il,87,195,352,282,265
5e390faaec0c9,l,lp,70,1338,1521,1408,1451
5e390faaec0c9,p,pa,113,141,344,254,231
5e390faaec0c9,a,at,90,199,360,289,270
5e390faaec0c9,t,tc,71,210,388,281,317
5e390faaec0c9,c,ch,107,111,307,218,200
5e390faaec0c9,h,ha,89,210,388,299,299
5e390faaec0c9,a,ar,89,181,356,270,267
5e390faaec0c9,r,ra,86,163,340,249,254
5e390faaec0c9,a,an,91,178,321,269,230
5e390faaec0c9,n,nu,52,180,286,232,234
5e390faaec0c9,u,un,54,226,335,280,281
5e390faaec0c9,n,nmeta1,55,-371711,-371588,-371656,-371643
5e390fb4ec193,meta1,meta1normal,68,2396,2531,2464,2463
5e390fb4ec193,normal,normalk,67,5485,5636,5552,5569
5e390fb4ec193,k,ko,84,126,301,210,217
5e390fb4ec193,o,or,91,613,795,704,704
5e390fb4ec193,r,ra,91,659,826,750,735
5e390fb4ec193,a,aw,76,306,471,382,395
5e390fb4ec193,w,wi,89,297,456,386,367
5e390fb4ec193,i,it,70,512,673,582,603
5e390fb4ec193,t,tc,91,909,1089,1000,998
5e390fb4ec193,c,ch,89,144,302,233,213
5e390fb4ec193,h,hspace,69,1261,1408,1330,1339
5e390fb4ec193,space,spacep,78,609,790,687,712
5e390fb4ec193,p,pr,103,329,521,432,418
5e390fb4ec193,r,re,89,161,321,250,232
5e390fb4ec193,e,em,71,779,956,850,885
5e390fb4ec193,m,mc,106,243,456,349,350
5e390fb4ec193,c,ch,107,161,338,268,231
5e390fb4ec193,h,hu,70,149,272,219,202
5e390fb4ec193,u,uk,53,542,702,595,649
5e390fb4ec193,k,ki,107,144,342,251,235
5e390fb4ec193,i,ia,91,226,390,317,299
5e390fb4ec193,a,at,73,246,393,319,320
5e390fb4ec193,t,tk,74,41496,41624,41570,41550
5e390fb4ec193,k,ko,54,146,302,200,248
5e390fb4ec193,o,or,102,298,471,400,369
5e390fb4ec193,r,ra,71,229,386,300,315
5e390fb4ec193,a,aw,86,233,404,319,318
5e390fb4ec193,w,wi,85,128,317,213,232
5e390fb4ec193,i,it,104,295,472,399,368
5e390fb4ec193,t,tc,73,346,457,419,384
5e390fb4ec193,c,ch,38,194,319,232,281
5e390fb4ec193,h,hspace,87,162,320,249,233
5e390fb4ec193,space,spacep,71,180,356,251,285
5e390fb4ec193,p,pr,105,262,490,367,385
5e390fb4ec193,r,re,123,167,353,290,230
5e390fb4ec193,e,em,63,298,445,361,382
5e390fb4ec193,m,mc,84,204,369,288,285
5e390fb4ec193,c,ch,81,168,347,249,266
5e390fb4ec193,h,hu,98,119,314,217,216
5e390fb4ec193,u,uk,97,359,551,456,454
5e390fb4ec193,k,ki,95,163,342,258,247
5e390fb4ec193,i,ia,84,211,385,295,301
5e390fb4ec193,a,at,90,210,373,300,283
5e390fb4ec193,t,tk,73,36666,36810,36739,36737
5e390fb4ec193,k,ko,71,197,352,268,281
5e390fb4ec193,o,or,84,329,485,413,401
5e390fb4ec193,r,ra,72,1359,1508,1431,1436
5e390fb4ec193,a,aw,77,381,555,458,478
5e390fb4ec193,w,wi,97,768,950,865,853
5e390fb4ec193,i,it,85,379,539,464,454
5e390fb4ec193,t,tc,75,575,709,650,634
5e390fb4ec193,c,ch,59,141,271,200,212
5e390fb4ec193,h,hspace,71,797,941,868,870
5e390fb4ec193,space,spacep,73,228,402,301,329
5e390fb4ec193,p,pr,101,365,536,466,435
5e390fb4ec193,r,re,70,146,284,216,214
5e390fb4ec193,e,em,68,676,820,744,752
5e390fb4ec193,m,mc,76,346,481,422,405
5e390fb4ec193,c,ch,59,159,272,218,213
5e390fb4ec193,h,hu,54,129,251,183,197
5e390fb4ec193,u,uk,68,481,638,549,570
5e390fb4ec193,k,ka,89,129,271,218,182
5e390fb4ec193,a,abksp,53,1225,1353,1278,1300
5e390fb4ec193,bksp,bkspi,75,811,977,886,902
5e390fb4ec193,i,ia,91,159,322,250,231
5e390fb4ec193,a,at,72,296,457,368,385
5e390fb4ec193,t,tk,89,35920,36091,36009,36002
5e390fb4ec193,k,ko,82,211,380,293,298
5e390fb4ec193,o,or,87,364,522,451,435
5e390fb4ec193,r,ra,71,463,624,534,553
5e390fb4ec193,a,aw,90,304,469,394,379
5e390fb4ec193,w,wi,75,228,394,303,319
5e390fb4ec193,i,it,91,427,590,518,499
5e390fb4ec193,t,tc,72,628,759,700,687
5e390fb4ec193,c,ch,59,291,405,350,346
5e390fb4ec193,h,hspace,55,1045,1193,1100,1138
5e390fb4ec193,space,spacep,93,175,373,268,280
5e390fb4ec193,p,pr,105,1005,1204,1110,1099
5e390fb4ec193,r,re,94,196,343,290,249
5e390fb4ec193,e,em,53,314,456,367,403
5e390fb4ec193,m,mc,89,326,507,415,418
5e390fb4ec193,c,ch,92,139,321,231,229
5e390fb4ec193,h,hu,90,115,291,205,201
5e390fb4ec193,u,uk,86,496,656,582,570
5e390fb4ec193,k,ki,74,626,775,700,701
5e390fb4ec193,i,ia,75,241,386,316,311
5e390fb4ec193,a,at,70,296,439,366,369
5e390fb4ec193,t,tk,73,34448,34592,34521,34519
5e390fb4ec193,k,ko,71,196,352,267,281
5e390fb4ec193,o,or,85,297,442,382,357
5e390fb4ec193,r,ra,60,368,475,428,415
5e390fb4ec193,a,aw,47,362,494,409,447
5e390fb4ec193,w,wi,85,264,418,349,333
5e390fb4ec193,i,it,69,345,489,414,420
5e390fb4ec193,t,tc,75,443,576,518,501
5e390fb4ec193,c,ch,58,174,304,232,246
5e390fb4ec193,h,hspace,72,196,338,268,266
5e390fb4ec193,space,spacep,70,230,387,300,317
5e390fb4ec193,p,pr,87,412,643,499,556
5e390fb4ec193,r,re,144,220,436,364,292
5e390fb4ec193,e,em,72,385,538,457,466
5e390fb4ec193,m,mc,81,780,951,861,870
5e390fb4ec193,c,ch,90,110,254,200,164
5e390fb4ec193,h,hu,54,131,254,185,200
5e390fb4ec193,u,uk,69,564,724,633,655
5e390fb4ec193,k,ki,91,177,305,268,214
5e390fb4ec193,i,ia,37,245,357,282,320
5e390fb4ec193,a,at,75,303,455,378,380
5e390fb4ec193,t,tk,77,33016,33147,33093,33070
5e390fb4ec193,k,ko,54,209,335,263,281
5e390fb4ec193,o,or,72,1078,1223,1150,1151
5e390fb4ec193,r,ra,73,409,558,482,485
5e390fb4ec193,a,aw,76,592,745,668,669
5e390fb4ec193,w,wi,77,187,370,264,293
5e390fb4ec193,i,it,106,317,493,423,387
5e390fb4ec193,t,tc,70,373,520,443,450
5e390fb4ec193,c,ch,77,122,277,199,200
5e390fb4ec193,h,hspace,78,1947,2110,2025,2032
5e390fb4ec193,space,spacep,85,197,386,282,301
5e390fb4ec193,p,pr,104,441,657,545,553
5e390fb4ec193,r,re,112,275,474,387,362
5e390fb4ec193,e,em,87,413,589,500,502
5e390fb4ec193,m,mc,89,424,573,513,484
5e390fb4ec193,c,ch,60,145,273,205,213
5e390fb4ec193,h,hu,68,133,254,201,186
5e390fb4ec193,u,uk,53,413,538,466,485
5e390fb4ec193,k,ki,72,162,285,234,213
5e390fb4ec193,i,ia,51,248,357,299,306
5e390fb4ec193,a,at,58,242,369,300,311
5e390fb4ec193,t,tk,69,31736,31888,31805,31819
5e390fb4ec193,k,ko,83,145,319,228,236
5e390fb4ec193,o,or,91,377,577,468,486
5e390fb4ec193,r,ra,109,323,506,432,397
5e390fb4ec193,a,aw,74,258,422,332,348
5e390fb4ec193,w,wi,90,128,308,218,218
5e390fb4ec193,i,it,90,292,458,382,368
5e390fb4ec193,t,tc,76,274,424,350,348
5e390fb4ec193,c,ch,74,130,272,204,198
5e390fb4ec193,h,hspace,68,282,420,350,352
5e390fb4ec193,space,spacep,70,130,270,200,200
5e390fb4ec193,p,pr,70,408,570,478,500
5e390fb4ec193,r,re,92,170,324,262,232
5e390fb4ec193,e,em,62,232,364,294,302
5e390fb4ec193,m,mc,70,261,403,331,333
5e390fb4ec193,c,ch,72,126,292,198,220
5e390fb4ec193,h,hu,94,428,560,522,466
5e390fb4ec193,u,uk,38,341,452,379,414
5e390fb4ec193,k,ki,73,144,288,217,215
5e390fb4ec193,i,ia,71,197,338,268,267
5e390fb4ec193,a,at,70,280,422,350,352
5e390fb4ec193,t,tk,72,30998,31124,31070,31052
5e390fb4ec193,k,ko,54,142,268,196,214
5e390fb4ec193,o,or,72,265,422,337,350
5e390fb4ec193,r,ra,85,264,437,349,352
5e390fb4ec193,a,aw,88,331,487,419,399
5e390fb4ec193,w,wi,68,214,384,282,316
5e390fb4ec193,i,it,102,298,487,400,385
5e390fb4ec193,t,tc,87,413,538,500,451
5e390fb4ec193,c,ch,38,212,319,250,281
5e390fb4ec193,h,hspace,69,194,319,263,250
5e390fb4ec193,space,spacep,56,1194,1342,1250,1286
5e390fb4ec193,p,pr,92,444,623,536,531
5e390fb4ec193,r,re,87,134,286,221,199
5e390fb4ec193,e,em,65,286,434,351,369
5e390fb4ec193,m,mc,83,277,415,360,332
5e390fb4ec193,c,ch,55,180,304,235,249
5e390fb4ec193,h,hu,69,117,254,186,185
5e390fb4ec193,u,uk,68,379,520,447,452
5e390fb4ec193,k,ki,73,127,270,200,197
5e390fb4ec193,i,ia,70,180,338,250,268
5e390fb4ec193,a,at,88,212,337,300,249
5e390fb4ec193,t,tk,37,32816,32926,32853,32889
5e390fb4ec193,k,ko,73,144,303,217,230
5e390fb4ec193,o,or,86,693,852,779,766
5e390fb4ec193,r,ra,73,316,476,389,403
5e390fb4ec193,a,aw,87,479,639,566,552
5e390fb4ec193,w,wi,73,195,334,268,261
5e390fb4ec193,i,it,66,364,537,430,471
5e390fb4ec193,t,tc,107,1121,1304,1228,1197
5e390fb4ec193,c,ch,76,165,277,241,201
5e390fb4ec193,h,hspace,36,160,267,196,231
5e390fb4ec193,space,spacep,71,651,824,722,753
5e390fb4ec193,p,pr,102,379,570,481,468
5e390fb4ec193,r,re,89,261,439,350,350
5e390fb4ec193,e,em,89,212,385,301,296
5e390fb4ec193,m,mc,84,433,606,517,522
5e390fb4ec193,c,ch,89,175,334,264,245
5e390fb4ec193,h,hu,70,112,253,182,183
5e390fb4ec193,u,uk,71,416,574,487,503
5e390fb4ec193,k,ki,87,129,284,216,197
5e390fb4ec193,i,ia,68,296,439,364,371
5e390fb4ec193,a,at,75,231,387,306,312
5e390fb4ec193,t,tk,81,33249,33401,33330,33320
5e390fb4ec193,k,ko,71,150,321,221,250
5e390fb4ec193,o,or,100,367,535,467,435
5e390fb4ec193,r,ra,68,329,486,397,418
5e390fb4ec193,a,aw,89,396,572,485,483
5e390fb4ec193,w,wi,87,178,335,265,248
5e390fb4ec193,i,it,70,350,488,420,418
5e390fb4ec193,t,tc,68,312,436,380,368
5e390fb4ec193,c,ch,56,212,337,268,281
5e390fb4ec193,h,hspace,69,162,302,231,233
5e390fb4ec193,space,spacep,71,198,353,269,282
5e390fb4ec193,p,pr,84,283,455,367,371
5e390fb4ec193,r,re,88,229,385,317,297
5e390fb4ec193,e,em,68,280,439,348,371
5e390fb4ec193,m,mc,91,290,455,381,364
5e390fb4ec193,c,ch,74,144,305,218,231
5e390fb4ec193,h,hu,87,132,287,219,200
5e390fb4ec193,u,uk,68,327,469,395,401
5e390fb4ec193,k,ki,74,147,290,221,216
5e390fb4ec193,i,ia,69,214,370,283,301
5e390fb4ec193,a,at,87,330,488,417,401
5e390fb4ec193,t,tm,71,-320775,-320607,-320704,-320678
5e3910082bc81,m,mu,97,549,712,646,615
5e3910082bc81,u,ubksp,66,313,472,379,406
5e3910082bc81,bksp,bkspbksp,93,232,407,325,314
5e3910082bc81,bksp,bkspbksp,82,146,313,228,231
5e3910082bc81,bksp,bkspa,85,449,619,534,534
5e3910082bc81,a,an,85,212,368,297,283
5e3910082bc81,n,nu,71,231,372,302,301
5e3910082bc81,u,ut,70,198,337,268,267
5e3910082bc81,t,tspace,69,344,488,413,419
5e3910082bc81,space,spacel,75,225,390,300,315
5e3910082bc81,l,lu,90,314,473,404,383
5e3910082bc81,u,ue,69,314,503,383,434
5e3910082bc81,e,en,120,1311,1520,1431,1400
5e3910082bc81,n,ng,89,362,524,451,435
5e3910082bc81,g,gt,73,245,356,318,283
5e3910082bc81,t,tr,38,194,301,232,263
5e3910082bc81,r,ru,69,730,837,799,768
5e3910082bc81,u,ul,38,212,305,250,267
5e3910082bc81,l,ls,55,196,339,251,284
5e3910082bc81,s,su,88,161,289,249,201
5e3910082bc81,u,uk,40,330,437,370,397
5e3910082bc81,k,km,67,43369,43506,43436,43439
5e3910082bc81,m,mn,70,729,869,799,799
5e3910082bc81,n,nu,70,317,424,387,354
5e3910082bc81,u,ut,37,226,317,263,280
5e3910082bc81,t,tspace,54,816,940,870,886
5e3910082bc81,space,spacel,70,329,486,399,416
5e3910082bc81,l,lu,87,748,904,835,817
5e3910082bc81,u,ue,69,382,518,451,449
5e3910082bc81,e,en,67,134,280,201,213
5e3910082bc81,n,ng,79,384,550,463,471
5e3910082bc81,g,gt,87,650,817,737,730
5e3910082bc81,t,tr,80,189,332,269,252
5e3910082bc81,r,rk,63,363,496,426,433
5e3910082bc81,k,ku,70,233,374,303,304
5e3910082bc81,u,ul,71,281,404,352,333
5e3910082bc81,l,ls,52,943,1053,995,1001
5e3910082bc81,s,su,58,201,320,259,262
5e3910082bc81,u,uk,61,316,449,377,388
5e3910082bc81,k,kbksp,72,2110,2255,2182,2183
5e3910082bc81,bksp,bkspm,73,1912,2071,1985,1998
5e3910082bc81,m,mbksp,86,760,936,846,850
5e3910082bc81,bksp,bkspl,90,215,341,305,251
5e3910082bc81,l,lu,36,309,386,345,350
5e3910082bc81,u,ue,41,277,390,318,349
5e3910082bc81,e,en,72,93,238,165,166
5e3910082bc81,n,ng,73,500,623,573,550
5e3910082bc81,g,gt,50,200,331,250,281
5e3910082bc81,t,tr,81,276,419,357,338
5e3910082bc81,r,ra,62,131,277,193,215
5e3910082bc81,a,ak,84,215,350,299,266
5e3910082bc81,k,ku,51,299,422,350,371
5e3910082bc81,u,ul,72,391,520,463,448
5e3910082bc81,l,ls,57,430,570,487,513
5e3910082bc81,s,su,83,252,398,335,315
5e3910082bc81,u,uk,63,192,331,255,268
5e3910082bc81,k,km,76,37969,38113,38045,38037
5e3910082bc81,m,mn,68,225,367,293,299
5e3910082bc81,n,nu,74,159,308,233,234
5e3910082bc81,u,ut,75,211,343,286,268
5e3910082bc81,t,tspace,57,187,322,244,265
5e3910082bc81,space,spacebksp,78,314,463,392,385
5e3910082bc81,bksp,bkspbksp,71,81,204,152,133
5e3910082bc81,bksp,bkspbksp,52,102,253,154,201
5e3910082bc81,bksp,bkspbksp,99,113,279,212,180
5e3910082bc81,bksp,bkspa,67,566,708,633,641
5e3910082bc81,a,an,75,406,538,481,463
5e3910082bc81,n,nu,57,192,290,249,233
5e3910082bc81,u,ut,41,242,340,283,299
5e3910082bc81,t,tspace,57,198,307,255,250
5e3910082bc81,space,spacel,52,594,734,646,682
5e3910082bc81,l,lu,88,266,422,354,334
5e3910082bc81,u,ue,68,283,418,351,350
5e3910082bc81,e,en,67,94,218,161,151
5e3910082bc81,n,ng,57,495,623,552,566
5e3910082bc81,g,gt,71,196,322,267,251
5e3910082bc81,t,tr,55,196,319,251,264
5e3910082bc81,r,ra,68,145,302,213,234
5e3910082bc81,a,ak,89,217,340,306,251
5e3910082bc81,k,ku,34,160,267,194,233
5e3910082bc81,u,ul,73,181,339,254,266
5e3910082bc81,l,ls,85,212,353,297,268
5e3910082bc81,s,su,56,130,240,186,184
5e3910082bc81,u,uk,54,214,334,268,280
5e3910082bc81,k,km,66,35069,35221,35135,35155
5e3910082bc81,m,mn,86,386,552,472,466
5e3910082bc81,n,nu,80,313,432,393,352
5e3910082bc81,u,ut,39,262,338,301,299
5e3910082bc81,t,tbksp,37,621,720,658,683
5e3910082bc81,bksp,bkspbksp,62,73,229,135,167
5e3910082bc81,bksp,bkspbksp,94,295,459,389,365
5e3910082bc81,bksp,bkspa,70,530,706,600,636
5e3910082bc81,a,an,106,980,1154,1086,1048
5e3910082bc81,n,nu,68,227,367,295,299
5e3910082bc81,u,ut,72,265,376,337,304
5e3910082bc81,t,tshift,39,530,638,569,599
5e3910082bc81,shift,shiftspace,69,649,771,718,702
5e3910082bc81,space,spaceshift,53,547,684,600,631
5e3910082bc81,shift,shiftl,84,429,603,513,519
5e3910082bc81,l,lu,90,260,419,350,329
5e3910082bc81,u,ue,69,300,421,369,352
5e3910082bc81,e,en,52,129,267,181,215
5e3910082bc81,n,nh,86,570,718,656,632
5e3910082bc81,h,hbksp,62,369,514,431,452
5e3910082bc81,bksp,bkspg,83,516,637,599,554
5e3910082bc81,g,gt,38,294,388,332,350
5e3910082bc81,t,tr,56,426,520,482,464
5e3910082bc81,r,ra,38,161,290,199,252
5e3910082bc81,a,ak,91,259,438,350,347
5e3910082bc81,k,ku,88,363,488,451,400
5e3910082bc81,u,us,37,600,686,637,649
5e3910082bc81,s,su,49,165,267,214,218
5e3910082bc81,u,uk,53,293,418,346,365
5e3910082bc81,k,km,72,38234,38375,38306,38303
5e3910082bc81,m,mq,69,261,421,330,352
5e3910082bc81,q,qn,91,53,206,144,115
5e3910082bc81,n,nu,62,194,313,256,251
5e3910082bc81,u,ut,57,254,370,311,313
5e3910082bc81,t,tbksp,59,416,533,475,474
5e3910082bc81,bksp,bkspbksp,58,69,202,127,144
5e3910082bc81,bksp,bkspbksp,75,89,226,164,151
5e3910082bc81,bksp,bkspa,62,779,914,841,852
5e3910082bc81,a,an,73,659,821,732,748
5e3910082bc81,n,nu,89,197,388,286,299
5e3910082bc81,u,ut,102,298,458,400,356
5e3910082bc81,t,tspace,58,1643,1757,1701,1699
5e3910082bc81,space,spacel,56,281,419,337,363
5e3910082bc81,l,lu,82,261,417,343,335
5e3910082bc81,u,ue,74,327,512,401,438
5e3910082bc81,e,en,111,226,390,337,279
5e3910082bc81,n,ng,53,298,418,351,365
5e3910082bc81,g,gt,67,363,488,430,421
5e3910082bc81,t,tr,58,174,302,232,244
5e3910082bc81,r,ra,70,298,473,368,403
5e3910082bc81,a,ak,105,582,772,687,667
5e3910082bc81,k,ku,85,186,350,271,265
5e3910082bc81,u,ul,79,215,363,294,284
5e3910082bc81,l,ls,69,248,420,317,351
5e3910082bc81,s,su,103,428,587,531,484
5e3910082bc81,u,uk,56,595,724,651,668
5e3910082bc81,k,km,73,33310,33454,33383,33381
5e3910082bc81,m,ma,71,484,722,555,651
5e3910082bc81,a,an,167,1145,1401,1312,1234
5e3910082bc81,n,nu,89,362,554,451,465
5e3910082bc81,u,ut,103,447,589,550,486
5e3910082bc81,t,tspace,39,543,655,582,616
5e3910082bc81,space,spacel,73,277,460,350,387
5e3910082bc81,l,li,110,240,458,350,348
5e3910082bc81,i,ie,108,313,523,421,415
5e3910082bc81,e,en,102,263,452,365,350
5e3910082bc81,n,ng,87,381,523,468,436
5e3910082bc81,g,gt,55,444,624,499,569
5e3910082bc81,t,tr,125,222,438,347,313
5e3910082bc81,r,ra,91,294,514,385,423
5e3910082bc81,a,abksp,129,1385,1575,1514,1446
5e3910082bc81,bksp,bkspbksp,61,107,224,168,163
5e3910082bc81,bksp,bkspbksp,56,90,205,146,149
5e3910082bc81,bksp,bkspbksp,59,271,376,330,317
5e3910082bc81,bksp,bkspbksp,46,115,189,161,143
5e3910082bc81,bksp,bkspbksp,28,98,170,126,142
5e3910082bc81,bksp,bkspbksp,44,143,241,187,197
5e3910082bc81,bksp,bkspu,54,714,839,768,785
5e3910082bc81,u,un,71,1711,1860,1782,1789
5e3910082bc81,n,nbksp,78,1171,1306,1249,1228
5e3910082bc81,bksp,bkspe,57,699,809,756,752
5e3910082bc81,e,en,53,361,469,414,416
5e3910082bc81,n,ng,55,263,386,318,331
5e3910082bc81,g,gt,68,251,371,319,303
5e3910082bc81,t,tr,52,162,282,214,230
5e3910082bc81,r,ra,68,245,420,313,352
5e3910082bc81,a,ak,107,330,509,437,402
5e3910082bc81,k,ky,72,278,387,350,315
5e3910082bc81,y,ybksp,37,794,902,831,865
5e3910082bc81,bksp,bkspu,71,325,472,396,401
5e3910082bc81,u,ul,76,259,407,335,331
5e3910082bc81,l,ls,72,384,523,456,451
5e3910082bc81,s,su,67,164,301,231,234
5e3910082bc81,u,uk,70,198,320,268,250
5e3910082bc81,k,km,52,32483,32605,32535,32553
5e3910082bc81,m,ma,70,180,337,250,267
5e3910082bc81,a,an,87,37,203,124,116
5e3910082bc81,n,nu,79,233,365,312,286
5e3910082bc81,u,ut,53,242,350,295,297
5e3910082bc81,t,tspace,55,1262,1390,1317,1335
5e3910082bc81,space,spacel,73,246,387,319,314
5e3910082bc81,l,lu,68,282,405,350,337
5e3910082bc81,u,ue,55,363,485,418,430
5e3910082bc81,e,en,67,377,500,444,433
5e3910082bc81,n,ng,56,413,544,469,488
5e3910082bc81,g,gt,75,194,337,269,262
5e3910082bc81,t,tr,68,163,285,231,217
5e3910082bc81,r,ra,54,205,356,259,302
5e3910082bc81,a,ak,97,463,632,560,535
5e3910082bc81,k,ku,72,260,388,332,316
5e3910082bc81,u,ul,56,175,286,231,230
5e3910082bc81,l,ls,55,376,491,431,436
5e3910082bc81,s,su,60,377,476,437,416
5e3910082bc81,u,uk,39,196,289,235,250
5e3910082bc81,k,km,54,25482,25605,25536,25551
5e3910082bc81,m,ma,69,75,254,144,185
5e3910082bc81,a,an,110,18,207,128,97
5e3910082bc81,n,nu,79,159,299,238,220
5e3910082bc81,u,ut,61,296,425,357,364
5e3910082bc81,t,tspace,68,133,252,201,184
5e3910082bc81,space,spacel,51,399,518,450,467
5e3910082bc81,l,lu,68,382,506,450,438
5e3910082bc81,u,ur,56,270,347,326,291
5e3910082bc81,r,re,21,1016,1143,1037,1122
5e3910082bc81,e,en,106,110,269,216,163
5e3910082bc81,n,ng,53,344,472,397,419
5e3910082bc81,g,gt,75,217,325,292,250
5e3910082bc81,t,tr,33,248,334,281,301
5e3910082bc81,r,ra,53,129,235,182,182
5e3910082bc81,a,ak,53,216,335,269,282
5e3910082bc81,k,ku,66,396,534,462,468
5e3910082bc81,u,ul,72,183,307,255,235
5e3910082bc81,l,ls,52,111,252,163,200
5e3910082bc81,s,su,89,161,306,250,217
5e3910082bc81,u,uk,56,231,353,287,297
5e3910082bc81,k,ks,66,-227134,-226979,-227068,-227045
5e391073413f5,s,sq,89,292,457,381,368
5e391073413f5,q,qr,76,228,360,304,284
5e391073413f5,r,rbksp,56,894,1021,950,965
5e391073413f5,bksp,bkspbksp,71,342,509,413,438
5e391073413f5,bksp,bkspr,96,1991,2159,2087,2063
5e391073413f5,r,ru,72,1128,1258,1200,1186
5e391073413f5,u,un,58,392,509,450,451
5e391073413f5,n,np,59,498,640,557,581
5e391073413f5,p,pa,83,1873,2064,1956,1981
5e391073413f5,a,ar,108,561,761,669,653
5e391073413f5,r,rt,92,409,591,501,499
5e391073413f5,t,tspace,90,1226,1425,1316,1335
5e391073413f5,space,spaces,109,674,873,783,764
5e391073413f5,s,su,90,577,772,667,682
5e391073413f5,u,ug,105,470,673,575,568
5e391073413f5,g,gi,98,430,597,528,499
5e391073413f5,i,in,69,478,656,547,587
5e391073413f5,n,nu,109,256,474,365,365
5e391073413f5,u,un,109,643,863,752,754
5e391073413f5,n,nc,111,573,760,684,649
5e391073413f5,c,ch,76,275,407,351,331
5e391073413f5,h,hy,56,1194,1339,1250,1283
5e391073413f5,y,yg,89,1391,1575,1480,1486
5e391073413f5,g,gu,95,220,406,315,311
5e391073413f5,u,un,91,463,630,554,539
5e391073413f5,n,ns,76,55377,55542,55453,55466
5e391073413f5,s,sa,89,281,472,370,383
5e391073413f5,a,ar,102,245,400,347,298
5e391073413f5,r,ru,53,529,655,582,602
5e391073413f5,u,un,73,377,524,450,451
5e391073413f5,n,np,74,208,354,282,280
5e391073413f5,p,pa,72,1594,1759,1666,1687
5e391073413f5,a,ae,93,527,693,620,600
5e391073413f5,e,ebksp,73,2577,2759,2650,2686
5e391073413f5,bksp,bkspbksp,109,958,1158,1067,1049
5e391073413f5,bksp,bkspr,91,959,1159,1050,1068
5e391073413f5,r,rt,109,288,470,397,361
5e391073413f5,t,tspace,73,1015,1174,1088,1101
5e391073413f5,space,spaces,86,611,787,697,701
5e391073413f5,s,su,90,510,657,600,567
5e391073413f5,u,ug,57,377,507,434,450
5e391073413f5,g,gi,73,276,404,349,331
5e391073413f5,i,in,55,463,593,518,538
5e391073413f5,n,nu,75,239,387,314,312
5e391073413f5,u,un,73,295,443,368,370
5e391073413f5,n,nc,75,643,807,718,732
5e391073413f5,c,ch,89,479,639,568,550
5e391073413f5,h,ha,71,360,522,431,451
5e391073413f5,a,ay,91,592,793,683,702
5e391073413f5,y,ya,110,368,573,478,463
5e391073413f5,a,ag,95,1060,1264,1155,1169
5e391073413f5,g,gu,109,307,508,416,399
5e391073413f5,u,un,92,544,742,636,650
5e391073413f5,n,ns,106,54699,54895,54805,54789
5e391073413f5,s,sa,90,158,318,248,228
5e391073413f5,a,ar,70,243,386,313,316
5e391073413f5,r,ru,73,464,650,537,577
5e391073413f5,u,un,113,550,775,663,662
5e391073413f5,n,np,112,256,445,368,333
5e391073413f5,p,pa,77,454,625,531,548
5e391073413f5,a,ar,94,443,612,537,518
5e391073413f5,r,rt,75,275,421,350,346
5e391073413f5,t,tspace,71,261,441,332,370
5e391073413f5,space,spaces,109,309,510,418,401
5e391073413f5,s,su,92,408,593,500,501
5e391073413f5,u,ug,93,342,544,435,451
5e391073413f5,g,gi,109,307,489,416,380
5e391073413f5,i,in,73,539,706,612,633
5e391073413f5,n,nu,94,443,610,537,516
5e391073413f5,u,un,73,290,459,363,386
5e391073413f5,n,nc,96,442,613,538,517
5e391073413f5,c,ch,75,389,538,464,463
5e391073413f5,h,ha,74,311,462,385,388
5e391073413f5,a,ay,77,587,757,664,680
5e391073413f5,y,ya,93,294,477,387,384
5e391073413f5,a,ag,90,792,954,882,864
5e391073413f5,g,gu,72,196,357,268,285
5e391073413f5,u,un,89,541,725,630,636
5e391073413f5,n,ns,95,39216,39378,39311,39283
5e391073413f5,s,sa,67,105,250,172,183
5e391073413f5,a,ar,78,211,342,289,264
5e391073413f5,r,ru,53,564,707,617,654
5e391073413f5,u,un,90,330,474,420,384
5e391073413f5,n,np,54,1240,1391,1294,1337
5e391073413f5,p,pa,97,419,607,516,510
5e391073413f5,a,ar,91,245,428,336,337
5e391073413f5,r,rt,92,260,425,352,333
5e391073413f5,t,tspace,73,509,654,582,581
5e391073413f5,space,spaces,72,327,475,399,403
5e391073413f5,s,su,76,592,774,668,698
5e391073413f5,u,ug,106,277,439,383,333
5e391073413f5,g,gi,56,257,387,313,331
5e391073413f5,i,in,74,529,676,603,602
5e391073413f5,n,nu,73,210,354,283,281
5e391073413f5,u,un,71,315,441,386,370
5e391073413f5,n,nc,55,495,621,550,566
5e391073413f5,c,ch,71,261,403,332,332
5e391073413f5,h,ha,71,311,474,382,403
5e391073413f5,a,ay,92,493,658,585,566
5e391073413f5,y,ya,73,276,439,349,366
5e391073413f5,a,ag,90,593,722,683,632
5e391073413f5,g,gu,39,228,338,267,299
5e391073413f5,u,un,71,745,889,816,818
5e391073413f5,n,ns,73,42143,42290,42216,42217
5e391073413f5,s,sa,74,107,242,181,168
5e391073413f5,a,ar,61,226,360,287,299
5e391073413f5,r,ru,73,481,623,554,550
5e391073413f5,u,un,69,394,541,463,472
5e391073413f5,n,np,78,191,339,269,261
5e391073413f5,p,pa,70,464,607,534,537
5e391073413f5,a,ar,73,374,522,447,449
5e391073413f5,r,rt,75,88,223,163,148
5e391073413f5,t,tspace,60,530,678,590,618
5e391073413f5,space,spaces,88,277,455,365,367
5e391073413f5,s,su,90,527,711,617,621
5e391073413f5,u,ug,94,708,909,802,815
5e391073413f5,g,gi,107,243,404,350,297
5e391073413f5,i,in,54,477,572,531,518
5e391073413f5,n,nu,41,193,306,234,265
5e391073413f5,u,un,72,194,337,266,265
5e391073413f5,n,nc,71,448,589,519,518
5e391073413f5,c,ch,70,462,605,532,535
5e391073413f5,h,hy,73,808,954,881,881
5e391073413f5,y,ya,73,295,460,368,387
5e391073413f5,a,ag,92,476,659,568,567
5e391073413f5,g,gu,91,205,387,296,296
5e391073413f5,u,un,91,413,578,504,487
5e391073413f5,n,ns,74,40979,41125,41053,41051
5e391073413f5,s,sa,72,88,220,160,148
5e391073413f5,a,ar,60,139,278,199,218
5e391073413f5,r,ru,79,461,597,540,518
5e391073413f5,u,un,57,225,390,282,333
5e391073413f5,n,np,108,294,476,402,368
5e391073413f5,p,pa,74,392,556,466,482
5e391073413f5,a,ar,90,427,606,517,516
5e391073413f5,r,rt,89,76,220,165,131
5e391073413f5,t,tspace,55,394,543,449,488
5e391073413f5,space,spaces,94,720,911,814,817
5e391073413f5,s,su,97,375,558,472,461
5e391073413f5,u,ug,86,369,505,455,419
5e391073413f5,g,gi,50,220,318,270,268
5e391073413f5,i,in,48,477,597,525,549
5e391073413f5,n,nu,72,160,286,232,214
5e391073413f5,u,un,54,164,288,218,234
5e391073413f5,n,nc,70,463,606,533,536
5e391073413f5,c,ch,73,246,387,319,314
5e391073413f5,h,ha,68,360,519,428,451
5e391073413f5,a,ay,91,375,527,466,436
5e391073413f5,y,ya,61,276,392,337,331
5e391073413f5,a,ag,55,494,625,549,570
5e391073413f5,g,gu,76,160,305,236,229
5e391073413f5,u,un,69,480,606,549,537
5e391073413f5,n,ns,57,38680,38791,38737,38734
5e391073413f5,s,sa,54,88,205,142,151
5e391073413f5,a,ar,63,157,310,220,247
5e391073413f5,r,ru,90,328,508,418,418
5e391073413f5,u,un,90,345,524,435,434
5e391073413f5,n,np,89,175,337,264,248
5e391073413f5,p,pa,73,409,592,482,519
5e391073413f5,a,ar,110,491,691,601,581
5e391073413f5,r,rt,90,78,240,168,150
5e391073413f5,t,tmeta1,72,329,459,401,387
5e391073413f5,meta1,meta1normal,58,509,626,567,568
5e391073413f5,normal,normalspace,59,324,473,383,414
5e391073413f5,space,spaces,90,258,422,348,332
5e391073413f5,s,su,74,245,390,319,316
5e391073413f5,u,ug,71,315,441,386,370
5e391073413f5,g,gn,55,876,1004,931,949
5e391073413f5,n,nu,73,159,303,232,230
5e391073413f5,u,un,71,161,305,232,234
5e391073413f5,n,nc,73,428,590,501,517
5e391073413f5,c,ch,89,179,321,268,232
5e391073413f5,h,hy,53,997,1121,1050,1068
5e391073413f5,y,ya,71,863,1008,934,937
5e391073413f5,a,ay,74,376,522,450,448
5e391073413f5,y,ya,72,311,459,383,387
5e391073413f5,a,ag,76,323,476,399,400
5e391073413f5,g,gu,77,190,323,267,246
5e391073413f5,u,un,56,195,321,251,265
5e391073413f5,n,ns,70,40853,41011,40923,40941
5e391073413f5,s,sr,88,323,472,411,384
5e391073413f5,r,ru,61,541,646,602,585
5e391073413f5,u,un,44,188,307,232,263
5e391073413f5,n,np,75,947,1079,1022,1004
5e391073413f5,p,pa,57,593,743,650,686
5e391073413f5,a,ar,93,270,456,363,363
5e391073413f5,r,rt,93,72,241,165,148
5e391073413f5,t,tspace,76,402,560,478,484
5e391073413f5,space,spaces,82,233,404,315,322
5e391073413f5,s,su,89,272,435,361,346
5e391073413f5,u,un,74,211,357,285,283
5e391073413f5,n,nbksp,72,1068,1225,1140,1153
5e391073413f5,bksp,bkspg,85,576,767,661,682
5e391073413f5,g,gu,106,347,508,453,402
5e391073413f5,u,ui,55,1759,1905,1814,1850
5e391073413f5,i,in,91,305,472,396,381
5e391073413f5,n,nu,76,161,307,237,231
5e391073413f5,u,un,70,294,437,364,367
5e391073413f5,n,nc,73,446,548,519,475
5e391073413f5,c,cc,29,12,89,41,60
5e391073413f5,c,ch,48,762,867,810,819
5e391073413f5,h,ha,57,559,706,616,649
5e391073413f5,a,ay,90,361,521,451,431
5e391073413f5,y,ya,70,343,456,413,386
5e391073413f5,a,ag,43,525,644,568,601
5e391073413f5,g,gu,76,143,288,219,212
5e391073413f5,u,un,69,244,386,313,317
5e391073413f5,n,ns,73,37447,37596,37520,37523
5e391073413f5,s,sa,76,67,222,143,146
5e391073413f5,a,ar,79,146,279,225,200
5e391073413f5,r,ru,54,496,637,550,583
5e391073413f5,u,un,87,196,354,283,267
5e391073413f5,n,np,71,196,356,267,285
5e391073413f5,p,pa,89,510,676,599,587
5e391073413f5,a,ar,77,190,340,267,263
5e391073413f5,r,rt,73,161,304,234,231
5e391073413f5,t,tspace,70,397,523,467,453
5e391073413f5,space,spaces,56,408,537,464,481
5e391073413f5,s,su,73,296,426,369,353
5e391073413f5,u,ug,57,243,370,300,313
5e391073413f5,g,gi,70,161,304,231,234
5e391073413f5,i,in,73,209,374,282,301
5e391073413f5,n,nu,92,126,308,218,216
5e391073413f5,u,un,90,112,309,202,219
5e391073413f5,n,nc,107,378,556,485,449
5e391073413f5,c,ch,71,307,436,378,365
5e391073413f5,h,ha,58,1446,1578,1504,1520
5e391073413f5,a,ay,74,276,423,350,349
5e391073413f5,y,ya,73,243,388,316,315
5e391073413f5,a,ag,72,325,457,397,385
5e391073413f5,g,gu,60,158,291,218,231
5e391073413f5,u,un,73,195,358,268,285
5e391073413f5,n,ns,90,43182,43325,43272,43235
5e391073413f5,s,sa,53,88,218,141,165
5e391073413f5,a,ar,77,144,294,221,217
5e391073413f5,r,ru,73,477,625,550,552
5e391073413f5,u,un,75,275,406,350,331
5e391073413f5,n,na,56,1143,1293,1199,1237
5e391073413f5,a,ar,94,224,410,318,316
5e391073413f5,r,rt,92,109,256,201,164
5e391073413f5,t,tspace,55,476,592,531,537
5e391073413f5,space,spaces,61,307,446,368,385
5e391073413f5,s,su,78,222,374,300,296
5e391073413f5,u,ug,74,295,442,369,368
5e391073413f5,g,gi,73,177,321,250,248
5e391073413f5,i,in,71,513,673,584,602
5e391073413f5,n,nu,89,140,306,229,217
5e391073413f5,u,un,77,159,291,236,214
5e391073413f5,n,nc,55,560,674,615,619
5e391073413f5,c,ch,59,211,325,270,266
5e391073413f5,h,hshift,55,1393,1506,1448,1451
5e391073413f5,shift,shiftshift,58,410,558,468,500
5e391073413f5,shift,shifta,90,293,444,383,354
5e391073413f5,a,ay,61,370,541,431,480
5e391073413f5,y,ya,110,357,558,467,448
5e391073413f5,a,ag,91,1145,1311,1236,1220
5e391073413f5,g,gu,75,121,271,196,196
5e391073413f5,u,un,75,180,308,255,233
5e391073413f5,n,ns,53,-493837,-493710,-493784,-493763
5e39108d4aefe,s,su,74,110,236,184,162
5e39108d4aefe,u,up,52,131,222,183,170
5e39108d4aefe,p,pl,39,189,304,228,265
5e39108d4aefe,l,lr,76,74,243,150,167
5e39108d4aefe,r,rm,93,57,208,150,115
5e39108d4aefe,m,mbksp,58,759,860,817,802
5e39108d4aefe,bksp,bkspbksp,43,95,177,138,134
5e39108d4aefe,bksp,bkspbksp,39,662,742,701,703
5e39108d4aefe,bksp,bkspa,41,1312,1388,1353,1347
5e39108d4aefe,a,al,35,879,988,914,953
5e39108d4aefe,l,le,74,70,255,144,181
5e39108d4aefe,e,er,111,128,294,239,183
5e39108d4aefe,r,rk,55,77,204,132,149
5e39108d4aefe,k,kspace,72,770,958,842,886
5e39108d4aefe,space,spacec,116,311,497,427,381
5e39108d4aefe,c,ch,70,157,287,227,217
5e39108d4aefe,h,ho,60,313,413,373,353
5e39108d4aefe,o,ok,40,278,357,318,317
5e39108d4aefe,k,kw,39,282,401,321,362
5e39108d4aefe,w,wa,80,154,316,234,236
5e39108d4aefe,a,ar,82,276,465,358,383
5e39108d4aefe,r,re,107,161,340,268,233
5e39108d4aefe,e,ee,72,146,270,218,198
5e39108d4aefe,e,eh,52,513,654,565,602
5e39108d4aefe,h,ho,89,105,272,194,183
5e39108d4aefe,o,or,78,72,227,150,149
5e39108d4aefe,r,rspace,77,146,263,223,186
5e39108d4aefe,space,spacen,40,693,772,733,732
5e39108d4aefe,n,nn,39,1510,1606,1549,1567
5e39108d4aefe,n,ns,57,62017,62128,62074,62071
5e39108d4aefe,s,su,54,495,620,549,566
5e39108d4aefe,u,up,71,314,454,385,383
5e39108d4aefe,p,pa,69,1232,1371,1301,1302
5e39108d4aefe,a,al,70,361,521,431,451
5e39108d4aefe,l,lr,90,728,903,818,813
5e39108d4aefe,r,rk,85,697,854,782,769
5e39108d4aefe,k,kspace,72,659,841,731,769
5e39108d4aefe,space,spacec,110,272,458,382,348
5e39108d4aefe,c,ch,76,292,426,368,350
5e39108d4aefe,h,hp,58,274,423,332,365
5e39108d4aefe,p,pl,91,195,358,286,267
5e39108d4aefe,l,lo,72,777,905,849,833
5e39108d4aefe,o,ok,56,215,298,271,242
5e39108d4aefe,k,kw,27,386,470,413,443
5e39108d4aefe,w,wr,57,560,723,617,666
5e39108d4aefe,r,re,106,177,388,283,282
5e39108d4aefe,e,ee,105,194,406,299,301
5e39108d4aefe,e,ep,107,230,407,337,300
5e39108d4aefe,p,ph,70,492,639,562,569
5e39108d4aefe,h,ho,77,274,425,351,348
5e39108d4aefe,o,or,74,312,474,386,400
5e39108d4aefe,r,rn,88,546,688,634,600
5e39108d4aefe,n,nu,54,32184,32323,32238,32269
5e39108d4aefe,u,up,85,227,417,312,332
5e39108d4aefe,p,pa,105,831,1007,936,902
5e39108d4aefe,a,al,71,732,854,803,783
5e39108d4aefe,l,le,51,310,468,361,417
5e39108d4aefe,e,er,107,179,356,286,249
5e39108d4aefe,r,rk,70,363,488,433,418
5e39108d4aefe,k,kspace,55,358,521,413,466
5e39108d4aefe,space,spacec,108,248,458,356,350
5e39108d4aefe,c,ch,102,260,452,362,350
5e39108d4aefe,h,ho,90,228,389,318,299
5e39108d4aefe,o,ow,71,650,819,721,748
5e39108d4aefe,w,wa,98,1281,1451,1379,1353
5e39108d4aefe,a,ar,72,447,604,519,532
5e39108d4aefe,r,re,85,214,420,299,335
5e39108d4aefe,e,ee,121,104,334,225,213
5e39108d4aefe,e,ep,109,253,444,362,335
5e39108d4aefe,p,ph,82,407,535,489,453
5e39108d4aefe,h,ho,46,392,512,438,466
5e39108d4aefe,o,od,74,263,425,337,351
5e39108d4aefe,d,dr,88,950,1152,1038,1064
5e39108d4aefe,r,rr,114,751,996,865,882
5e39108d4aefe,r,rn,131,779,968,910,837
5e39108d4aefe,n,ns,58,39063,39207,39121,39149
5e39108d4aefe,s,su,86,675,857,761,771
5e39108d4aefe,u,up,96,178,379,274,283
5e39108d4aefe,p,pl,105,1377,1521,1482,1416
5e39108d4aefe,l,le,39,493,635,532,596
5e39108d4aefe,e,er,103,197,388,300,285
5e39108d4aefe,r,rk,88,423,589,511,501
5e39108d4aefe,k,kspace,78,283,460,361,382
5e39108d4aefe,space,spacec,99,325,502,424,403
5e39108d4aefe,c,ch,78,294,443,372,365
5e39108d4aefe,h,hl,71,578,720,649,649
5e39108d4aefe,l,lo,71,977,1123,1048,1052
5e39108d4aefe,o,ok,75,378,544,453,469
5e39108d4aefe,k,kw,91,377,557,468,466
5e39108d4aefe,w,wa,89,261,457,350,368
5e39108d4aefe,a,ar,107,275,489,382,382
5e39108d4aefe,r,re,107,143,338,250,231
5e39108d4aefe,e,ee,88,110,271,198,183
5e39108d4aefe,e,ep,73,329,459,402,386
5e39108d4aefe,p,ph,57,493,624,550,567
5e39108d4aefe,h,ho,74,194,354,268,280
5e39108d4aefe,o,or,86,228,404,314,318
5e39108d4aefe,r,rs,90,34199,34361,34289,34271
5e39108d4aefe,s,su,72,559,687,631,615
5e39108d4aefe,u,up,56,315,428,371,372
5e39108d4aefe,p,pa,57,1435,1567,1492,1510
5e39108d4aefe,a,al,75,362,513,437,438
5e39108d4aefe,l,le,76,306,475,382,399
5e39108d4aefe,e,er,93,207,390,300,297
5e39108d4aefe,r,rk,90,370,539,460,449
5e39108d4aefe,k,kspace,79,597,749,676,670
5e39108d4aefe,space,spacec,73,295,456,368,383
5e39108d4aefe,c,ch,88,894,1037,982,949
5e39108d4aefe,h,ho,55,295,424,350,369
5e39108d4aefe,o,ok,74,225,370,299,296
5e39108d4aefe,k,kw,71,212,354,283,283
5e39108d4aefe,w,wa,71,678,823,749,752
5e39108d4aefe,a,ar,74,394,559,468,485
5e39108d4aefe,r,re,91,209,339,300,248
5e39108d4aefe,e,ee,39,180,304,219,265
5e39108d4aefe,e,eh,85,1078,1253,1163,1168
5e39108d4aefe,h,ho,90,261,422,351,332
5e39108d4aefe,o,or,71,265,425,336,354
5e39108d4aefe,r,rn,89,413,589,502,500
5e39108d4aefe,n,ns,87,33591,33770,33678,33683
5e39108d4aefe,s,su,92,381,578,473,486
5e39108d4aefe,u,up,105,245,452,350,347
5e39108d4aefe,p,pshift,102,579,754,681,652
5e39108d4aefe,shift,shiftshift,73,426,590,499,517
5e39108d4aefe,shift,shifta,91,345,490,436,399
5e39108d4aefe,a,al,54,443,555,497,501
5e39108d4aefe,l,le,58,260,424,318,366
5e39108d4aefe,e,er,106,226,404,332,298
5e39108d4aefe,r,rk,72,396,543,468,471
5e39108d4aefe,k,kspace,75,460,623,535,548
5e39108d4aefe,space,spacec,88,262,439,350,351
5e39108d4aefe,c,ch,89,375,523,464,434
5e39108d4aefe,h,ho,59,342,457,401,398
5e39108d4aefe,o,ok,56,343,458,399,402
5e39108d4aefe,k,kw,59,292,406,351,347
5e39108d4aefe,w,wa,55,212,338,267,283
5e39108d4aefe,a,ar,71,362,523,433,452
5e39108d4aefe,r,re,90,227,390,317,300
5e39108d4aefe,e,ee,73,227,374,300,301
5e39108d4aefe,e,ep,74,308,471,382,397
5e39108d4aefe,p,ph,89,511,674,600,585
5e39108d4aefe,h,ho,74,276,441,350,367
5e39108d4aefe,o,or,91,359,525,450,434
5e39108d4aefe,r,rn,75,594,743,669,668
5e39108d4aefe,n,ns,74,37772,37926,37846,37852
5e39108d4aefe,s,su,80,662,779,742,699
5e39108d4aefe,u,up,37,313,405,350,368
5e39108d4aefe,p,pa,55,777,887,832,832
5e39108d4aefe,a,al,55,495,622,550,567
5e39108d4aefe,l,le,72,391,521,463,449
5e39108d4aefe,e,er,58,252,406,310,348
5e39108d4aefe,r,rk,96,412,598,508,502
5e39108d4aefe,k,kspace,90,229,406,319,316
5e39108d4aefe,space,spacec,87,245,421,332,334
5e39108d4aefe,c,ch,89,260,406,349,317
5e39108d4aefe,h,hk,57,543,655,600,598
5e39108d4aefe,k,kw,55,182,304,237,249
5e39108d4aefe,w,wa,67,678,804,745,737
5e39108d4aefe,a,ar,59,409,540,468,481
5e39108d4aefe,r,re,72,210,373,282,301
5e39108d4aefe,e,ee,91,127,325,218,234
5e39108d4aefe,e,ep,107,178,370,285,263
5e39108d4aefe,p,pg,85,466,622,551,537
5e39108d4aefe,g,gh,71,369,502,440,431
5e39108d4aefe,h,hh,62,573,696,635,634
5e39108d4aefe,h,hbksp,61,878,1031,939,970
5e39108d4aefe,bksp,bkspbksp,92,194,372,286,280
5e39108d4aefe,bksp,bkspbksp,86,146,287,232,201
5e39108d4aefe,bksp,bksph,55,462,605,517,550
5e39108d4aefe,h,ho,88,313,473,401,385
5e39108d4aefe,o,or,72,561,690,633,618
5e39108d4aefe,r,rn,57,443,538,500,481
5e39108d4aefe,n,ns,38,32616,32707,32654,32669
5e39108d4aefe,s,su,53,694,856,747,803
5e39108d4aefe,u,ua,109,604,773,713,664
5e39108d4aefe,a,al,60,409,525,469,465
5e39108d4aefe,l,le,56,244,391,300,335
5e39108d4aefe,e,er,91,159,356,250,265
5e39108d4aefe,r,rk,106,562,741,668,635
5e39108d4aefe,k,kspace,73,344,524,417,451
5e39108d4aefe,space,spacec,107,182,388,289,281
5e39108d4aefe,c,ch,99,595,767,694,668
5e39108d4aefe,h,ho,73,260,408,333,335
5e39108d4aefe,o,ok,75,342,476,417,401
5e39108d4aefe,k,ka,59,640,771,699,712
5e39108d4aefe,a,ar,72,393,555,465,483
5e39108d4aefe,r,re,90,214,407,304,317
5e39108d4aefe,e,ee,103,163,337,266,234
5e39108d4aefe,e,ep,71,314,457,385,386
5e39108d4aefe,p,ph,72,284,450,356,378
5e39108d4aefe,h,ho,94,169,344,263,250
5e39108d4aefe,o,or,81,231,404,312,323
5e39108d4aefe,r,rn,92,230,356,322,264
5e39108d4aefe,n,ns,34,40979,41102,41013,41068
5e39108d4aefe,s,su,89,446,592,535,503
5e39108d4aefe,u,up,57,293,422,350,365
5e39108d4aefe,p,pshift,72,696,855,768,783
5e39108d4aefe,shift,shiftshift,87,445,638,532,551
5e39108d4aefe,shift,shiftl,106,744,886,850,780
5e39108d4aefe,l,le,36,350,440,386,404
5e39108d4aefe,e,er,54,195,352,249,298
5e39108d4aefe,r,rk,103,519,669,622,566
5e39108d4aefe,k,kspace,47,328,434,375,387
5e39108d4aefe,space,spacec,59,309,456,368,397
5e39108d4aefe,c,ch,88,262,408,350,320
5e39108d4aefe,h,ho,58,342,473,400,415
5e39108d4aefe,o,ok,73,327,459,400,386
5e39108d4aefe,k,kw,59,542,674,601,615
5e39108d4aefe,w,wa,73,426,572,499,499
5e39108d4aefe,a,ar,73,527,672,600,599
5e39108d4aefe,r,re,72,277,421,349,349
5e39108d4aefe,e,ee,72,179,340,251,268
5e39108d4aefe,e,ep,89,295,456,384,367
5e39108d4aefe,p,ph,72,493,622,565,550
5e39108d4aefe,h,ho,57,325,442,382,385
5e39108d4aefe,o,or,60,443,560,503,500
5e39108d4aefe,r,rn,57,609,724,666,667
5e39108d4aefe,n,ns,58,35644,35742,35702,35684
5e39108d4aefe,s,su,40,410,491,450,451
5e39108d4aefe,u,up,41,245,345,286,304
5e39108d4aefe,p,pl,59,1187,1307,1246,1248
5e39108d4aefe,l,le,61,310,440,371,379
5e39108d4aefe,e,er,69,214,352,283,283
5e39108d4aefe,r,rk,69,445,554,514,485
5e39108d4aefe,k,kc,40,628,739,668,699
5e39108d4aefe,c,ch,71,243,387,314,316
5e39108d4aefe,h,ho,73,213,395,286,322
5e39108d4aefe,o,ol,109,504,674,613,565
5e39108d4aefe,l,lw,61,290,426,351,365
5e39108d4aefe,w,wbksp,75,2168,2309,2243,2234
5e39108d4aefe,bksp,bkspk,66,895,993,961,927
5e39108d4aefe,k,kw,32,385,472,417,440
5e39108d4aefe,w,wa,55,245,355,300,300
5e39108d4aefe,a,ar,55,328,472,383,417
5e39108d4aefe,r,re,89,192,355,281,266
5e39108d4aefe,e,ee,74,213,355,287,281
5e39108d4aefe,e,ep,68,281,404,349,336
5e39108d4aefe,p,ph,55,460,575,515,520
5e39108d4aefe,h,ho,60,307,440,367,380
5e39108d4aefe,o,or,73,310,475,383,402
5e39108d4aefe,r,rn,92,544,672,636,580
5e39108d4aefe,n,nm,36,-250454,-250348,-250418,-250384
5e3911643eee1,m,ma,70,1050,1238,1120,1168
5e3911643eee1,a,an,118,561,785,679,667
5e3911643eee1,n,nu,106,162,356,268,250
5e3911643eee1,u,us,88,326,522,414,434
5e3911643eee1,s,sn,108,997,1172,1105,1064
5e3911643eee1,n,nu,67,135,299,202,232
5e3911643eee1,u,un,97,150,314,247,217
5e3911643eee1,n,n.,67,396,570,463,503
5e3911643eee1,.,.s,107,125,321,232,214
5e3911643eee1,s,sa,89,165,326,254,237
5e3911643eee1,a,aspace,72,1410,1536,1482,1464
5e3911643eee1,space,spaces,54,347,506,401,452
5e3911643eee1,s,sa,105,227,388,332,283
5e3911643eee1,a,an,56,911,1040,967,984
5e3911643eee1,n,no,73,210,372,283,299
5e3911643eee1,o,os,89,178,374,267,285
5e3911643eee1,s,si,107,426,623,533,516
5e3911643eee1,i,ie,90,364,539,454,449
5e3911643eee1,e,en,85,128,302,213,217
5e3911643eee1,n,ng,89,144,339,233,250
5e3911643eee1,g,gmeta1,106,49783,49976,49889,49870
5e3911643eee1,meta1,meta1normal,87,862,999,949,912
5e3911643eee1,normal,normalm,50,855,1004,905,954
5e3911643eee1,m,ma,99,125,351,224,252
5e3911643eee1,a,an,127,120,324,247,197
5e3911643eee1,n,nu,77,155,309,232,232
5e3911643eee1,u,us,77,229,431,306,354
5e3911643eee1,s,sa,125,212,405,337,280
5e3911643eee1,a,an,68,167,319,235,251
5e3911643eee1,n,nu,84,149,300,233,216
5e3911643eee1,u,un,67,144,267,211,200
5e3911643eee1,n,nspace,56,132,291,188,235
5e3911643eee1,space,spaces,103,479,687,582,584
5e3911643eee1,s,sa,105,163,390,268,285
5e3911643eee1,a,an,122,109,303,231,181
5e3911643eee1,n,no,72,411,539,483,467
5e3911643eee1,o,os,56,575,740,631,684
5e3911643eee1,s,si,109,90,309,199,200
5e3911643eee1,i,ir,110,160,374,270,264
5e3911643eee1,r,rbksp,104,564,805,668,701
5e3911643eee1,bksp,bkspe,137,35,288,172,151
5e3911643eee1,e,en,116,548,750,664,634
5e3911643eee1,n,ng,86,260,437,346,351
5e3911643eee1,g,gm,91,55966,56126,56057,56035
5e3911643eee1,m,mn,69,831,986,900,917
5e3911643eee1,n,nu,86,314,503,400,417
5e3911643eee1,u,us,103,241,471,344,368
5e3911643eee1,s,sa,127,227,425,354,298
5e3911643eee1,a,an,71,262,422,333,351
5e3911643eee1,n,nu,89,178,355,267,266
5e3911643eee1,u,un,88,181,353,269,265
5e3911643eee1,n,nspace,84,483,670,567,586
5e3911643eee1,space,spaces,103,175,370,278,267
5e3911643eee1,s,sa,92,226,391,318,299
5e3911643eee1,a,an,73,647,806,720,733
5e3911643eee1,n,no,86,377,589,463,503
5e3911643eee1,o,os,126,992,1225,1118,1099
5e3911643eee1,s,si,107,116,322,223,215
5e3911643eee1,i,ie,99,196,414,295,315
5e3911643eee1,e,en,119,91,304,210,185
5e3911643eee1,n,ng,94,210,377,304,283
5e3911643eee1,g,gm,73,41707,41893,41780,41820
5e3911643eee1,m,mn,113,290,476,403,363
5e3911643eee1,n,nu,73,264,394,337,321
5e3911643eee1,u,us,57,229,406,286,349
5e3911643eee1,s,sa,120,143,388,263,268
5e3911643eee1,a,an,125,79,271,204,146
5e3911643eee1,n,nu,67,184,336,251,269
5e3911643eee1,u,un,85,121,300,206,215
5e3911643eee1,n,nspace,94,433,615,527,521
5e3911643eee1,space,spaces,88,142,334,230,246
5e3911643eee1,s,sa,104,164,372,268,268
5e3911643eee1,a,an,104,178,369,282,265
5e3911643eee1,n,no,87,145,374,232,287
5e3911643eee1,o,os,142,92,353,234,211
5e3911643eee1,s,si,119,73,288,192,169
5e3911643eee1,i,ie,96,315,514,411,418
5e3911643eee1,e,en,103,78,269,181,166
5e3911643eee1,n,ng,88,162,336,250,248
5e3911643eee1,g,gm,86,39567,39741,39653,39655
5e3911643eee1,m,mn,88,454,652,542,564
5e3911643eee1,n,nn,110,987,1212,1097,1102
5e3911643eee1,n,nu,115,163,382,278,267
5e3911643eee1,u,ubksp,104,445,639,549,535
5e3911643eee1,bksp,bkspbksp,90,57,221,147,131
5e3911643eee1,bksp,bkspa,74,481,679,555,605
5e3911643eee1,a,an,124,403,637,527,513
5e3911643eee1,n,nu,110,162,360,272,250
5e3911643eee1,u,us,88,107,287,195,199
5e3911643eee1,s,sa,92,144,360,236,268
5e3911643eee1,a,an,124,144,373,268,249
5e3911643eee1,n,nu,105,114,338,219,233
5e3911643eee1,u,un,119,113,301,232,182
5e3911643eee1,n,nspace,69,481,640,550,571
5e3911643eee1,space,spaces,90,168,372,258,282
5e3911643eee1,s,sa,114,177,415,291,301
5e3911643eee1,a,an,124,164,402,288,278
5e3911643eee1,n,no,114,236,465,350,351
5e3911643eee1,o,os,115,466,685,581,570
5e3911643eee1,s,si,104,128,337,232,233
5e3911643eee1,i,ie,105,347,537,452,432
5e3911643eee1,e,en,85,107,302,192,217
5e3911643eee1,n,ng,110,183,359,293,249
5e3911643eee1,g,gm,66,56841,57018,56907,56952
5e3911643eee1,m,mn,111,287,496,398,385
5e3911643eee1,n,nu,98,108,282,206,184
5e3911643eee1,u,ua,76,1096,1262,1172,1186
5e3911643eee1,a,an,90,579,773,669,683
5e3911643eee1,n,nu,104,179,353,283,249
5e3911643eee1,u,us,70,111,285,181,215
5e3911643eee1,s,sa,104,181,389,285,285
5e3911643eee1,a,an,104,159,354,263,250
5e3911643eee1,n,nu,91,121,305,212,214
5e3911643eee1,u,un,93,119,310,212,217
5e3911643eee1,n,nspace,98,253,465,351,367
5e3911643eee1,space,spaces,114,91,332,205,218
5e3911643eee1,s,sa,127,211,429,338,302
5e3911643eee1,a,an,91,271,474,362,383
5e3911643eee1,n,no,112,180,377,292,265
5e3911643eee1,o,os,85,244,438,329,353
5e3911643eee1,s,si,109,56,273,165,164
5e3911643eee1,i,ie,108,346,561,454,453
5e3911643eee1,e,en,107,91,289,198,182
5e3911643eee1,n,ng,91,192,374,283,283
5e3911643eee1,g,gm,91,40517,40693,40608,40602
5e3911643eee1,m,ma,85,91,304,176,219
5e3911643eee1,a,an,128,159,312,287,184
5e3911643eee1,n,nu,25,211,326,236,301
5e3911643eee1,u,ua,90,4,203,94,113
5e3911643eee1,a,aa,109,209,445,318,336
5e3911643eee1,a,an,127,370,542,497,415
5e3911643eee1,n,nu,45,459,595,504,550
5e3911643eee1,u,un,91,178,338,269,247
5e3911643eee1,n,ns,69,631,803,700,734
5e3911643eee1,s,sn,103,325,519,428,416
5e3911643eee1,n,no,91,517,695,608,604
5e3911643eee1,o,oo,87,1826,2004,1913,1917
5e3911643eee1,o,os,91,142,358,233,267
5e3911643eee1,s,si,125,112,338,237,213
5e3911643eee1,i,ie,101,262,487,363,386
5e3911643eee1,e,en,124,43,238,167,114
5e3911643eee1,n,ng,71,262,459,333,388
5e3911643eee1,g,gs,126,3386,3607,3512,3481
5e3911643eee1,s,sm,95,36833,37013,36928,36918
5e3911643eee1,m,mn,85,345,484,430,399
5e3911643eee1,n,nu,54,133,300,187,246
5e3911643eee1,u,ua,113,296,470,409,357
5e3911643eee1,a,aa,61,1528,1678,1589,1617
5e3911643eee1,a,an,89,643,821,732,732
5e3911643eee1,n,nu,89,119,319,208,230
5e3911643eee1,u,us,111,121,362,232,251
5e3911643eee1,s,sa,130,148,382,278,252
5e3911643eee1,a,an,104,960,1153,1064,1049
5e3911643eee1,n,nu,89,148,341,237,252
5e3911643eee1,u,un,104,128,304,232,200
5e3911643eee1,n,nspace,72,157,338,229,266
5e3911643eee1,space,spaces,109,116,356,225,247
5e3911643eee1,s,sa,131,119,348,250,217
5e3911643eee1,a,an,98,88,268,186,170
5e3911643eee1,n,no,82,260,449,342,367
5e3911643eee1,o,os,107,679,890,786,783
5e3911643eee1,s,si,104,446,635,550,531
5e3911643eee1,i,ie,85,715,904,800,819
5e3911643eee1,e,en,104,528,723,632,619
5e3911643eee1,n,ng,91,209,386,300,295
5e3911643eee1,g,gm,86,53775,53941,53861,53855
5e3911643eee1,m,mn,80,307,480,387,400
5e3911643eee1,n,nu,93,108,327,201,234
5e3911643eee1,u,ua,126,83,325,209,199
5e3911643eee1,a,abksp,116,374,584,490,468
5e3911643eee1,bksp,bkspa,94,477,676,571,582
5e3911643eee1,a,an,105,545,743,650,638
5e3911643eee1,n,nu,93,90,307,183,214
5e3911643eee1,u,us,124,56,287,180,163
5e3911643eee1,s,sa,107,126,328,233,221
5e3911643eee1,a,an,95,71,241,166,146
5e3911643eee1,n,nu,75,113,294,188,219
5e3911643eee1,u,un,106,143,320,249,214
5e3911643eee1,n,nspace,71,288,475,359,404
5e3911643eee1,space,spaces,116,145,362,261,246
5e3911643eee1,s,sa,101,149,354,250,253
5e3911643eee1,a,an,104,106,304,210,200
5e3911643eee1,n,no,94,177,377,271,283
5e3911643eee1,o,os,106,244,457,350,351
5e3911643eee1,s,si,107,55,273,162,166
5e3911643eee1,i,ie,111,277,528,388,417
5e3911643eee1,e,en,140,72,304,212,164
5e3911643eee1,n,ng,92,133,343,225,251
5e3911643eee1,g,gm,118,36735,36922,36853,36804
5e3911643eee1,m,mn,69,339,501,408,432
5e3911643eee1,n,nu,93,150,343,243,250
5e3911643eee1,u,ubksp,100,461,634,561,534
5e3911643eee1,bksp,bkspbksp,73,50,219,123,146
5e3911643eee1,bksp,bkspa,96,511,756,607,660
5e3911643eee1,a,an,149,139,391,288,242
5e3911643eee1,n,nu,103,118,338,221,235
5e3911643eee1,u,us,117,75,336,192,219
5e3911643eee1,s,sa,144,144,408,288,264
5e3911643eee1,a,an,120,612,838,732,718
5e3911643eee1,n,nu,106,121,337,227,231
5e3911643eee1,u,un,110,130,328,240,218
5e3911643eee1,n,nspace,88,161,356,249,268
5e3911643eee1,space,spaces,107,512,724,619,617
5e3911643eee1,s,sa,105,127,339,232,234
5e3911643eee1,a,an,107,457,657,564,550
5e3911643eee1,n,no,93,175,392,268,299
5e3911643eee1,o,os,124,294,546,418,422
5e3911643eee1,s,si,128,137,372,265,244
5e3911643eee1,i,ie,107,297,506,404,399
5e3911643eee1,e,en,102,57,269,159,167
5e3911643eee1,n,ng,110,145,360,255,250
5e3911643eee1,g,gm,105,-396696,-396517,-396591,-396622
5e3911c5d4a5e,m,ma,74,330,491,404,417
5e3911c5d4a5e,a,an,87,130,319,217,232
5e3911c5d4a5e,n,nu,102,200,386,302,284
5e3911c5d4a5e,u,ut,84,661,803,745,719
5e3911c5d4a5e,t,tl,58,497,640,555,582
5e3911c5d4a5e,l,lu,85,234,399,319,314
5e3911c5d4a5e,u,ue,80,338,518,418,438
5e3911c5d4a5e,e,en,100,139,314,239,214
5e3911c5d4a5e,n,ng,75,269,396,344,321
5e3911c5d4a5e,g,gt,52,200,315,252,263
5e3911c5d4a5e,t,tr,63,340,462,403,399
5e3911c5d4a5e,r,rk,59,1147,1278,1206,1219
5e3911c5d4a5e,k,ku,72,248,375,320,303
5e3911c5d4a5e,u,ul,55,174,317,229,262
5e3911c5d4a5e,l,ls,88,181,355,269,267
5e3911c5d4a5e,s,su,86,163,354,249,268
5e3911c5d4a5e,u,uk,105,164,335,269,230
5e3911c5d4a5e,k,km,66,27769,27903,27835,27837
5e3911c5d4a5e,m,ma,68,182,317,250,249
5e3911c5d4a5e,a,an,67,38,200,105,133
5e3911c5d4a5e,n,nu,95,167,314,262,219
5e3911c5d4a5e,u,ut,52,198,301,250,249
5e3911c5d4a5e,t,tspace,51,667,772,718,721
5e3911c5d4a5e,space,spacel,54,229,365,283,311
5e3911c5d4a5e,l,lu,82,213,366,295,284
5e3911c5d4a5e,u,ue,71,201,369,272,298
5e3911c5d4a5e,e,en,97,87,281,184,184
5e3911c5d4a5e,n,ng,97,301,485,398,388
5e3911c5d4a5e,g,gt,87,194,336,281,249
5e3911c5d4a5e,t,tr,55,214,321,269,266
5e3911c5d4a5e,r,ra,52,104,254,156,202
5e3911c5d4a5e,a,ak,98,229,394,327,296
5e3911c5d4a5e,k,ku,67,178,318,245,251
5e3911c5d4a5e,u,ul,73,166,272,239,199
5e3911c5d4a5e,l,ls,33,328,435,361,402
5e3911c5d4a5e,s,su,74,166,291,240,217
5e3911c5d4a5e,u,uk,51,144,266,195,215
5e3911c5d4a5e,k,km,71,31368,31505,31439,31434
5e3911c5d4a5e,m,ma,66,433,570,499,504
5e3911c5d4a5e,a,an,71,179,320,250,249
5e3911c5d4a5e,n,nu,70,229,352,299,282
5e3911c5d4a5e,u,ut,53,234,338,287,285
5e3911c5d4a5e,t,tspace,51,713,818,764,767
5e3911c5d4a5e,space,spacel,54,213,370,267,316
5e3911c5d4a5e,l,lu,103,516,688,619,585
5e3911c5d4a5e,u,ue,69,395,534,464,465
5e3911c5d4a5e,e,en,70,57,201,127,131
5e3911c5d4a5e,n,ng,74,299,427,373,353
5e3911c5d4a5e,g,gt,54,145,251,199,197
5e3911c5d4a5e,t,tr,52,149,252,201,200
5e3911c5d4a5e,r,rk,51,343,470,394,419
5e3911c5d4a5e,k,ku,76,198,309,274,233
5e3911c5d4a5e,u,ul,35,181,283,216,248
5e3911c5d4a5e,l,ls,67,149,301,216,234
5e3911c5d4a5e,s,su,85,150,302,235,217
5e3911c5d4a5e,u,uk,67,147,284,214,217
5e3911c5d4a5e,k,km,70,33083,33223,33153,33153
5e3911c5d4a5e,m,mn,70,404,568,474,498
5e3911c5d4a5e,n,nu,94,298,427,392,333
5e3911c5d4a5e,u,uu,35,329,422,364,387
5e3911c5d4a5e,u,ut,58,293,405,351,347
5e3911c5d4a5e,t,tspace,54,246,358,300,304
5e3911c5d4a5e,space,spacebksp,58,310,459,368,401
5e3911c5d4a5e,bksp,bkspbksp,91,70,237,161,146
5e3911c5d4a5e,bksp,bkspbksp,76,57,226,133,150
5e3911c5d4a5e,bksp,bkspbksp,93,449,611,542,518
5e3911c5d4a5e,bksp,bkspn,69,462,605,531,536
5e3911c5d4a5e,n,nu,74,204,354,278,280
5e3911c5d4a5e,u,ut,76,210,343,286,267
5e3911c5d4a5e,t,tspace,57,229,355,286,298
5e3911c5d4a5e,space,spacel,69,532,691,601,622
5e3911c5d4a5e,l,lu,90,323,520,413,430
5e3911c5d4a5e,u,ue,107,229,405,336,298
5e3911c5d4a5e,e,en,69,108,270,177,201
5e3911c5d4a5e,n,ng,93,712,880,805,787
5e3911c5d4a5e,g,gt,75,743,889,818,814
5e3911c5d4a5e,t,tr,71,232,369,303,298
5e3911c5d4a5e,r,ra,66,250,401,316,335
5e3911c5d4a5e,a,ak,85,216,384,301,299
5e3911c5d4a5e,k,ku,83,367,518,450,435
5e3911c5d4a5e,u,ul,68,193,350,261,282
5e3911c5d4a5e,l,ls,89,282,439,371,350
5e3911c5d4a5e,s,su,68,180,334,248,266
5e3911c5d4a5e,u,uk,86,133,303,219,217
5e3911c5d4a5e,k,km,84,33250,33426,33334,33342
5e3911c5d4a5e,m,mn,92,282,434,374,342
5e3911c5d4a5e,n,nu,60,199,327,259,267
5e3911c5d4a5e,u,ubksp,68,589,737,657,669
5e3911c5d4a5e,bksp,bkspbksp,80,37,195,117,115
5e3911c5d4a5e,bksp,bkspm,78,513,665,591,587
5e3911c5d4a5e,m,ma,74,177,355,251,281
5e3911c5d4a5e,a,an,104,431,621,535,517
5e3911c5d4a5e,n,nbksp,86,325,484,411,398
5e3911c5d4a5e,bksp,bkspbksp,73,72,246,145,173
5e3911c5d4a5e,bksp,bkspbksp,101,49,212,150,111
5e3911c5d4a5e,bksp,bkspa,62,484,631,546,569
5e3911c5d4a5e,a,an,85,227,367,312,282
5e3911c5d4a5e,n,nu,55,245,373,300,318
5e3911c5d4a5e,u,ut,73,278,408,351,335
5e3911c5d4a5e,t,tspace,57,374,489,431,432
5e3911c5d4a5e,space,spacel,58,293,458,351,400
5e3911c5d4a5e,l,lu,107,297,490,404,383
5e3911c5d4a5e,u,ue,86,278,436,364,350
5e3911c5d4a5e,e,en,72,144,304,216,232
5e3911c5d4a5e,n,ng,88,465,642,553,554
5e3911c5d4a5e,g,gt,89,191,351,280,262
5e3911c5d4a5e,t,tr,71,180,340,251,269
5e3911c5d4a5e,r,rk,89,530,671,619,582
5e3911c5d4a5e,k,ku,52,197,317,249,265
5e3911c5d4a5e,u,ul,68,181,319,249,251
5e3911c5d4a5e,l,ls,70,92,254,162,184
5e3911c5d4a5e,s,sk,92,428,591,520,499
5e3911c5d4a5e,k,km,71,29100,29241,29171,29170
5e3911c5d4a5e,m,ma,70,465,603,535,533
5e3911c5d4a5e,a,an,68,146,300,214,232
5e3911c5d4a5e,n,nu,86,250,402,336,316
5e3911c5d4a5e,u,ut,66,199,333,265,267
5e3911c5d4a5e,t,tspace,68,918,1055,986,987
5e3911c5d4a5e,space,spacel,69,230,402,299,333
5e3911c5d4a5e,l,lu,103,260,454,363,351
5e3911c5d4a5e,u,ue,91,496,672,587,581
5e3911c5d4a5e,e,en,85,116,285,201,200
5e3911c5d4a5e,n,ng,84,348,503,432,419
5e3911c5d4a5e,g,gt,71,196,334,267,263
5e3911c5d4a5e,t,tr,67,179,302,246,235
5e3911c5d4a5e,r,rk,56,444,588,500,532
5e3911c5d4a5e,k,ku,88,199,338,287,250
5e3911c5d4a5e,u,ul,51,216,350,267,299
5e3911c5d4a5e,l,ls,83,218,401,301,318
5e3911c5d4a5e,s,su,100,250,417,350,317
5e3911c5d4a5e,u,uk,67,433,584,500,517
5e3911c5d4a5e,k,km,84,31936,32102,32020,32018
5e3911c5d4a5e,m,ma,82,282,436,364,354
5e3911c5d4a5e,a,an,72,107,265,179,193
5e3911c5d4a5e,n,nu,86,182,338,268,252
5e3911c5d4a5e,u,ut,70,183,303,253,233
5e3911c5d4a5e,t,tspace,50,886,1001,936,951
5e3911c5d4a5e,space,spacel,65,247,398,312,333
5e3911c5d4a5e,l,lu,86,732,875,818,789
5e3911c5d4a5e,u,ue,57,275,421,332,364
5e3911c5d4a5e,e,en,89,130,303,219,214
5e3911c5d4a5e,n,ng,84,301,482,385,398
5e3911c5d4a5e,g,gt,97,189,349,286,252
5e3911c5d4a5e,t,tr,63,142,280,205,217
5e3911c5d4a5e,r,ra,75,148,310,223,235
5e3911c5d4a5e,a,ak,87,146,301,233,214
5e3911c5d4a5e,k,ku,68,199,318,267,250
5e3911c5d4a5e,u,ul,51,180,300,231,249
5e3911c5d4a5e,l,ls,69,150,286,219,217
5e3911c5d4a5e,s,su,67,151,287,218,220
5e3911c5d4a5e,u,um,69,194,333,263,264
5e3911c5d4a5e,m,mbksp,70,801,938,871,868
5e3911c5d4a5e,bksp,bkspk,67,344,469,411,402
5e3911c5d4a5e,k,km,58,34632,34742,34690,34684
5e3911c5d4a5e,m,mn,52,323,435,375,383
5e3911c5d4a5e,n,nu,60,215,310,275,250
5e3911c5d4a5e,u,ut,35,267,351,302,316
5e3911c5d4a5e,t,tbksp,49,967,1083,1016,1034
5e3911c5d4a5e,bksp,bkspbksp,67,133,266,200,199
5e3911c5d4a5e,bksp,bkspn,66,418,568,484,502
5e3911c5d4a5e,n,nu,84,182,334,266,250
5e3911c5d4a5e,u,ut,68,212,333,280,265
5e3911c5d4a5e,t,tmeta1,53,229,369,282,316
5e3911c5d4a5e,meta1,meta12,87,250,404,337,317
5e3911c5d4a5e,2,25,67,497,636,564,569
5e3911c5d4a5e,5,54,72,146,287,218,215
5e3911c5d4a5e,4,48,69,731,854,800,785
5e3911c5d4a5e,8,8space,54,2296,2388,2350,2334
5e3911c5d4a5e,space,spacenormal,38,512,620,550,582
5e3911c5d4a5e,normal,normall,70,348,504,418,434
5e3911c5d4a5e,l,lu,86,245,401,331,315
5e3911c5d4a5e,u,ue,70,282,420,352,350
5e3911c5d4a5e,e,en,68,91,251,159,183
5e3911c5d4a5e,n,nh,92,366,512,458,420
5e3911c5d4a5e,h,ht,54,309,420,363,366
5e3911c5d4a5e,t,tr,57,212,322,269,265
5e3911c5d4a5e,r,ra,53,180,323,233,270
5e3911c5d4a5e,a,ak,90,155,321,245,231
5e3911c5d4a5e,k,ku,76,209,359,285,283
5e3911c5d4a5e,u,ul,74,212,326,286,252
5e3911c5d4a5e,l,ls,40,180,285,220,245
5e3911c5d4a5e,s,su,65,73,200,138,135
5e3911c5d4a5e,u,uk,62,162,294,224,232
5e3911c5d4a5e,k,km,70,26733,26914,26803,26844
5e3911c5d4a5e,m,mn,111,330,534,441,423
5e3911c5d4a5e,n,na,93,1037,1243,1130,1150
5e3911c5d4a5e,a,an,113,54,265,167,152
5e3911c5d4a5e,n,nu,98,198,384,296,286
5e3911c5d4a5e,u,ut,88,213,353,301,265
5e3911c5d4a5e,t,tspace,52,248,354,300,302
5e3911c5d4a5e,space,spacel,54,328,473,382,419
5e3911c5d4a5e,l,li,91,210,803,301,712
5e3911c5d4a5e,i,ibksp,502,328,902,830,400
5e3911c5d4a5e,bksp,bkspu,72,584,741,656,669
5e3911c5d4a5e,u,ue,85,278,419,363,334
5e3911c5d4a5e,e,en,56,130,253,186,197
5e3911c5d4a5e,n,ng,67,397,536,464,469
5e3911c5d4a5e,g,gt,72,247,370,319,298
5e3911c5d4a5e,t,tr,51,162,283,213,232
5e3911c5d4a5e,r,ra,70,180,355,250,285
5e3911c5d4a5e,a,ak,105,200,388,305,283
5e3911c5d4a5e,k,ku,83,229,385,312,302
5e3911c5d4a5e,u,ul,73,214,339,287,266
5e3911c5d4a5e,l,ls,52,146,266,198,214
5e3911c5d4a5e,s,su,68,92,220,160,152
5e3911c5d4a5e,u,uk,60,183,280,243,220
5e3911c5d4a5e,k,km,37,34065,34169,34102,34132
5e3911c5d4a5e,m,ma,67,451,602,518,535
5e3911c5d4a5e,a,an,84,228,383,312,299
5e3911c5d4a5e,n,nu,71,229,369,300,298
5e3911c5d4a5e,u,ut,69,249,356,318,287
5e3911c5d4a5e,t,tspace,38,294,389,332,351
5e3911c5d4a5e,space,spacel,57,243,388,300,331
5e3911c5d4a5e,l,lu,88,230,388,318,300
5e3911c5d4a5e,u,ue,70,280,420,350,350
5e3911c5d4a5e,e,en,70,106,251,176,181
5e3911c5d4a5e,n,nh,75,281,426,356,351
5e3911c5d4a5e,h,hbksp,70,508,669,578,599
5e3911c5d4a5e,bksp,bkspg,91,237,425,328,334
5e3911c5d4a5e,g,gt,97,233,397,330,300
5e3911c5d4a5e,t,tr,67,158,301,225,234
5e3911c5d4a5e,r,ra,76,180,325,256,249
5e3911c5d4a5e,a,ak,69,264,420,333,351
5e3911c5d4a5e,k,ku,87,230,353,317,266
5e3911c5d4a5e,u,ul,36,246,355,282,319
5e3911c5d4a5e,l,ls,73,196,356,269,283
5e3911c5d4a5e,s,su,87,144,288,231,201
5e3911c5d4a5e,u,uk,57,293,422,350,365
5e3911c5d4a5e,k,kn,72,-228440,-228299,-228368,-228371
5e39124ae3571,n,na,69,51,165,120,96
5e39124ae3571,a,at,45,264,365,309,320
5e39124ae3571,t,td,56,680,774,736,718
5e39124ae3571,d,da,38,125,203,163,165
5e39124ae3571,a,an,40,709,789,749,749
5e39124ae3571,n,na,40,71,174,111,134
5e39124ae3571,a,ai,63,610,729,673,666
5e39124ae3571,i,ispace,56,679,794,735,738
5e39124ae3571,space,spaces,59,323,440,382,381
5e39124ae3571,s,sr,58,293,405,351,347
5e39124ae3571,r,ri,54,22,136,76,82
5e39124ae3571,i,ii,60,930,1099,990,1039
5e39124ae3571,i,ic,109,724,906,833,797
5e39124ae3571,c,ch,73,113,223,186,150
5e39124ae3571,h,ha,37,144,236,181,199
5e39124ae3571,a,ar,55,646,790,701,735
5e39124ae3571,r,ro,89,39,171,128,82
5e39124ae3571,o,oe,43,52,175,95,132
5e39124ae3571,e,ee,80,496,685,576,605
5e39124ae3571,e,en,109,492,706,601,597
5e39124ae3571,n,ns,105,283,484,388,379
5e39124ae3571,s,su,96,554,748,650,652
5e39124ae3571,u,uk,98,121,317,219,219
5e39124ae3571,k,kn,98,40389,40582,40487,40484
5e39124ae3571,n,na,95,39,211,134,116
5e39124ae3571,a,at,77,615,779,692,702
5e39124ae3571,t,td,87,608,787,695,700
5e39124ae3571,d,da,92,844,1027,936,935
5e39124ae3571,a,an,91,62,189,153,98
5e39124ae3571,n,na,36,35,171,71,135
5e39124ae3571,a,aa,100,1493,1699,1593,1599
5e39124ae3571,a,ai,106,660,894,766,788
5e39124ae3571,i,ispace,128,2810,2976,2938,2848
5e39124ae3571,space,spaces,38,342,474,380,436
5e39124ae3571,s,sr,94,325,490,419,396
5e39124ae3571,r,ri,71,95,253,166,182
5e39124ae3571,i,ic,87,611,754,698,667
5e39124ae3571,c,ch,56,179,324,235,268
5e39124ae3571,h,ha,89,127,289,216,200
5e39124ae3571,a,ar,73,678,843,751,770
5e39124ae3571,r,ro,92,34,202,126,110
5e39124ae3571,o,oe,76,55,245,131,169
5e39124ae3571,e,en,114,561,735,675,621
5e39124ae3571,n,ns,60,122,257,182,197
5e39124ae3571,s,su,75,38,239,113,164
5e39124ae3571,u,uk,126,180,395,306,269
5e39124ae3571,k,kn,89,36495,36642,36584,36553
5e39124ae3571,n,na,58,245,355,303,297
5e39124ae3571,a,at,52,163,321,215,269
5e39124ae3571,t,td,106,611,776,717,670
5e39124ae3571,d,da,59,804,921,863,862
5e39124ae3571,a,an,58,129,259,187,201
5e39124ae3571,n,na,72,159,304,231,232
5e39124ae3571,a,ai,73,547,692,620,619
5e39124ae3571,i,ispace,72,409,610,481,538
5e39124ae3571,space,spaces,129,303,492,432,363
5e39124ae3571,s,sr,60,309,477,369,417
5e39124ae3571,r,ri,108,176,393,284,285
5e39124ae3571,i,ic,109,275,471,384,362
5e39124ae3571,c,ch,87,226,368,313,281
5e39124ae3571,h,ha,55,230,377,285,322
5e39124ae3571,a,ar,92,273,439,365,347
5e39124ae3571,r,ro,74,180,342,254,268
5e39124ae3571,o,oe,88,212,370,300,282
5e39124ae3571,e,en,70,212,370,282,300
5e39124ae3571,n,ns,88,194,355,282,267
5e39124ae3571,s,su,73,214,412,287,339
5e39124ae3571,u,uk,125,157,386,282,261
5e39124ae3571,k,kn,104,35265,35456,35369,35352
5e39124ae3571,n,na,87,77,255,164,168
5e39124ae3571,a,at,91,88,273,179,182
5e39124ae3571,t,td,94,559,727,653,633
5e39124ae3571,d,da,74,729,910,803,836
5e39124ae3571,a,an,107,53,236,160,129
5e39124ae3571,n,na,76,114,280,190,204
5e39124ae3571,a,ai,90,528,710,618,620
5e39124ae3571,i,ispace,92,422,574,514,482
5e39124ae3571,space,spaces,60,659,791,719,731
5e39124ae3571,s,sr,72,278,421,350,349
5e39124ae3571,r,ri,71,55,203,126,132
5e39124ae3571,i,ic,77,516,661,593,584
5e39124ae3571,c,ch,68,156,283,224,215
5e39124ae3571,h,ha,59,532,661,591,602
5e39124ae3571,a,ar,70,628,770,698,700
5e39124ae3571,r,ri,72,55,222,127,150
5e39124ae3571,i,ie,95,60,245,155,150
5e39124ae3571,e,ebksp,90,596,759,686,669
5e39124ae3571,bksp,bkspbksp,73,108,238,181,165
5e39124ae3571,bksp,bkspo,57,494,644,551,587
5e39124ae3571,o,oe,93,188,338,281,245
5e39124ae3571,e,en,57,575,728,632,671
5e39124ae3571,n,ns,96,708,863,804,767
5e39124ae3571,s,su,59,89,237,148,178
5e39124ae3571,u,uk,89,564,744,653,655
5e39124ae3571,k,kn,91,37114,37275,37205,37184
5e39124ae3571,n,na,70,112,235,182,165
5e39124ae3571,a,at,53,147,286,200,233
5e39124ae3571,t,td,86,529,673,615,587
5e39124ae3571,d,da,58,404,578,462,520
5e39124ae3571,a,aa,116,295,515,411,399
5e39124ae3571,a,an,104,1290,1465,1394,1361
5e39124ae3571,n,na,71,246,405,317,334
5e39124ae3571,a,ai,88,549,719,637,631
5e39124ae3571,i,ispace,82,692,853,774,771
5e39124ae3571,space,spaces,79,661,775,740,696
5e39124ae3571,s,sr,35,379,487,414,452
5e39124ae3571,r,ri,73,76,222,149,149
5e39124ae3571,i,ic,73,578,725,651,652
5e39124ae3571,c,ch,74,127,307,201,233
5e39124ae3571,h,ha,106,54,237,160,131
5e39124ae3571,a,ar,77,594,745,671,668
5e39124ae3571,r,ro,74,55,220,129,146
5e39124ae3571,o,oe,91,70,226,161,135
5e39124ae3571,e,en,65,563,705,628,640
5e39124ae3571,n,ns,77,106,273,183,196
5e39124ae3571,s,su,90,72,256,162,166
5e39124ae3571,u,uk,94,612,766,706,672
5e39124ae3571,k,kn,60,27109,27263,27169,27203
5e39124ae3571,n,na,94,87,270,181,176
5e39124ae3571,a,at,89,130,305,219,216
5e39124ae3571,t,td,86,534,701,620,615
5e39124ae3571,d,da,81,640,819,721,738
5e39124ae3571,a,aa,98,318,514,416,416
5e39124ae3571,a,abksp,98,826,1015,924,917
5e39124ae3571,bksp,bkspn,91,609,823,700,732
5e39124ae3571,n,na,123,103,305,226,182
5e39124ae3571,a,ai,79,533,731,612,652
5e39124ae3571,i,ispace,119,362,556,481,437
5e39124ae3571,space,spaces,75,893,1054,968,979
5e39124ae3571,s,sr,86,327,486,413,400
5e39124ae3571,r,ri,73,56,223,129,150
5e39124ae3571,i,ic,94,614,778,708,684
5e39124ae3571,c,ch,70,131,287,201,217
5e39124ae3571,h,ha,86,162,275,248,189
5e39124ae3571,a,at,27,405,473,432,446
5e39124ae3571,t,tt,41,34,154,75,113
5e39124ae3571,t,to,79,79,268,158,189
5e39124ae3571,o,obksp,110,375,523,485,413
5e39124ae3571,bksp,bkspr,38,758,891,796,853
5e39124ae3571,r,ri,95,52,263,147,168
5e39124ae3571,i,ie,116,52,245,168,129
5e39124ae3571,e,eo,77,1376,1562,1453,1485
5e39124ae3571,o,oe,109,228,405,337,296
5e39124ae3571,e,en,68,631,787,699,719
5e39124ae3571,n,ns,88,729,909,817,821
5e39124ae3571,s,su,92,142,337,234,245
5e39124ae3571,u,uk,103,761,957,864,854
5e39124ae3571,k,kg,93,31978,32114,32071,32021
5e39124ae3571,g,go,43,84,238,127,195
5e39124ae3571,o,os,111,393,544,504,433
5e39124ae3571,s,ss,40,113,190,153,150
5e39124ae3571,s,st,37,545,641,582,604
5e39124ae3571,t,to,59,67,221,126,162
5e39124ae3571,o,ometa1,95,1229,1396,1324,1301
5e39124ae3571,meta1,meta1@,72,446,638,518,566
5e39124ae3571,@,@normal,120,263,467,383,347
5e39124ae3571,normal,normalh,84,547,687,631,603
5e39124ae3571,h,ho,56,162,273,218,217
5e39124ae3571,o,ot,55,52,186,107,131
5e39124ae3571,t,tm,79,533,702,612,623
5e39124ae3571,m,ma,90,111,237,201,147
5e39124ae3571,a,ai,36,129,266,165,230
5e39124ae3571,i,il,101,314,487,415,386
5e39124ae3571,l,lbksp,72,760,927,832,855
5e39124ae3571,bksp,bkspbksp,95,66,256,161,161
5e39124ae3571,bksp,bkspbksp,95,88,281,183,186
5e39124ae3571,bksp,bkspbksp,98,74,263,172,165
5e39124ae3571,bksp,bkspbksp,91,87,410,178,319
5e39124ae3571,bksp,bkspbksp,232,33,380,265,148
5e39124ae3571,bksp,bkspbksp,115,34,264,149,149
5e39124ae3571,bksp,bkspbksp,115,71,266,186,151
5e39124ae3571,bksp,bkspbksp,80,70,248,150,168
5e39124ae3571,bksp,bkspbksp,98,107,298,205,200
5e39124ae3571,bksp,bkspbksp,93,76,260,169,167
5e39124ae3571,bksp,bkspbksp,91,86,294,177,203
5e39124ae3571,bksp,bkspbksp,117,87,279,204,162
5e39124ae3571,bksp,bkspbksp,75,192,358,267,283
5e39124ae3571,bksp,bkspn,91,514,689,605,598
5e39124ae3571,n,na,84,131,285,215,201
5e39124ae3571,a,at,70,180,303,250,233
5e39124ae3571,t,td,53,598,721,651,668
5e39124ae3571,d,da,70,692,839,762,769
5e39124ae3571,a,an,77,292,458,369,381
5e39124ae3571,n,na,89,210,389,299,300
5e39124ae3571,a,ai,90,524,711,614,621
5e39124ae3571,i,ispace,97,336,543,433,446
5e39124ae3571,space,spaces,110,644,839,754,729
5e39124ae3571,s,sr,85,270,436,355,351
5e39124ae3571,r,ri,81,86,248,167,167
5e39124ae3571,i,ic,81,629,801,710,720
5e39124ae3571,c,ch,91,140,340,231,249
5e39124ae3571,h,ha,109,91,258,200,149
5e39124ae3571,a,ar,58,592,746,650,688
5e39124ae3571,r,ro,96,52,224,148,128
5e39124ae3571,o,oe,76,74,197,150,121
5e39124ae3571,e,en,47,592,730,639,683
5e39124ae3571,n,ns,91,209,374,300,283
5e39124ae3571,s,su,74,90,257,164,183
5e39124ae3571,u,uk,93,212,391,305,298
5e39124ae3571,k,kn,86,38097,38257,38183,38171
5e39124ae3571,n,na,74,92,222,166,148
5e39124ae3571,a,at,56,563,655,619,599
5e39124ae3571,t,td,36,679,804,715,768
5e39124ae3571,d,da,89,128,305,217,216
5e39124ae3571,a,an,88,530,688,618,600
5e39124ae3571,n,na,70,105,235,175,165
5e39124ae3571,a,ai,60,85,243,145,183
5e39124ae3571,i,ispace,98,465,636,563,538
5e39124ae3571,space,spaces,73,228,387,301,314
5e39124ae3571,s,sr,86,234,367,320,281
5e39124ae3571,r,ru,47,103,231,150,184
5e39124ae3571,u,ui,81,889,1049,970,968
5e39124ae3571,i,ii,79,688,828,767,749
5e39124ae3571,i,ic,61,667,813,728,752
5e39124ae3571,c,ch,85,129,319,214,234
5e39124ae3571,h,ha,105,812,988,917,883
5e39124ae3571,a,ar,71,729,892,800,821
5e39124ae3571,r,ro,92,52,255,144,163
5e39124ae3571,o,oe,111,45,210,156,99
5e39124ae3571,e,en,54,635,772,689,718
5e39124ae3571,n,ns,83,574,753,657,670
5e39124ae3571,s,su,96,276,441,372,345
5e39124ae3571,u,uk,69,746,924,815,855
5e39124ae3571,k,kn,109,35643,35824,35752,35715
5e39124ae3571,n,na,72,72,220,144,148
5e39124ae3571,a,at,76,116,260,192,184
5e39124ae3571,t,td,68,514,650,582,582
5e39124ae3571,d,da,68,705,805,773,737
5e39124ae3571,a,an,32,71,163,103,131
5e39124ae3571,n,na,60,112,263,172,203
5e39124ae3571,a,ai,91,675,840,766,749
5e39124ae3571,i,ispace,74,611,743,685,669
5e39124ae3571,space,spaces,58,611,726,669,668
5e39124ae3571,s,sr,57,256,368,313,311
5e39124ae3571,r,ri,55,57,206,112,151
5e39124ae3571,i,ic,94,513,645,607,551
5e39124ae3571,c,ch,38,180,304,218,266
5e39124ae3571,h,ha,86,594,754,680,668
5e39124ae3571,a,ar,74,645,791,719,717
5e39124ae3571,r,ro,72,54,221,126,149
5e39124ae3571,o,oe,95,19,161,114,66
5e39124ae3571,e,en,47,595,732,642,685
5e39124ae3571,n,ns,90,210,374,300,284
5e39124ae3571,s,su,74,91,239,165,165
5e39124ae3571,u,uk,74,193,374,267,300
5e39124ae3571,k,kn,107,32313,32509,32420,32402
5e39124ae3571,n,na,89,55,222,144,133
5e39124ae3571,a,at,78,178,343,256,265
5e39124ae3571,t,td,87,563,724,650,637
5e39124ae3571,d,da,74,761,927,835,853
5e39124ae3571,a,an,92,140,337,232,245
5e39124ae3571,n,na,105,195,404,300,299
5e39124ae3571,a,ai,104,547,745,651,641
5e39124ae3571,i,ispace,94,323,526,417,432
5e39124ae3571,space,spaces,109,237,434,346,325
5e39124ae3571,s,sr,88,467,612,555,524
5e39124ae3571,r,ri,57,32,185,89,128
5e39124ae3571,i,ii,96,546,752,642,656
5e39124ae3571,i,ic,110,559,739,669,629
5e39124ae3571,c,ch,70,313,474,383,404
5e39124ae3571,h,ha,91,474,625,565,534
5e39124ae3571,a,ar,60,741,908,801,848
5e39124ae3571,r,ro,107,176,388,283,281
5e39124ae3571,o,oe,105,159,340,264,235
5e39124ae3571,e,en,76,641,807,717,731
5e39124ae3571,n,ns,90,646,807,736,717
5e39124ae3571,s,su,71,294,454,365,383
5e39124ae3571,u,uk,89,629,806,718,717
5e39124ae3571,k,kw,88,-320260,-320070,-320172,-320158
5e391434f2b69,c,ch,59,87,239,146,180
5e391434f2b69,h,hi,93,115,261,208,168
5e391434f2b69,i,it,53,1962,2087,2015,2034
5e391434f2b69,t,ts,72,176,336,248,264
5e391434f2b69,s,sa,88,68,253,156,165
5e391434f2b69,a,an,97,337,498,434,401
5e391434f2b69,n,nu,64,650,771,714,707
5e391434f2b69,u,up,57,207,319,264,262
5e391434f2b69,p,po,55,109,220,164,165
5e391434f2b69,o,on,56,448,563,504,507
5e391434f2b69,n,ng,59,223,336,282,277
5e391434f2b69,g,gshift,54,1231,1350,1285,1296
5e391434f2b69,shift,shiftT,65,564,688,629,623
5e391434f2b69,T,TT,59,4127,4225,4186,4166
5e391434f2b69,T,Tbksp,39,1119,1237,1158,1198
5e391434f2b69,bksp,bkspshift,79,57,213,136,134
5e391434f2b69,shift,shiftbksp,77,1461,1613,1538,1536
5e391434f2b69,bksp,bkspt,75,943,1074,1018,999
5e391434f2b69,t,ta,56,544,675,600,619
5e391434f2b69,a,an,75,225,354,300,279
5e391434f2b69,n,ng,54,314,427,368,373
5e391434f2b69,g,ga,59,67,237,126,178
5e391434f2b69,a,as,111,145,329,256,218
5e391434f2b69,s,sn,73,345,490,418,417
5e391434f2b69,n,nbksp,72,678,838,750,766
5e391434f2b69,bksp,bkspbksp,88,72,237,160,149
5e391434f2b69,bksp,bkspbksp,77,380,545,457,468
5e391434f2b69,bksp,bkspv,88,496,642,584,554
5e391434f2b69,v,va,58,48,188,106,130
5e391434f2b69,a,as,82,107,247,189,165
5e391434f2b69,s,si,58,179,307,237,249
5e391434f2b69,i,in,70,448,576,518,506
5e391434f2b69,n,nk,58,102,221,160,163
5e391434f2b69,k,ku,61,329,447,390,386
5e391434f2b69,u,umeta1,57,40682,40796,40739,40739
5e391434f2b69,meta1,meta1normal,57,723,837,780,780
5e391434f2b69,normal,normalc,57,607,739,664,682
5e391434f2b69,c,ch,75,162,307,237,232
5e391434f2b69,h,hi,70,86,252,156,182
5e391434f2b69,i,it,96,347,513,443,417
5e391434f2b69,t,ts,70,112,253,182,183
5e391434f2b69,s,sn,71,1197,1322,1268,1251
5e391434f2b69,n,nu,54,178,286,232,232
5e391434f2b69,u,up,54,182,305,236,251
5e391434f2b69,p,pbksp,69,581,709,650,640
5e391434f2b69,bksp,bkspbksp,59,65,203,124,144
5e391434f2b69,bksp,bkspbksp,79,71,231,150,152
5e391434f2b69,bksp,bkspbksp,81,34,147,115,66
5e391434f2b69,bksp,bkspa,32,729,834,761,802
5e391434f2b69,a,an,73,509,653,582,580
5e391434f2b69,n,nu,71,549,686,620,615
5e391434f2b69,u,up,66,236,351,302,285
5e391434f2b69,p,po,49,120,233,169,184
5e391434f2b69,o,on,64,312,447,376,383
5e391434f2b69,n,ng,71,162,270,233,199
5e391434f2b69,g,gspace,37,577,657,614,620
5e391434f2b69,space,spacet,43,507,607,550,564
5e391434f2b69,t,ta,57,213,342,270,285
5e391434f2b69,a,an,72,139,253,211,181
5e391434f2b69,n,ng,42,227,326,269,284
5e391434f2b69,g,gv,57,312,425,369,368
5e391434f2b69,v,va,56,34,173,90,117
5e391434f2b69,a,as,83,111,263,194,180
5e391434f2b69,s,si,69,264,404,333,335
5e391434f2b69,i,in,71,182,338,253,267
5e391434f2b69,n,nk,85,363,506,448,421
5e391434f2b69,k,ku,58,255,371,313,313
5e391434f2b69,u,uc,58,32112,32209,32170,32151
5e391434f2b69,c,ch,39,56,188,95,149
5e391434f2b69,h,hi,93,129,276,222,183
5e391434f2b69,i,ih,54,1664,1790,1718,1736
5e391434f2b69,h,hi,72,228,369,300,297
5e391434f2b69,i,it,69,132,269,201,200
5e391434f2b69,t,ts,68,314,438,382,370
5e391434f2b69,s,sn,56,344,471,400,415
5e391434f2b69,n,nu,71,178,320,249,249
5e391434f2b69,u,up,71,743,888,814,817
5e391434f2b69,p,po,74,197,310,271,236
5e391434f2b69,o,on,39,276,372,315,333
5e391434f2b69,n,ng,57,113,221,170,164
5e391434f2b69,g,gspace,51,1629,1738,1680,1687
5e391434f2b69,space,spacet,58,377,491,435,433
5e391434f2b69,t,ta,56,250,387,306,331
5e391434f2b69,a,an,81,128,248,209,167
5e391434f2b69,n,ng,39,211,304,250,265
5e391434f2b69,g,gv,54,215,321,269,267
5e391434f2b69,v,va,52,20,154,72,102
5e391434f2b69,a,as,82,88,249,170,167
5e391434f2b69,s,si,79,211,343,290,264
5e391434f2b69,i,ibksp,53,1045,1156,1098,1103
5e391434f2b69,bksp,bkspbksp,58,110,238,168,180
5e391434f2b69,bksp,bksps,70,581,737,651,667
5e391434f2b69,s,si,86,296,455,382,369
5e391434f2b69,i,in,73,427,561,500,488
5e391434f2b69,n,nk,61,222,340,283,279
5e391434f2b69,k,ku,57,145,271,202,214
5e391434f2b69,u,ul,69,832,972,901,903
5e391434f2b69,l,lmeta1,71,32096,32255,32167,32184
5e391434f2b69,meta1,meta1normal,88,710,873,798,785
5e391434f2b69,normal,normalc,75,576,726,651,651
5e391434f2b69,c,ch,75,179,321,254,246
5e391434f2b69,h,hi,67,129,268,196,201
5e391434f2b69,i,it,72,246,404,318,332
5e391434f2b69,t,ts,86,119,286,205,200
5e391434f2b69,s,sa,81,104,281,185,200
5e391434f2b69,a,an,96,782,965,878,869
5e391434f2b69,n,nu,87,380,524,467,437
5e391434f2b69,u,up,57,194,353,251,296
5e391434f2b69,p,po,102,94,269,196,167
5e391434f2b69,o,on,73,230,355,303,282
5e391434f2b69,n,ng,52,163,269,215,217
5e391434f2b69,g,gspace,54,177,289,231,235
5e391434f2b69,space,spacet,58,478,592,536,534
5e391434f2b69,t,ta,56,208,339,264,283
5e391434f2b69,a,an,75,157,275,232,200
5e391434f2b69,n,ng,43,511,629,554,586
5e391434f2b69,g,gv,75,194,306,269,231
5e391434f2b69,v,va,37,103,238,140,201
5e391434f2b69,a,as,98,110,277,208,179
5e391434f2b69,s,si,69,185,336,254,267
5e391434f2b69,i,in,82,184,333,266,251
5e391434f2b69,n,nk,67,374,503,441,436
5e391434f2b69,k,ku,62,161,276,223,214
5e391434f2b69,u,ul,53,760,855,813,802
5e391434f2b69,l,lc,42,32330,32429,32372,32387
5e391434f2b69,c,ch,57,178,286,235,229
5e391434f2b69,h,hi,51,102,217,153,166
5e391434f2b69,i,it,64,296,415,360,351
5e391434f2b69,t,ts,55,79,173,134,118
5e391434f2b69,s,sn,39,746,856,785,817
5e391434f2b69,n,nu,71,156,318,227,247
5e391434f2b69,u,uo,91,339,526,430,435
5e391434f2b69,o,on,96,210,381,306,285
5e391434f2b69,n,ng,75,173,306,248,231
5e391434f2b69,g,gspace,58,267,406,325,348
5e391434f2b69,space,spacebksp,81,762,919,843,838
5e391434f2b69,bksp,bkspbksp,76,66,208,142,132
5e391434f2b69,bksp,bkspbksp,66,67,197,133,131
5e391434f2b69,bksp,bkspo,64,532,634,596,570
5e391434f2b69,o,on,38,243,369,281,331
5e391434f2b69,n,ng,88,140,287,228,199
5e391434f2b69,g,gspace,59,158,278,217,219
5e391434f2b69,space,spacet,61,399,484,460,423
5e391434f2b69,t,ta,24,590,688,614,664
5e391434f2b69,a,an,74,74,203,148,129
5e391434f2b69,n,ng,55,179,288,234,233
5e391434f2b69,g,ga,54,277,428,331,374
5e391434f2b69,a,as,97,121,292,218,195
5e391434f2b69,s,si,74,125,226,199,152
5e391434f2b69,i,in,27,575,674,602,647
5e391434f2b69,n,nk,72,210,339,282,267
5e391434f2b69,k,ku,57,160,274,217,217
5e391434f2b69,u,ul,57,112,238,169,181
5e391434f2b69,l,lv,69,2563,2689,2632,2620
5e391434f2b69,v,vbksp,57,1218,1339,1275,1282
5e391434f2b69,bksp,bkspv,64,678,815,742,751
5e391434f2b69,v,vbksp,73,2659,2790,2732,2717
5e391434f2b69,bksp,bkspv,58,461,557,519,499
5e391434f2b69,v,va,38,830,927,868,889
5e391434f2b69,a,ac,59,37024,37140,37083,37081
5e391434f2b69,c,ch,57,174,289,231,232
5e391434f2b69,h,hi,58,128,239,186,181
5e391434f2b69,i,it,53,301,418,354,365
5e391434f2b69,t,ts,64,87,216,151,152
5e391434f2b69,s,sa,65,102,250,167,185
5e391434f2b69,a,an,83,513,666,596,583
5e391434f2b69,n,nu,70,164,285,234,215
5e391434f2b69,u,up,51,179,271,230,220
5e391434f2b69,p,po,41,105,192,146,151
5e391434f2b69,o,on,46,357,446,403,400
5e391434f2b69,n,ng,43,70,157,113,114
5e391434f2b69,g,gspace,44,112,211,156,167
5e391434f2b69,space,spacet,55,476,573,531,518
5e391434f2b69,t,tn,42,458,556,500,514
5e391434f2b69,n,ng,56,243,356,299,300
5e391434f2b69,g,gv,57,244,373,301,316
5e391434f2b69,v,vbksp,72,654,788,726,716
5e391434f2b69,bksp,bkspbksp,62,73,181,135,119
5e391434f2b69,bksp,bkspbksp,46,342,461,388,415
5e391434f2b69,bksp,bkspa,73,245,409,318,336
5e391434f2b69,a,an,91,146,290,237,199
5e391434f2b69,n,ng,53,393,518,446,465
5e391434f2b69,g,gv,72,630,757,702,685
5e391434f2b69,v,va,55,88,220,143,165
5e391434f2b69,a,as,77,159,310,236,233
5e391434f2b69,s,si,74,213,342,287,268
5e391434f2b69,i,in,55,612,726,667,671
5e391434f2b69,n,nk,59,209,354,268,295
5e391434f2b69,k,ku,86,128,270,214,184
5e391434f2b69,u,ul,56,145,242,201,186
5e391434f2b69,l,lc,41,29328,29439,29369,29398
5e391434f2b69,c,ch,70,149,270,219,200
5e391434f2b69,h,hu,51,106,233,157,182
5e391434f2b69,u,ut,76,398,532,474,456
5e391434f2b69,t,tbksp,58,592,708,650,650
5e391434f2b69,bksp,bkspbksp,58,48,185,106,127
5e391434f2b69,bksp,bkspi,79,179,314,258,235
5e391434f2b69,i,is,56,662,791,718,735
5e391434f2b69,s,sa,73,112,256,185,183
5e391434f2b69,a,an,71,243,384,314,313
5e391434f2b69,n,nu,70,149,257,219,187
5e391434f2b69,u,up,38,154,269,192,231
5e391434f2b69,p,po,77,103,242,180,165
5e391434f2b69,o,on,62,315,436,377,374
5e391434f2b69,n,nh,59,110,205,169,146
5e391434f2b69,h,hspace,36,278,387,314,351
5e391434f2b69,space,spacebksp,73,476,620,549,547
5e391434f2b69,bksp,bkspbksp,71,40,172,111,101
5e391434f2b69,bksp,bkspg,61,107,226,168,165
5e391434f2b69,g,gspace,58,331,462,389,404
5e391434f2b69,space,spacet,73,877,990,950,917
5e391434f2b69,t,ta,40,377,489,417,449
5e391434f2b69,a,an,72,61,188,133,116
5e391434f2b69,n,ng,55,363,455,418,400
5e391434f2b69,g,gv,37,284,370,321,333
5e391434f2b69,v,va,49,69,196,118,147
5e391434f2b69,a,as,78,103,244,181,166
5e391434f2b69,s,si,63,472,599,535,536
5e391434f2b69,i,in,64,745,867,809,803
5e391434f2b69,n,nk,58,211,323,269,265
5e391434f2b69,k,ku,54,395,505,449,451
5e391434f2b69,u,uc,56,35766,35890,35822,35834
5e391434f2b69,c,ch,68,130,269,198,201
5e391434f2b69,h,hi,71,129,252,200,181
5e391434f2b69,i,it,52,231,336,283,284
5e391434f2b69,t,ts,53,96,201,149,148
5e391434f2b69,s,sn,52,783,905,835,853
5e391434f2b69,n,nu,70,142,268,212,198
5e391434f2b69,u,ubksp,56,1271,1409,1327,1353
5e391434f2b69,bksp,bkspbksp,82,399,562,481,480
5e391434f2b69,bksp,bkspa,81,104,266,185,185
5e391434f2b69,a,an,81,666,817,747,736
5e391434f2b69,n,nu,70,160,270,230,200
5e391434f2b69,u,up,40,152,270,192,230
5e391434f2b69,p,po,78,112,246,190,168
5e391434f2b69,o,on,56,279,393,335,337
5e391434f2b69,n,ng,58,130,253,188,195
5e391434f2b69,g,gspace,65,235,349,300,284
5e391434f2b69,space,spacet,49,464,569,513,520
5e391434f2b69,t,ta,56,408,520,464,464
5e391434f2b69,a,an,56,53,172,109,116
5e391434f2b69,n,ng,63,528,632,591,569
5e391434f2b69,g,gv,41,296,374,337,333
5e391434f2b69,v,vs,37,235,351,272,314
5e391434f2b69,s,si,79,230,363,309,284
5e391434f2b69,i,in,54,146,255,200,201
5e391434f2b69,n,nk,55,146,289,201,234
5e391434f2b69,k,ku,88,461,586,549,498
5e391434f2b69,u,uc,37,35116,35224,35153,35187
5e391434f2b69,c,ch,71,160,271,231,200
5e391434f2b69,h,hi,40,146,257,186,217
5e391434f2b69,i,is,71,1129,1220,1200,1149
5e391434f2b69,s,st,20,1667,1768,1687,1748
5e391434f2b69,t,ts,81,86,233,167,152
5e391434f2b69,s,sa,66,121,250,187,184
5e391434f2b69,a,an,63,228,345,291,282
5e391434f2b69,n,nu,54,146,254,200,200
5e391434f2b69,u,up,54,147,273,201,219
5e391434f2b69,p,po,72,377,490,449,418
5e391434f2b69,o,on,41,244,338,285,297
5e391434f2b69,n,ng,53,198,303,251,250
5e391434f2b69,g,gspace,52,230,338,282,286
5e391434f2b69,space,spacet,56,894,1007,950,951
5e391434f2b69,t,tn,57,425,522,482,465
5e391434f2b69,n,ng,40,228,310,268,270
5e391434f2b69,g,gc,42,1058,1128,1100,1086
5e391434f2b69,c,cbksp,28,472,537,500,509
5e391434f2b69,bksp,bkspbksp,37,870,970,907,933
5e391434f2b69,bksp,bkspbksp,63,361,499,424,436
5e391434f2b69,bksp,bkspa,75,175,341,250,266
5e391434f2b69,a,an,91,146,290,237,199
5e391434f2b69,n,ng,53,229,337,282,284
5e391434f2b69,g,gv,55,277,391,332,336
5e391434f2b69,v,va,59,49,156,108,97
5e391434f2b69,a,as,48,139,265,187,217
5e391434f2b69,s,si,78,827,963,905,885
5e391434f2b69,i,in,58,542,673,600,615
5e391434f2b69,n,nk,73,164,304,237,231
5e391434f2b69,k,ku,67,146,268,213,201
5e391434f2b69,u,ul,55,95,221,150,166
5e391434f2b69,l,lc,71,31299,31412,31370,31341
5e391434f2b69,c,ch,42,144,270,186,228
5e391434f2b69,h,hi,84,148,258,232,174
5e391434f2b69,i,it,26,224,287,250,261
5e391434f2b69,t,ts,37,106,202,143,165
5e391434f2b69,s,sn,59,798,926,857,867
5e391434f2b69,n,nu,69,163,285,232,216
5e391434f2b69,u,up,53,215,294,268,241
5e391434f2b69,p,po,26,117,204,143,178
5e391434f2b69,o,on,61,277,394,338,333
5e391434f2b69,n,ng,56,113,255,169,199
5e391434f2b69,g,gbksp,86,2665,2819,2751,2733
5e391434f2b69,bksp,bkspspace,68,1281,1404,1349,1336
5e391434f2b69,space,spacet,55,245,338,300,283
5e391434f2b69,t,tn,38,384,468,422,430
5e391434f2b69,n,ng,46,213,299,259,253
5e391434f2b69,g,gv,40,229,296,269,256
5e391434f2b69,v,va,27,31,136,58,109
5e391434f2b69,a,as,78,110,218,188,140
5e391434f2b69,s,sbksp,30,865,990,895,960
5e391434f2b69,bksp,bkspbksp,95,39,228,134,133
5e391434f2b69,bksp,bkspbksp,94,54,194,148,100
5e391434f2b69,bksp,bkspbksp,46,590,680,636,634
5e391434f2b69,bksp,bkspbksp,44,646,747,690,703
5e391434f2b69,bksp,bkspspace,57,1436,1526,1493,1469
5e391434f2b69,space,spacespace,33,457,526,490,493
5e391434f2b69,space,spacet,36,650,741,686,705
5e391434f2b69,t,tbksp,55,676,789,731,734
5e391434f2b69,bksp,bkspbksp,58,52,171,110,113
5e391434f2b69,bksp,bkspt,61,229,330,290,269
5e391434f2b69,t,ta,40,492,608,532,568
5e391434f2b69,a,an,76,142,272,218,196
5e391434f2b69,n,ng,54,363,456,417,402
5e391434f2b69,g,gv,39,444,557,483,518
5e391434f2b69,v,va,74,86,241,160,167
5e391434f2b69,a,as,81,127,261,208,180
5e391434f2b69,s,si,53,119,252,172,199
5e391434f2b69,i,in,80,118,279,198,199
5e391434f2b69,n,nk,81,392,533,473,452
5e391434f2b69,k,ku,60,144,260,204,200
5e391434f2b69,u,us,56,-406499,-406357,-406443,-406413
5e391455ce77f,s,su,86,147,317,233,231
5e391455ce77f,u,ur,84,319,499,403,415
5e391455ce77f,r,rc,96,1097,1304,1193,1208
5e391455ce77f,c,ch,111,86,271,197,160
5e391455ce77f,h,he,74,120,292,194,218
5e391455ce77f,e,et,98,565,733,663,635
5e391455ce77f,t,th,70,94,235,164,165
5e391455ce77f,h,hspace,71,849,974,920,903
5e391455ce77f,space,spacek,54,677,820,731,766
5e391455ce77f,k,kh,89,260,439,349,350
5e391455ce77f,h,ha,90,79,240,169,150
5e391455ce77f,a,ae,71,228,385,299,314
5e391455ce77f,e,ew,86,133,320,219,234
5e391455ce77f,w,wk,101,197,336,298,235
5e391455ce77f,k,kl,38,177,286,215,248
5e391455ce77f,l,lm,71,258,390,329,319
5e391455ce77f,m,mm,61,6242,6414,6303,6353
5e391455ce77f,m,ms,111,45410,45610,45521,45499
5e391455ce77f,s,su,89,107,273,196,184
5e391455ce77f,u,ur,77,231,379,308,302
5e391455ce77f,r,rc,71,317,482,388,411
5e391455ce77f,c,ch,94,181,344,275,250
5e391455ce77f,h,he,69,164,304,233,235
5e391455ce77f,e,et,71,96,239,167,168
5e391455ce77f,t,th,72,246,390,318,318
5e391455ce77f,h,hspace,72,367,553,439,481
5e391455ce77f,space,spacek,114,330,533,444,419
5e391455ce77f,k,kh,89,195,372,284,283
5e391455ce77f,h,ha,88,127,304,215,216
5e391455ce77f,a,aw,89,436,638,525,549
5e391455ce77f,w,wk,113,312,482,425,369
5e391455ce77f,k,kl,57,194,339,251,282
5e391455ce77f,l,lm,88,301,454,389,366
5e391455ce77f,m,mbksp,65,1427,1600,1492,1535
5e391455ce77f,bksp,bkspa,108,492,691,600,583
5e391455ce77f,a,am,91,513,677,604,586
5e391455ce77f,m,ms,73,36630,36805,36703,36732
5e391455ce77f,s,su,102,180,352,282,250
5e391455ce77f,u,ur,70,229,387,299,317
5e391455ce77f,r,ra,88,162,340,250,252
5e391455ce77f,a,ac,90,611,805,701,715
5e391455ce77f,c,ch,104,114,305,218,201
5e391455ce77f,h,he,87,89,269,176,182
5e391455ce77f,e,et,93,394,578,487,485
5e391455ce77f,t,th,91,37,206,128,115
5e391455ce77f,h,hspace,78,450,615,528,537
5e391455ce77f,space,spacek,87,354,552,441,465
5e391455ce77f,k,kh,111,249,458,360,347
5e391455ce77f,h,ha,98,201,400,299,302
5e391455ce77f,a,ae,101,206,384,307,283
5e391455ce77f,e,ew,77,166,343,243,266
5e391455ce77f,w,wk,100,175,352,275,252
5e391455ce77f,k,kl,77,178,341,255,264
5e391455ce77f,l,la,86,131,322,217,236
5e391455ce77f,a,am,105,55,255,160,150
5e391455ce77f,m,ms,95,33281,33465,33376,33370
5e391455ce77f,s,su,89,160,338,249,249
5e391455ce77f,u,ur,89,198,370,287,281
5e391455ce77f,r,ra,83,161,336,244,253
5e391455ce77f,a,ac,92,295,489,387,397
5e391455ce77f,c,ch,102,53,236,155,134
5e391455ce77f,h,he,81,88,265,169,184
5e391455ce77f,e,et,96,212,395,308,299
5e391455ce77f,t,th,87,54,221,141,134
5e391455ce77f,h,hspace,80,279,465,359,385
5e391455ce77f,space,spacek,106,732,924,838,818
5e391455ce77f,k,kh,86,225,399,311,313
5e391455ce77f,h,ha,88,162,355,250,267
5e391455ce77f,a,ae,105,209,387,314,282
5e391455ce77f,e,ew,73,164,340,237,267
5e391455ce77f,w,wk,103,147,305,250,202
5e391455ce77f,k,kl,55,163,304,218,249
5e391455ce77f,l,lm,86,348,462,434,376
5e391455ce77f,m,mbksp,28,1287,1440,1315,1412
5e391455ce77f,bksp,bkspa,125,207,422,332,297
5e391455ce77f,a,am,90,229,404,319,314
5e391455ce77f,m,ms,85,35588,35723,35673,35638
5e391455ce77f,s,su,50,106,234,156,184
5e391455ce77f,u,ur,78,159,309,237,231
5e391455ce77f,r,ra,72,163,323,235,251
5e391455ce77f,a,ac,88,244,405,332,317
5e391455ce77f,c,ch,73,227,373,300,300
5e391455ce77f,h,he,73,227,390,300,317
5e391455ce77f,e,et,90,92,256,182,166
5e391455ce77f,t,th,74,162,309,236,235
5e391455ce77f,h,h.,73,691,856,764,783
5e391455ce77f,.,.meta1,92,176,374,268,282
5e391455ce77f,meta1,meta11,106,362,571,468,465
5e391455ce77f,1,19,103,179,354,282,251
5e391455ce77f,9,99,72,127,256,199,184
5e391455ce77f,9,97,57,180,323,237,266
5e391455ce77f,7,7@,86,504,687,590,601
5e391455ce77f,@,@normal,97,87,298,184,201
5e391455ce77f,normal,normalh,114,844,1031,958,917
5e391455ce77f,h,ho,73,194,355,267,282
5e391455ce77f,o,ot,88,163,356,251,268
5e391455ce77f,t,tm,105,127,304,232,199
5e391455ce77f,m,mi,72,278,420,350,348
5e391455ce77f,i,il,70,162,321,232,251
5e391455ce77f,l,lbksp,89,2021,2205,2110,2116
5e391455ce77f,bksp,bkspa,95,551,777,646,682
5e391455ce77f,a,ai,131,118,364,249,233
5e391455ce77f,i,il,115,135,348,250,233
5e391455ce77f,l,l.,98,314,500,412,402
5e391455ce77f,.,.c,88,190,409,278,321
5e391455ce77f,c,co,131,34,259,165,128
5e391455ce77f,o,om,94,232,398,326,304
5e391455ce77f,m,ms,72,45168,45341,45240,45269
5e391455ce77f,s,su,101,212,384,313,283
5e391455ce77f,u,ur,71,229,387,300,316
5e391455ce77f,r,rc,87,381,536,468,449
5e391455ce77f,c,ch,68,213,369,281,301
5e391455ce77f,h,he,88,181,355,269,267
5e391455ce77f,e,et,86,106,269,192,183
5e391455ce77f,t,th,77,162,309,239,232
5e391455ce77f,h,hspace,70,2235,2389,2305,2319
5e391455ce77f,space,spacek,84,326,485,410,401
5e391455ce77f,k,kh,75,278,441,353,366
5e391455ce77f,h,ha,88,149,351,237,263
5e391455ce77f,a,ae,114,216,437,330,323
5e391455ce77f,e,ew,107,177,371,284,264
5e391455ce77f,w,wk,87,208,386,295,299
5e391455ce77f,k,ka,91,385,609,476,518
5e391455ce77f,a,am,133,71,297,204,164
5e391455ce77f,m,ms,93,33838,34030,33931,33937
5e391455ce77f,s,su,99,114,299,213,200
5e391455ce77f,u,ur,86,196,351,282,265
5e391455ce77f,r,ra,69,163,338,232,269
5e391455ce77f,a,ac,106,144,306,250,200
5e391455ce77f,c,ch,56,194,341,250,285
5e391455ce77f,h,he,91,159,339,250,248
5e391455ce77f,e,et,89,149,289,238,200
5e391455ce77f,t,th,51,197,335,248,284
5e391455ce77f,h,hspace,87,314,505,401,418
5e391455ce77f,space,spacek,104,959,1155,1063,1051
5e391455ce77f,k,kh,92,2457,2645,2549,2553
5e391455ce77f,h,ha,96,140,325,236,229
5e391455ce77f,a,ae,89,244,421,333,332
5e391455ce77f,e,ew,88,162,354,250,266
5e391455ce77f,w,wk,104,196,326,300,222
5e391455ce77f,k,kl,26,156,273,182,247
5e391455ce77f,l,la,91,141,341,232,250
5e391455ce77f,a,am,109,20,207,129,98
5e391455ce77f,m,ms,78,32650,32832,32728,32754
5e391455ce77f,s,su,104,127,318,231,214
5e391455ce77f,u,ur,87,163,355,250,268
5e391455ce77f,r,ra,105,181,390,286,285
5e391455ce77f,a,ac,104,327,505,431,401
5e391455ce77f,c,ch,74,70,220,144,146
5e391455ce77f,h,he,76,112,261,188,185
5e391455ce77f,e,et,73,260,405,333,332
5e391455ce77f,t,th,72,37,189,109,117
5e391455ce77f,h,hspace,80,347,531,427,451
5e391455ce77f,space,spacek,104,364,572,468,468
5e391455ce77f,k,kh,104,409,606,513,502
5e391455ce77f,h,ha,93,142,324,235,231
5e391455ce77f,a,ae,89,194,355,283,266
5e391455ce77f,e,ew,72,160,339,232,267
5e391455ce77f,w,wk,107,128,322,235,215
5e391455ce77f,k,kl,87,129,288,216,201
5e391455ce77f,l,la,72,127,307,199,235
5e391455ce77f,a,am,108,71,240,179,132
5e391455ce77f,m,ms,61,37595,37746,37656,37685
5e391455ce77f,s,su,90,182,374,272,284
5e391455ce77f,u,ur,102,147,334,249,232
5e391455ce77f,r,rc,85,566,719,651,634
5e391455ce77f,c,ch,68,227,386,295,318
5e391455ce77f,h,he,91,159,340,250,249
5e391455ce77f,e,et,90,200,388,290,298
5e391455ce77f,t,th,98,85,266,183,168
5e391455ce77f,h,hspace,83,231,403,314,320
5e391455ce77f,space,spacek,89,592,771,681,682
5e391455ce77f,k,kh,90,228,405,318,315
5e391455ce77f,h,he,87,444,621,531,534
5e391455ce77f,e,ew,90,161,341,251,251
5e391455ce77f,w,wk,90,278,441,368,351
5e391455ce77f,k,kl,73,159,337,232,264
5e391455ce77f,l,la,105,113,324,218,219
5e391455ce77f,a,am,106,53,253,159,147
5e391455ce77f,m,ms,94,32310,32532,32404,32438
5e391455ce77f,s,su,128,196,427,324,299
5e391455ce77f,u,ur,103,140,335,243,232
5e391455ce77f,r,ra,92,165,343,257,251
5e391455ce77f,a,ac,86,298,489,384,403
5e391455ce77f,c,ch,105,94,283,199,178
5e391455ce77f,h,he,84,73,269,157,185
5e391455ce77f,e,et,112,263,483,375,371
5e391455ce77f,t,th,108,52,256,160,148
5e391455ce77f,h,hk,96,813,995,909,899
5e391455ce77f,k,kh,86,208,386,294,300
5e391455ce77f,h,ha,92,144,360,236,268
5e391455ce77f,a,ae,124,208,422,332,298
5e391455ce77f,e,ew,90,124,320,214,230
5e391455ce77f,w,wk,106,103,310,209,204
5e391455ce77f,k,kl,101,145,352,246,251
5e391455ce77f,l,lm,106,1076,1291,1182,1185
5e391455ce77f,m,mt,109,-271563,-271402,-271454,-271511
5e3914df9e4c7,t,th,52,810,933,862,881
5e3914df9e4c7,h,ho,71,212,340,283,269
5e3914df9e4c7,o,ot,57,395,504,452,447
5e3914df9e4c7,t,ts,52,270,385,322,333
5e3914df9e4c7,s,sa,63,143,268,206,205
5e3914df9e4c7,a,ah,62,673,809,735,747
5e3914df9e4c7,h,ho,74,368,494,442,420
5e3914df9e4c7,o,op,52,1240,1350,1292,1298
5e3914df9e4c7,p,ph,58,279,423,337,365
5e3914df9e4c7,h,ho,86,126,289,212,203
5e3914df9e4c7,o,on,77,142,272,219,195
5e3914df9e4c7,n,nspace,53,703,810,756,757
5e3914df9e4c7,space,spacec,54,428,534,482,480
5e3914df9e4c7,c,ch,52,210,319,262,267
5e3914df9e4c7,h,hi,57,230,338,287,281
5e3914df9e4c7,i,ir,51,362,469,413,418
5e3914df9e4c7,r,ro,56,562,674,618,618
5e3914df9e4c7,o,ou,56,513,605,569,549
5e3914df9e4c7,u,uj,36,898,988,934,952
5e3914df9e4c7,j,ju,54,263,386,317,332
5e3914df9e4c7,u,ubksp,69,1611,1771,1680,1702
5e3914df9e4c7,bksp,bkspbksp,91,114,252,205,161
5e3914df9e4c7,bksp,bkspbksp,47,372,503,419,456
5e3914df9e4c7,bksp,bkspj,84,966,1129,1050,1045
5e3914df9e4c7,j,jc,79,378,517,457,438
5e3914df9e4c7,c,ch,60,178,307,238,247
5e3914df9e4c7,h,ha,69,341,488,410,419
5e3914df9e4c7,a,at,78,342,477,420,399
5e3914df9e4c7,t,tu,57,266,403,323,346
5e3914df9e4c7,u,ur,80,235,380,315,300
5e3914df9e4c7,r,ro,65,252,416,317,351
5e3914df9e4c7,o,on,99,201,381,300,282
5e3914df9e4c7,n,nt,81,269,431,350,350
5e3914df9e4c7,t,tt,81,40670,40822,40751,40741
5e3914df9e4c7,t,th,71,176,319,247,248
5e3914df9e4c7,h,ho,72,248,387,320,315
5e3914df9e4c7,o,ot,67,748,853,815,786
5e3914df9e4c7,t,ts,38,797,887,835,849
5e3914df9e4c7,s,sa,52,128,252,180,200
5e3914df9e4c7,a,ap,72,595,756,667,684
5e3914df9e4c7,p,ph,89,261,421,350,332
5e3914df9e4c7,h,ho,71,230,356,301,285
5e3914df9e4c7,o,on,55,233,355,288,300
5e3914df9e4c7,n,nspace,67,266,398,333,331
5e3914df9e4c7,space,spacec,65,1045,1169,1110,1104
5e3914df9e4c7,c,ch,59,279,407,338,348
5e3914df9e4c7,h,hi,69,249,387,318,318
5e3914df9e4c7,i,ir,69,581,703,650,634
5e3914df9e4c7,r,ro,53,659,785,712,732
5e3914df9e4c7,o,oj,73,279,439,352,366
5e3914df9e4c7,j,jc,87,430,603,517,516
5e3914df9e4c7,c,ch,86,296,437,382,351
5e3914df9e4c7,h,ha,55,283,392,338,337
5e3914df9e4c7,a,at,54,409,535,463,481
5e3914df9e4c7,t,tu,72,309,476,381,404
5e3914df9e4c7,u,ur,95,442,607,537,512
5e3914df9e4c7,r,ro,70,294,452,364,382
5e3914df9e4c7,o,on,88,210,374,298,286
5e3914df9e4c7,n,nt,76,293,425,369,349
5e3914df9e4c7,t,tt,56,31849,31973,31905,31917
5e3914df9e4c7,t,th,68,312,453,380,385
5e3914df9e4c7,h,ho,73,232,388,305,315
5e3914df9e4c7,o,ot,83,247,417,330,334
5e3914df9e4c7,t,ts,87,195,351,282,264
5e3914df9e4c7,s,sa,69,127,271,196,202
5e3914df9e4c7,a,ap,75,1017,1145,1092,1070
5e3914df9e4c7,p,ph,53,589,717,642,664
5e3914df9e4c7,h,ho,75,233,360,308,285
5e3914df9e4c7,o,on,52,286,384,338,332
5e3914df9e4c7,n,nspace,46,178,279,224,233
5e3914df9e4c7,space,spacec,55,284,390,339,335
5e3914df9e4c7,c,ch,51,291,401,342,350
5e3914df9e4c7,h,hi,59,230,325,289,266
5e3914df9e4c7,i,ir,36,2557,2656,2593,2620
5e3914df9e4c7,r,ro,63,412,542,475,479
5e3914df9e4c7,o,oj,67,282,419,349,352
5e3914df9e4c7,j,jc,70,399,551,469,481
5e3914df9e4c7,c,ch,82,229,382,311,300
5e3914df9e4c7,h,ha,71,313,441,384,370
5e3914df9e4c7,a,at,57,373,557,430,500
5e3914df9e4c7,t,tu,127,293,492,420,365
5e3914df9e4c7,u,ur,72,495,661,567,589
5e3914df9e4c7,r,ro,94,327,522,421,428
5e3914df9e4c7,o,on,101,228,397,329,296
5e3914df9e4c7,n,nt,68,313,440,381,372
5e3914df9e4c7,t,tt,59,33680,33808,33739,33749
5e3914df9e4c7,t,th,69,317,466,386,397
5e3914df9e4c7,h,ho,80,465,585,545,505
5e3914df9e4c7,o,ot,40,397,507,437,467
5e3914df9e4c7,t,ts,70,294,420,364,350
5e3914df9e4c7,s,sa,56,201,305,257,249
5e3914df9e4c7,a,ah,48,763,866,811,818
5e3914df9e4c7,h,ho,55,176,302,231,247
5e3914df9e4c7,o,on,71,269,389,340,318
5e3914df9e4c7,n,nbksp,49,912,1017,961,968
5e3914df9e4c7,bksp,bkspbksp,56,124,238,180,182
5e3914df9e4c7,bksp,bkspbksp,58,110,222,168,164
5e3914df9e4c7,bksp,bkspp,54,470,637,524,583
5e3914df9e4c7,p,ph,113,309,484,422,371
5e3914df9e4c7,h,ho,62,1224,1360,1286,1298
5e3914df9e4c7,o,on,74,576,728,650,654
5e3914df9e4c7,n,nspace,78,291,443,369,365
5e3914df9e4c7,space,spacec,74,946,1088,1020,1014
5e3914df9e4c7,c,ch,68,291,438,359,370
5e3914df9e4c7,h,hi,79,229,376,308,297
5e3914df9e4c7,i,ir,68,431,603,499,535
5e3914df9e4c7,r,ro,104,559,733,663,629
5e3914df9e4c7,o,oj,70,501,657,571,587
5e3914df9e4c7,j,jc,86,445,622,531,536
5e3914df9e4c7,c,ch,91,195,355,286,264
5e3914df9e4c7,h,ha,69,344,523,413,454
5e3914df9e4c7,a,at,110,391,589,501,479
5e3914df9e4c7,t,tu,88,250,404,338,316
5e3914df9e4c7,u,ur,66,1060,1218,1126,1152
5e3914df9e4c7,r,ro,92,475,676,567,584
5e3914df9e4c7,o,on,109,256,439,365,330
5e3914df9e4c7,n,nt,74,360,510,434,436
5e3914df9e4c7,t,tt,76,35598,35759,35674,35683
5e3914df9e4c7,t,th,85,362,540,447,455
5e3914df9e4c7,h,ho,93,270,439,363,346
5e3914df9e4c7,o,ot,76,328,480,404,404
5e3914df9e4c7,t,ts,76,225,373,301,297
5e3914df9e4c7,s,sa,72,157,306,229,234
5e3914df9e4c7,a,ap,77,345,520,422,443
5e3914df9e4c7,p,ph,98,350,519,448,421
5e3914df9e4c7,h,ho,71,248,408,319,337
5e3914df9e4c7,o,on,89,313,471,402,382
5e3914df9e4c7,n,nspace,69,294,420,363,351
5e3914df9e4c7,space,spacec,57,697,839,754,782
5e3914df9e4c7,c,ch,85,248,418,333,333
5e3914df9e4c7,h,hi,85,245,385,330,300
5e3914df9e4c7,i,ir,55,447,589,502,534
5e3914df9e4c7,r,ro,87,314,472,401,385
5e3914df9e4c7,o,oj,71,364,503,435,432
5e3914df9e4c7,j,jc,68,362,502,430,434
5e3914df9e4c7,c,ch,72,210,336,282,264
5e3914df9e4c7,h,ha,54,346,508,400,454
5e3914df9e4c7,a,at,108,288,507,396,399
5e3914df9e4c7,t,tu,111,243,426,354,315
5e3914df9e4c7,u,ur,72,428,573,500,501
5e3914df9e4c7,r,ro,73,860,1005,933,932
5e3914df9e4c7,o,on,72,247,389,319,317
5e3914df9e4c7,n,nt,70,366,489,436,419
5e3914df9e4c7,t,tt,53,32134,32253,32187,32200
5e3914df9e4c7,t,th,66,461,616,527,550
5e3914df9e4c7,h,ho,89,234,419,323,330
5e3914df9e4c7,o,ot,96,290,483,386,387
5e3914df9e4c7,t,ts,97,263,431,360,334
5e3914df9e4c7,s,sa,71,148,284,219,213
5e3914df9e4c7,a,ap,65,636,785,701,720
5e3914df9e4c7,p,ph,84,276,450,360,366
5e3914df9e4c7,h,hn,90,579,743,669,653
5e3914df9e4c7,n,no,74,994,1156,1068,1082
5e3914df9e4c7,o,on,88,275,434,363,346
5e3914df9e4c7,n,nspace,71,297,442,368,371
5e3914df9e4c7,space,spacec,74,3827,3972,3901,3898
5e3914df9e4c7,c,ch,71,229,367,300,296
5e3914df9e4c7,h,hr,67,721,869,788,802
5e3914df9e4c7,r,ro,81,2362,2516,2443,2435
5e3914df9e4c7,o,oj,73,347,490,420,417
5e3914df9e4c7,j,jc,70,328,505,398,435
5e3914df9e4c7,c,ch,107,175,357,282,250
5e3914df9e4c7,h,ha,75,343,529,418,454
5e3914df9e4c7,a,at,111,342,539,453,428
5e3914df9e4c7,t,tu,86,362,523,448,437
5e3914df9e4c7,u,ur,75,763,921,838,846
5e3914df9e4c7,r,ro,83,330,500,413,417
5e3914df9e4c7,o,on,87,243,389,330,302
5e3914df9e4c7,n,nt,59,399,494,458,435
5e3914df9e4c7,t,tt,36,38264,38384,38300,38348
5e3914df9e4c7,t,th,84,346,501,430,417
5e3914df9e4c7,h,ho,71,225,354,296,283
5e3914df9e4c7,o,ot,58,318,443,376,385
5e3914df9e4c7,t,ts,67,196,332,263,265
5e3914df9e4c7,s,sa,69,228,369,297,300
5e3914df9e4c7,a,ap,72,684,825,756,753
5e3914df9e4c7,p,ph,69,333,468,402,399
5e3914df9e4c7,h,ho,66,1202,1332,1268,1266
5e3914df9e4c7,o,on,64,230,347,294,283
5e3914df9e4c7,n,nspace,53,295,420,348,367
5e3914df9e4c7,space,spacec,72,448,573,520,501
5e3914df9e4c7,c,ch,53,317,469,370,416
5e3914df9e4c7,h,hi,99,362,533,461,434
5e3914df9e4c7,i,ir,72,760,938,832,866
5e3914df9e4c7,r,ro,106,761,941,867,835
5e3914df9e4c7,o,oj,74,257,405,331,331
5e3914df9e4c7,j,jc,74,296,442,370,368
5e3914df9e4c7,c,ch,72,190,339,262,267
5e3914df9e4c7,h,ha,77,342,493,419,416
5e3914df9e4c7,a,at,74,363,523,437,449
5e3914df9e4c7,t,tu,86,226,386,312,300
5e3914df9e4c7,u,ur,74,245,376,319,302
5e3914df9e4c7,r,ro,57,612,755,669,698
5e3914df9e4c7,o,on,86,264,420,350,334
5e3914df9e4c7,n,nt,70,343,471,413,401
5e3914df9e4c7,t,tt,58,33600,33756,33658,33698
5e3914df9e4c7,t,th,98,226,399,324,301
5e3914df9e4c7,h,ho,75,311,480,386,405
5e3914df9e4c7,o,ot,94,484,658,578,564
5e3914df9e4c7,t,ts,80,275,446,355,366
5e3914df9e4c7,s,sa,91,195,356,286,265
5e3914df9e4c7,a,ap,70,1501,1655,1571,1585
5e3914df9e4c7,p,ph,84,313,430,397,346
5e3914df9e4c7,h,hn,33,698,803,731,770
5e3914df9e4c7,n,nspace,72,650,777,722,705
5e3914df9e4c7,space,spacec,55,306,436,361,381
5e3914df9e4c7,c,ch,75,311,456,386,381
5e3914df9e4c7,h,hi,70,262,373,332,303
5e3914df9e4c7,i,ir,41,1910,2038,1951,1997
5e3914df9e4c7,r,ro,87,398,557,485,470
5e3914df9e4c7,o,oj,72,474,622,546,550
5e3914df9e4c7,j,jc,76,310,457,386,381
5e3914df9e4c7,c,ch,71,192,336,263,265
5e3914df9e4c7,h,ha,73,326,479,399,406
5e3914df9e4c7,a,at,80,327,491,407,411
5e3914df9e4c7,t,tu,84,267,418,351,334
5e3914df9e4c7,u,ur,67,294,421,361,354
5e3914df9e4c7,r,ro,60,340,494,400,434
5e3914df9e4c7,o,on,94,207,374,301,280
5e3914df9e4c7,n,nt,73,346,474,419,401
5e3914df9e4c7,t,tt,55,50280,50408,50335,50353
5e3914df9e4c7,t,th,73,284,420,357,347
5e3914df9e4c7,h,ho,63,214,331,277,268
5e3914df9e4c7,o,ot,54,264,403,318,349
5e3914df9e4c7,t,ts,85,231,387,316,302
5e3914df9e4c7,s,sa,71,161,306,232,235
5e3914df9e4c7,a,ap,74,329,487,403,413
5e3914df9e4c7,p,ph,84,281,455,365,371
5e3914df9e4c7,h,hn,90,478,620,568,530
5e3914df9e4c7,n,nspace,52,248,369,300,317
5e3914df9e4c7,space,spacec,69,643,771,712,702
5e3914df9e4c7,c,ch,59,268,408,327,349
5e3914df9e4c7,h,hi,81,260,413,341,332
5e3914df9e4c7,i,ir,72,364,505,436,433
5e3914df9e4c7,r,ro,69,763,906,832,837
5e3914df9e4c7,o,oj,74,1058,1191,1132,1117
5e3914df9e4c7,j,jc,59,321,441,380,382
5e3914df9e4c7,c,ch,61,198,309,259,248
5e3914df9e4c7,h,ha,50,318,466,368,416
5e3914df9e4c7,a,at,98,344,521,442,423
5e3914df9e4c7,t,tu,79,304,458,383,379
5e3914df9e4c7,u,ur,75,262,410,337,335
5e3914df9e4c7,r,ro,73,304,458,377,385
5e3914df9e4c7,o,on,81,226,361,307,280
5e3914df9e4c7,n,nt,54,343,457,397,403
5e3914df9e4c7,t,tt,60,36624,36744,36684,36684
5e3914df9e4c7,t,th,60,401,526,461,466
5e3914df9e4c7,h,ho,65,210,344,275,279
5e3914df9e4c7,o,ot,69,267,406,336,337
5e3914df9e4c7,t,ts,70,244,385,314,315
5e3914df9e4c7,s,sa,71,161,288,232,217
5e3914df9e4c7,a,ah,56,817,925,873,869
5e3914df9e4c7,h,hp,52,1045,1166,1097,1114
5e3914df9e4c7,p,ph,69,280,440,349,371
5e3914df9e4c7,h,ho,91,176,352,267,261
5e3914df9e4c7,o,on,85,227,386,312,301
5e3914df9e4c7,n,nspace,74,315,459,389,385
5e3914df9e4c7,space,spacec,70,850,990,920,920
5e3914df9e4c7,c,ch,70,208,349,278,279
5e3914df9e4c7,h,hi,71,198,321,269,250
5e3914df9e4c7,i,ir,52,462,586,514,534
5e3914df9e4c7,r,ro,72,296,459,368,387
5e3914df9e4c7,o,oj,91,259,420,350,329
5e3914df9e4c7,j,jc,70,379,505,449,435
5e3914df9e4c7,c,ch,56,294,421,350,365
5e3914df9e4c7,h,ha,71,379,523,450,452
5e3914df9e4c7,a,at,73,309,455,382,382
5e3914df9e4c7,t,tu,73,279,425,352,352
5e3914df9e4c7,u,ur,73,275,421,348,348
5e3914df9e4c7,r,rn,73,617,771,690,698
5e3914df9e4c7,n,nt,81,321,469,402,388
5e3914df9e4c7,t,tn,67,-298167,-298020,-298100,-298087
5e39158464625,n,nu,80,174,301,254,221
5e39158464625,u,ut,47,273,394,320,347
5e39158464625,t,tt,74,58,224,132,150
5e39158464625,t,th,92,682,860,774,768
5e39158464625,h,hp,86,612,804,698,718
5e39158464625,p,ph,106,204,355,310,249
5e39158464625,h,ho,45,145,260,190,215
5e39158464625,o,on,70,129,269,199,199
5e39158464625,n,nspace,70,103,237,173,167
5e39158464625,space,spacek,64,136,282,200,218
5e39158464625,k,kh,82,134,279,216,197
5e39158464625,h,he,63,586,685,649,622
5e39158464625,e,es,36,414,485,450,449
5e39158464625,s,so,35,114,234,149,199
5e39158464625,o,om,85,148,302,233,217
5e39158464625,m,mw,69,3149,3285,3218,3216
5e39158464625,w,ws,67,196,334,263,267
5e39158464625,s,so,71,129,287,200,216
5e39158464625,o,om,87,195,373,282,286
5e39158464625,m,mn,91,37217,37390,37308,37299
5e39158464625,n,nu,82,180,316,262,234
5e39158464625,u,ut,54,202,321,256,267
5e39158464625,t,tt,65,84,212,149,147
5e39158464625,t,th,63,124,282,187,219
5e39158464625,h,ha,95,1262,1429,1357,1334
5e39158464625,a,ap,72,166,338,238,266
5e39158464625,p,ph,100,281,454,381,354
5e39158464625,h,ho,73,146,270,219,197
5e39158464625,o,on,51,147,266,198,215
5e39158464625,n,nspace,68,133,251,201,183
5e39158464625,space,spacek,50,157,268,207,218
5e39158464625,k,kh,61,314,431,375,370
5e39158464625,h,he,56,376,521,432,465
5e39158464625,e,es,89,380,522,469,433
5e39158464625,s,so,53,113,235,166,182
5e39158464625,o,om,69,164,320,233,251
5e39158464625,m,mbksp,87,1321,1503,1408,1416
5e39158464625,bksp,bkspbksp,95,70,263,165,168
5e39158464625,bksp,bkspbksp,98,90,265,188,167
5e39158464625,bksp,bkspbksp,77,86,259,163,182
5e39158464625,bksp,bkspbksp,96,79,278,175,182
5e39158464625,bksp,bkspbksp,103,402,620,505,517
5e39158464625,bksp,bkspw,115,1312,1483,1427,1368
5e39158464625,w,ws,56,562,650,618,594
5e39158464625,s,so,32,137,256,169,224
5e39158464625,o,ok,87,144,303,231,216
5e39158464625,k,kbksp,72,4373,4540,4445,4468
5e39158464625,bksp,bkspbksp,95,397,546,492,451
5e39158464625,bksp,bkspm,54,527,669,581,615
5e39158464625,m,mn,88,41980,42108,42068,42020
5e39158464625,n,nu,40,214,290,254,250
5e39158464625,u,ut,36,140,233,176,197
5e39158464625,t,tt,57,267,378,324,321
5e39158464625,t,th,54,102,216,156,162
5e39158464625,h,hh,60,734,894,794,834
5e39158464625,h,hbksp,100,1364,1534,1464,1434
5e39158464625,bksp,bkspp,70,398,556,468,486
5e39158464625,p,pbksp,88,564,769,652,681
5e39158464625,bksp,bkspa,117,191,369,308,252
5e39158464625,a,ap,61,253,428,314,367
5e39158464625,p,ph,114,328,549,442,435
5e39158464625,h,ho,107,160,352,267,245
5e39158464625,o,ospace,85,413,585,498,500
5e39158464625,space,spacebksp,87,1440,1622,1527,1535
5e39158464625,bksp,bkspbksp,95,1798,1993,1893,1898
5e39158464625,bksp,bkspn,100,666,851,766,751
5e39158464625,n,nspace,85,328,490,413,405
5e39158464625,space,spacek,77,324,478,401,401
5e39158464625,k,kh,77,227,356,304,279
5e39158464625,h,he,52,412,570,464,518
5e39158464625,e,es,106,477,652,583,546
5e39158464625,s,so,69,88,255,157,186
5e39158464625,o,om,98,162,329,260,231
5e39158464625,m,mn,69,29758,29907,29827,29838
5e39158464625,n,nu,80,147,296,227,216
5e39158464625,u,ut,69,130,267,199,198
5e39158464625,t,th,68,240,386,308,318
5e39158464625,h,hh,78,2516,2679,2594,2601
5e39158464625,h,hh,85,1349,1553,1434,1468
5e39158464625,h,hbksp,119,896,1120,1015,1001
5e39158464625,bksp,bkspa,105,969,1171,1074,1066
5e39158464625,a,ap,97,595,777,692,680
5e39158464625,p,ph,85,601,755,686,670
5e39158464625,h,ho,69,144,299,213,230
5e39158464625,o,om,86,151,304,237,218
5e39158464625,m,mspace,67,246,384,313,317
5e39158464625,space,spacebksp,71,278,406,349,335
5e39158464625,bksp,bkspbksp,57,72,204,129,147
5e39158464625,bksp,bkspn,75,162,326,237,251
5e39158464625,n,nspace,89,195,357,284,268
5e39158464625,space,spacek,73,447,592,520,519
5e39158464625,k,kh,72,159,283,231,211
5e39158464625,h,he,52,450,569,502,517
5e39158464625,e,es,67,371,501,438,434
5e39158464625,s,so,63,115,231,178,168
5e39158464625,o,ok,53,179,303,232,250
5e39158464625,k,km,71,879,1019,950,948
5e39158464625,m,mbksp,69,862,990,931,921
5e39158464625,bksp,bkspbksp,59,97,256,156,197
5e39158464625,bksp,bkspm,100,463,633,563,533
5e39158464625,m,mn,70,41001,41139,41071,41069
5e39158464625,n,nu,68,183,301,251,233
5e39158464625,u,ut,50,123,218,173,168
5e39158464625,t,ts,45,518,598,563,553
5e39158464625,s,su,35,108,216,143,181
5e39158464625,u,up,73,270,422,343,349
5e39158464625,p,pt,79,1166,1282,1245,1203
5e39158464625,t,to,37,212,317,249,280
5e39158464625,o,ometa1,68,3412,3536,3480,3468
5e39158464625,meta1,meta12,56,396,507,452,451
5e39158464625,2,2@,55,785,920,840,865
5e39158464625,@,@normal,80,216,333,296,253
5e39158464625,normal,normalg,37,609,704,646,667
5e39158464625,g,gm,58,300,407,358,349
5e39158464625,m,mi,49,262,379,311,330
5e39158464625,i,i.,68,376,518,444,450
5e39158464625,.,.c,74,69,225,143,151
5e39158464625,c,co,82,123,299,205,217
5e39158464625,o,om,94,150,296,244,202
5e39158464625,m,ml,52,433,584,485,532
5e39158464625,l,lbksp,99,745,898,844,799
5e39158464625,bksp,bkspbksp,54,129,238,183,184
5e39158464625,bksp,bkspbksp,55,106,238,161,183
5e39158464625,bksp,bkspbksp,77,91,261,168,184
5e39158464625,bksp,bkspbksp,93,90,276,183,183
5e39158464625,bksp,bkspbksp,93,90,259,183,166
5e39158464625,bksp,bkspbksp,76,1017,1174,1093,1098
5e39158464625,bksp,bkspbksp,81,131,285,212,204
5e39158464625,bksp,bkspbksp,73,128,255,201,182
5e39158464625,bksp,bkspbksp,54,282,403,336,349
5e39158464625,bksp,bkspi,67,1097,1252,1164,1185
5e39158464625,i,ic,88,737,887,825,799
5e39158464625,c,cl,62,962,1114,1024,1052
5e39158464625,l,lbksp,90,1010,1192,1100,1102
5e39158464625,bksp,bkspbksp,92,127,306,219,214
5e39158464625,bksp,bkspbksp,87,163,303,250,216
5e39158464625,bksp,bkspi,53,848,1004,901,951
5e39158464625,i,il,103,151,366,254,263
5e39158464625,l,l.,112,551,750,663,638
5e39158464625,.,.c,87,146,302,233,215
5e39158464625,c,co,69,143,300,212,231
5e39158464625,o,on,88,22979,23139,23067,23051
5e39158464625,n,nu,72,181,340,253,268
5e39158464625,u,ut,87,93,254,180,167
5e39158464625,t,ts,74,183,340,257,266
5e39158464625,s,su,83,107,285,190,202
5e39158464625,u,ut,95,132,278,227,183
5e39158464625,t,to,51,133,250,184,199
5e39158464625,o,ometa1,66,864,982,930,916
5e39158464625,meta1,meta12,52,347,471,399,419
5e39158464625,2,2@,72,161,338,233,266
5e39158464625,@,@g,105,763,924,868,819
5e39158464625,g,gm,56,364,504,420,448
5e39158464625,m,mi,84,354,532,438,448
5e39158464625,i,ic,94,1110,1262,1204,1168
5e39158464625,c,co,58,166,309,224,251
5e39158464625,o,obksp,85,967,1154,1052,1069
5e39158464625,bksp,bkspm,102,160,333,262,231
5e39158464625,m,mn,71,23783,23908,23854,23837
5e39158464625,n,nu,54,175,301,229,247
5e39158464625,u,ut,72,419,539,491,467
5e39158464625,t,tt,48,92,214,140,166
5e39158464625,t,th,74,450,591,524,517
5e39158464625,h,ha,67,1532,1656,1599,1589
5e39158464625,a,ap,57,508,687,565,630
5e39158464625,p,ph,122,208,437,330,315
5e39158464625,h,ho,107,148,339,255,232
5e39158464625,o,on,84,142,302,226,218
5e39158464625,n,nspace,76,258,410,334,334
5e39158464625,space,spacek,76,233,408,309,332
5e39158464625,k,kh,99,183,350,282,251
5e39158464625,h,he,68,415,569,483,501
5e39158464625,e,es,86,549,701,635,615
5e39158464625,s,so,66,97,249,163,183
5e39158464625,o,om,86,147,319,233,233
5e39158464625,m,mbksp,86,1495,1657,1581,1571
5e39158464625,bksp,bkspbksp,76,91,290,167,214
5e39158464625,bksp,bkspbksp,123,97,305,220,182
5e39158464625,bksp,bkspbksp,85,133,302,218,217
5e39158464625,bksp,bkspw,84,915,1069,999,985
5e39158464625,w,ws,70,1030,1186,1100,1116
5e39158464625,s,so,86,165,351,251,265
5e39158464625,o,om,100,131,300,231,200
5e39158464625,m,mn,69,29503,29604,29572,29535
5e39158464625,n,nu,32,229,286,261,254
5e39158464625,u,ut,25,262,324,287,299
5e39158464625,t,tt,37,126,202,163,165
5e39158464625,t,th,39,109,221,148,182
5e39158464625,h,hh,73,1196,1340,1269,1267
5e39158464625,h,ho,71,169,322,240,251
5e39158464625,o,on,82,160,333,242,251
5e39158464625,n,nbksp,91,1128,1325,1219,1234
5e39158464625,bksp,bkspbksp,106,135,356,241,250
5e39158464625,bksp,bkspbksp,115,193,382,308,267
5e39158464625,bksp,bkspa,74,378,508,452,434
5e39158464625,a,ap,56,294,489,350,433
5e39158464625,p,ph,139,359,590,498,451
5e39158464625,h,ho,92,177,373,269,281
5e39158464625,o,obksp,104,1227,1438,1331,1334
5e39158464625,bksp,bkspn,107,243,439,350,332
5e39158464625,n,nspace,89,212,373,301,284
5e39158464625,space,spacek,72,308,488,380,416
5e39158464625,k,kh,108,208,391,316,283
5e39158464625,h,he,75,498,643,573,568
5e39158464625,e,ew,70,298,423,368,353
5e39158464625,w,ws,55,308,452,363,397
5e39158464625,s,so,89,110,306,199,217
5e39158464625,o,om,107,144,357,251,250
5e39158464625,m,mn,106,31614,31809,31720,31703
5e39158464625,n,nu,89,192,335,281,246
5e39158464625,u,ut,54,197,304,251,250
5e39158464625,t,tt,53,165,270,218,217
5e39158464625,t,th,52,266,373,318,321
5e39158464625,h,hp,55,350,483,405,428
5e39158464625,p,ph,78,219,379,297,301
5e39158464625,h,ho,82,135,314,217,232
5e39158464625,o,on,97,153,333,250,236
5e39158464625,n,nspace,83,341,490,424,407
5e39158464625,space,spacek,66,242,394,308,328
5e39158464625,k,kh,86,279,435,365,349
5e39158464625,h,he,70,514,671,584,601
5e39158464625,e,ew,87,281,436,368,349
5e39158464625,w,ws,68,232,369,300,301
5e39158464625,s,so,69,131,300,200,231
5e39158464625,o,om,100,195,367,295,267
5e39158464625,m,mn,72,30470,30610,30542,30538
5e39158464625,n,nu,68,197,299,265,231
5e39158464625,u,ut,34,233,352,267,318
5e39158464625,t,tt,85,73,216,158,131
5e39158464625,t,th,58,167,291,225,233
5e39158464625,h,hp,66,835,987,901,921
5e39158464625,p,ph,86,293,469,379,383
5e39158464625,h,ho,90,298,508,388,418
5e39158464625,o,ospace,120,779,985,899,865
5e39158464625,space,spacek,86,314,498,400,412
5e39158464625,k,kh,98,183,349,281,251
5e39158464625,h,he,68,515,673,583,605
5e39158464625,e,ew,90,310,457,400,367
5e39158464625,w,wbksp,57,1762,1905,1819,1848
5e39158464625,bksp,bkspbksp,86,164,333,250,247
5e39158464625,bksp,bkspbksp,83,197,349,280,266
5e39158464625,bksp,bkspa,69,515,656,584,587
5e39158464625,a,ae,72,476,589,548,517
5e39158464625,e,ew,41,327,441,368,400
5e39158464625,w,ws,73,244,386,317,313
5e39158464625,s,si,69,184,319,253,250
5e39158464625,i,in,66,182,317,248,251
5e39158464625,n,nbksp,69,513,656,582,587
5e39158464625,bksp,bkspbksp,74,92,255,166,181
5e39158464625,bksp,bkspo,89,195,374,284,285
5e39158464625,o,obksp,90,1060,1259,1150,1169
5e39158464625,bksp,bkspm,109,224,421,333,312
5e39158464625,m,mj,88,-223739,-223587,-223651,-223675
5e3916401fdc6,j,jshift,64,6964,7117,7028,7053
5e3916401fdc6,shift,shiftmeta1,89,513,692,602,603
5e3916401fdc6,meta1,meta1normal,90,625,806,715,716
5e3916401fdc6,normal,normalshift,91,1308,1450,1399,1359
5e3916401fdc6,shift,shiftshift,51,393,495,444,444
5e3916401fdc6,shift,shifts,51,7888,8050,7939,7999
5e3916401fdc6,s,sa,111,142,378,253,267
5e3916401fdc6,a,ak,125,86,307,211,182
5e3916401fdc6,k,kd,96,177,360,273,264
5e3916401fdc6,d,da,87,94,287,181,200
5e3916401fdc6,a,aspace,106,545,742,651,636
5e3916401fdc6,space,spacel,91,1204,1407,1295,1316
5e3916401fdc6,l,lbksp,112,1509,1732,1621,1620
5e3916401fdc6,bksp,bkspe,111,255,423,366,312
5e3916401fdc6,e,er,57,125,241,182,184
5e3916401fdc6,r,rt,59,145,275,204,216
5e3916401fdc6,t,tl,71,210,372,281,301
5e3916401fdc6,l,ls,91,809,991,900,900
5e3916401fdc6,s,sbksp,91,459,661,550,570
5e3916401fdc6,bksp,bkspd,111,1289,1495,1400,1384
5e3916401fdc6,d,da,95,173,359,268,264
5e3916401fdc6,a,as,91,141,308,232,217
5e3916401fdc6,s,sa,76,108,296,184,220
5e3916401fdc6,a,ak,112,172,372,284,260
5e3916401fdc6,k,ks,88,49407,49574,49495,49486
5e3916401fdc6,s,sa,79,104,302,183,223
5e3916401fdc6,a,ak,119,105,331,224,212
5e3916401fdc6,k,kd,107,128,323,235,216
5e3916401fdc6,d,da,88,126,290,214,202
5e3916401fdc6,a,aspace,76,1325,1460,1401,1384
5e3916401fdc6,space,spacel,59,563,724,622,665
5e3916401fdc6,l,le,102,326,486,428,384
5e3916401fdc6,e,er,58,142,256,200,198
5e3916401fdc6,r,rt,56,144,272,200,216
5e3916401fdc6,t,tl,72,512,644,584,572
5e3916401fdc6,l,la,60,237,357,297,297
5e3916401fdc6,a,ad,60,359,461,419,401
5e3916401fdc6,d,da,42,239,357,281,315
5e3916401fdc6,a,as,76,242,408,318,332
5e3916401fdc6,s,sa,90,145,326,235,236
5e3916401fdc6,a,ak,91,342,508,433,417
5e3916401fdc6,k,kmeta1,75,43396,43524,43471,43449
5e3916401fdc6,meta1,meta1meta2,53,460,576,513,523
5e3916401fdc6,meta2,meta2normal,63,408,544,471,481
5e3916401fdc6,normal,normals,73,1192,1356,1265,1283
5e3916401fdc6,s,sk,91,341,522,432,431
5e3916401fdc6,k,kd,90,160,341,250,251
5e3916401fdc6,d,da,91,128,306,219,215
5e3916401fdc6,a,abksp,87,312,474,399,387
5e3916401fdc6,bksp,bkspbksp,75,108,238,183,163
5e3916401fdc6,bksp,bkspbksp,55,111,209,166,154
5e3916401fdc6,bksp,bkspa,43,1158,1280,1201,1237
5e3916401fdc6,a,ak,79,138,306,217,227
5e3916401fdc6,k,ka,89,368,575,457,486
5e3916401fdc6,a,aspace,118,175,380,293,262
5e3916401fdc6,space,spacebksp,87,245,440,332,353
5e3916401fdc6,bksp,bkspbksp,108,259,440,367,332
5e3916401fdc6,bksp,bkspd,73,743,923,816,850
5e3916401fdc6,d,da,107,127,340,234,233
5e3916401fdc6,a,aspace,106,105,305,211,199
5e3916401fdc6,space,spacel,94,829,1032,923,938
5e3916401fdc6,l,le,109,241,439,350,330
5e3916401fdc6,e,er,89,129,258,218,169
5e3916401fdc6,r,rt,40,51,238,91,198
5e3916401fdc6,t,tt,147,660,899,807,752
5e3916401fdc6,t,tl,92,456,639,548,547
5e3916401fdc6,l,la,91,327,511,418,420
5e3916401fdc6,a,ad,93,225,407,318,314
5e3916401fdc6,d,da,89,125,323,214,234
5e3916401fdc6,a,as,109,691,896,800,787
5e3916401fdc6,s,sa,96,89,308,185,212
5e3916401fdc6,a,ak,123,88,307,211,184
5e3916401fdc6,k,ks,96,32554,32709,32650,32613
5e3916401fdc6,s,sk,59,282,413,341,354
5e3916401fdc6,k,kd,72,107,255,179,183
5e3916401fdc6,d,da,76,88,261,164,185
5e3916401fdc6,a,ak,97,2078,2262,2175,2165
5e3916401fdc6,k,kd,87,146,324,233,237
5e3916401fdc6,d,da,91,102,306,193,215
5e3916401fdc6,a,abksp,113,243,427,356,314
5e3916401fdc6,bksp,bkspbksp,71,79,207,150,136
5e3916401fdc6,bksp,bkspbksp,57,124,225,181,168
5e3916401fdc6,bksp,bkspa,44,508,644,552,600
5e3916401fdc6,a,ak,92,324,491,416,399
5e3916401fdc6,k,kd,75,325,490,400,415
5e3916401fdc6,d,da,90,144,326,234,236
5e3916401fdc6,a,ameta1,92,460,607,552,515
5e3916401fdc6,meta1,meta12,55,479,622,534,567
5e3916401fdc6,2,20,88,294,470,382,382
5e3916401fdc6,0,00,88,110,271,198,183
5e3916401fdc6,0,07,73,197,356,270,283
5e3916401fdc6,7,79,86,113,256,199,170
5e3916401fdc6,9,9@,57,875,1006,932,949
5e3916401fdc6,@,@normal,74,244,391,318,317
5e3916401fdc6,normal,normalg,73,360,539,433,466
5e3916401fdc6,g,gm,106,143,292,249,186
5e3916401fdc6,m,ma,43,206,325,249,282
5e3916401fdc6,a,ai,76,125,274,201,198
5e3916401fdc6,i,il,73,145,276,218,203
5e3916401fdc6,l,l.,58,482,605,540,547
5e3916401fdc6,.,.c,65,428,585,493,520
5e3916401fdc6,c,co,92,107,242,199,150
5e3916401fdc6,o,om,43,83,223,126,180
5e3916401fdc6,m,ms,97,40041,40239,40138,40142
5e3916401fdc6,s,sa,101,110,284,211,183
5e3916401fdc6,a,ak,73,78,240,151,167
5e3916401fdc6,k,ks,89,69,239,158,150
5e3916401fdc6,s,sa,81,104,263,185,182
5e3916401fdc6,a,aspace,78,210,361,288,283
5e3916401fdc6,space,spacebksp,73,2046,2208,2119,2135
5e3916401fdc6,bksp,bkspbksp,89,210,342,299,253
5e3916401fdc6,bksp,bkspk,43,639,774,682,731
5e3916401fdc6,k,kd,92,211,408,303,316
5e3916401fdc6,d,da,105,88,287,193,182
5e3916401fdc6,a,aspace,94,73,278,167,184
5e3916401fdc6,space,spacel,111,495,714,606,603
5e3916401fdc6,l,lr,108,442,639,550,531
5e3916401fdc6,r,rt,89,106,289,195,200
5e3916401fdc6,t,tl,94,145,327,239,233
5e3916401fdc6,l,la,88,111,289,199,201
5e3916401fdc6,a,ad,90,144,340,234,250
5e3916401fdc6,d,ds,106,338,521,444,415
5e3916401fdc6,s,sa,77,87,263,164,186
5e3916401fdc6,a,ak,99,72,246,171,147
5e3916401fdc6,k,ks,75,34468,34649,34543,34574
5e3916401fdc6,s,sa,106,103,303,209,197
5e3916401fdc6,a,ak,94,78,262,172,168
5e3916401fdc6,k,kd,90,51,239,141,149
5e3916401fdc6,d,da,98,102,297,200,199
5e3916401fdc6,a,ameta1,97,446,631,543,534
5e3916401fdc6,meta1,meta12,88,312,473,400,385
5e3916401fdc6,2,20,73,328,440,401,367
5e3916401fdc6,0,00,39,93,204,132,165
5e3916401fdc6,0,07,72,146,305,218,233
5e3916401fdc6,7,79,87,110,269,197,182
5e3916401fdc6,9,9@,72,663,777,735,705
5e3916401fdc6,@,@normal,42,240,356,282,314
5e3916401fdc6,normal,normalg,74,361,507,435,433
5e3916401fdc6,g,gm,72,143,291,215,219
5e3916401fdc6,m,mi,76,393,508,469,432
5e3916401fdc6,i,il,39,128,236,167,197
5e3916401fdc6,l,lbksp,69,2995,3172,3064,3103
5e3916401fdc6,bksp,bkspa,108,609,807,717,699
5e3916401fdc6,a,ai,90,161,359,251,269
5e3916401fdc6,i,il,108,102,271,210,163
5e3916401fdc6,l,l.,61,547,678,608,617
5e3916401fdc6,.,.c,70,445,605,515,535
5e3916401fdc6,c,co,90,124,256,214,166
5e3916401fdc6,o,om,42,143,228,185,186
5e3916401fdc6,m,ms,43,31147,31278,31190,31235
5e3916401fdc6,s,sa,88,84,268,172,180
5e3916401fdc6,a,ak,96,70,280,166,184
5e3916401fdc6,k,kd,114,71,263,185,149
5e3916401fdc6,d,da,78,105,278,183,200
5e3916401fdc6,a,aspace,95,128,311,223,216
5e3916401fdc6,space,spacel,88,430,607,518,519
5e3916401fdc6,l,le,89,207,371,296,282
5e3916401fdc6,e,er,75,119,241,194,166
5e3916401fdc6,r,rt,47,123,231,170,184
5e3916401fdc6,t,tl,61,461,594,522,533
5e3916401fdc6,l,la,72,227,357,299,285
5e3916401fdc6,a,ad,58,243,411,301,353
5e3916401fdc6,d,da,110,139,373,249,263
5e3916401fdc6,a,as,124,145,341,269,217
5e3916401fdc6,s,sa,72,108,271,180,199
5e3916401fdc6,a,ak,91,70,223,161,132
5e3916401fdc6,k,ks,62,27063,27218,27125,27156
5e3916401fdc6,s,sk,93,274,457,367,364
5e3916401fdc6,k,kd,90,70,256,160,166
5e3916401fdc6,d,da,96,94,296,190,200
5e3916401fdc6,a,ak,106,1493,1660,1599,1554
5e3916401fdc6,k,kd,61,357,479,418,418
5e3916401fdc6,d,da,61,139,306,200,245
5e3916401fdc6,a,ameta1,106,645,840,751,734
5e3916401fdc6,meta1,meta1normal,89,1310,1471,1399,1382
5e3916401fdc6,normal,normalspace,72,229,388,301,316
5e3916401fdc6,space,spacel,87,195,355,282,268
5e3916401fdc6,l,le,73,245,392,318,319
5e3916401fdc6,e,er,74,158,289,232,215
5e3916401fdc6,r,rt,57,125,239,182,182
5e3916401fdc6,t,tl,57,460,561,517,504
5e3916401fdc6,l,la,44,192,324,236,280
5e3916401fdc6,a,ad,88,197,356,285,268
5e3916401fdc6,d,da,71,126,292,197,221
5e3916401fdc6,a,as,95,137,275,232,180
5e3916401fdc6,s,sa,43,107,243,150,200
5e3916401fdc6,a,ak,93,67,259,160,166
5e3916401fdc6,k,ks,99,26263,26434,26362,26335
5e3916401fdc6,s,sa,72,111,287,183,215
5e3916401fdc6,a,ak,104,89,287,193,183
5e3916401fdc6,k,kd,94,154,310,248,216
5e3916401fdc6,d,da,62,161,297,223,235
5e3916401fdc6,a,ameta1,74,1095,1243,1169,1169
5e3916401fdc6,meta1,meta12,74,1194,1355,1268,1281
5e3916401fdc6,2,20,87,645,789,732,702
5e3916401fdc6,0,00,57,124,237,181,180
5e3916401fdc6,0,07,56,230,342,286,286
5e3916401fdc6,7,79,56,145,239,201,183
5e3916401fdc6,9,9@,38,493,621,531,583
5e3916401fdc6,@,@bksp,90,1011,1172,1101,1082
5e3916401fdc6,bksp,bkspbksp,71,305,439,376,368
5e3916401fdc6,bksp,bkspbksp,63,74,281,137,218
5e3916401fdc6,bksp,bkspbksp,144,74,274,218,130
5e3916401fdc6,bksp,bkspbksp,56,72,192,128,136
5e3916401fdc6,bksp,bkspbksp,64,342,480,406,416
5e3916401fdc6,bksp,bkspspace,74,245,388,319,314
5e3916401fdc6,space,spacel,69,213,354,282,285
5e3916401fdc6,l,le,72,229,391,301,319
5e3916401fdc6,e,er,90,143,305,233,215
5e3916401fdc6,r,rt,72,106,272,178,200
5e3916401fdc6,t,tl,94,309,511,403,417
5e3916401fdc6,l,la,108,226,406,334,298
5e3916401fdc6,a,ad,72,194,374,266,302
5e3916401fdc6,d,da,108,110,326,218,218
5e3916401fdc6,a,as,108,143,305,251,197
5e3916401fdc6,s,sa,54,91,255,145,201
5e3916401fdc6,a,ak,110,76,276,186,166
5e3916401fdc6,k,ks,90,28030,28193,28120,28103
5e3916401fdc6,s,sa,73,108,288,181,215
5e3916401fdc6,a,ak,107,71,259,178,152
5e3916401fdc6,k,kd,81,109,262,190,181
5e3916401fdc6,d,da,72,95,272,167,200
5e3916401fdc6,a,ameta1,105,878,1040,983,935
5e3916401fdc6,meta1,meta12,57,344,473,401,416
5e3916401fdc6,2,20,72,328,474,400,402
5e3916401fdc6,0,00,74,88,237,162,163
5e3916401fdc6,0,09,75,357,511,432,436
5e3916401fdc6,9,9bksp,79,760,918,839,839
5e3916401fdc6,bksp,bksp7,79,623,806,702,727
5e3916401fdc6,7,79,104,110,286,214,182
5e3916401fdc6,9,9@,72,129,242,201,170
5e3916401fdc6,@,@normal,41,793,906,834,865
5e3916401fdc6,normal,normalg,72,511,656,583,584
5e3916401fdc6,g,gm,73,155,288,228,215
5e3916401fdc6,m,ma,60,143,277,203,217
5e3916401fdc6,a,ai,74,127,273,201,199
5e3916401fdc6,i,il,72,113,272,185,200
5e3916401fdc6,l,l.,87,528,658,615,571
5e3916401fdc6,.,.c,43,459,539,502,496
5e3916401fdc6,c,co,37,162,240,199,203
5e3916401fdc6,o,om,41,103,240,144,199
5e3916401fdc6,m,mmeta1,96,-403790,-403626,-403694,-403722
5e391648ea733,meta1,meta1normal,68,596,721,664,653
5e391648ea733,normal,normaln,57,1224,1341,1281,1284
5e391648ea733,n,na,60,308,428,368,368
5e391648ea733,a,abksp,60,690,840,750,780
5e391648ea733,bksp,bkspbksp,90,88,225,178,135
5e391648ea733,bksp,bkspn,47,1375,1495,1422,1448
5e391648ea733,n,na,73,345,457,418,384
5e391648ea733,a,at,39,429,538,468,499
5e391648ea733,t,tt,70,162,286,232,216
5e391648ea733,t,ta,54,277,390,331,336
5e391648ea733,a,ap,59,443,561,502,502
5e391648ea733,p,pa,59,426,521,485,462
5e391648ea733,a,ar,36,247,338,283,302
5e391648ea733,r,rt,55,126,235,181,180
5e391648ea733,t,tspace,54,696,807,750,753
5e391648ea733,space,spacel,57,730,858,787,801
5e391648ea733,l,li,71,993,1136,1064,1065
5e391648ea733,i,ir,72,413,524,485,452
5e391648ea733,r,rbksp,39,1211,1322,1250,1283
5e391648ea733,bksp,bkspe,72,793,923,865,851
5e391648ea733,e,en,58,1509,1639,1567,1581
5e391648ea733,n,ng,72,447,576,519,504
5e391648ea733,g,gp,57,957,1086,1014,1029
5e391648ea733,p,ph,72,2559,2675,2631,2603
5e391648ea733,h,hr,44,774,907,818,863
5e391648ea733,r,ra,89,347,507,436,418
5e391648ea733,a,ap,71,943,1088,1014,1017
5e391648ea733,p,ph,74,714,856,788,782
5e391648ea733,h,ha,68,426,551,494,483
5e391648ea733,a,ai,57,1147,1275,1204,1218
5e391648ea733,i,ip,71,312,423,383,352
5e391648ea733,p,pu,40,678,773,718,733
5e391648ea733,u,un,55,358,472,413,417
5e391648ea733,n,nn,59,35713,35864,35772,35805
5e391648ea733,n,na,92,456,608,548,516
5e391648ea733,a,at,60,477,606,537,546
5e391648ea733,t,tt,69,1112,1241,1181,1172
5e391648ea733,t,ta,60,172,325,232,265
5e391648ea733,a,aa,93,988,1139,1081,1046
5e391648ea733,a,ar,58,312,424,370,366
5e391648ea733,r,rt,54,163,270,217,216
5e391648ea733,t,tspace,53,1280,1406,1333,1353
5e391648ea733,space,spacel,73,613,756,686,683
5e391648ea733,l,li,70,1029,1206,1099,1136
5e391648ea733,i,ie,107,363,535,470,428
5e391648ea733,e,en,65,555,672,620,607
5e391648ea733,n,ng,52,295,412,347,360
5e391648ea733,g,gp,65,405,567,470,502
5e391648ea733,p,ph,97,278,464,375,367
5e391648ea733,h,hr,89,543,722,632,633
5e391648ea733,r,rp,90,860,1023,950,933
5e391648ea733,p,ph,73,395,594,468,521
5e391648ea733,h,ha,126,324,571,450,445
5e391648ea733,a,ai,121,479,690,600,569
5e391648ea733,i,ip,90,278,440,368,350
5e391648ea733,p,pu,72,325,472,397,400
5e391648ea733,u,un,75,310,423,385,348
5e391648ea733,n,nn,38,33287,33395,33325,33357
5e391648ea733,n,nt,70,908,1035,978,965
5e391648ea733,t,tt,57,209,320,266,263
5e391648ea733,t,ta,54,697,809,751,755
5e391648ea733,a,ap,58,1641,1759,1699,1701
5e391648ea733,p,pa,60,640,757,700,697
5e391648ea733,a,ar,57,362,477,419,420
5e391648ea733,r,rt,58,241,354,299,296
5e391648ea733,t,tspace,55,810,923,865,868
5e391648ea733,space,spacel,58,592,723,650,665
5e391648ea733,l,li,73,345,456,418,383
5e391648ea733,i,ie,38,667,771,705,733
5e391648ea733,e,en,66,460,599,526,533
5e391648ea733,n,ng,73,357,476,430,403
5e391648ea733,g,gp,46,1710,1816,1756,1770
5e391648ea733,p,ph,60,492,606,552,546
5e391648ea733,h,hr,54,440,567,494,513
5e391648ea733,r,ra,73,213,357,286,284
5e391648ea733,a,ap,71,430,573,501,502
5e391648ea733,p,ph,72,405,540,477,468
5e391648ea733,h,ha,63,478,616,541,553
5e391648ea733,a,ai,75,789,921,864,846
5e391648ea733,i,ip,57,760,909,817,852
5e391648ea733,p,pu,92,473,640,565,548
5e391648ea733,u,un,75,643,777,718,702
5e391648ea733,n,nn,59,35601,35724,35660,35665
5e391648ea733,n,na,64,391,501,455,437
5e391648ea733,a,at,46,359,444,405,398
5e391648ea733,t,tt,39,111,204,150,165
5e391648ea733,t,ta,54,213,321,267,267
5e391648ea733,a,ap,54,415,526,469,472
5e391648ea733,p,pa,57,392,508,449,451
5e391648ea733,a,ar,59,288,404,347,345
5e391648ea733,r,rt,57,128,239,185,182
5e391648ea733,t,tspace,54,265,387,319,333
5e391648ea733,space,spacel,68,1082,1222,1150,1154
5e391648ea733,l,li,72,279,405,351,333
5e391648ea733,i,ie,54,345,454,399,400
5e391648ea733,e,en,55,608,704,663,649
5e391648ea733,n,ng,41,360,458,401,417
5e391648ea733,g,gp,57,610,739,667,682
5e391648ea733,p,ph,72,311,455,383,383
5e391648ea733,h,hr,72,428,557,500,485
5e391648ea733,r,ra,57,174,305,231,248
5e391648ea733,a,ah,74,819,941,893,867
5e391648ea733,h,ha,48,295,433,343,385
5e391648ea733,a,ai,90,442,574,532,484
5e391648ea733,i,iu,42,877,974,919,932
5e391648ea733,u,un,55,293,405,348,350
5e391648ea733,n,nn,57,36315,36428,36372,36371
5e391648ea733,n,na,56,1376,1489,1432,1433
5e391648ea733,a,at,57,342,456,399,399
5e391648ea733,t,tt,57,111,221,168,164
5e391648ea733,t,ta,53,379,489,432,436
5e391648ea733,a,aa,57,860,990,917,933
5e391648ea733,a,ar,73,296,405,369,332
5e391648ea733,r,rt,36,159,238,195,202
5e391648ea733,t,tspace,43,344,443,387,400
5e391648ea733,space,spacel,56,562,676,618,620
5e391648ea733,l,li,58,292,407,350,349
5e391648ea733,i,ie,57,307,435,364,378
5e391648ea733,e,en,71,479,623,550,552
5e391648ea733,n,ng,73,227,371,300,298
5e391648ea733,g,gp,71,379,525,450,454
5e391648ea733,p,ph,75,361,525,436,450
5e391648ea733,h,hr,89,443,620,532,531
5e391648ea733,r,ra,88,262,425,350,337
5e391648ea733,a,ap,75,425,591,500,516
5e391648ea733,p,ph,91,309,487,400,396
5e391648ea733,h,hi,87,1027,1189,1114,1102
5e391648ea733,i,ip,75,529,675,604,600
5e391648ea733,p,pu,71,394,571,465,500
5e391648ea733,u,un,106,261,439,367,333
5e391648ea733,n,nn,72,41385,41491,41457,41419
5e391648ea733,n,na,34,372,456,406,422
5e391648ea733,a,at,50,621,728,671,678
5e391648ea733,t,tt,57,110,207,167,150
5e391648ea733,t,ta,40,730,822,770,782
5e391648ea733,a,ar,52,1229,1315,1281,1263
5e391648ea733,r,rt,34,234,306,268,272
5e391648ea733,t,ta,38,3205,3337,3243,3299
5e391648ea733,a,ar,94,325,479,419,385
5e391648ea733,r,rt,60,228,357,288,297
5e391648ea733,t,tspace,69,482,589,551,520
5e391648ea733,space,spacel,38,1125,1222,1163,1184
5e391648ea733,l,le,59,1092,1211,1151,1152
5e391648ea733,e,ea,60,306,408,366,348
5e391648ea733,a,an,42,1494,1609,1536,1567
5e391648ea733,n,ng,73,310,454,383,381
5e391648ea733,g,gp,71,2498,2628,2569,2557
5e391648ea733,p,ph,59,958,1054,1017,995
5e391648ea733,h,hr,37,805,903,842,866
5e391648ea733,r,ra,61,201,324,262,263
5e391648ea733,a,ap,62,393,499,455,437
5e391648ea733,p,ph,44,335,458,379,414
5e391648ea733,h,ha,79,337,497,416,418
5e391648ea733,a,ai,81,835,999,916,918
5e391648ea733,i,ip,83,858,1000,941,917
5e391648ea733,p,pu,59,294,412,353,353
5e391648ea733,u,un,59,191,303,250,244
5e391648ea733,n,nn,53,32436,32543,32489,32490
5e391648ea733,n,na,54,395,507,449,453
5e391648ea733,a,at,58,356,471,414,413
5e391648ea733,t,tt,57,124,238,181,181
5e391648ea733,t,ta,57,247,363,304,306
5e391648ea733,a,ap,59,393,523,452,464
5e391648ea733,p,pa,71,377,520,448,449
5e391648ea733,a,ar,72,279,422,351,350
5e391648ea733,r,rt,71,195,288,266,217
5e391648ea733,t,tspace,22,326,405,348,383
5e391648ea733,space,spacel,57,1479,1622,1536,1565
5e391648ea733,l,li,86,346,505,432,419
5e391648ea733,i,ir,73,308,438,381,365
5e391648ea733,r,re,57,1044,1172,1101,1115
5e391648ea733,e,ebksp,71,3379,3507,3450,3436
5e391648ea733,bksp,bkspbksp,57,499,590,556,533
5e391648ea733,bksp,bkspbksp,34,363,435,397,401
5e391648ea733,bksp,bkspe,38,927,1024,965,986
5e391648ea733,e,en,59,654,819,713,760
5e391648ea733,n,ng,106,245,459,351,353
5e391648ea733,g,gp,108,546,724,654,616
5e391648ea733,p,ph,70,348,504,418,434
5e391648ea733,h,hr,86,413,538,499,452
5e391648ea733,r,ra,39,294,389,333,350
5e391648ea733,a,ap,56,444,536,500,480
5e391648ea733,p,ph,36,295,404,331,368
5e391648ea733,h,ha,73,396,504,469,431
5e391648ea733,a,ai,35,396,504,431,469
5e391648ea733,i,ip,73,178,291,251,218
5e391648ea733,p,pu,40,360,457,400,417
5e391648ea733,u,un,57,236,372,293,315
5e391648ea733,n,nn,79,33148,33297,33227,33218
5e391648ea733,n,na,70,362,490,432,420
5e391648ea733,a,at,58,360,488,418,430
5e391648ea733,t,tt,70,91,219,161,149
5e391648ea733,t,ta,58,430,523,488,465
5e391648ea733,a,ap,35,566,641,601,606
5e391648ea733,p,pa,40,459,572,499,532
5e391648ea733,a,ar,73,345,454,418,381
5e391648ea733,r,rt,36,128,236,164,200
5e391648ea733,t,tspace,72,425,556,497,484
5e391648ea733,space,spacel,59,744,860,803,801
5e391648ea733,l,li,57,333,470,390,413
5e391648ea733,i,ie,80,422,565,502,485
5e391648ea733,e,en,63,510,618,573,555
5e391648ea733,n,ng,45,322,442,367,397
5e391648ea733,g,gp,75,343,493,418,418
5e391648ea733,p,pr,75,1057,1207,1132,1132
5e391648ea733,r,ra,75,211,356,286,281
5e391648ea733,a,ap,70,430,559,500,489
5e391648ea733,p,ph,59,373,505,432,446
5e391648ea733,h,ha,73,1026,1173,1099,1100
5e391648ea733,a,ai,74,714,829,788,755
5e391648ea733,i,ip,41,309,422,350,381
5e391648ea733,p,pu,72,328,487,400,415
5e391648ea733,u,un,87,576,705,663,618
5e391648ea733,n,nn,42,33961,34060,34003,34018
5e391648ea733,n,na,57,528,641,585,584
5e391648ea733,a,at,56,477,570,533,514
5e391648ea733,t,tt,37,147,222,184,185
5e391648ea733,t,ta,38,345,438,383,400
5e391648ea733,a,ap,55,746,840,801,785
5e391648ea733,p,pa,39,527,625,566,586
5e391648ea733,a,ar,59,306,419,365,360
5e391648ea733,r,rt,54,171,286,225,232
5e391648ea733,t,tspace,61,383,482,444,421
5e391648ea733,space,spacel,38,543,622,581,584
5e391648ea733,l,li,41,277,354,318,313
5e391648ea733,i,ie,36,364,455,400,419
5e391648ea733,e,en,55,444,588,499,533
5e391648ea733,n,ng,89,262,424,351,335
5e391648ea733,g,gh,73,727,886,800,813
5e391648ea733,h,hr,86,346,488,432,402
5e391648ea733,r,ra,56,261,407,317,351
5e391648ea733,a,ah,90,874,1039,964,949
5e391648ea733,h,ha,75,361,496,436,421
5e391648ea733,a,ai,60,523,657,583,597
5e391648ea733,i,ip,74,293,440,367,366
5e391648ea733,p,pu,73,228,373,301,300
5e391648ea733,u,un,72,196,337,268,265
5e391648ea733,n,nn,69,33951,34088,34020,34019
5e391648ea733,n,na,68,431,569,499,501
5e391648ea733,a,at,70,413,520,483,450
5e391648ea733,t,tt,37,129,203,166,166
5e391648ea733,t,ta,37,377,487,414,450
5e391648ea733,a,aa,73,1395,1526,1468,1453
5e391648ea733,a,ar,58,444,539,502,481
5e391648ea733,r,rt,37,183,251,220,214
5e391648ea733,t,tspace,31,473,567,504,536
5e391648ea733,space,spacel,63,568,697,631,634
5e391648ea733,l,li,66,397,532,463,466
5e391648ea733,i,ie,69,1163,1302,1232,1233
5e391648ea733,e,en,70,729,889,799,819
5e391648ea733,n,ng,90,260,405,350,315
5e391648ea733,g,gp,55,313,439,368,384
5e391648ea733,p,ph,71,361,521,432,450
5e391648ea733,h,hr,89,478,642,567,553
5e391648ea733,r,ra,75,239,371,314,296
5e391648ea733,a,ap,57,594,741,651,684
5e391648ea733,p,ph,90,328,477,418,387
5e391648ea733,h,ha,59,508,627,567,568
5e391648ea733,a,ai,60,505,622,565,562
5e391648ea733,i,ip,57,180,290,237,233
5e391648ea733,p,pi,53,295,459,348,406
5e391648ea733,i,ibksp,111,454,659,565,548
5e391648ea733,bksp,bkspu,94,356,540,450,446
5e391648ea733,u,un,90,310,458,400,368
5e391648ea733,n,nn,58,-375945,-375836,-375887,-375894
5e3916ad65d61,n,nc,51,203,331,254,280
5e3916ad65d61,c,ch,77,129,261,206,184
5e3916ad65d61,h,ha,55,1214,1324,1269,1269
5e3916ad65d61,a,ap,55,584,720,639,665
5e3916ad65d61,p,ph,81,148,282,229,201
5e3916ad65d61,h,ho,53,129,234,182,181
5e3916ad65d61,o,od,52,198,303,250,251
5e3916ad65d61,d,dspace,53,1128,1238,1181,1185
5e3916ad65d61,space,spacei,57,481,591,538,534
5e3916ad65d61,i,in,53,128,233,181,180
5e3916ad65d61,n,nt,52,217,338,269,286
5e3916ad65d61,t,tr,69,211,351,280,282
5e3916ad65d61,r,rs,71,1481,1640,1552,1569
5e3916ad65d61,s,so,88,92,237,180,149
5e3916ad65d61,o,om,57,148,257,205,200
5e3916ad65d61,m,mb,52,139,251,191,199
5e3916ad65d61,b,bu,60,132,244,192,184
5e3916ad65d61,u,ut,52,129,219,181,167
5e3916ad65d61,t,tbksp,38,8562,8689,8600,8651
5e3916ad65d61,bksp,bkspbksp,89,2850,3020,2939,2931
5e3916ad65d61,bksp,bkspa,81,341,467,422,386
5e3916ad65d61,a,ar,45,363,462,408,417
5e3916ad65d61,r,ra,54,170,285,224,231
5e3916ad65d61,a,as,61,246,397,307,336
5e3916ad65d61,s,so,90,142,271,232,181
5e3916ad65d61,o,om,39,157,257,196,218
5e3916ad65d61,m,mb,61,193,326,254,265
5e3916ad65d61,b,bu,72,146,256,218,184
5e3916ad65d61,u,ut,38,282,375,320,337
5e3916ad65d61,t,tn,55,56096,56191,56151,56136
5e3916ad65d61,n,nc,40,429,537,469,497
5e3916ad65d61,c,ch,68,163,286,231,218
5e3916ad65d61,h,hp,55,383,488,438,433
5e3916ad65d61,p,ph,50,269,383,319,333
5e3916ad65d61,h,ho,64,190,299,254,235
5e3916ad65d61,o,od,45,180,261,225,216
5e3916ad65d61,d,dspace,36,406,501,442,465
5e3916ad65d61,space,spacebksp,59,678,781,737,722
5e3916ad65d61,bksp,bkspbksp,44,69,140,113,96
5e3916ad65d61,bksp,bkspbksp,27,68,143,95,116
5e3916ad65d61,bksp,bkspbksp,48,54,147,102,99
5e3916ad65d61,bksp,bkspbksp,45,86,163,131,118
5e3916ad65d61,bksp,bkspbksp,32,68,163,100,131
5e3916ad65d61,bksp,bkspbksp,63,54,181,117,118
5e3916ad65d61,bksp,bkspbksp,64,54,180,118,116
5e3916ad65d61,bksp,bkspbksp,62,55,181,117,119
5e3916ad65d61,bksp,bkspa,64,677,814,741,750
5e3916ad65d61,a,ac,73,960,1107,1033,1034
5e3916ad65d61,c,ch,74,112,272,186,198
5e3916ad65d61,h,ha,86,1132,1273,1218,1187
5e3916ad65d61,a,ap,55,509,637,564,582
5e3916ad65d61,p,ph,73,145,270,218,197
5e3916ad65d61,h,ho,52,91,203,143,151
5e3916ad65d61,o,od,60,147,261,207,201
5e3916ad65d61,d,dspace,54,327,455,381,401
5e3916ad65d61,space,spacei,74,477,626,551,552
5e3916ad65d61,i,in,75,174,304,249,229
5e3916ad65d61,n,nt,55,232,354,287,299
5e3916ad65d61,t,tr,67,415,535,482,468
5e3916ad65d61,r,ra,53,146,287,199,234
5e3916ad65d61,a,as,88,213,356,301,268
5e3916ad65d61,s,so,55,194,304,249,249
5e3916ad65d61,o,om,55,211,320,266,265
5e3916ad65d61,m,mb,54,213,321,267,267
5e3916ad65d61,b,bu,54,196,289,250,235
5e3916ad65d61,u,ut,39,197,289,236,250
5e3916ad65d61,t,tbksp,53,1611,1735,1664,1682
5e3916ad65d61,bksp,bkspbksp,71,24,171,95,100
5e3916ad65d61,bksp,bkspbksp,76,54,193,130,117
5e3916ad65d61,bksp,bkspbksp,63,54,165,117,102
5e3916ad65d61,bksp,bkspbksp,48,68,179,116,131
5e3916ad65d61,bksp,bkspbksp,63,54,148,117,85
5e3916ad65d61,bksp,bkspbksp,31,102,155,133,124
5e3916ad65d61,bksp,bkspbksp,22,95,139,117,117
5e3916ad65d61,bksp,bkspbksp,22,59,146,81,124
5e3916ad65d61,bksp,bkspbksp,65,828,952,893,887
5e3916ad65d61,bksp,bkspa,59,123,274,182,215
5e3916ad65d61,a,ar,92,576,742,668,650
5e3916ad65d61,r,ra,74,227,391,301,317
5e3916ad65d61,a,as,90,177,322,267,232
5e3916ad65d61,s,so,55,489,607,544,552
5e3916ad65d61,o,om,63,166,310,229,247
5e3916ad65d61,m,mb,81,215,349,296,268
5e3916ad65d61,b,bu,53,143,270,196,217
5e3916ad65d61,u,ut,74,126,256,200,182
5e3916ad65d61,t,tn,56,45384,45509,45440,45453
5e3916ad65d61,n,nc,69,567,704,636,635
5e3916ad65d61,c,ch,68,194,334,262,266
5e3916ad65d61,h,hp,72,428,572,500,500
5e3916ad65d61,p,ph,72,227,339,299,267
5e3916ad65d61,h,ho,40,179,290,219,250
5e3916ad65d61,o,od,71,198,321,269,250
5e3916ad65d61,d,dspace,52,929,1053,981,1001
5e3916ad65d61,space,spacei,72,261,406,333,334
5e3916ad65d61,i,in,73,218,370,291,297
5e3916ad65d61,n,nt,79,415,548,494,469
5e3916ad65d61,t,tr,54,778,887,832,833
5e3916ad65d61,r,ra,55,277,390,332,335
5e3916ad65d61,a,as,58,1360,1473,1418,1415
5e3916ad65d61,s,so,55,195,304,250,249
5e3916ad65d61,o,om,54,196,320,250,266
5e3916ad65d61,m,mb,70,180,337,250,267
5e3916ad65d61,b,bu,87,295,455,382,368
5e3916ad65d61,u,ut,73,177,305,250,232
5e3916ad65d61,t,tn,55,38138,38232,38193,38177
5e3916ad65d61,n,nc,39,242,351,281,312
5e3916ad65d61,c,ch,70,91,221,161,151
5e3916ad65d61,h,hp,60,291,412,351,352
5e3916ad65d61,p,ph,61,160,276,221,215
5e3916ad65d61,h,ho,55,113,238,168,183
5e3916ad65d61,o,od,70,130,228,200,158
5e3916ad65d61,d,dbksp,28,663,721,691,693
5e3916ad65d61,bksp,bkspbksp,30,70,146,100,116
5e3916ad65d61,bksp,bkspbksp,46,72,196,118,150
5e3916ad65d61,bksp,bkspbksp,78,36,177,114,99
5e3916ad65d61,bksp,bkspbksp,63,36,182,99,119
5e3916ad65d61,bksp,bkspbksp,83,51,199,134,116
5e3916ad65d61,bksp,bkspbksp,65,186,299,251,234
5e3916ad65d61,bksp,bkspbksp,48,161,280,209,232
5e3916ad65d61,bksp,bkspa,71,481,607,552,536
5e3916ad65d61,a,ac,55,917,1068,972,1013
5e3916ad65d61,c,ch,96,143,314,239,218
5e3916ad65d61,h,hp,75,464,610,539,535
5e3916ad65d61,p,ph,71,210,355,281,284
5e3916ad65d61,h,ho,74,50,205,124,131
5e3916ad65d61,o,od,81,142,299,223,218
5e3916ad65d61,d,dspace,76,2327,2463,2403,2387
5e3916ad65d61,space,spacei,60,273,424,333,364
5e3916ad65d61,i,in,91,177,340,268,249
5e3916ad65d61,n,nt,72,296,442,368,370
5e3916ad65d61,t,ta,74,276,392,350,318
5e3916ad65d61,a,ar,42,372,489,414,447
5e3916ad65d61,r,ra,75,211,374,286,299
5e3916ad65d61,a,as,88,281,440,369,352
5e3916ad65d61,s,so,71,181,336,252,265
5e3916ad65d61,o,om,84,202,367,286,283
5e3916ad65d61,m,mb,81,813,966,894,885
5e3916ad65d61,b,bu,72,141,269,213,197
5e3916ad65d61,u,ut,56,280,376,336,320
5e3916ad65d61,t,te,40,32083,32192,32123,32152
5e3916ad65d61,e,ebksp,69,885,1007,954,938
5e3916ad65d61,bksp,bkspn,53,373,500,426,447
5e3916ad65d61,n,nc,74,345,473,419,399
5e3916ad65d61,c,ch,54,145,269,199,215
5e3916ad65d61,h,hbksp,70,1148,1289,1218,1219
5e3916ad65d61,bksp,bkspa,71,386,536,457,465
5e3916ad65d61,a,ac,79,528,664,607,585
5e3916ad65d61,c,ch,57,210,320,267,263
5e3916ad65d61,h,ha,53,146,240,199,187
5e3916ad65d61,a,ap,41,493,608,534,567
5e3916ad65d61,p,ph,74,213,323,287,249
5e3916ad65d61,h,ho,36,164,284,200,248
5e3916ad65d61,o,od,84,148,300,232,216
5e3916ad65d61,d,dmeta1,68,313,454,381,386
5e3916ad65d61,meta1,meta1@,73,315,441,388,368
5e3916ad65d61,@,@normal,53,195,301,248,248
5e3916ad65d61,normal,normalbksp,53,1361,1506,1414,1453
5e3916ad65d61,bksp,bkspspace,92,394,577,486,485
5e3916ad65d61,space,spaces,91,810,955,901,864
5e3916ad65d61,s,sbksp,54,559,670,613,616
5e3916ad65d61,bksp,bkspi,57,280,426,337,369
5e3916ad65d61,i,in,89,206,369,295,280
5e3916ad65d61,n,nt,74,281,409,355,335
5e3916ad65d61,t,ta,54,1060,1170,1114,1116
5e3916ad65d61,a,ar,56,394,507,450,451
5e3916ad65d61,r,ra,57,229,338,286,281
5e3916ad65d61,a,as,52,279,389,331,337
5e3916ad65d61,s,so,58,593,738,651,680
5e3916ad65d61,o,om,87,169,321,256,234
5e3916ad65d61,m,mb,65,203,329,268,264
5e3916ad65d61,b,bu,61,158,248,219,187
5e3916ad65d61,u,ut,29,209,277,238,248
5e3916ad65d61,t,tn,39,32663,32795,32702,32756
5e3916ad65d61,n,na,93,126,306,219,213
5e3916ad65d61,a,ac,87,162,305,249,218
5e3916ad65d61,c,ch,56,144,270,200,214
5e3916ad65d61,h,hp,70,380,538,450,468
5e3916ad65d61,p,ph,88,155,302,243,214
5e3916ad65d61,h,ho,59,105,264,164,205
5e3916ad65d61,o,od,100,462,633,562,533
5e3916ad65d61,d,dspace,71,210,337,281,266
5e3916ad65d61,space,spacei,56,231,340,287,284
5e3916ad65d61,i,in,53,121,251,174,198
5e3916ad65d61,n,nt,77,213,344,290,267
5e3916ad65d61,t,ta,54,138,254,192,200
5e3916ad65d61,a,ar,62,121,263,183,201
5e3916ad65d61,r,ra,80,162,314,242,234
5e3916ad65d61,a,as,72,679,822,751,750
5e3916ad65d61,s,so,71,139,287,210,216
5e3916ad65d61,o,om,77,123,259,200,182
5e3916ad65d61,m,mb,59,149,260,208,201
5e3916ad65d61,b,bu,52,129,251,181,199
5e3916ad65d61,u,ut,70,199,321,269,251
5e3916ad65d61,t,tn,52,31981,32105,32033,32053
5e3916ad65d61,n,na,72,159,322,231,250
5e3916ad65d61,a,ac,91,184,339,275,248
5e3916ad65d61,c,ch,64,151,282,215,218
5e3916ad65d61,h,hp,67,393,517,460,450
5e3916ad65d61,p,ph,57,247,359,304,302
5e3916ad65d61,h,ho,55,135,252,190,197
5e3916ad65d61,o,od,62,182,329,244,267
5e3916ad65d61,d,dspace,85,384,516,469,431
5e3916ad65d61,space,spacei,47,492,600,539,553
5e3916ad65d61,i,in,61,193,310,254,249
5e3916ad65d61,n,na,56,1199,1326,1255,1270
5e3916ad65d61,a,ar,71,343,469,414,398
5e3916ad65d61,r,ra,55,200,354,255,299
5e3916ad65d61,a,as,99,186,350,285,251
5e3916ad65d61,s,so,65,227,365,292,300
5e3916ad65d61,o,om,73,180,321,253,248
5e3916ad65d61,m,mb,68,232,372,300,304
5e3916ad65d61,b,bu,72,125,286,197,214
5e3916ad65d61,u,ut,89,166,322,255,233
5e3916ad65d61,t,tn,67,31320,31444,31387,31377
5e3916ad65d61,n,na,57,138,249,195,192
5e3916ad65d61,a,ac,54,160,305,214,251
5e3916ad65d61,c,ch,91,109,273,200,182
5e3916ad65d61,h,ha,73,698,825,771,752
5e3916ad65d61,a,ap,54,523,651,577,597
5e3916ad65d61,p,ph,74,183,292,257,218
5e3916ad65d61,h,ho,35,199,269,234,234
5e3916ad65d61,o,od,35,126,233,161,198
5e3916ad65d61,d,dspace,72,408,541,480,469
5e3916ad65d61,space,spacei,61,232,360,293,299
5e3916ad65d61,i,in,67,146,267,213,200
5e3916ad65d61,n,nt,54,228,342,282,288
5e3916ad65d61,t,tr,60,336,439,396,379
5e3916ad65d61,r,ra,43,103,211,146,168
5e3916ad65d61,a,as,65,175,313,240,248
5e3916ad65d61,s,so,73,163,308,236,235
5e3916ad65d61,o,om,72,196,321,268,249
5e3916ad65d61,m,mb,53,211,319,264,266
5e3916ad65d61,b,bu,55,163,258,218,203
5e3916ad65d61,u,ut,40,123,205,163,165
5e3916ad65d61,t,tbksp,42,1769,1842,1811,1800
5e3916ad65d61,bksp,bkspbksp,31,69,146,100,115
5e3916ad65d61,bksp,bkspbksp,46,71,149,117,103
5e3916ad65d61,bksp,bkspbksp,32,85,147,117,115
5e3916ad65d61,bksp,bkspbksp,30,70,161,100,131
5e3916ad65d61,bksp,bkspbksp,61,72,179,133,118
5e3916ad65d61,bksp,bkspbksp,46,71,179,117,133
5e3916ad65d61,bksp,bkspa,62,588,729,650,667
5e3916ad65d61,a,ar,79,545,681,624,602
5e3916ad65d61,r,ra,57,161,289,218,232
5e3916ad65d61,a,as,71,330,438,401,367
5e3916ad65d61,s,so,37,162,254,199,217
5e3916ad65d61,o,om,55,163,271,218,216
5e3916ad65d61,m,mb,53,161,286,214,233
5e3916ad65d61,b,bu,72,165,289,237,217
5e3916ad65d61,u,ut,52,129,234,181,182
5e3916ad65d61,t,tn,53,27818,27924,27871,27871
5e3916ad65d61,n,na,53,70,184,123,131
5e3916ad65d61,a,ac,61,125,230,186,169
5e3916ad65d61,c,ch,44,123,210,167,166
5e3916ad65d61,h,hp,43,332,410,375,367
5e3916ad65d61,p,pbksp,35,462,553,497,518
5e3916ad65d61,bksp,bkspa,56,176,287,232,231
5e3916ad65d61,a,ap,55,433,557,488,502
5e3916ad65d61,p,ph,69,105,218,174,149
5e3916ad65d61,h,ho,44,145,259,189,215
5e3916ad65d61,o,od,70,129,272,199,202
5e3916ad65d61,d,dspace,73,477,624,550,551
5e3916ad65d61,space,spacei,74,245,389,319,315
5e3916ad65d61,i,in,70,129,271,199,201
5e3916ad65d61,n,nt,72,240,371,312,299
5e3916ad65d61,t,ta,59,196,327,255,268
5e3916ad65d61,a,ar,72,211,338,283,266
5e3916ad65d61,r,ra,55,89,205,144,150
5e3916ad65d61,a,as,61,228,360,289,299
5e3916ad65d61,s,so,71,1045,1175,1116,1104
5e3916ad65d61,o,om,59,143,271,202,212
5e3916ad65d61,m,mb,69,213,308,282,239
5e3916ad65d61,b,bu,26,260,341,286,315
5e3916ad65d61,u,ut,55,126,218,181,163
5e3916ad65d61,t,tn,37,27416,27523,27453,27486
5e3916ad65d61,n,nc,70,311,437,381,367
5e3916ad65d61,c,ch,56,140,240,196,184
5e3916ad65d61,h,hbksp,44,546,629,590,585
5e3916ad65d61,bksp,bkspbksp,39,54,122,93,83
5e3916ad65d61,bksp,bkspbksp,29,84,142,113,113
5e3916ad65d61,bksp,bkspbksp,29,329,400,358,371
5e3916ad65d61,bksp,bkspa,42,163,256,205,214
5e3916ad65d61,a,ac,51,531,636,582,585
5e3916ad65d61,c,ch,54,195,302,249,248
5e3916ad65d61,h,ha,53,70,167,123,114
5e3916ad65d61,a,ap,44,414,499,458,455
5e3916ad65d61,p,ph,41,160,240,201,199
5e3916ad65d61,h,ho,39,149,217,188,178
5e3916ad65d61,o,od,29,110,216,139,187
5e3916ad65d61,d,dspace,77,346,478,423,401
5e3916ad65d61,space,spacei,55,263,356,318,301
5e3916ad65d61,i,in,38,143,253,181,215
5e3916ad65d61,n,nt,72,197,321,269,249
5e3916ad65d61,t,ta,52,137,270,189,218
5e3916ad65d61,a,ar,81,90,231,171,150
5e3916ad65d61,r,rs,60,498,610,558,550
5e3916ad65d61,s,so,52,179,284,231,232
5e3916ad65d61,o,om,53,166,255,219,202
5e3916ad65d61,m,mb,36,157,285,193,249
5e3916ad65d61,b,bu,92,147,275,239,183
5e3916ad65d61,u,ut,36,145,236,181,200
5e3916ad65d61,t,tc,55,-255701,-255575,-255646,-255630
5e391760f3a2f,c,ch,71,1480,1620,1551,1549
5e391760f3a2f,h,ha,69,1730,1885,1799,1816
5e391760f3a2f,a,an,86,951,1099,1037,1013
5e391760f3a2f,n,na,62,170,315,232,253
5e391760f3a2f,a,ap,83,877,1017,960,934
5e391760f3a2f,p,pa,57,1664,1777,1721,1720
5e391760f3a2f,a,aspace,56,944,1071,1000,1015
5e391760f3a2f,space,spacet,71,715,822,786,751
5e391760f3a2f,t,tm,36,1092,1200,1128,1164
5e391760f3a2f,m,mbksp,72,1428,1610,1500,1538
5e391760f3a2f,bksp,bkspbksp,110,493,657,603,547
5e391760f3a2f,bksp,bkspa,54,728,890,782,836
5e391760f3a2f,a,am,108,575,775,683,667
5e391760f3a2f,m,mj,92,1307,1509,1399,1417
5e391760f3a2f,j,ji,110,241,438,351,328
5e391760f3a2f,i,it,87,731,925,818,838
5e391760f3a2f,t,tj,107,661,869,768,762
5e391760f3a2f,j,ja,101,199,403,300,302
5e391760f3a2f,a,ar,103,1611,1788,1714,1685
5e391760f3a2f,r,ro,74,294,441,368,367
5e391760f3a2f,o,on,73,313,471,386,398
5e391760f3a2f,n,ne,85,129,283,214,198
5e391760f3a2f,e,ec,69,36049,36223,36118,36154
5e391760f3a2f,c,ch,105,1210,1417,1315,1312
5e391760f3a2f,h,ha,102,871,1057,973,955
5e391760f3a2f,a,an,84,298,449,382,365
5e391760f3a2f,n,na,67,72,202,139,135
5e391760f3a2f,a,ap,63,343,481,406,418
5e391760f3a2f,p,pa,75,36,193,111,118
5e391760f3a2f,a,aspace,82,781,930,863,848
5e391760f3a2f,space,spacet,67,1239,1383,1306,1316
5e391760f3a2f,t,ta,77,379,533,456,456
5e391760f3a2f,a,am,77,924,1058,1001,981
5e391760f3a2f,m,mj,57,1106,1250,1163,1193
5e391760f3a2f,j,ji,87,137,320,224,233
5e391760f3a2f,i,it,96,313,517,409,421
5e391760f3a2f,t,tj,108,776,989,884,881
5e391760f3a2f,j,ja,105,146,339,251,234
5e391760f3a2f,a,ar,88,1963,2156,2051,2068
5e391760f3a2f,r,ro,105,112,305,217,200
5e391760f3a2f,o,oe,88,530,688,618,600
5e391760f3a2f,e,en,70,748,887,818,817
5e391760f3a2f,n,nc,69,46385,46553,46454,46484
5e391760f3a2f,c,ch,99,150,332,249,233
5e391760f3a2f,h,hn,83,498,650,581,567
5e391760f3a2f,n,nbksp,69,718,871,787,802
5e391760f3a2f,bksp,bkspn,84,910,1085,994,1001
5e391760f3a2f,n,nbksp,91,1599,1758,1690,1667
5e391760f3a2f,bksp,bkspbksp,68,238,400,306,332
5e391760f3a2f,bksp,bkspbksp,94,346,498,440,404
5e391760f3a2f,bksp,bkspa,58,513,675,571,617
5e391760f3a2f,a,an,104,626,857,730,753
5e391760f3a2f,n,np,127,487,703,614,576
5e391760f3a2f,p,pa,89,1084,1286,1173,1197
5e391760f3a2f,a,aspace,113,291,483,404,370
5e391760f3a2f,space,spacet,79,846,994,925,915
5e391760f3a2f,t,tm,69,575,718,644,649
5e391760f3a2f,m,mbksp,74,1247,1411,1321,1337
5e391760f3a2f,bksp,bkspa,90,480,673,570,583
5e391760f3a2f,a,am,103,228,400,331,297
5e391760f3a2f,m,mj,69,964,1108,1033,1039
5e391760f3a2f,j,ji,75,110,270,185,195
5e391760f3a2f,i,it,85,747,917,832,832
5e391760f3a2f,t,tj,85,233,370,318,285
5e391760f3a2f,j,ja,52,979,1107,1031,1055
5e391760f3a2f,a,ao,76,1018,1242,1094,1166
5e391760f3a2f,o,obksp,148,1245,1460,1393,1312
5e391760f3a2f,bksp,bkspr,67,1750,1919,1817,1852
5e391760f3a2f,r,ro,102,127,300,229,198
5e391760f3a2f,o,oe,71,947,1106,1018,1035
5e391760f3a2f,e,en,88,57,203,145,115
5e391760f3a2f,n,nc,58,34069,34227,34127,34169
5e391760f3a2f,c,ch,100,211,399,311,299
5e391760f3a2f,h,hn,88,470,609,558,521
5e391760f3a2f,n,np,51,247,364,298,313
5e391760f3a2f,p,pa,66,3006,3150,3072,3084
5e391760f3a2f,a,an,78,1098,1247,1176,1169
5e391760f3a2f,n,na,71,70,237,141,166
5e391760f3a2f,a,ap,96,483,684,579,588
5e391760f3a2f,p,pa,105,17,216,122,111
5e391760f3a2f,a,aspace,94,778,946,872,852
5e391760f3a2f,space,spacet,74,795,974,869,900
5e391760f3a2f,t,ta,105,1145,1372,1250,1267
5e391760f3a2f,a,am,122,997,1222,1119,1100
5e391760f3a2f,m,mj,103,1764,1982,1867,1879
5e391760f3a2f,j,ji,115,136,299,251,184
5e391760f3a2f,i,it,48,709,833,757,785
5e391760f3a2f,t,tj,76,848,1010,924,934
5e391760f3a2f,j,ja,86,296,486,382,400
5e391760f3a2f,a,ar,104,1029,1237,1133,1133
5e391760f3a2f,r,ro,104,91,322,195,218
5e391760f3a2f,o,oe,127,1264,1492,1391,1365
5e391760f3a2f,e,en,101,97,268,198,167
5e391760f3a2f,n,nc,70,39068,39196,39138,39126
5e391760f3a2f,c,ch,58,227,336,285,278
5e391760f3a2f,h,ha,51,87,231,138,180
5e391760f3a2f,a,an,93,1029,1183,1122,1090
5e391760f3a2f,n,np,61,337,489,398,428
5e391760f3a2f,p,pa,91,511,663,602,572
5e391760f3a2f,a,abksp,61,1523,1642,1584,1581
5e391760f3a2f,bksp,bkspbksp,58,1459,1590,1517,1532
5e391760f3a2f,bksp,bkspspace,73,1618,1739,1691,1666
5e391760f3a2f,space,spacet,48,3748,3863,3796,3815
5e391760f3a2f,t,ta,67,719,892,786,825
5e391760f3a2f,a,am,106,90,248,196,142
5e391760f3a2f,m,mj,52,585,692,637,640
5e391760f3a2f,j,ji,55,144,267,199,212
5e391760f3a2f,i,it,68,782,935,850,867
5e391760f3a2f,t,tj,85,221,365,306,280
5e391760f3a2f,j,jr,59,995,1128,1054,1069
5e391760f3a2f,r,ro,74,230,373,304,299
5e391760f3a2f,o,oe,69,452,601,521,532
5e391760f3a2f,e,en,80,121,265,201,185
5e391760f3a2f,n,nc,64,32791,32923,32855,32859
5e391760f3a2f,c,ch,68,248,369,316,301
5e391760f3a2f,h,ha,53,73,171,126,118
5e391760f3a2f,a,an,45,593,730,638,685
5e391760f3a2f,n,np,92,262,437,354,345
5e391760f3a2f,p,pbksp,83,450,621,533,538
5e391760f3a2f,bksp,bkspp,88,962,1136,1050,1048
5e391760f3a2f,p,pa,86,55,214,141,128
5e391760f3a2f,a,aspace,73,467,611,540,538
5e391760f3a2f,space,spacet,71,363,505,434,434
5e391760f3a2f,t,tm,71,470,621,541,550
5e391760f3a2f,m,ml,80,565,749,645,669
5e391760f3a2f,l,la,104,103,283,207,179
5e391760f3a2f,a,abksp,76,722,878,798,802
5e391760f3a2f,bksp,bkspbksp,80,262,412,342,332
5e391760f3a2f,bksp,bkspbksp,70,332,471,402,401
5e391760f3a2f,bksp,bkspa,69,530,670,599,601
5e391760f3a2f,a,am,71,460,587,531,516
5e391760f3a2f,m,mj,56,957,1120,1013,1064
5e391760f3a2f,j,ji,107,150,324,257,217
5e391760f3a2f,i,it,67,750,939,817,872
5e391760f3a2f,t,tj,122,160,334,282,212
5e391760f3a2f,j,ja,52,98,220,150,168
5e391760f3a2f,a,ar,70,950,1104,1020,1034
5e391760f3a2f,r,ro,84,128,317,212,233
5e391760f3a2f,o,oe,105,463,670,568,565
5e391760f3a2f,e,en,102,149,338,251,236
5e391760f3a2f,n,nc,87,33633,33822,33720,33735
5e391760f3a2f,c,ch,102,104,285,206,183
5e391760f3a2f,h,ha,79,1296,1447,1375,1368
5e391760f3a2f,a,an,72,579,692,651,620
5e391760f3a2f,n,np,41,653,751,694,710
5e391760f3a2f,p,pa,57,529,662,586,605
5e391760f3a2f,a,aspace,76,362,522,438,446
5e391760f3a2f,space,spacet,84,349,503,433,419
5e391760f3a2f,t,tm,70,440,569,510,499
5e391760f3a2f,m,mbksp,59,448,592,507,533
5e391760f3a2f,bksp,bkspa,85,164,319,249,234
5e391760f3a2f,a,am,70,207,371,277,301
5e391760f3a2f,m,mj,94,661,843,755,749
5e391760f3a2f,j,ji,88,113,271,201,183
5e391760f3a2f,i,it,70,279,471,349,401
5e391760f3a2f,t,tj,122,590,788,712,666
5e391760f3a2f,j,jr,76,1323,1506,1399,1430
5e391760f3a2f,r,ro,107,88,306,195,199
5e391760f3a2f,o,oe,111,621,799,732,688
5e391760f3a2f,e,en,67,99,246,166,179
5e391760f3a2f,n,nc,80,31201,31353,31281,31273
5e391760f3a2f,c,ch,72,282,423,354,351
5e391760f3a2f,h,hn,69,1632,1784,1701,1715
5e391760f3a2f,n,na,83,126,297,209,214
5e391760f3a2f,a,ap,88,136,321,224,233
5e391760f3a2f,p,pt,97,1029,1219,1126,1122
5e391760f3a2f,t,tbksp,93,466,642,559,549
5e391760f3a2f,bksp,bkspspace,83,198,365,281,282
5e391760f3a2f,space,spacet,84,797,955,881,871
5e391760f3a2f,t,tm,74,399,554,473,480
5e391760f3a2f,m,mbksp,81,1014,1166,1095,1085
5e391760f3a2f,bksp,bkspbksp,71,528,687,599,616
5e391760f3a2f,bksp,bkspa,88,237,356,325,268
5e391760f3a2f,a,am,31,495,597,526,566
5e391760f3a2f,m,mj,71,830,988,901,917
5e391760f3a2f,j,ji,87,144,284,231,197
5e391760f3a2f,i,it,53,279,422,332,369
5e391760f3a2f,t,tj,90,214,356,304,266
5e391760f3a2f,j,ja,52,943,1053,995,1001
5e391760f3a2f,a,ar,58,1179,1308,1237,1250
5e391760f3a2f,r,ro,71,98,253,169,182
5e391760f3a2f,o,oe,84,1212,1386,1296,1302
5e391760f3a2f,e,en,90,247,404,337,314
5e391760f3a2f,n,nc,67,35315,35439,35382,35372
5e391760f3a2f,c,ch,57,247,370,304,313
5e391760f3a2f,h,hn,66,227,382,293,316
5e391760f3a2f,n,na,89,1200,1342,1289,1253
5e391760f3a2f,a,an,53,365,486,418,433
5e391760f3a2f,n,nbksp,68,965,1101,1033,1033
5e391760f3a2f,bksp,bkspa,68,332,433,400,365
5e391760f3a2f,a,aa,33,666,735,699,702
5e391760f3a2f,a,ap,36,846,951,882,915
5e391760f3a2f,p,pa,69,180,319,249,250
5e391760f3a2f,a,aspace,70,582,707,652,637
5e391760f3a2f,space,spacet,55,335,469,390,414
5e391760f3a2f,t,tm,79,781,929,860,850
5e391760f3a2f,m,mj,69,299,421,368,352
5e391760f3a2f,j,ji,53,106,250,159,197
5e391760f3a2f,i,it,91,230,426,321,335
5e391760f3a2f,t,tj,105,96,254,201,149
5e391760f3a2f,j,jbksp,53,2363,2473,2416,2420
5e391760f3a2f,bksp,bkspbksp,57,254,386,311,329
5e391760f3a2f,bksp,bkspbksp,75,477,627,552,552
5e391760f3a2f,bksp,bkspbksp,75,345,492,420,417
5e391760f3a2f,bksp,bkspm,72,1010,1155,1082,1083
5e391760f3a2f,m,mj,73,746,907,819,834
5e391760f3a2f,j,ji,88,130,319,218,231
5e391760f3a2f,i,it,101,217,387,318,286
5e391760f3a2f,t,tj,69,194,316,263,247
5e391760f3a2f,j,ja,53,1285,1405,1338,1352
5e391760f3a2f,a,ar,67,965,1134,1032,1067
5e391760f3a2f,r,ro,102,166,386,268,284
5e391760f3a2f,o,oe,118,344,536,462,418
5e391760f3a2f,e,en,74,195,337,269,263
5e391760f3a2f,n,nc,68,29434,29587,29502,29519
5e391760f3a2f,c,ch,85,182,384,267,299
5e391760f3a2f,h,ha,117,1035,1219,1152,1102
5e391760f3a2f,a,an,67,664,786,731,719
5e391760f3a2f,n,na,55,1071,1188,1126,1133
5e391760f3a2f,a,aa,62,724,859,786,797
5e391760f3a2f,a,aspace,73,434,591,507,518
5e391760f3a2f,space,spacet,84,236,416,320,332
5e391760f3a2f,t,tm,96,746,913,842,817
5e391760f3a2f,m,mj,71,316,455,387,384
5e391760f3a2f,j,ji,68,95,233,163,165
5e391760f3a2f,i,ia,70,2835,2989,2905,2919
5e391760f3a2f,a,am,84,1561,1736,1645,1652
5e391760f3a2f,m,mj,91,364,560,455,469
5e391760f3a2f,j,ji,105,126,315,231,210
5e391760f3a2f,i,it,84,667,836,751,752
5e391760f3a2f,t,tj,85,195,320,280,235
5e391760f3a2f,j,ja,40,1898,2026,1938,1986
5e391760f3a2f,a,ao,88,1244,1432,1332,1344
5e391760f3a2f,o,or,100,231,384,331,284
5e391760f3a2f,r,rr,53,897,1020,950,967
5e391760f3a2f,r,ro,70,316,440,386,370
5e391760f3a2f,o,oe,54,861,1037,915,983
5e391760f3a2f,e,en,122,157,352,279,230
5e391760f3a2f,n,na,73,-396593,-396474,-396520,-396547
5e3917b6b269d,a,ak,46,499,589,545,543
5e3917b6b269d,k,kd,44,1008,1104,1052,1060
5e3917b6b269d,d,de,52,172,266,224,214
5e3917b6b269d,e,ee,42,125,197,167,155
5e3917b6b269d,e,espace,30,543,618,573,588
5e3917b6b269d,space,spaceh,45,524,635,569,590
5e3917b6b269d,h,hn,66,354,468,420,402
5e3917b6b269d,n,no,48,543,618,591,570
5e3917b6b269d,o,oo,27,82,154,109,127
5e3917b6b269d,o,on,45,233,314,278,269
5e3917b6b269d,n,np,36,928,1022,964,986
5e3917b6b269d,p,pa,58,459,574,517,516
5e3917b6b269d,a,ak,57,378,477,435,420
5e3917b6b269d,k,kd,42,361,457,403,415
5e3917b6b269d,d,de,54,140,250,194,196
5e3917b6b269d,e,ee,56,91,189,147,133
5e3917b6b269d,e,ep,42,53935,54024,53977,53982
5e3917b6b269d,p,pa,47,398,520,445,473
5e3917b6b269d,a,ak,75,325,459,400,384
5e3917b6b269d,k,kd,59,611,716,670,657
5e3917b6b269d,d,de,46,185,285,231,239
5e3917b6b269d,e,ee,54,105,205,159,151
5e3917b6b269d,e,espace,46,752,859,798,813
5e3917b6b269d,space,spaceh,61,271,381,332,320
5e3917b6b269d,h,hn,49,308,401,357,352
5e3917b6b269d,n,no,44,311,412,355,368
5e3917b6b269d,o,oo,57,70,188,127,131
5e3917b6b269d,o,on,61,181,311,242,250
5e3917b6b269d,n,np,69,797,922,866,853
5e3917b6b269d,p,pa,56,376,475,432,419
5e3917b6b269d,a,ak,43,363,452,406,409
5e3917b6b269d,k,kd,46,323,432,369,386
5e3917b6b269d,d,de,63,159,280,222,217
5e3917b6b269d,e,ee,58,91,190,149,132
5e3917b6b269d,e,ep,41,41354,41448,41395,41407
5e3917b6b269d,p,pa,53,409,504,462,451
5e3917b6b269d,a,ak,42,396,485,438,443
5e3917b6b269d,k,kd,47,304,433,351,386
5e3917b6b269d,d,de,82,131,266,213,184
5e3917b6b269d,e,ee,53,83,217,136,164
5e3917b6b269d,e,espace,81,1111,1237,1192,1156
5e3917b6b269d,space,spaceh,45,361,459,406,414
5e3917b6b269d,h,hn,53,305,404,358,351
5e3917b6b269d,n,no,46,278,380,324,334
5e3917b6b269d,o,oo,56,65,184,121,128
5e3917b6b269d,o,on,63,187,282,250,219
5e3917b6b269d,n,np,32,616,686,648,654
5e3917b6b269d,p,pa,38,412,503,450,465
5e3917b6b269d,a,ak,53,377,470,430,417
5e3917b6b269d,k,kd,40,359,441,399,401
5e3917b6b269d,d,de,42,179,274,221,232
5e3917b6b269d,e,ee,53,109,200,162,147
5e3917b6b269d,e,ep,38,44436,44513,44474,44475
5e3917b6b269d,p,pa,39,407,503,446,464
5e3917b6b269d,a,ak,57,380,478,437,421
5e3917b6b269d,k,kd,41,353,468,394,427
5e3917b6b269d,d,de,74,150,259,224,185
5e3917b6b269d,e,ee,35,85,182,120,147
5e3917b6b269d,e,espace,62,1000,1117,1062,1055
5e3917b6b269d,space,spaceh,55,476,587,531,532
5e3917b6b269d,h,hn,56,323,437,379,381
5e3917b6b269d,n,no,58,283,397,341,339
5e3917b6b269d,o,oo,56,105,200,161,144
5e3917b6b269d,o,on,39,211,310,250,271
5e3917b6b269d,n,np,60,759,861,819,801
5e3917b6b269d,p,pa,42,439,525,481,483
5e3917b6b269d,a,ak,44,427,526,471,482
5e3917b6b269d,k,kd,55,374,487,429,432
5e3917b6b269d,d,de,58,181,291,239,233
5e3917b6b269d,e,ee,52,108,187,160,135
5e3917b6b269d,e,ep,27,46838,46931,46865,46904
5e3917b6b269d,p,pa,66,578,724,644,658
5e3917b6b269d,a,ak,80,461,582,541,502
5e3917b6b269d,k,ke,41,540,638,581,597
5e3917b6b269d,e,ee,57,107,222,164,165
5e3917b6b269d,e,ebksp,58,767,926,825,868
5e3917b6b269d,bksp,bkspbksp,101,136,297,237,196
5e3917b6b269d,bksp,bkspbksp,60,282,387,342,327
5e3917b6b269d,bksp,bkspd,45,457,557,502,512
5e3917b6b269d,d,de,55,165,267,220,212
5e3917b6b269d,e,ee,47,103,198,150,151
5e3917b6b269d,e,espace,48,552,640,600,592
5e3917b6b269d,space,spaceh,40,290,400,330,360
5e3917b6b269d,h,hn,70,279,389,349,319
5e3917b6b269d,n,no,40,329,423,369,383
5e3917b6b269d,o,oo,54,89,202,143,148
5e3917b6b269d,o,on,59,230,326,289,267
5e3917b6b269d,n,na,37,1095,1189,1132,1152
5e3917b6b269d,a,ak,57,492,592,549,535
5e3917b6b269d,k,kd,43,414,507,457,464
5e3917b6b269d,d,de,50,192,284,242,234
5e3917b6b269d,e,ee,42,88,188,130,146
5e3917b6b269d,e,ep,58,37181,37289,37239,37231
5e3917b6b269d,p,pa,50,400,526,450,476
5e3917b6b269d,a,ak,76,379,496,455,420
5e3917b6b269d,k,kd,41,309,405,350,364
5e3917b6b269d,d,de,55,120,252,175,197
5e3917b6b269d,e,ee,77,89,209,166,132
5e3917b6b269d,e,espace,43,718,814,761,771
5e3917b6b269d,space,spaceh,53,406,502,459,449
5e3917b6b269d,h,hn,43,317,405,360,362
5e3917b6b269d,n,no,45,306,414,351,369
5e3917b6b269d,o,oo,63,95,199,158,136
5e3917b6b269d,o,on,41,463,558,504,517
5e3917b6b269d,n,np,54,273,386,327,332
5e3917b6b269d,p,pa,59,395,497,454,438
5e3917b6b269d,a,ak,43,382,471,425,428
5e3917b6b269d,k,kd,46,329,432,375,386
5e3917b6b269d,d,de,57,196,303,253,246
5e3917b6b269d,e,ee,50,70,166,120,116
5e3917b6b269d,e,ea,46,43472,43569,43518,43523
5e3917b6b269d,a,ak,51,362,469,413,418
5e3917b6b269d,k,kd,56,280,405,336,349
5e3917b6b269d,d,de,69,183,282,252,213
5e3917b6b269d,e,ee,30,73,147,103,117
5e3917b6b269d,e,espace,44,551,638,595,594
5e3917b6b269d,space,spaceh,43,1019,1120,1062,1077
5e3917b6b269d,h,hn,58,693,791,751,733
5e3917b6b269d,n,no,40,278,374,318,334
5e3917b6b269d,o,oo,56,85,201,141,145
5e3917b6b269d,o,on,60,529,628,589,568
5e3917b6b269d,n,np,39,762,858,801,819
5e3917b6b269d,p,pa,57,431,530,488,473
5e3917b6b269d,a,al,42,352,454,394,412
5e3917b6b269d,l,ld,60,357,475,417,415
5e3917b6b269d,d,de,58,180,290,238,232
5e3917b6b269d,e,ee,52,88,184,140,132
5e3917b6b269d,e,ebksp,44,669,765,713,721
5e3917b6b269d,bksp,bkspbksp,52,106,200,158,148
5e3917b6b269d,bksp,bkspbksp,42,106,208,148,166
5e3917b6b269d,bksp,bkspbksp,60,112,211,172,151
5e3917b6b269d,bksp,bkspk,39,480,559,519,520
5e3917b6b269d,k,kd,40,710,804,750,764
5e3917b6b269d,d,de,54,176,269,230,215
5e3917b6b269d,e,ee,39,102,188,141,149
5e3917b6b269d,e,ep,47,58104,58204,58151,58157
5e3917b6b269d,p,pa,53,382,487,435,434
5e3917b6b269d,a,ak,52,547,652,599,600
5e3917b6b269d,k,kd,53,323,435,376,382
5e3917b6b269d,d,de,59,138,271,197,212
5e3917b6b269d,e,ee,74,57,190,131,116
5e3917b6b269d,e,espace,59,778,897,837,838
5e3917b6b269d,space,spaceh,60,628,746,688,686
5e3917b6b269d,h,hn,58,379,482,437,424
5e3917b6b269d,n,no,45,552,667,597,622
5e3917b6b269d,o,oo,70,109,235,179,165
5e3917b6b269d,o,on,56,194,322,250,266
5e3917b6b269d,n,np,72,786,922,858,850
5e3917b6b269d,p,pa,64,380,501,444,437
5e3917b6b269d,a,ak,57,371,488,428,431
5e3917b6b269d,k,kd,60,1694,1829,1754,1769
5e3917b6b269d,d,de,75,122,272,197,197
5e3917b6b269d,e,ee,75,89,210,164,135
5e3917b6b269d,e,ep,46,38136,38245,38182,38199
5e3917b6b269d,p,pa,63,452,568,515,505
5e3917b6b269d,a,ak,53,428,536,481,483
5e3917b6b269d,k,kd,55,327,436,382,381
5e3917b6b269d,d,de,54,234,341,288,287
5e3917b6b269d,e,ee,53,108,190,161,137
5e3917b6b269d,e,espace,29,808,881,837,852
5e3917b6b269d,space,spaceh,44,258,369,302,325
5e3917b6b269d,h,hn,67,296,419,363,352
5e3917b6b269d,n,no,56,220,336,276,280
5e3917b6b269d,o,oo,60,73,193,133,133
5e3917b6b269d,o,on,60,179,295,239,235
5e3917b6b269d,n,na,56,880,992,936,936
5e3917b6b269d,a,ak,56,314,410,370,354
5e3917b6b269d,k,kd,40,323,434,363,394
5e3917b6b269d,d,de,71,148,271,219,200
5e3917b6b269d,e,ee,52,70,168,122,116
5e3917b6b269d,e,ep,46,36021,36132,36067,36086
5e3917b6b269d,p,pa,65,477,616,542,551
5e3917b6b269d,a,ak,74,344,506,418,432
5e3917b6b269d,k,kd,88,332,490,420,402
5e3917b6b269d,d,de,70,161,284,231,214
5e3917b6b269d,e,ee,53,71,187,124,134
5e3917b6b269d,e,espace,63,644,766,707,703
5e3917b6b269d,space,spaceh,59,262,361,321,302
5e3917b6b269d,h,hn,40,308,388,348,348
5e3917b6b269d,n,no,40,228,320,268,280
5e3917b6b269d,o,oo,52,89,202,141,150
5e3917b6b269d,o,on,61,152,261,213,200
5e3917b6b269d,n,na,48,932,1034,980,986
5e3917b6b269d,a,ak,54,345,456,399,402
5e3917b6b269d,k,kd,57,292,408,349,351
5e3917b6b269d,d,de,59,160,271,219,212
5e3917b6b269d,e,ee,52,72,158,124,106
5e3917b6b269d,e,en,34,-361948,-361844,-361914,-361878
5e3918222d011,n,na,70,895,1039,965,969
5e3918222d011,a,ashift,74,958,1105,1032,1031
5e3918222d011,shift,shiftbksp,73,680,825,753,752
5e3918222d011,bksp,bkspbksp,72,85,236,157,164
5e3918222d011,bksp,bkspshift,79,479,614,558,535
5e3918222d011,shift,shiftshift,56,475,592,531,536
5e3918222d011,shift,shiftN,61,490,608,551,547
5e3918222d011,N,Nshift,57,968,1092,1025,1035
5e3918222d011,shift,shifta,67,236,367,303,300
5e3918222d011,a,ar,64,308,429,372,365
5e3918222d011,r,ru,57,361,478,418,421
5e3918222d011,u,ue,60,690,810,750,750
5e3918222d011,e,es,60,190,305,250,245
5e3918222d011,s,so,55,313,456,368,401
5e3918222d011,o,obksp,88,1008,1204,1096,1116
5e3918222d011,bksp,bkspbksp,108,70,291,178,183
5e3918222d011,bksp,bkspbksp,113,75,338,188,225
5e3918222d011,bksp,bkspbksp,150,236,415,386,265
5e3918222d011,bksp,bkspbksp,29,79,229,108,200
5e3918222d011,bksp,bkspbksp,121,30,339,151,218
5e3918222d011,bksp,bkspbksp,188,170,382,358,194
5e3918222d011,bksp,bkspn,24,924,1007,948,983
5e3918222d011,n,na,59,341,491,400,432
5e3918222d011,a,ar,91,278,442,369,351
5e3918222d011,r,ru,73,693,825,766,752
5e3918222d011,u,ue,59,307,439,366,380
5e3918222d011,e,es,73,127,255,200,182
5e3918222d011,s,so,55,662,790,717,735
5e3918222d011,o,or,73,378,508,451,435
5e3918222d011,r,rn,57,310,427,367,370
5e3918222d011,n,nspace,60,3873,4007,3933,3947
5e3918222d011,space,spacespace,74,2320,2473,2394,2399
5e3918222d011,space,spaceshift,79,644,781,723,702
5e3918222d011,shift,shiftshift,58,742,858,800,800
5e3918222d011,shift,shifta,58,207,322,265,264
5e3918222d011,a,ar,57,693,808,750,751
5e3918222d011,r,ri,58,347,456,405,398
5e3918222d011,i,iy,51,303,435,354,384
5e3918222d011,y,ya,81,427,567,508,486
5e3918222d011,a,as,59,242,342,301,283
5e3918222d011,s,sk,41,377,494,418,453
5e3918222d011,k,ku,76,156,322,232,246
5e3918222d011,u,ul,90,546,693,636,603
5e3918222d011,l,lv,57,508,625,565,568
5e3918222d011,v,vo,60,257,389,317,329
5e3918222d011,o,on,72,210,356,282,284
5e3918222d011,n,ng,74,278,379,352,305
5e3918222d011,g,gn,27,47874,47958,47901,47931
5e3918222d011,n,na,57,678,794,735,737
5e3918222d011,a,ar,59,523,643,582,584
5e3918222d011,r,ru,61,634,756,695,695
5e3918222d011,u,ue,61,362,495,423,434
5e3918222d011,e,es,72,161,287,233,215
5e3918222d011,s,so,54,613,739,667,685
5e3918222d011,o,or,72,391,523,463,451
5e3918222d011,r,rspace,60,1277,1396,1337,1336
5e3918222d011,space,spacea,59,740,890,799,831
5e3918222d011,a,abksp,91,1011,1173,1102,1082
5e3918222d011,bksp,bkspr,71,577,707,648,636
5e3918222d011,r,ry,59,447,590,506,531
5e3918222d011,y,yi,84,861,1004,945,920
5e3918222d011,i,iy,59,490,627,549,568
5e3918222d011,y,ya,78,354,507,432,429
5e3918222d011,a,as,75,243,375,318,300
5e3918222d011,s,sk,57,394,528,451,471
5e3918222d011,k,ku,77,186,337,263,260
5e3918222d011,u,ul,74,213,357,287,283
5e3918222d011,l,lv,70,445,572,515,502
5e3918222d011,v,vo,57,192,322,249,265
5e3918222d011,o,on,73,176,325,249,252
5e3918222d011,n,ng,76,244,392,320,316
5e3918222d011,g,gn,72,56651,56773,56723,56701
5e3918222d011,n,na,50,9346,9454,9396,9404
5e3918222d011,a,ar,58,642,735,700,677
5e3918222d011,r,ru,35,546,615,581,580
5e3918222d011,u,ue,34,1135,1242,1169,1208
5e3918222d011,e,es,73,426,561,499,488
5e3918222d011,s,so,62,4074,4177,4136,4115
5e3918222d011,o,or,41,473,558,514,517
5e3918222d011,r,rn,44,356,477,400,433
5e3918222d011,n,nspace,77,140,289,217,212
5e3918222d011,space,spacea,72,475,592,547,520
5e3918222d011,a,ar,45,286,392,331,347
5e3918222d011,r,ri,61,364,496,425,435
5e3918222d011,i,iy,71,543,670,614,599
5e3918222d011,y,ya,56,240,394,296,338
5e3918222d011,a,as,98,136,280,234,182
5e3918222d011,s,sk,46,355,492,401,446
5e3918222d011,k,ku,91,145,310,236,219
5e3918222d011,u,ul,74,194,324,268,250
5e3918222d011,l,lv,56,626,742,682,686
5e3918222d011,v,vo,60,171,307,231,247
5e3918222d011,o,on,76,224,376,300,300
5e3918222d011,n,ng,76,256,377,332,301
5e3918222d011,g,gn,45,35297,35381,35342,35336
5e3918222d011,n,na,39,1424,1538,1463,1499
5e3918222d011,a,ar,75,576,723,651,648
5e3918222d011,r,ru,72,531,656,603,584
5e3918222d011,u,ue,53,679,820,732,767
5e3918222d011,e,es,88,211,339,299,251
5e3918222d011,s,so,40,577,706,617,666
5e3918222d011,o,or,89,444,571,533,482
5e3918222d011,r,rn,38,1176,1289,1214,1251
5e3918222d011,n,nspace,75,2495,2640,2570,2565
5e3918222d011,space,spacea,70,542,673,612,603
5e3918222d011,a,ar,61,890,1027,951,966
5e3918222d011,r,ri,76,474,659,550,583
5e3918222d011,i,iy,109,459,627,568,518
5e3918222d011,y,ya,59,373,492,432,433
5e3918222d011,a,as,60,326,443,386,383
5e3918222d011,s,sk,57,626,790,683,733
5e3918222d011,k,ku,107,328,525,435,418
5e3918222d011,u,ul,90,629,825,719,735
5e3918222d011,l,lo,106,1193,1420,1299,1314
5e3918222d011,o,on,121,427,642,548,521
5e3918222d011,n,ng,94,357,523,451,429
5e3918222d011,g,gn,72,44828,44963,44900,44891
5e3918222d011,n,na,63,372,495,435,432
5e3918222d011,a,ar,60,222,337,282,277
5e3918222d011,r,rr,55,1394,1493,1449,1438
5e3918222d011,r,ru,44,425,528,469,484
5e3918222d011,u,ur,59,304,437,363,378
5e3918222d011,r,rs,74,126,258,200,184
5e3918222d011,s,sbksp,58,1379,1509,1437,1451
5e3918222d011,bksp,bkspe,72,542,688,614,616
5e3918222d011,e,es,74,145,275,219,201
5e3918222d011,s,so,56,329,456,385,400
5e3918222d011,o,or,71,360,490,431,419
5e3918222d011,r,rn,59,292,425,351,366
5e3918222d011,n,nspace,74,143,287,217,213
5e3918222d011,space,spacea,70,424,554,494,484
5e3918222d011,a,ar,60,278,394,338,334
5e3918222d011,r,ri,56,329,424,385,368
5e3918222d011,i,iy,39,563,675,602,636
5e3918222d011,y,ya,73,290,457,363,384
5e3918222d011,a,as,94,141,289,235,195
5e3918222d011,s,sk,54,512,622,566,568
5e3918222d011,k,ku,56,210,339,266,283
5e3918222d011,u,ul,73,228,356,301,283
5e3918222d011,l,lv,55,427,539,482,484
5e3918222d011,v,vo,57,225,357,282,300
5e3918222d011,o,on,75,211,358,286,283
5e3918222d011,n,ng,72,279,421,351,349
5e3918222d011,g,gb,70,34581,34690,34651,34620
5e3918222d011,b,bn,39,931,1036,970,997
5e3918222d011,n,na,66,383,519,449,453
5e3918222d011,a,ar,70,475,604,545,534
5e3918222d011,r,ru,59,277,406,336,347
5e3918222d011,u,ue,70,312,472,382,402
5e3918222d011,e,es,90,109,273,199,183
5e3918222d011,s,so,74,259,391,333,317
5e3918222d011,o,or,58,395,512,453,454
5e3918222d011,r,rn,59,523,642,582,583
5e3918222d011,n,nspace,60,272,407,332,347
5e3918222d011,space,spacea,75,794,928,869,853
5e3918222d011,a,ar,59,204,337,263,278
5e3918222d011,r,ri,74,313,459,387,385
5e3918222d011,i,it,72,309,439,381,367
5e3918222d011,t,ty,58,1142,1260,1200,1202
5e3918222d011,y,ya,60,258,393,318,333
5e3918222d011,a,as,75,142,259,217,184
5e3918222d011,s,sk,42,576,678,618,636
5e3918222d011,k,ku,60,172,289,232,229
5e3918222d011,u,ul,57,276,375,333,318
5e3918222d011,l,lv,42,643,742,685,700
5e3918222d011,v,vo,57,158,287,215,230
5e3918222d011,o,on,72,212,357,284,285
5e3918222d011,n,ng,73,225,340,298,267
5e3918222d011,g,gn,42,45502,45616,45544,45574
5e3918222d011,n,na,72,345,488,417,416
5e3918222d011,a,ar,71,279,387,350,316
5e3918222d011,r,ru,37,446,557,483,520
5e3918222d011,u,ue,74,696,840,770,766
5e3918222d011,e,es,70,142,267,212,197
5e3918222d011,s,so,55,295,422,350,367
5e3918222d011,o,or,72,377,492,449,420
5e3918222d011,r,rn,43,307,408,350,365
5e3918222d011,n,nspace,58,230,373,288,315
5e3918222d011,space,spacea,85,445,588,530,503
5e3918222d011,a,ar,58,310,409,368,351
5e3918222d011,r,ri,41,542,639,583,598
5e3918222d011,i,iy,56,326,441,382,385
5e3918222d011,y,ya,59,240,375,299,316
5e3918222d011,a,as,76,160,274,236,198
5e3918222d011,s,sk,38,396,506,434,468
5e3918222d011,k,ku,72,241,371,313,299
5e3918222d011,u,ul,58,260,374,318,316
5e3918222d011,l,lv,56,463,578,519,522
5e3918222d011,v,vo,59,272,406,331,347
5e3918222d011,o,on,75,225,391,300,316
5e3918222d011,n,ng,91,195,358,286,267
5e3918222d011,g,gn,72,31486,31619,31558,31547
5e3918222d011,n,na,61,382,515,443,454
5e3918222d011,a,ar,72,580,711,652,639
5e3918222d011,r,ru,59,259,373,318,314
5e3918222d011,u,ue,55,308,437,363,382
5e3918222d011,e,es,74,144,273,218,199
5e3918222d011,s,so,55,259,388,314,333
5e3918222d011,o,or,74,278,428,352,354
5e3918222d011,r,rn,76,240,390,316,314
5e3918222d011,n,nspace,74,176,305,250,231
5e3918222d011,space,spacea,55,294,408,349,353
5e3918222d011,a,ar,59,223,359,282,300
5e3918222d011,r,ri,77,342,475,419,398
5e3918222d011,i,iy,56,213,339,269,283
5e3918222d011,y,ya,70,278,439,348,369
5e3918222d011,a,as,91,141,289,232,198
5e3918222d011,s,sk,57,444,562,501,505
5e3918222d011,k,ku,61,238,356,299,295
5e3918222d011,u,ul,57,279,374,336,317
5e3918222d011,l,lv,38,417,537,455,499
5e3918222d011,v,vo,82,153,301,235,219
5e3918222d011,o,on,66,187,330,253,264
5e3918222d011,n,ng,77,227,347,304,270
5e3918222d011,g,gn,43,35096,35210,35139,35167
5e3918222d011,n,na,71,345,490,416,419
5e3918222d011,a,ar,74,223,353,297,279
5e3918222d011,r,ru,56,315,458,371,402
5e3918222d011,u,ue,87,346,488,433,401
5e3918222d011,e,es,55,126,271,181,216
5e3918222d011,s,so,90,242,406,332,316
5e3918222d011,o,or,74,294,441,368,367
5e3918222d011,r,rn,73,310,441,383,368
5e3918222d011,n,nspace,58,194,322,252,264
5e3918222d011,space,spacea,70,379,523,449,453
5e3918222d011,a,ar,74,292,423,366,349
5e3918222d011,r,ri,57,344,458,401,401
5e3918222d011,i,iy,57,428,556,485,499
5e3918222d011,y,ya,71,359,504,430,433
5e3918222d011,a,as,74,394,541,468,467
5e3918222d011,s,sk,73,362,524,435,451
5e3918222d011,k,ku,89,137,321,226,232
5e3918222d011,u,ul,95,178,345,273,250
5e3918222d011,l,lv,72,510,658,582,586
5e3918222d011,v,vo,76,159,339,235,263
5e3918222d011,o,on,104,145,337,249,233
5e3918222d011,n,nh,88,213,356,301,268
5e3918222d011,h,hh,55,1244,1334,1299,1279
5e3918222d011,h,hbksp,35,582,691,617,656
5e3918222d011,bksp,bkspg,74,393,524,467,450
5e3918222d011,g,gn,57,38552,38665,38609,38608
5e3918222d011,n,na,56,372,514,428,458
5e3918222d011,a,ar,86,510,655,596,569
5e3918222d011,r,ru,59,359,476,418,417
5e3918222d011,u,ue,58,711,840,769,782
5e3918222d011,e,es,71,155,271,226,200
5e3918222d011,s,so,45,342,447,387,402
5e3918222d011,o,or,60,390,509,450,449
5e3918222d011,r,rn,59,376,508,435,449
5e3918222d011,n,nspace,73,272,406,345,333
5e3918222d011,space,spacea,61,594,710,655,649
5e3918222d011,a,ar,55,335,437,390,382
5e3918222d011,r,ri,47,431,537,478,490
5e3918222d011,i,iy,59,241,370,300,311
5e3918222d011,y,ya,70,262,405,332,335
5e3918222d011,a,as,73,1026,1158,1099,1085
5e3918222d011,s,sj,59,507,597,566,538
5e3918222d011,j,jk,31,706,824,737,793
5e3918222d011,k,ki,87,494,624,581,537
5e3918222d011,i,iu,43,874,972,917,929
5e3918222d011,u,uv,55,646,773,701,718
5e3918222d011,v,vo,72,159,305,231,233
5e3918222d011,o,on,74,195,339,269,265
5e3918222d011,n,ng,70,194,356,264,286
5e3918222d011,g,gn,92,602491034,602491203,602491126,602491111
5e424ba490cf3,n,nu,77,454,594,531,517
5e424ba490cf3,u,ut,63,184,296,247,233
5e424ba490cf3,t,tt,49,73,181,122,132
5e424ba490cf3,t,th,59,195,327,254,268
5e424ba490cf3,h,ha,73,170,325,243,252
5e424ba490cf3,a,ap,82,124,281,206,199
5e424ba490cf3,p,po,75,119,241,194,166
5e424ba490cf3,o,on,47,382,483,429,436
5e424ba490cf3,n,nspace,54,268,387,322,333
5e424ba490cf3,space,spacep,65,833,993,898,928
5e424ba490cf3,p,pu,95,154,347,249,252
5e424ba490cf3,u,un,98,143,298,241,200
5e424ba490cf3,n,np,57,171,307,228,250
5e424ba490cf3,p,pr,79,235,347,314,268
5e424ba490cf3,r,rs,33,884,1001,917,968
5e424ba490cf3,s,si,84,188,332,272,248
5e424ba490cf3,i,it,60,198,311,258,251
5e424ba490cf3,t,tw,53,317,452,370,399
5e424ba490cf3,w,we,82,114,282,196,200
5e424ba490cf3,e,ec,86,297,455,383,369
5e424ba490cf3,c,ch,72,227,369,299,297
5e424ba490cf3,h,hn,70,33617,33759,33687,33689
5e424ba490cf3,n,nu,72,231,386,303,314
5e424ba490cf3,u,ut,83,212,367,295,284
5e424ba490cf3,t,tt,72,95,239,167,167
5e424ba490cf3,t,th,72,547,705,619,633
5e424ba490cf3,h,ha,86,245,421,331,335
5e424ba490cf3,a,ap,90,181,354,271,264
5e424ba490cf3,p,po,83,167,335,250,252
5e424ba490cf3,o,on,85,713,884,798,799
5e424ba490cf3,n,nspace,86,315,486,401,400
5e424ba490cf3,space,spacep,85,288,467,373,382
5e424ba490cf3,p,pu,94,282,464,376,370
5e424ba490cf3,u,un,88,507,668,595,580
5e424ba490cf3,n,np,73,235,406,308,333
5e424ba490cf3,p,pr,98,281,468,379,370
5e424ba490cf3,r,ra,89,279,472,368,383
5e424ba490cf3,a,as,104,325,520,429,416
5e424ba490cf3,s,si,91,319,446,410,355
5e424ba490cf3,i,it,36,276,415,312,379
5e424ba490cf3,t,tw,103,774,986,877,883
5e424ba490cf3,w,we,109,164,360,273,251
5e424ba490cf3,e,ec,87,508,670,595,583
5e424ba490cf3,c,ch,75,247,407,322,332
5e424ba490cf3,h,hn,85,28826,29004,28911,28919
5e424ba490cf3,n,nu,93,278,458,371,365
5e424ba490cf3,u,ut,87,163,322,250,235
5e424ba490cf3,t,tt,72,89,221,161,149
5e424ba490cf3,t,th,60,229,377,289,317
5e424ba490cf3,h,ha,88,179,356,267,268
5e424ba490cf3,a,ap,89,212,389,301,300
5e424ba490cf3,p,po,88,111,270,199,182
5e424ba490cf3,o,on,71,211,356,282,285
5e424ba490cf3,n,nspace,74,190,358,264,284
5e424ba490cf3,space,spacep,94,343,528,437,434
5e424ba490cf3,p,pu,91,209,372,300,281
5e424ba490cf3,u,un,72,195,338,267,266
5e424ba490cf3,n,np,71,193,356,264,285
5e424ba490cf3,p,pr,92,195,356,287,264
5e424ba490cf3,r,rs,69,501,668,570,599
5e424ba490cf3,s,si,98,171,350,269,252
5e424ba490cf3,i,it,81,197,384,278,303
5e424ba490cf3,t,tw,106,395,588,501,482
5e424ba490cf3,w,we,87,164,337,251,250
5e424ba490cf3,e,ec,86,426,570,512,484
5e424ba490cf3,c,ch,58,230,340,288,282
5e424ba490cf3,h,hn,52,27785,27917,27837,27865
5e424ba490cf3,n,nu,80,240,400,320,320
5e424ba490cf3,u,ut,80,161,311,241,231
5e424ba490cf3,t,tt,70,110,238,180,168
5e424ba490cf3,t,th,58,149,292,207,234
5e424ba490cf3,h,ha,85,183,351,268,266
5e424ba490cf3,a,ap,83,330,519,413,436
5e424ba490cf3,p,po,106,131,303,237,197
5e424ba490cf3,o,on,66,215,369,281,303
5e424ba490cf3,n,nspace,88,161,319,249,231
5e424ba490cf3,space,spacep,70,330,473,400,403
5e424ba490cf3,p,pu,73,227,370,300,297
5e424ba490cf3,u,un,70,199,336,269,266
5e424ba490cf3,n,np,67,196,334,263,267
5e424ba490cf3,p,pr,71,230,388,301,317
5e424ba490cf3,r,ra,87,213,371,300,284
5e424ba490cf3,a,as,71,242,403,313,332
5e424ba490cf3,s,si,90,180,339,270,249
5e424ba490cf3,i,it,69,235,373,304,304
5e424ba490cf3,t,tw,69,262,439,331,370
5e424ba490cf3,w,we,108,342,540,450,432
5e424ba490cf3,e,ec,90,791,956,881,866
5e424ba490cf3,c,ch,75,194,338,269,263
5e424ba490cf3,h,hn,69,28516,28672,28585,28603
5e424ba490cf3,n,nu,87,248,420,335,333
5e424ba490cf3,u,ut,85,164,319,249,234
5e424ba490cf3,t,tt,70,111,253,181,183
5e424ba490cf3,t,th,72,229,408,301,336
5e424ba490cf3,h,ha,107,225,422,332,315
5e424ba490cf3,a,ap,90,216,407,306,317
5e424ba490cf3,p,po,101,131,299,232,198
5e424ba490cf3,o,on,67,212,351,279,284
5e424ba490cf3,n,nspace,72,579,740,651,668
5e424ba490cf3,space,spacep,89,329,506,418,417
5e424ba490cf3,p,pn,88,564,718,652,630
5e424ba490cf3,n,np,66,219,353,285,287
5e424ba490cf3,p,pr,68,232,383,300,315
5e424ba490cf3,r,ra,83,253,433,336,350
5e424ba490cf3,a,as,97,249,432,346,335
5e424ba490cf3,s,si,86,463,621,549,535
5e424ba490cf3,i,it,72,360,520,432,448
5e424ba490cf3,t,tw,88,313,488,401,400
5e424ba490cf3,w,we,87,244,404,331,317
5e424ba490cf3,e,ec,73,465,591,538,518
5e424ba490cf3,c,ch,53,291,452,344,399
5e424ba490cf3,h,hn,108,28430,28592,28538,28484
5e424ba490cf3,n,nu,54,346,473,400,419
5e424ba490cf3,u,ut,73,145,269,218,196
5e424ba490cf3,t,tt,51,75,201,126,150
5e424ba490cf3,t,th,75,149,291,224,216
5e424ba490cf3,h,ha,67,164,301,231,234
5e424ba490cf3,a,ap,70,149,306,219,236
5e424ba490cf3,p,po,87,146,302,233,215
5e424ba490cf3,o,on,69,278,404,347,335
5e424ba490cf3,n,nspace,57,345,458,402,401
5e424ba490cf3,space,spacep,56,326,455,382,399
5e424ba490cf3,p,pu,73,383,522,456,449
5e424ba490cf3,u,un,66,195,348,261,282
5e424ba490cf3,n,np,87,182,373,269,286
5e424ba490cf3,p,pr,104,223,420,327,316
5e424ba490cf3,r,ra,93,212,394,305,301
5e424ba490cf3,a,as,89,198,354,287,265
5e424ba490cf3,s,si,67,214,368,281,301
5e424ba490cf3,i,it,87,194,370,281,283
5e424ba490cf3,t,tw,89,249,422,338,333
5e424ba490cf3,w,we,84,216,383,300,299
5e424ba490cf3,e,ec,83,361,520,444,437
5e424ba490cf3,c,ch,76,224,357,300,281
5e424ba490cf3,h,hn,57,26365,26544,26422,26487
5e424ba490cf3,n,nu,122,194,386,316,264
5e424ba490cf3,u,ut,70,165,302,235,232
5e424ba490cf3,t,tt,67,97,219,164,152
5e424ba490cf3,t,th,55,246,372,301,317
5e424ba490cf3,h,ha,71,197,356,268,285
5e424ba490cf3,a,ap,88,144,319,232,231
5e424ba490cf3,p,po,87,108,288,195,201
5e424ba490cf3,o,on,93,293,443,386,350
5e424ba490cf3,n,nspace,57,143,256,200,199
5e424ba490cf3,space,spacep,56,234,386,290,330
5e424ba490cf3,p,pu,96,208,379,304,283
5e424ba490cf3,u,un,75,171,327,246,252
5e424ba490cf3,n,np,81,147,335,228,254
5e424ba490cf3,p,pr,107,226,426,333,319
5e424ba490cf3,r,ra,93,191,386,284,293
5e424ba490cf3,a,as,102,181,369,283,267
5e424ba490cf3,s,si,86,185,337,271,251
5e424ba490cf3,i,it,66,214,366,280,300
5e424ba490cf3,t,tw,86,297,490,383,404
5e424ba490cf3,w,we,107,142,338,249,231
5e424ba490cf3,e,ec,89,336,520,425,431
5e424ba490cf3,c,ch,95,222,380,317,285
5e424ba490cf3,h,hn,63,27202,27349,27265,27286
5e424ba490cf3,n,nu,84,260,419,344,335
5e424ba490cf3,u,ut,75,180,284,255,209
5e424ba490cf3,t,tt,29,100,182,129,153
5e424ba490cf3,t,th,53,231,371,284,318
5e424ba490cf3,h,ha,87,182,355,269,268
5e424ba490cf3,a,ap,86,107,286,193,200
5e424ba490cf3,p,po,93,112,275,205,182
5e424ba490cf3,o,on,70,280,424,350,354
5e424ba490cf3,n,nspace,74,108,272,182,198
5e424ba490cf3,space,spacep,90,210,372,300,282
5e424ba490cf3,p,pu,72,178,307,250,235
5e424ba490cf3,u,un,57,194,322,251,265
5e424ba490cf3,n,np,71,186,289,257,218
5e424ba490cf3,p,pr,32,161,264,193,232
5e424ba490cf3,r,ra,71,159,307,230,236
5e424ba490cf3,a,as,77,174,342,251,265
5e424ba490cf3,s,si,91,121,271,212,180
5e424ba490cf3,i,it,59,197,311,256,252
5e424ba490cf3,t,tw,55,209,340,264,285
5e424ba490cf3,w,we,76,179,325,255,249
5e424ba490cf3,e,ec,70,299,422,369,352
5e424ba490cf3,c,ch,53,159,303,212,250
5e424ba490cf3,h,hn,91,26283,26475,26374,26384
5e424ba490cf3,n,nu,101,224,399,325,298
5e424ba490cf3,u,ut,74,164,290,238,216
5e424ba490cf3,t,tt,52,109,219,161,167
5e424ba490cf3,t,th,58,249,375,307,317
5e424ba490cf3,h,ha,68,164,318,232,250
5e424ba490cf3,a,ap,86,108,269,194,183
5e424ba490cf3,p,po,75,113,242,188,167
5e424ba490cf3,o,on,54,177,289,231,235
5e424ba490cf3,n,nspace,58,162,292,220,234
5e424ba490cf3,space,spacep,72,558,720,630,648
5e424ba490cf3,p,pu,90,260,425,350,335
5e424ba490cf3,u,un,75,143,307,218,232
5e424ba490cf3,n,np,89,161,339,250,250
5e424ba490cf3,p,pr,89,149,304,238,215
5e424ba490cf3,r,ra,66,215,351,281,285
5e424ba490cf3,a,ad,70,181,336,251,266
5e424ba490cf3,d,di,85,117,284,202,199
5e424ba490cf3,i,it,82,135,298,217,216
5e424ba490cf3,t,tw,81,224,416,305,335
5e424ba490cf3,w,we,111,142,362,253,251
5e424ba490cf3,e,ec,109,313,510,422,401
5e424ba490cf3,c,ch,88,243,404,331,316
5e424ba490cf3,h,hn,73,27682,27861,27755,27788
5e424ba490cf3,n,nu,106,196,352,302,246
5e424ba490cf3,u,ut,50,143,251,193,201
5e424ba490cf3,t,tt,58,108,224,166,166
5e424ba490cf3,t,th,58,186,311,244,253
5e424ba490cf3,h,ha,67,133,266,200,199
5e424ba490cf3,a,ap,66,107,247,173,181
5e424ba490cf3,p,po,74,88,241,162,167
5e424ba490cf3,o,on,79,184,328,263,249
5e424ba490cf3,n,nspace,65,137,284,202,219
5e424ba490cf3,space,spacep,82,279,450,361,368
5e424ba490cf3,p,pu,89,229,386,318,297
5e424ba490cf3,u,un,68,183,318,251,250
5e424ba490cf3,n,np,67,197,336,264,269
5e424ba490cf3,p,pr,72,214,373,286,301
5e424ba490cf3,r,ra,87,466,653,553,566
5e424ba490cf3,a,as,100,207,381,307,281
5e424ba490cf3,s,si,74,198,324,272,250
5e424ba490cf3,i,it,52,183,323,235,271
5e424ba490cf3,t,tw,88,445,603,533,515
5e424ba490cf3,w,we,70,198,337,268,267
5e424ba490cf3,e,ec,69,467,617,536,548
5e424ba490cf3,c,ch,81,241,397,322,316
5e424ba490cf3,h,ha,75,-310264,-310085,-310189,-310160
5e424bb15b87f,a,as,104,631,799,735,695
5e424bb15b87f,s,ss,64,732,866,796,802
5e424bb15b87f,s,su,70,607,769,677,699
5e424bb15b87f,u,up,92,195,358,287,266
5e424bb15b87f,p,pl,71,419,540,490,469
5e424bb15b87f,l,le,50,180,314,230,264
5e424bb15b87f,e,er,84,147,319,231,235
5e424bb15b87f,r,rk,88,393,555,481,467
5e424bb15b87f,k,kc,74,288,473,362,399
5e424bb15b87f,c,co,111,354,528,465,417
5e424bb15b87f,o,ok,63,110,229,173,166
5e424bb15b87f,k,kbksp,56,1334,1490,1390,1434
5e424bb15b87f,bksp,bkspbksp,100,179,348,279,248
5e424bb15b87f,bksp,bkspbksp,69,280,423,349,354
5e424bb15b87f,bksp,bksph,74,608,723,682,649
5e424bb15b87f,h,ho,41,340,424,381,383
5e424bb15b87f,o,ok,43,344,443,387,400
5e424bb15b87f,k,kw,56,326,458,382,402
5e424bb15b87f,w,wa,76,242,374,318,298
5e424bb15b87f,a,ar,56,362,511,418,455
5e424bb15b87f,r,re,93,157,356,250,263
5e424bb15b87f,e,ee,106,176,352,282,246
5e424bb15b87f,e,ep,70,330,475,400,405
5e424bb15b87f,p,ph,75,443,588,518,513
5e424bb15b87f,h,hi,70,277,406,347,336
5e424bb15b87f,i,io,59,1309,1427,1368,1368
5e424bb15b87f,o,or,59,458,606,517,547
5e424bb15b87f,r,rn,89,511,657,600,568
5e424bb15b87f,n,nbksp,57,3492,4207,3549,4150
5e424bb15b87f,bksp,bkspu,658,2139,2874,2797,2216
5e424bb15b87f,u,up,77,1822,1977,1899,1900
5e424bb15b87f,p,pbksp,78,2259,2397,2337,2319
5e424bb15b87f,bksp,bksps,60,1226,1345,1286,1285
5e424bb15b87f,s,su,59,690,854,749,795
5e424bb15b87f,u,up,105,196,388,301,283
5e424bb15b87f,p,pa,87,630,758,717,671
5e424bb15b87f,a,al,41,455,556,496,515
5e424bb15b87f,l,le,60,495,660,555,600
5e424bb15b87f,e,er,105,108,322,213,217
5e424bb15b87f,r,rk,109,544,724,653,615
5e424bb15b87f,k,ks,71,49199,49358,49270,49287
5e424bb15b87f,s,su,88,847,1037,935,949
5e424bb15b87f,u,up,102,329,503,431,401
5e424bb15b87f,p,pa,72,291,439,363,367
5e424bb15b87f,a,al,76,365,506,441,430
5e424bb15b87f,l,le,65,322,504,387,439
5e424bb15b87f,e,er,117,192,398,309,281
5e424bb15b87f,r,rj,89,442,608,531,519
5e424bb15b87f,j,jk,77,810,940,887,863
5e424bb15b87f,k,kspace,53,309,420,362,367
5e424bb15b87f,space,spacec,58,330,492,388,434
5e424bb15b87f,c,ch,104,298,471,402,367
5e424bb15b87f,h,ho,69,361,467,430,398
5e424bb15b87f,o,ok,37,291,389,328,352
5e424bb15b87f,k,kw,61,344,479,405,418
5e424bb15b87f,w,wa,74,221,354,295,280
5e424bb15b87f,a,ar,59,326,478,385,419
5e424bb15b87f,r,re,93,221,409,314,316
5e424bb15b87f,e,ee,95,173,345,268,250
5e424bb15b87f,e,ep,77,477,627,554,550
5e424bb15b87f,p,ph,73,523,688,596,615
5e424bb15b87f,h,ho,92,259,425,351,333
5e424bb15b87f,o,or,74,386,555,460,481
5e424bb15b87f,r,rn,95,524,666,619,571
5e424bb15b87f,n,ns,47,33048,33128,33095,33081
5e424bb15b87f,s,su,33,854,951,887,918
5e424bb15b87f,u,up,64,224,346,288,282
5e424bb15b87f,p,pa,58,224,377,282,319
5e424bb15b87f,a,al,95,253,429,348,334
5e424bb15b87f,l,le,81,252,447,333,366
5e424bb15b87f,e,er,114,154,365,268,251
5e424bb15b87f,r,rk,97,396,567,493,470
5e424bb15b87f,k,kspace,74,207,387,281,313
5e424bb15b87f,space,spacec,106,194,408,300,302
5e424bb15b87f,c,ch,108,224,407,332,299
5e424bb15b87f,h,ho,75,312,443,387,368
5e424bb15b87f,o,ok,56,256,349,312,293
5e424bb15b87f,k,kw,37,214,344,251,307
5e424bb15b87f,w,wa,93,732,872,825,779
5e424bb15b87f,a,ar,47,568,713,615,666
5e424bb15b87f,r,re,98,170,347,268,249
5e424bb15b87f,e,ee,79,153,313,232,234
5e424bb15b87f,e,ep,81,187,381,268,300
5e424bb15b87f,p,ph,113,242,449,355,336
5e424bb15b87f,h,ho,94,408,577,502,483
5e424bb15b87f,o,or,75,242,407,317,332
5e424bb15b87f,r,rn,90,172,343,262,253
5e424bb15b87f,n,ns,81,32457,32596,32538,32515
5e424bb15b87f,s,sy,58,403,542,461,484
5e424bb15b87f,y,ybksp,81,491,651,572,570
5e424bb15b87f,bksp,bkspu,79,417,543,496,464
5e424bb15b87f,u,up,47,270,382,317,335
5e424bb15b87f,p,pl,65,368,454,433,389
5e424bb15b87f,l,lbksp,21,246,363,267,342
5e424bb15b87f,bksp,bkspa,96,120,297,216,201
5e424bb15b87f,a,al,81,200,362,281,281
5e424bb15b87f,l,lf,81,374,567,455,486
5e424bb15b87f,f,fbksp,112,584,751,696,639
5e424bb15b87f,bksp,bkspe,55,97,236,152,181
5e424bb15b87f,e,ee,84,149,296,233,212
5e424bb15b87f,e,ebksp,63,454,598,517,535
5e424bb15b87f,bksp,bkspr,81,135,296,216,215
5e424bb15b87f,r,rk,80,655,817,735,737
5e424bb15b87f,k,kspace,82,286,480,368,398
5e424bb15b87f,space,spacec,112,212,395,324,283
5e424bb15b87f,c,ch,71,202,319,273,248
5e424bb15b87f,h,ho,46,440,566,486,520
5e424bb15b87f,o,ok,80,302,465,382,385
5e424bb15b87f,k,kw,83,132,312,215,229
5e424bb15b87f,w,wa,97,186,382,283,285
5e424bb15b87f,a,ar,99,387,549,486,450
5e424bb15b87f,r,re,63,230,348,293,285
5e424bb15b87f,e,ee,55,172,303,227,248
5e424bb15b87f,e,ep,76,185,326,261,250
5e424bb15b87f,p,ph,65,453,581,518,516
5e424bb15b87f,h,ho,63,136,247,199,184
5e424bb15b87f,o,ot,48,151,279,199,231
5e424bb15b87f,t,tn,80,139,267,219,187
5e424bb15b87f,n,nbksp,48,351,462,399,414
5e424bb15b87f,bksp,bkspbksp,63,87,232,150,169
5e424bb15b87f,bksp,bkspr,82,167,330,249,248
5e424bb15b87f,r,rn,81,85,247,166,166
5e424bb15b87f,n,ns,81,30989,31134,31070,31053
5e424bb15b87f,s,su,64,371,497,435,433
5e424bb15b87f,u,up,62,271,413,333,351
5e424bb15b87f,p,pa,80,253,413,333,333
5e424bb15b87f,a,al,80,254,397,334,317
5e424bb15b87f,l,le,63,253,412,316,349
5e424bb15b87f,e,er,96,154,363,250,267
5e424bb15b87f,r,rk,113,297,481,410,368
5e424bb15b87f,k,kspace,71,213,387,284,316
5e424bb15b87f,space,spacec,103,193,386,296,283
5e424bb15b87f,c,ch,90,249,390,339,300
5e424bb15b87f,h,ho,51,368,484,419,433
5e424bb15b87f,o,ok,65,285,398,350,333
5e424bb15b87f,k,kw,48,304,431,352,383
5e424bb15b87f,w,wa,79,188,347,267,268
5e424bb15b87f,a,ar,80,313,481,393,401
5e424bb15b87f,r,re,88,150,320,238,232
5e424bb15b87f,e,ee,82,201,366,283,284
5e424bb15b87f,e,ep,83,218,365,301,282
5e424bb15b87f,p,pg,64,353,497,417,433
5e424bb15b87f,g,gh,80,536,715,616,635
5e424bb15b87f,h,ho,99,390,548,489,449
5e424bb15b87f,o,obksp,59,504,659,563,600
5e424bb15b87f,bksp,bksph,96,438,631,534,535
5e424bb15b87f,h,ho,97,346,499,443,402
5e424bb15b87f,o,or,56,585,702,641,646
5e424bb15b87f,r,rn,61,628,764,689,703
5e424bb15b87f,n,np,75,28259,28408,28334,28333
5e424bb15b87f,p,pbksp,74,924,1046,998,972
5e424bb15b87f,bksp,bksps,48,341,445,389,397
5e424bb15b87f,s,su,56,527,674,583,618
5e424bb15b87f,u,up,91,779,923,870,832
5e424bb15b87f,p,pl,53,407,518,460,465
5e424bb15b87f,l,ld,58,413,576,471,518
5e424bb15b87f,d,dbksp,105,440,620,545,515
5e424bb15b87f,bksp,bkspe,75,149,251,224,176
5e424bb15b87f,e,er,27,333,438,360,411
5e424bb15b87f,r,rk,78,472,623,550,545
5e424bb15b87f,k,kspace,73,89,258,162,185
5e424bb15b87f,space,spacec,96,227,394,323,298
5e424bb15b87f,c,ch,71,244,390,315,319
5e424bb15b87f,h,ho,75,192,359,267,284
5e424bb15b87f,o,ok,92,122,292,214,200
5e424bb15b87f,k,ke,78,125,277,203,199
5e424bb15b87f,e,ea,74,144,345,218,271
5e424bb15b87f,a,abksp,127,325,494,452,367
5e424bb15b87f,bksp,bkspw,42,539,673,581,631
5e424bb15b87f,w,wa,92,155,324,247,232
5e424bb15b87f,a,ar,77,280,459,357,382
5e424bb15b87f,r,re,102,130,336,232,234
5e424bb15b87f,e,ee,104,106,287,210,183
5e424bb15b87f,e,ep,77,241,382,318,305
5e424bb15b87f,p,ph,64,369,512,433,448
5e424bb15b87f,h,ho,79,441,563,520,484
5e424bb15b87f,o,or,43,295,421,338,378
5e424bb15b87f,r,rn,83,126,251,209,168
5e424bb15b87f,n,ns,42,28860,28963,28902,28921
5e424bb15b87f,s,su,61,476,613,537,552
5e424bb15b87f,u,up,76,157,305,233,229
5e424bb15b87f,p,pl,72,479,590,551,518
5e424bb15b87f,l,lk,39,261,343,300,304
5e424bb15b87f,k,ke,43,83,237,126,194
5e424bb15b87f,e,et,111,126,311,237,200
5e424bb15b87f,t,tbksp,74,1663,1795,1737,1721
5e424bb15b87f,bksp,bkspe,58,572,707,630,649
5e424bb15b87f,e,er,77,239,391,316,314
5e424bb15b87f,r,rk,75,374,513,449,438
5e424bb15b87f,k,kc,64,947,1092,1011,1028
5e424bb15b87f,c,ch,81,260,401,341,320
5e424bb15b87f,h,ho,60,1005,1098,1065,1038
5e424bb15b87f,o,ok,33,306,395,339,362
5e424bb15b87f,k,kw,56,312,437,368,381
5e424bb15b87f,w,wa,69,162,320,231,251
5e424bb15b87f,a,ar,89,310,472,399,383
5e424bb15b87f,r,re,73,158,304,231,231
5e424bb15b87f,e,ee,73,107,258,180,185
5e424bb15b87f,e,ep,78,256,427,334,349
5e424bb15b87f,p,ph,93,641,812,734,719
5e424bb15b87f,h,ho,78,294,430,372,352
5e424bb15b87f,o,or,58,391,557,449,499
5e424bb15b87f,r,rn,108,456,641,564,533
5e424bb15b87f,n,ns,77,27195,27344,27272,27267
5e424bb15b87f,s,su,72,317,492,389,420
5e424bb15b87f,u,up,103,156,321,259,218
5e424bb15b87f,p,pa,62,1455,1595,1517,1533
5e424bb15b87f,a,al,78,488,662,566,584
5e424bb15b87f,l,le,96,202,391,298,295
5e424bb15b87f,e,er,93,141,347,234,254
5e424bb15b87f,r,rk,113,70,278,183,165
5e424bb15b87f,k,kc,95,607,812,702,717
5e424bb15b87f,c,ch,110,193,360,303,250
5e424bb15b87f,h,ho,57,248,361,305,304
5e424bb15b87f,o,ok,56,142,267,198,211
5e424bb15b87f,k,kw,69,230,406,299,337
5e424bb15b87f,w,wa,107,207,370,314,263
5e424bb15b87f,a,ar,56,308,457,364,401
5e424bb15b87f,r,re,93,195,360,288,267
5e424bb15b87f,e,ee,72,107,254,179,182
5e424bb15b87f,e,ep,75,245,413,320,338
5e424bb15b87f,p,ph,93,171,356,264,263
5e424bb15b87f,h,ho,92,408,562,500,470
5e424bb15b87f,o,om,62,257,362,319,300
5e424bb15b87f,m,mr,43,122,241,165,198
5e424bb15b87f,r,rbksp,76,395,544,471,468
5e424bb15b87f,bksp,bkspr,73,1794,1971,1867,1898
5e424bb15b87f,r,rn,104,58,238,162,134
5e424bb15b87f,n,ns,76,26312,26447,26388,26371
5e424bb15b87f,s,su,59,344,475,403,416
5e424bb15b87f,u,up,72,218,322,290,250
5e424bb15b87f,p,pl,32,522,629,554,597
5e424bb15b87f,l,le,75,156,296,231,221
5e424bb15b87f,e,er,65,138,278,203,213
5e424bb15b87f,r,rk,75,91,226,166,151
5e424bb15b87f,k,kc,60,515,661,575,601
5e424bb15b87f,c,ch,86,146,301,232,215
5e424bb15b87f,h,ho,69,194,318,263,249
5e424bb15b87f,o,ok,55,125,257,180,202
5e424bb15b87f,k,kw,77,124,311,201,234
5e424bb15b87f,w,wbksp,110,1532,1696,1642,1586
5e424bb15b87f,bksp,bkspbksp,54,208,331,262,277
5e424bb15b87f,bksp,bkspbksp,69,216,354,285,285
5e424bb15b87f,bksp,bkspbksp,69,192,305,261,236
5e424bb15b87f,bksp,bkspspace,44,323,461,367,417
5e424bb15b87f,space,spacec,94,313,463,407,369
5e424bb15b87f,c,ch,56,225,336,281,280
5e424bb15b87f,h,ho,55,297,406,352,351
5e424bb15b87f,o,ok,54,252,337,306,283
5e424bb15b87f,k,kw,31,224,328,255,297
5e424bb15b87f,w,wa,73,158,328,231,255
5e424bb15b87f,a,ar,97,222,412,319,315
5e424bb15b87f,r,re,93,124,309,217,216
5e424bb15b87f,e,ee,92,88,257,180,165
5e424bb15b87f,e,ep,77,206,378,283,301
5e424bb15b87f,p,pg,95,344,512,439,417
5e424bb15b87f,g,gbksp,73,424,559,497,486
5e424bb15b87f,bksp,bksph,62,51,194,113,132
5e424bb15b87f,h,hr,81,704,861,785,780
5e424bb15b87f,r,rn,76,442,596,518,520
5e424bb15b87f,n,ns,78,31590,31743,31668,31665
5e424bb15b87f,s,su,75,445,595,520,520
5e424bb15b87f,u,up,75,222,357,297,282
5e424bb15b87f,p,pbksp,60,2192,2327,2252,2267
5e424bb15b87f,bksp,bkspbksp,75,156,305,231,230
5e424bb15b87f,bksp,bkspa,74,282,413,356,339
5e424bb15b87f,a,ak,57,353,458,410,401
5e424bb15b87f,k,kl,48,619,726,667,678
5e424bb15b87f,l,le,59,626,778,685,719
5e424bb15b87f,e,er,93,144,324,237,231
5e424bb15b87f,r,rk,87,347,521,434,434
5e424bb15b87f,k,kspace,87,425,620,512,533
5e424bb15b87f,space,spacec,108,247,427,355,319
5e424bb15b87f,c,ch,72,299,436,371,364
5e424bb15b87f,h,ho,65,271,404,336,339
5e424bb15b87f,o,ok,68,137,281,205,213
5e424bb15b87f,k,kw,76,294,443,370,367
5e424bb15b87f,w,wa,73,144,288,217,215
5e424bb15b87f,a,ar,71,261,408,332,337
5e424bb15b87f,r,re,76,174,342,250,266
5e424bb15b87f,e,ee,92,103,270,195,178
5e424bb15b87f,e,ep,75,193,327,268,252
5e424bb15b87f,p,pg,59,461,612,520,553
5e424bb15b87f,g,gbksp,92,388,542,480,450
5e424bb15b87f,bksp,bksph,62,85,209,147,147
5e424bb15b87f,h,ho,62,810,930,872,868
5e424bb15b87f,o,or,58,396,542,454,484
5e424bb15b87f,r,rn,88,526,656,614,568
5e424bb15b87f,n,nt,42,-377620,-377511,-377578,-377553
5e424bd56f820,t,th,67,312,420,379,353
5e424bd56f820,h,ho,41,214,334,255,293
5e424bd56f820,o,ot,79,324,486,403,407
5e424bd56f820,t,ts,83,225,360,308,277
5e424bd56f820,s,sa,52,145,270,197,218
5e424bd56f820,a,ah,73,1327,1473,1400,1400
5e424bd56f820,h,ho,73,179,306,252,233
5e424bd56f820,o,on,54,244,356,298,302
5e424bd56f820,n,nspace,58,911,1025,969,967
5e424bd56f820,space,spacec,56,925,1039,981,983
5e424bd56f820,c,ch,58,278,391,336,333
5e424bd56f820,h,hi,55,227,338,282,283
5e424bd56f820,i,ir,56,595,721,651,665
5e424bd56f820,r,ro,70,329,437,399,367
5e424bd56f820,o,oj,38,613,690,651,652
5e424bd56f820,j,jc,39,528,655,567,616
5e424bd56f820,c,ch,88,211,370,299,282
5e424bd56f820,h,ha,71,390,525,461,454
5e424bd56f820,a,at,64,390,548,454,484
5e424bd56f820,t,tu,94,275,423,369,329
5e424bd56f820,u,ur,54,280,406,334,352
5e424bd56f820,r,rn,72,328,457,400,385
5e424bd56f820,n,no,57,276,370,333,313
5e424bd56f820,o,ot,37,363,458,400,421
5e424bd56f820,t,tc,58,9988,10105,10046,10047
5e424bd56f820,c,ch,59,277,395,336,336
5e424bd56f820,h,hi,59,242,356,301,297
5e424bd56f820,i,ir,55,1213,1325,1268,1270
5e424bd56f820,r,rj,57,874,1022,931,965
5e424bd56f820,j,jc,91,359,522,450,431
5e424bd56f820,c,ch,72,179,322,251,250
5e424bd56f820,h,ha,71,313,445,384,374
5e424bd56f820,a,at,61,354,489,415,428
5e424bd56f820,t,tu,74,294,442,368,368
5e424bd56f820,u,ur,74,358,490,432,416
5e424bd56f820,r,ro,58,492,658,550,600
5e424bd56f820,o,on,108,243,423,351,315
5e424bd56f820,n,nt,72,413,521,485,449
5e424bd56f820,t,tbksp,36,6517,6606,6553,6570
5e424bd56f820,bksp,bkspbksp,53,85,203,138,150
5e424bd56f820,bksp,bkspbksp,65,535,664,600,599
5e424bd56f820,bksp,bkspbksp,64,541,693,605,629
5e424bd56f820,bksp,bkspbksp,88,80,245,168,157
5e424bd56f820,bksp,bkspbksp,77,69,226,146,149
5e424bd56f820,bksp,bkspbksp,80,92,228,172,148
5e424bd56f820,bksp,bkspbksp,56,95,208,151,152
5e424bd56f820,bksp,bkspbksp,57,70,206,127,149
5e424bd56f820,bksp,bkspbksp,79,87,246,166,167
5e424bd56f820,bksp,bkspbksp,80,88,230,168,150
5e424bd56f820,bksp,bkspbksp,62,87,227,149,165
5e424bd56f820,bksp,bkspbksp,78,94,230,172,152
5e424bd56f820,bksp,bkspbksp,58,292,424,350,366
5e424bd56f820,bksp,bkspo,74,644,791,718,717
5e424bd56f820,o,oj,73,355,504,428,431
5e424bd56f820,j,jc,76,478,628,554,552
5e424bd56f820,c,ch,74,377,524,451,450
5e424bd56f820,h,ht,73,726,873,799,800
5e424bd56f820,t,tu,74,563,723,637,649
5e424bd56f820,u,ur,86,301,434,387,348
5e424bd56f820,r,rn,47,415,550,462,503
5e424bd56f820,n,no,88,226,386,314,298
5e424bd56f820,o,ot,72,285,456,357,384
5e424bd56f820,t,ta,99,10879,11040,10978,10941
5e424bd56f820,a,at,62,871,1007,933,945
5e424bd56f820,t,tu,74,277,407,351,333
5e424bd56f820,u,ur,56,305,423,361,367
5e424bd56f820,r,rn,62,359,528,421,466
5e424bd56f820,n,no,107,1579,1774,1686,1667
5e424bd56f820,o,on,88,794,941,882,853
5e424bd56f820,n,nt,59,391,506,450,447
5e424bd56f820,t,tt,56,35746,35841,35802,35785
5e424bd56f820,t,th,39,273,373,312,334
5e424bd56f820,h,ho,61,227,345,288,284
5e424bd56f820,o,ot,57,292,438,349,381
5e424bd56f820,t,ts,89,231,376,320,287
5e424bd56f820,s,sa,56,156,287,212,231
5e424bd56f820,a,ap,75,462,595,537,520
5e424bd56f820,p,ph,58,355,474,413,416
5e424bd56f820,h,hi,61,177,307,238,246
5e424bd56f820,i,ibksp,69,630,772,699,703
5e424bd56f820,bksp,bkspo,73,276,419,349,346
5e424bd56f820,o,on,70,542,690,612,620
5e424bd56f820,n,nspace,78,260,394,338,316
5e424bd56f820,space,spacec,56,327,417,383,361
5e424bd56f820,c,ch,34,269,355,303,321
5e424bd56f820,h,hi,52,245,371,297,319
5e424bd56f820,i,ir,74,558,692,632,618
5e424bd56f820,r,ro,60,310,442,370,382
5e424bd56f820,o,oj,72,344,488,416,416
5e424bd56f820,j,jc,72,391,539,463,467
5e424bd56f820,c,ch,76,195,359,271,283
5e424bd56f820,h,ha,88,291,472,379,384
5e424bd56f820,a,at,93,412,576,505,483
5e424bd56f820,t,tu,71,346,473,417,402
5e424bd56f820,u,ur,56,423,553,479,497
5e424bd56f820,r,rn,74,1425,1560,1499,1486
5e424bd56f820,n,nt,61,589,725,650,664
5e424bd56f820,t,tt,75,35871,36029,35946,35954
5e424bd56f820,t,to,83,678,819,761,736
5e424bd56f820,o,obksp,58,655,788,713,730
5e424bd56f820,bksp,bksph,75,344,478,419,403
5e424bd56f820,h,ho,59,172,290,231,231
5e424bd56f820,o,ot,59,241,377,300,318
5e424bd56f820,t,ts,77,211,359,288,282
5e424bd56f820,s,sa,71,146,270,217,199
5e424bd56f820,a,ah,53,810,936,863,883
5e424bd56f820,h,ho,73,177,323,250,250
5e424bd56f820,o,on,73,227,327,300,254
5e424bd56f820,n,nspace,27,449,540,476,513
5e424bd56f820,space,spacec,64,432,580,496,516
5e424bd56f820,c,ch,84,212,367,296,283
5e424bd56f820,h,hi,71,248,390,319,319
5e424bd56f820,i,ir,71,422,554,493,483
5e424bd56f820,r,ro,61,262,395,323,334
5e424bd56f820,o,oj,72,717,872,789,800
5e424bd56f820,j,jc,83,243,399,326,316
5e424bd56f820,c,ch,73,166,321,239,248
5e424bd56f820,h,ha,82,261,456,343,374
5e424bd56f820,a,at,113,373,558,486,445
5e424bd56f820,t,tu,72,275,406,347,334
5e424bd56f820,u,ur,59,290,392,349,333
5e424bd56f820,r,ro,43,232,378,275,335
5e424bd56f820,o,on,103,243,399,346,296
5e424bd56f820,n,nt,53,276,388,329,335
5e424bd56f820,t,tt,59,34632,34762,34691,34703
5e424bd56f820,t,th,71,327,469,398,398
5e424bd56f820,h,ho,71,214,355,285,284
5e424bd56f820,o,ot,70,479,636,549,566
5e424bd56f820,t,ts,87,229,371,316,284
5e424bd56f820,s,sa,55,162,290,217,235
5e424bd56f820,a,ap,73,492,679,565,606
5e424bd56f820,p,ph,114,267,473,381,359
5e424bd56f820,h,ho,92,194,360,286,268
5e424bd56f820,o,on,74,262,374,336,300
5e424bd56f820,n,nspace,38,408,489,446,451
5e424bd56f820,space,spacec,43,243,357,286,314
5e424bd56f820,c,ch,71,229,372,300,301
5e424bd56f820,h,hi,72,229,356,301,284
5e424bd56f820,i,ir,55,527,637,582,582
5e424bd56f820,r,ro,55,376,521,431,466
5e424bd56f820,o,oj,90,465,643,555,553
5e424bd56f820,j,jc,88,293,439,381,351
5e424bd56f820,c,ch,58,192,337,250,279
5e424bd56f820,h,ha,87,276,457,363,370
5e424bd56f820,a,at,94,343,526,437,432
5e424bd56f820,t,tu,89,212,406,301,317
5e424bd56f820,u,ur,105,244,423,349,318
5e424bd56f820,r,ro,74,276,440,350,366
5e424bd56f820,o,on,90,191,339,281,249
5e424bd56f820,n,nt,58,293,409,351,351
5e424bd56f820,t,tt,58,29912,30045,29970,29987
5e424bd56f820,t,th,75,362,521,437,446
5e424bd56f820,h,ho,84,229,383,313,299
5e424bd56f820,o,ot,70,300,425,370,355
5e424bd56f820,t,ts,55,225,351,280,296
5e424bd56f820,s,sa,71,129,288,200,217
5e424bd56f820,a,ap,88,512,671,600,583
5e424bd56f820,p,ph,71,434,586,505,515
5e424bd56f820,h,hi,81,187,334,268,253
5e424bd56f820,i,ibksp,66,611,750,677,684
5e424bd56f820,bksp,bkspo,73,227,355,300,282
5e424bd56f820,o,on,55,634,742,689,687
5e424bd56f820,n,nspace,53,376,484,429,431
5e424bd56f820,space,spacec,55,450,569,505,514
5e424bd56f820,c,ch,64,212,350,276,286
5e424bd56f820,h,hi,74,312,457,386,383
5e424bd56f820,i,ir,71,1723,1871,1794,1800
5e424bd56f820,r,ro,77,629,778,706,701
5e424bd56f820,o,oj,72,343,473,415,401
5e424bd56f820,j,jc,58,710,825,768,767
5e424bd56f820,c,ch,57,192,321,249,264
5e424bd56f820,h,ha,72,310,456,382,384
5e424bd56f820,a,at,74,362,509,436,435
5e424bd56f820,t,tu,73,374,505,447,432
5e424bd56f820,u,ur,58,277,407,335,349
5e424bd56f820,r,ro,72,279,438,351,366
5e424bd56f820,o,on,87,231,388,318,301
5e424bd56f820,n,nt,70,308,421,378,351
5e424bd56f820,t,tt,43,32431,32545,32474,32502
5e424bd56f820,t,th,71,429,572,500,501
5e424bd56f820,h,ho,72,278,404,350,332
5e424bd56f820,o,ot,54,295,438,349,384
5e424bd56f820,t,ts,89,412,558,501,469
5e424bd56f820,s,sa,57,193,319,250,262
5e424bd56f820,a,ap,69,531,688,600,619
5e424bd56f820,p,ph,88,343,536,431,448
5e424bd56f820,h,ho,105,195,355,300,250
5e424bd56f820,o,on,55,282,390,337,335
5e424bd56f820,n,nspace,53,246,332,299,279
5e424bd56f820,space,spacec,33,400,488,433,455
5e424bd56f820,c,ch,55,212,355,267,300
5e424bd56f820,h,hi,88,209,370,297,282
5e424bd56f820,i,ir,73,1413,1557,1486,1484
5e424bd56f820,r,ro,71,278,440,349,369
5e424bd56f820,o,oj,91,277,441,368,350
5e424bd56f820,j,jc,73,293,438,366,365
5e424bd56f820,c,ch,72,161,322,233,250
5e424bd56f820,h,ha,89,311,438,400,349
5e424bd56f820,a,at,38,313,422,351,384
5e424bd56f820,t,tu,71,230,371,301,300
5e424bd56f820,u,ur,70,311,439,381,369
5e424bd56f820,r,ro,58,292,444,350,386
5e424bd56f820,o,on,94,206,371,300,277
5e424bd56f820,n,nt,71,297,406,368,335
5e424bd56f820,t,tt,38,30297,30407,30335,30369
5e424bd56f820,t,th,72,195,335,267,263
5e424bd56f820,h,ho,68,232,355,300,287
5e424bd56f820,o,ot,55,295,422,350,367
5e424bd56f820,t,ts,72,242,369,314,297
5e424bd56f820,s,sa,55,163,272,218,217
5e424bd56f820,a,ap,54,493,638,547,584
5e424bd56f820,p,ph,91,344,477,435,386
5e424bd56f820,h,ho,42,158,273,200,231
5e424bd56f820,o,on,73,227,372,300,299
5e424bd56f820,n,nspace,72,475,607,547,535
5e424bd56f820,space,spacec,60,362,477,422,417
5e424bd56f820,c,ch,55,211,354,266,299
5e424bd56f820,h,hi,88,213,356,301,268
5e424bd56f820,i,ir,55,346,457,401,402
5e424bd56f820,r,ro,56,275,407,331,351
5e424bd56f820,o,oj,76,643,775,719,699
5e424bd56f820,j,jc,56,408,535,464,479
5e424bd56f820,c,ch,71,178,323,249,252
5e424bd56f820,h,ha,74,283,439,357,365
5e424bd56f820,a,at,82,411,567,493,485
5e424bd56f820,t,tu,74,226,372,300,298
5e424bd56f820,u,ur,72,228,341,300,269
5e424bd56f820,r,ro,41,645,760,686,719
5e424bd56f820,o,on,74,208,372,282,298
5e424bd56f820,n,nt,90,278,438,368,348
5e424bd56f820,t,tt,70,33564,33691,33634,33621
5e424bd56f820,t,th,57,229,357,286,300
5e424bd56f820,h,ho,71,293,405,364,334
5e424bd56f820,o,ot,41,476,591,517,550
5e424bd56f820,t,ts,74,223,355,297,281
5e424bd56f820,s,sa,58,159,291,217,233
5e424bd56f820,a,ap,74,477,642,551,568
5e424bd56f820,p,ph,91,276,424,367,333
5e424bd56f820,h,ho,57,135,291,192,234
5e424bd56f820,o,on,99,178,349,277,250
5e424bd56f820,n,nspace,72,729,858,801,786
5e424bd56f820,space,spacec,57,242,355,299,298
5e424bd56f820,c,ch,56,407,554,463,498
5e424bd56f820,h,hi,91,196,376,287,285
5e424bd56f820,i,ir,89,424,574,513,485
5e424bd56f820,r,ro,61,260,425,321,364
5e424bd56f820,o,oj,104,275,453,379,349
5e424bd56f820,j,jc,74,258,426,332,352
5e424bd56f820,c,ch,94,210,395,304,301
5e424bd56f820,h,ha,91,291,458,382,367
5e424bd56f820,a,at,76,360,528,436,452
5e424bd56f820,t,tu,92,491,675,583,583
5e424bd56f820,u,ur,92,271,441,363,349
5e424bd56f820,r,ro,78,626,810,704,732
5e424bd56f820,o,on,106,259,421,365,315
5e424bd56f820,n,nt,56,379,471,435,415
5e424bd56f820,t,tt,36,33644,33777,33680,33741
5e424bd56f820,t,th,97,344,529,441,432
5e424bd56f820,h,ho,88,212,327,300,239
5e424bd56f820,o,ot,27,304,420,331,393
5e424bd56f820,t,ts,89,232,386,321,297
5e424bd56f820,s,sa,65,164,285,229,220
5e424bd56f820,a,ap,56,444,589,500,533
5e424bd56f820,p,ph,89,261,422,350,333
5e424bd56f820,h,ho,72,173,338,245,266
5e424bd56f820,o,on,93,212,375,305,282
5e424bd56f820,n,nspace,70,198,323,268,253
5e424bd56f820,space,spacec,55,196,334,251,279
5e424bd56f820,c,ch,83,280,422,363,339
5e424bd56f820,h,hi,59,197,320,256,261
5e424bd56f820,i,ir,64,393,494,457,430
5e424bd56f820,r,ro,37,258,357,295,320
5e424bd56f820,o,oj,62,238,381,300,319
5e424bd56f820,j,jc,81,273,433,354,352
5e424bd56f820,c,ch,79,190,327,269,248
5e424bd56f820,h,ha,58,297,412,355,354
5e424bd56f820,a,at,57,343,472,400,415
5e424bd56f820,t,tu,72,326,438,398,366
5e424bd56f820,u,ur,40,276,372,316,332
5e424bd56f820,r,ro,56,280,393,336,337
5e424bd56f820,o,on,57,225,353,282,296
5e424bd56f820,n,nt,71,292,425,363,354
5e424bd56f820,t,tt,62,29495,29613,29557,29551
5e424bd56f820,t,th,56,307,422,363,366
5e424bd56f820,h,ho,59,224,342,283,283
5e424bd56f820,o,ot,59,626,757,685,698
5e424bd56f820,t,ts,72,379,490,451,418
5e424bd56f820,s,sa,39,161,239,200,200
5e424bd56f820,a,ap,39,517,637,556,598
5e424bd56f820,p,ph,81,278,421,359,340
5e424bd56f820,h,ho,62,190,308,252,246
5e424bd56f820,o,om,56,177,289,233,233
5e424bd56f820,m,mn,56,894,1005,950,949
5e424bd56f820,n,nspace,55,231,340,286,285
5e424bd56f820,space,spacec,54,610,737,664,683
5e424bd56f820,c,ch,73,194,340,267,267
5e424bd56f820,h,hi,73,178,290,251,217
5e424bd56f820,i,ir,39,593,691,632,652
5e424bd56f820,r,ro,59,527,658,586,599
5e424bd56f820,o,oj,72,328,456,400,384
5e424bd56f820,j,jc,56,276,390,332,334
5e424bd56f820,c,ch,58,191,320,249,262
5e424bd56f820,h,ha,71,311,473,382,402
5e424bd56f820,a,at,91,345,509,436,418
5e424bd56f820,t,tu,73,528,688,601,615
5e424bd56f820,u,ur,87,277,419,364,332
5e424bd56f820,r,ro,55,257,391,312,336
5e424bd56f820,o,on,79,208,377,287,298
5e424bd56f820,n,nt,90,246,407,336,317
5e424bd56f820,t,tp,71,-121016,-120874,-120945,-120945
5e424d1fa0f3d,p,pi,71,228,384,299,313
5e424d1fa0f3d,i,ic,85,332,503,417,418
5e424d1fa0f3d,c,ch,86,133,302,219,216
5e424d1fa0f3d,h,he,83,75,251,158,168
5e424d1fa0f3d,e,et,93,132,275,225,182
5e424d1fa0f3d,t,tspace,50,597,736,647,686
5e424d1fa0f3d,space,spaceb,89,495,654,584,565
5e424d1fa0f3d,b,bo,70,129,269,199,199
5e424d1fa0f3d,o,oo,70,74,220,144,150
5e424d1fa0f3d,o,on,76,180,308,256,232
5e424d1fa0f3d,n,no,52,72,202,124,150
5e424d1fa0f3d,o,oh,78,196,361,274,283
5e424d1fa0f3d,h,he,87,99,289,186,202
5e424d1fa0f3d,e,en,103,130,302,233,199
5e424d1fa0f3d,n,ng,69,103,237,172,168
5e424d1fa0f3d,g,gbksp,65,2958,3084,3023,3019
5e424d1fa0f3d,bksp,bkspbksp,61,64,206,125,145
5e424d1fa0f3d,bksp,bkspbksp,81,69,214,150,133
5e424d1fa0f3d,bksp,bkspbksp,64,298,467,362,403
5e424d1fa0f3d,bksp,bkspbksp,105,83,252,188,147
5e424d1fa0f3d,bksp,bkspp,64,848,984,912,920
5e424d1fa0f3d,p,ph,72,380,539,452,467
5e424d1fa0f3d,h,he,87,655,839,742,752
5e424d1fa0f3d,e,en,97,109,294,206,197
5e424d1fa0f3d,n,ng,88,182,337,270,249
5e424d1fa0f3d,g,gi,67,31035,31187,31102,31120
5e424d1fa0f3d,i,ic,85,182,335,267,250
5e424d1fa0f3d,c,ch,68,89,236,157,168
5e424d1fa0f3d,h,he,79,146,277,225,198
5e424d1fa0f3d,e,et,52,134,252,186,200
5e424d1fa0f3d,t,tspace,66,347,501,413,435
5e424d1fa0f3d,space,spaceb,88,312,492,400,404
5e424d1fa0f3d,b,bo,92,90,271,182,179
5e424d1fa0f3d,o,oo,89,111,240,200,151
5e424d1fa0f3d,o,on,40,229,340,269,300
5e424d1fa0f3d,n,np,71,128,286,199,215
5e424d1fa0f3d,p,ph,87,244,420,331,333
5e424d1fa0f3d,h,he,89,125,308,214,219
5e424d1fa0f3d,e,en,94,53,224,147,130
5e424d1fa0f3d,n,ng,77,127,278,204,201
5e424d1fa0f3d,g,gp,74,27151,27326,27225,27252
5e424d1fa0f3d,p,pi,101,147,334,248,233
5e424d1fa0f3d,i,ic,86,227,387,313,301
5e424d1fa0f3d,c,ch,74,74,242,148,168
5e424d1fa0f3d,h,he,94,106,276,200,182
5e424d1fa0f3d,e,et,76,90,260,166,184
5e424d1fa0f3d,t,tspace,94,241,396,335,302
5e424d1fa0f3d,space,spaceb,61,276,429,337,368
5e424d1fa0f3d,b,bo,92,52,222,144,130
5e424d1fa0f3d,o,oo,78,52,211,130,133
5e424d1fa0f3d,o,on,81,144,315,225,234
5e424d1fa0f3d,n,np,90,37,208,127,118
5e424d1fa0f3d,p,ph,81,692,809,773,728
5e424d1fa0f3d,h,he,36,743,875,779,839
5e424d1fa0f3d,e,en,96,53,210,149,114
5e424d1fa0f3d,n,ng,61,175,329,236,268
5e424d1fa0f3d,g,gp,93,24089,24229,24182,24136
5e424d1fa0f3d,p,pi,47,179,313,226,266
5e424d1fa0f3d,i,ic,87,224,402,311,315
5e424d1fa0f3d,c,ch,91,58,240,149,149
5e424d1fa0f3d,h,he,91,72,243,163,152
5e424d1fa0f3d,e,et,80,73,229,153,149
5e424d1fa0f3d,t,tspace,76,397,544,473,468
5e424d1fa0f3d,space,spaceb,71,180,336,251,265
5e424d1fa0f3d,b,bo,85,71,219,156,134
5e424d1fa0f3d,o,oo,63,86,212,149,149
5e424d1fa0f3d,o,on,63,125,263,188,200
5e424d1fa0f3d,n,np,75,37,192,112,117
5e424d1fa0f3d,p,ph,80,883,999,963,919
5e424d1fa0f3d,h,he,36,177,318,213,282
5e424d1fa0f3d,e,en,105,115,286,220,181
5e424d1fa0f3d,n,ng,66,90,236,156,170
5e424d1fa0f3d,g,gi,80,28617,28780,28697,28700
5e424d1fa0f3d,i,ic,83,206,315,289,232
5e424d1fa0f3d,c,ch,26,217,326,243,300
5e424d1fa0f3d,h,he,83,76,216,159,133
5e424d1fa0f3d,e,et,57,56,191,113,134
5e424d1fa0f3d,t,tspace,78,346,481,424,403
5e424d1fa0f3d,space,spaceb,57,344,474,401,417
5e424d1fa0f3d,b,bo,73,114,237,187,164
5e424d1fa0f3d,o,oo,50,72,202,122,152
5e424d1fa0f3d,o,on,80,87,246,167,166
5e424d1fa0f3d,n,np,79,18,179,97,100
5e424d1fa0f3d,p,ph,82,157,315,239,233
5e424d1fa0f3d,h,he,76,111,264,187,188
5e424d1fa0f3d,e,en,77,3,156,80,79
5e424d1fa0f3d,n,ng,76,123,310,199,234
5e424d1fa0f3d,g,gp,111,1642,1827,1753,1716
5e424d1fa0f3d,p,ph,74,280,422,354,348
5e424d1fa0f3d,h,he,68,183,336,251,268
5e424d1fa0f3d,e,en,85,41,184,126,99
5e424d1fa0f3d,n,ng,58,216,358,274,300
5e424d1fa0f3d,g,gp,84,30702,30871,30786,30787
5e424d1fa0f3d,p,pi,85,141,316,226,231
5e424d1fa0f3d,i,ic,90,195,356,285,266
5e424d1fa0f3d,c,ch,71,74,241,145,170
5e424d1fa0f3d,h,he,96,107,279,203,183
5e424d1fa0f3d,e,et,76,130,273,206,197
5e424d1fa0f3d,t,tspace,67,279,404,346,337
5e424d1fa0f3d,space,spaceb,58,342,491,400,433
5e424d1fa0f3d,b,bo,91,38,206,129,115
5e424d1fa0f3d,o,oo,77,97,226,174,149
5e424d1fa0f3d,o,ob,52,162,321,214,269
5e424d1fa0f3d,b,bp,107,130,275,237,168
5e424d1fa0f3d,p,pbksp,38,613,720,651,682
5e424d1fa0f3d,bksp,bkspbksp,69,73,217,142,148
5e424d1fa0f3d,bksp,bkspn,75,515,660,590,585
5e424d1fa0f3d,n,np,70,264,437,334,367
5e424d1fa0f3d,p,ph,103,247,436,350,333
5e424d1fa0f3d,h,he,86,192,371,278,285
5e424d1fa0f3d,e,en,93,18,191,111,98
5e424d1fa0f3d,n,ng,80,127,296,207,216
5e424d1fa0f3d,g,gp,89,27503,27644,27592,27555
5e424d1fa0f3d,p,pi,52,187,316,239,264
5e424d1fa0f3d,i,ic,77,281,430,358,353
5e424d1fa0f3d,c,ch,72,109,251,181,179
5e424d1fa0f3d,h,he,70,127,237,197,167
5e424d1fa0f3d,e,et,40,140,258,180,218
5e424d1fa0f3d,t,tspace,78,151,344,229,266
5e424d1fa0f3d,space,spaceb,115,480,683,595,568
5e424d1fa0f3d,b,bo,88,98,219,186,131
5e424d1fa0f3d,o,oo,33,106,183,139,150
5e424d1fa0f3d,o,ob,44,479,634,523,590
5e424d1fa0f3d,b,bp,111,108,288,219,177
5e424d1fa0f3d,p,pe,69,331,456,400,387
5e424d1fa0f3d,e,ebksp,56,2526,2671,2582,2615
5e424d1fa0f3d,bksp,bkspbksp,89,148,271,237,182
5e424d1fa0f3d,bksp,bkspbksp,34,378,445,412,411
5e424d1fa0f3d,bksp,bksph,33,565,658,598,625
5e424d1fa0f3d,h,he,60,212,359,272,299
5e424d1fa0f3d,e,en,87,164,302,251,215
5e424d1fa0f3d,n,ng,51,180,319,231,268
5e424d1fa0f3d,g,gbksp,88,2203,2353,2291,2265
5e424d1fa0f3d,bksp,bkspbksp,62,72,196,134,134
5e424d1fa0f3d,bksp,bkspbksp,62,76,195,138,133
5e424d1fa0f3d,bksp,bkspbksp,57,70,207,127,150
5e424d1fa0f3d,bksp,bkspbksp,80,70,214,150,134
5e424d1fa0f3d,bksp,bkspbksp,64,92,197,156,133
5e424d1fa0f3d,bksp,bkspn,41,819,941,860,900
5e424d1fa0f3d,n,np,81,270,450,351,369
5e424d1fa0f3d,p,ph,99,193,383,292,284
5e424d1fa0f3d,h,he,91,264,440,355,349
5e424d1fa0f3d,e,en,85,146,299,231,214
5e424d1fa0f3d,n,ng,68,127,279,195,211
5e424d1fa0f3d,g,gp,84,88383,88544,88467,88460
5e424d1fa0f3d,p,pi,77,172,344,249,267
5e424d1fa0f3d,i,ic,95,153,345,248,250
5e424d1fa0f3d,c,ch,97,55,265,152,168
5e424d1fa0f3d,h,he,113,102,311,215,198
5e424d1fa0f3d,e,et,96,88,247,184,151
5e424d1fa0f3d,t,tspace,63,257,399,320,336
5e424d1fa0f3d,space,spaceb,79,269,444,348,365
5e424d1fa0f3d,b,bo,96,86,262,182,166
5e424d1fa0f3d,o,oo,80,90,215,170,135
5e424d1fa0f3d,o,on,45,151,278,196,233
5e424d1fa0f3d,n,np,82,19,215,101,133
5e424d1fa0f3d,p,ph,114,169,398,283,284
5e424d1fa0f3d,h,he,115,163,375,278,260
5e424d1fa0f3d,e,en,97,5,153,102,56
5e424d1fa0f3d,n,ng,51,105,232,156,181
5e424d1fa0f3d,g,gp,76,27225,27395,27301,27319
5e424d1fa0f3d,p,pi,94,145,326,239,232
5e424d1fa0f3d,i,ic,87,252,391,339,304
5e424d1fa0f3d,c,ch,52,75,180,127,128
5e424d1fa0f3d,h,he,53,97,256,150,203
5e424d1fa0f3d,e,et,106,133,271,239,165
5e424d1fa0f3d,t,tspace,32,370,451,402,419
5e424d1fa0f3d,space,spaceb,49,377,498,426,449
5e424d1fa0f3d,b,bo,72,101,238,173,166
5e424d1fa0f3d,o,oo,65,74,214,139,149
5e424d1fa0f3d,o,on,75,129,275,204,200
5e424d1fa0f3d,n,np,71,39,155,110,84
5e424d1fa0f3d,p,ph,45,183,311,228,266
5e424d1fa0f3d,h,he,83,111,285,194,202
5e424d1fa0f3d,e,en,91,20,205,111,114
5e424d1fa0f3d,n,ng,94,107,260,201,166
5e424d1fa0f3d,g,gp,59,40122,40246,40181,40187
5e424d1fa0f3d,p,pi,65,185,349,250,284
5e424d1fa0f3d,i,ic,99,369,534,468,435
5e424d1fa0f3d,c,ch,66,96,232,162,166
5e424d1fa0f3d,h,he,70,99,235,169,165
5e424d1fa0f3d,e,et,66,77,234,143,168
5e424d1fa0f3d,t,tspace,91,216,373,307,282
5e424d1fa0f3d,space,spaceb,66,384,518,450,452
5e424d1fa0f3d,b,bo,68,100,232,168,164
5e424d1fa0f3d,o,oo,64,97,216,161,152
5e424d1fa0f3d,o,on,55,200,321,255,266
5e424d1fa0f3d,n,np,66,55,199,121,133
5e424d1fa0f3d,p,pg,78,565,674,643,596
5e424d1fa0f3d,g,ge,31,355,472,386,441
5e424d1fa0f3d,e,ebksp,86,2066,2217,2152,2131
5e424d1fa0f3d,bksp,bkspbksp,65,430,582,495,517
5e424d1fa0f3d,bksp,bksph,87,567,742,654,655
5e424d1fa0f3d,h,he,88,176,366,264,278
5e424d1fa0f3d,e,en,102,198,335,300,233
5e424d1fa0f3d,n,ng,35,114,268,149,233
5e424d1fa0f3d,g,gh,119,20745,20948,20864,20829
5e424eb65c6a1,h,hshift,84,1617,1782,1701,1698
5e424eb65c6a1,shift,shiftbksp,81,1257,1428,1338,1347
5e424eb65c6a1,bksp,bkspA,90,268,447,358,357
5e424eb65c6a1,A,Ashift,89,880,1051,969,962
5e424eb65c6a1,shift,shiftbksp,82,731,886,813,804
5e424eb65c6a1,bksp,bkspa,73,208,372,281,299
5e424eb65c6a1,a,an,91,619,842,710,751
5e424eb65c6a1,n,nu,132,208,428,340,296
5e424eb65c6a1,u,ut,88,213,407,301,319
5e424eb65c6a1,t,tspace,106,562,791,668,685
5e424eb65c6a1,space,spacep,123,127,371,250,248
5e424eb65c6a1,p,pi,121,229,436,350,315
5e424eb65c6a1,i,iy,86,245,436,331,350
5e424eb65c6a1,y,ya,105,414,641,519,536
5e424eb65c6a1,a,av,122,250,471,372,349
5e424eb65c6a1,v,va,99,60,283,159,184
5e424eb65c6a1,a,at,124,262,490,386,366
5e424eb65c6a1,t,tt,104,49283,49441,49387,49337
5e424eb65c6a1,t,th,54,162,285,216,231
5e424eb65c6a1,h,hn,69,749,923,818,854
5e424eb65c6a1,n,ni,105,208,401,313,296
5e424eb65c6a1,i,iu,88,1231,1392,1319,1304
5e424eb65c6a1,u,ut,73,326,540,399,467
5e424eb65c6a1,t,tspace,141,1291,1489,1432,1348
5e424eb65c6a1,space,spacep,57,380,557,437,500
5e424eb65c6a1,p,pi,120,311,538,431,418
5e424eb65c6a1,i,iy,107,425,589,532,482
5e424eb65c6a1,y,ya,57,161,357,218,300
5e424eb65c6a1,a,av,139,266,487,405,348
5e424eb65c6a1,v,va,82,86,283,168,201
5e424eb65c6a1,a,ar,115,240,483,355,368
5e424eb65c6a1,r,rbksp,128,576,813,704,685
5e424eb65c6a1,bksp,bkspt,109,259,459,368,350
5e424eb65c6a1,t,tt,91,32411,32645,32502,32554
5e424eb65c6a1,t,th,143,125,373,268,230
5e424eb65c6a1,h,ha,105,245,474,350,369
5e424eb65c6a1,a,an,124,158,388,282,264
5e424eb65c6a1,n,nu,106,194,388,300,282
5e424eb65c6a1,u,ut,88,529,724,617,636
5e424eb65c6a1,t,tspace,107,226,422,333,315
5e424eb65c6a1,space,spacep,89,127,321,216,232
5e424eb65c6a1,p,pi,105,229,423,334,318
5e424eb65c6a1,i,iy,89,218,402,307,313
5e424eb65c6a1,y,ya,95,217,417,312,322
5e424eb65c6a1,a,av,105,326,519,431,414
5e424eb65c6a1,v,va,88,130,320,218,232
5e424eb65c6a1,a,at,102,315,524,417,422
5e424eb65c6a1,t,tt,107,31376,31605,31483,31498
5e424eb65c6a1,t,th,122,229,437,351,315
5e424eb65c6a1,h,ha,86,214,424,300,338
5e424eb65c6a1,a,an,124,208,439,332,315
5e424eb65c6a1,n,nu,107,193,371,300,264
5e424eb65c6a1,u,ut,71,265,422,336,351
5e424eb65c6a1,t,tspace,86,328,507,414,421
5e424eb65c6a1,space,spacep,93,243,457,336,364
5e424eb65c6a1,p,pi,121,229,453,350,332
5e424eb65c6a1,i,iy,103,229,421,332,318
5e424eb65c6a1,y,ya,89,345,573,434,484
5e424eb65c6a1,a,av,139,378,602,517,463
5e424eb65c6a1,v,va,85,104,304,189,219
5e424eb65c6a1,a,at,115,313,518,428,403
5e424eb65c6a1,t,tt,90,28544,28740,28634,28650
5e424eb65c6a1,t,th,106,162,337,268,231
5e424eb65c6a1,h,ha,69,109,304,178,235
5e424eb65c6a1,a,an,126,132,323,258,197
5e424eb65c6a1,n,nu,65,199,332,264,267
5e424eb65c6a1,u,ut,68,249,440,317,372
5e424eb65c6a1,t,tspace,123,410,608,533,485
5e424eb65c6a1,space,spacep,75,290,473,365,398
5e424eb65c6a1,p,pi,108,208,371,316,263
5e424eb65c6a1,i,iy,55,214,323,269,268
5e424eb65c6a1,y,ya,54,145,322,199,268
5e424eb65c6a1,a,av,123,152,354,275,231
5e424eb65c6a1,v,va,79,86,297,165,218
5e424eb65c6a1,a,at,132,310,563,442,431
5e424eb65c6a1,t,tt,121,38632,38861,38753,38740
5e424eb65c6a1,t,th,108,146,321,254,213
5e424eb65c6a1,h,ha,67,532,703,599,636
5e424eb65c6a1,a,an,104,179,368,283,264
5e424eb65c6a1,n,nu,85,196,369,281,284
5e424eb65c6a1,u,ut,88,279,458,367,370
5e424eb65c6a1,t,t.,91,528,688,619,597
5e424eb65c6a1,.,.p,69,3333,3500,3402,3431
5e424eb65c6a1,p,pbksp,98,596,751,694,653
5e424eb65c6a1,bksp,bkspspace,57,161,309,218,252
5e424eb65c6a1,space,spacei,91,660,808,751,717
5e424eb65c6a1,i,iy,57,374,506,431,449
5e424eb65c6a1,y,ya,75,178,374,253,299
5e424eb65c6a1,a,av,121,294,488,415,367
5e424eb65c6a1,v,va,73,108,273,181,200
5e424eb65c6a1,a,at,92,222,461,314,369
5e424eb65c6a1,t,tt,147,31646,31881,31793,31734
5e424eb65c6a1,t,th,88,144,372,232,284
5e424eb65c6a1,h,ha,140,509,757,649,617
5e424eb65c6a1,a,an,108,211,439,319,331
5e424eb65c6a1,n,nu,120,162,369,282,249
5e424eb65c6a1,u,ut,87,212,370,299,283
5e424eb65c6a1,t,tspace,71,248,389,319,318
5e424eb65c6a1,space,spacep,70,249,425,319,355
5e424eb65c6a1,p,pi,106,225,402,331,296
5e424eb65c6a1,i,iy,71,347,486,418,415
5e424eb65c6a1,y,ya,68,264,388,332,320
5e424eb65c6a1,a,av,56,262,405,318,349
5e424eb65c6a1,v,va,87,49,271,136,184
5e424eb65c6a1,a,ay,135,292,517,427,382
5e424eb65c6a1,y,ybksp,90,761,942,851,852
5e424eb65c6a1,bksp,bkspt,91,208,408,299,317
5e424eb65c6a1,t,tt,109,35081,35311,35190,35202
5e424eb65c6a1,t,th,121,129,333,250,212
5e424eb65c6a1,h,ha,83,197,387,280,304
5e424eb65c6a1,a,an,107,194,406,301,299
5e424eb65c6a1,n,nu,105,162,354,267,249
5e424eb65c6a1,u,ut,87,513,670,600,583
5e424eb65c6a1,t,tspace,70,199,372,269,302
5e424eb65c6a1,space,spacep,103,110,335,213,232
5e424eb65c6a1,p,pi,122,233,437,355,315
5e424eb65c6a1,i,iy,82,200,334,282,252
5e424eb65c6a1,y,ya,52,192,353,244,301
5e424eb65c6a1,a,av,109,310,475,419,366
5e424eb65c6a1,v,va,56,129,291,185,235
5e424eb65c6a1,a,at,106,209,437,315,331
5e424eb65c6a1,t,tt,122,28248,28440,28370,28318
5e424eb65c6a1,t,th,70,194,319,264,249
5e424eb65c6a1,h,hn,55,412,572,467,517
5e424eb65c6a1,n,nu,105,395,540,500,435
5e424eb65c6a1,u,ubksp,40,413,556,453,516
5e424eb65c6a1,bksp,bkspbksp,103,93,238,196,135
5e424eb65c6a1,bksp,bkspa,42,105,256,147,214
5e424eb65c6a1,a,an,109,427,628,536,519
5e424eb65c6a1,n,nu,92,244,407,336,315
5e424eb65c6a1,u,ut,71,179,339,250,268
5e424eb65c6a1,t,tspace,89,593,774,682,685
5e424eb65c6a1,space,spacep,92,214,403,306,311
5e424eb65c6a1,p,pi,97,221,400,318,303
5e424eb65c6a1,i,iy,82,171,348,253,266
5e424eb65c6a1,y,ya,95,213,430,308,335
5e424eb65c6a1,a,av,122,225,437,347,315
5e424eb65c6a1,v,va,90,74,256,164,166
5e424eb65c6a1,a,at,92,265,446,357,354
5e424eb65c6a1,t,tt,89,32597,32774,32686,32685
5e424eb65c6a1,t,th,88,125,318,213,230
5e424eb65c6a1,h,ha,105,199,407,304,302
5e424eb65c6a1,a,an,103,230,435,333,332
5e424eb65c6a1,n,nu,102,197,353,299,251
5e424eb65c6a1,u,ut,54,177,342,231,288
5e424eb65c6a1,t,tspace,111,264,491,375,380
5e424eb65c6a1,space,spacep,116,188,432,304,316
5e424eb65c6a1,p,pi,128,244,460,372,332
5e424eb65c6a1,i,iy,88,230,403,318,315
5e424eb65c6a1,y,ya,85,102,303,187,218
5e424eb65c6a1,a,av,116,202,400,318,284
5e424eb65c6a1,v,va,82,87,284,169,202
5e424eb65c6a1,a,at,115,192,397,307,282
5e424eb65c6a1,t,tn,90,-351974,-351831,-351884,-351921
5e424ec6db911,n,nt,53,810,924,863,871
5e424ec6db911,t,td,61,240,371,301,310
5e424ec6db911,d,da,70,228,371,298,301
5e424ec6db911,a,abksp,73,702,840,775,767
5e424ec6db911,bksp,bkspbksp,65,109,216,174,151
5e424ec6db911,bksp,bkspbksp,42,1178,1280,1220,1238
5e424ec6db911,bksp,bkspbksp,60,153,254,213,194
5e424ec6db911,bksp,bkspa,41,677,762,718,721
5e424ec6db911,a,at,44,756,874,800,830
5e424ec6db911,t,td,74,376,508,450,434
5e424ec6db911,d,dn,58,606,722,664,664
5e424ec6db911,n,na,58,309,458,367,400
5e424ec6db911,a,ai,91,393,540,484,449
5e424ec6db911,i,ispace,56,298,397,354,341
5e424ec6db911,space,spacep,43,321,435,364,392
5e424ec6db911,p,ph,71,229,373,300,302
5e424ec6db911,h,ho,73,179,308,252,235
5e424ec6db911,o,on,56,191,304,247,248
5e424ec6db911,n,ng,57,231,357,288,300
5e424ec6db911,g,ga,69,240,386,309,317
5e424ec6db911,a,am,77,314,460,391,383
5e424ec6db911,m,mn,69,27613,27740,27682,27671
5e424ec6db911,n,nbksp,58,1344,1441,1402,1383
5e424ec6db911,bksp,bkspa,39,491,673,530,634
5e424ec6db911,a,at,143,462,675,605,532
5e424ec6db911,t,td,70,494,621,564,551
5e424ec6db911,d,da,57,209,336,266,279
5e424ec6db911,a,an,70,332,457,402,387
5e424ec6db911,n,na,55,275,407,330,352
5e424ec6db911,a,ai,77,312,425,389,348
5e424ec6db911,i,ip,36,635,720,671,684
5e424ec6db911,p,pbksp,49,1510,1616,1559,1567
5e424ec6db911,bksp,bkspspace,57,345,444,402,387
5e424ec6db911,space,spacep,42,837,938,879,896
5e424ec6db911,p,ph,59,1091,1192,1150,1133
5e424ec6db911,h,ho,42,459,561,501,519
5e424ec6db911,o,on,60,291,405,351,345
5e424ec6db911,n,ng,54,3095,3225,3149,3171
5e424ec6db911,g,ga,76,223,373,299,297
5e424ec6db911,a,am,74,294,440,368,366
5e424ec6db911,m,mn,72,30527,30657,30599,30585
5e424ec6db911,n,nt,58,797,925,855,867
5e424ec6db911,t,td,70,196,336,266,266
5e424ec6db911,d,da,70,176,340,246,270
5e424ec6db911,a,an,94,260,426,354,332
5e424ec6db911,n,ni,72,630,754,702,682
5e424ec6db911,i,ispace,52,315,435,367,383
5e424ec6db911,space,spacep,68,328,454,396,386
5e424ec6db911,p,ph,58,360,489,418,431
5e424ec6db911,h,ho,71,217,338,288,267
5e424ec6db911,o,on,50,363,484,413,434
5e424ec6db911,n,ng,71,228,355,299,284
5e424ec6db911,g,ga,56,261,406,317,350
5e424ec6db911,a,am,89,275,408,364,319
5e424ec6db911,m,mn,44,36173,36266,36217,36222
5e424ec6db911,n,na,49,354,477,403,428
5e424ec6db911,a,at,74,408,557,482,483
5e424ec6db911,t,td,75,253,423,328,348
5e424ec6db911,d,da,95,226,396,321,301
5e424ec6db911,a,an,75,324,461,399,386
5e424ec6db911,n,na,62,289,428,351,366
5e424ec6db911,a,ai,77,344,476,421,399
5e424ec6db911,i,ispace,55,256,386,311,331
5e424ec6db911,space,spacep,75,363,513,438,438
5e424ec6db911,p,ph,75,544,673,619,598
5e424ec6db911,h,ho,54,208,322,262,268
5e424ec6db911,o,on,60,276,395,336,335
5e424ec6db911,n,ng,59,333,457,392,398
5e424ec6db911,g,ga,65,291,429,356,364
5e424ec6db911,a,am,73,373,494,446,421
5e424ec6db911,m,mn,48,26379,26497,26427,26449
5e424ec6db911,n,na,70,292,456,362,386
5e424ec6db911,a,at,94,305,494,399,400
5e424ec6db911,t,td,95,155,323,250,228
5e424ec6db911,d,da,73,175,325,248,252
5e424ec6db911,a,an,77,260,393,337,316
5e424ec6db911,n,na,56,294,422,350,366
5e424ec6db911,a,ai,72,280,407,352,335
5e424ec6db911,i,ip,55,527,622,582,567
5e424ec6db911,p,ph,40,292,391,332,351
5e424ec6db911,h,ho,59,191,306,250,247
5e424ec6db911,o,on,56,190,324,246,268
5e424ec6db911,n,ng,78,344,481,422,403
5e424ec6db911,g,gm,59,658,774,717,715
5e424ec6db911,m,mn,57,28180,28279,28237,28222
5e424ec6db911,n,nt,42,772,885,814,843
5e424ec6db911,t,td,71,212,356,283,285
5e424ec6db911,d,dn,73,562,689,635,616
5e424ec6db911,n,na,54,315,444,369,390
5e424ec6db911,a,ai,75,290,420,365,345
5e424ec6db911,i,ispace,55,182,305,237,250
5e424ec6db911,space,spacep,68,263,367,331,299
5e424ec6db911,p,ph,36,414,506,450,470
5e424ec6db911,h,ho,56,180,285,236,229
5e424ec6db911,o,on,49,186,298,235,249
5e424ec6db911,n,ng,63,470,600,533,537
5e424ec6db911,g,ga,67,258,397,325,330
5e424ec6db911,a,am,72,311,426,383,354
5e424ec6db911,m,mn,43,32712,32809,32755,32766
5e424ec6db911,n,na,54,314,439,368,385
5e424ec6db911,a,at,71,293,454,364,383
5e424ec6db911,t,td,90,211,369,301,279
5e424ec6db911,d,da,68,181,337,249,269
5e424ec6db911,a,an,88,244,406,332,318
5e424ec6db911,n,ni,74,613,724,687,650
5e424ec6db911,i,ispace,37,213,317,250,280
5e424ec6db911,space,spacep,67,328,470,395,403
5e424ec6db911,p,ph,75,342,496,417,421
5e424ec6db911,h,ho,79,208,340,287,261
5e424ec6db911,o,on,53,194,336,247,283
5e424ec6db911,n,nf,89,248,427,337,338
5e424ec6db911,f,fbksp,90,1408,1543,1498,1453
5e424ec6db911,bksp,bkspg,45,392,505,437,460
5e424ec6db911,g,gbksp,68,746,885,814,817
5e424ec6db911,bksp,bkspbksp,71,110,207,181,136
5e424ec6db911,bksp,bkspg,26,774,891,800,865
5e424ec6db911,g,ga,91,262,423,353,332
5e424ec6db911,a,am,70,277,405,347,335
5e424ec6db911,m,mn,58,25194,25310,25252,25252
5e424ec6db911,n,na,58,373,523,431,465
5e424ec6db911,a,at,92,291,458,383,366
5e424ec6db911,t,td,75,329,475,404,400
5e424ec6db911,d,dn,71,609,741,680,670
5e424ec6db911,n,na,61,276,410,337,349
5e424ec6db911,a,ai,73,222,340,295,267
5e424ec6db911,i,ispace,45,204,308,249,263
5e424ec6db911,space,spacep,59,275,396,334,337
5e424ec6db911,p,ph,62,489,612,551,550
5e424ec6db911,h,ho,61,177,291,238,230
5e424ec6db911,o,on,53,326,440,379,387
5e424ec6db911,n,ng,61,1025,1160,1086,1099
5e424ec6db911,g,ga,74,225,373,299,299
5e424ec6db911,a,am,74,273,410,347,336
5e424ec6db911,m,mn,63,26305,26444,26368,26381
5e424ec6db911,n,na,76,329,494,405,418
5e424ec6db911,a,at,89,311,471,400,382
5e424ec6db911,t,td,71,242,386,313,315
5e424ec6db911,d,dn,73,546,678,619,605
5e424ec6db911,n,ni,59,638,740,697,681
5e424ec6db911,i,ispace,43,215,327,258,284
5e424ec6db911,space,spacep,69,244,385,313,316
5e424ec6db911,p,ph,72,346,490,418,418
5e424ec6db911,h,ho,72,196,304,268,232
5e424ec6db911,o,on,36,195,301,231,265
5e424ec6db911,n,ng,70,244,387,314,317
5e424ec6db911,g,ga,73,262,427,335,354
5e424ec6db911,a,am,92,294,444,386,352
5e424ec6db911,m,mn,58,30091,30204,30149,30146
5e424ec6db911,n,nt,55,745,859,800,804
5e424ec6db911,t,td,59,409,542,468,483
5e424ec6db911,d,da,74,207,355,281,281
5e424ec6db911,a,an,74,478,610,552,536
5e424ec6db911,n,na,58,257,393,315,335
5e424ec6db911,a,ai,78,242,372,320,294
5e424ec6db911,i,ispace,52,197,319,249,267
5e424ec6db911,space,spacep,70,332,439,402,369
5e424ec6db911,p,ph,37,443,555,480,518
5e424ec6db911,h,ho,75,207,340,282,265
5e424ec6db911,o,on,58,188,323,246,265
5e424ec6db911,n,ng,77,247,396,324,319
5e424ec6db911,g,ga,72,258,420,330,348
5e424ec6db911,a,ac,90,146541,146674,146631,146584
5e4250a680346,c,ch,43,168,276,211,233
5e4250a680346,h,ha,65,602,717,667,652
5e4250a680346,a,ai,50,119,249,169,199
5e4250a680346,i,ip,80,169,313,249,233
5e4250a680346,p,pa,64,157,282,221,218
5e4250a680346,a,at,61,215,344,276,283
5e4250a680346,t,tbksp,68,1410,1539,1478,1471
5e4250a680346,bksp,bksph,61,348,491,409,430
5e4250a680346,h,hspace,82,1132,1282,1214,1200
5e4250a680346,space,spacem,68,943,1089,1011,1021
5e4250a680346,m,ma,78,164,307,242,229
5e4250a680346,a,al,65,970,1116,1035,1051
5e4250a680346,l,lw,81,431,564,512,483
5e4250a680346,w,wi,52,161,272,213,220
5e4250a680346,i,in,59,510,608,569,549
5e4250a680346,n,ng,39,161,269,200,230
5e4250a680346,g,gbksp,69,1247,1404,1316,1335
5e4250a680346,bksp,bkspbksp,88,72,220,160,132
5e4250a680346,bksp,bkspbksp,60,363,494,423,434
5e4250a680346,bksp,bkspbksp,71,667,787,738,716
5e4250a680346,bksp,bkspo,49,513,634,562,585
5e4250a680346,o,obksp,72,464,592,536,520
5e4250a680346,bksp,bkspbksp,56,70,186,126,130
5e4250a680346,bksp,bkspi,60,529,659,589,599
5e4250a680346,i,iw,70,1015,1142,1085,1072
5e4250a680346,w,wo,57,511,639,568,582
5e4250a680346,o,on,71,312,454,383,383
5e4250a680346,n,ng,71,142,253,213,182
5e4250a680346,g,gc,40,41186,41291,41226,41251
5e4250a680346,c,ch,65,197,317,262,252
5e4250a680346,h,ha,55,178,303,233,248
5e4250a680346,a,ai,70,498,653,568,583
5e4250a680346,i,ip,85,897,1074,982,989
5e4250a680346,p,pa,92,217,370,309,278
5e4250a680346,a,at,61,193,361,254,300
5e4250a680346,t,th,107,114,291,221,184
5e4250a680346,h,hspace,70,665,805,735,735
5e4250a680346,space,spacem,70,393,539,463,469
5e4250a680346,m,ma,76,541,692,617,616
5e4250a680346,a,al,75,157,307,232,232
5e4250a680346,l,li,75,168,322,243,247
5e4250a680346,i,iw,79,143,298,222,219
5e4250a680346,w,wo,76,109,260,185,184
5e4250a680346,o,on,75,176,325,251,250
5e4250a680346,n,ng,74,17,173,91,99
5e4250a680346,g,gg,82,899,1049,981,967
5e4250a680346,g,gc,68,33279,33388,33347,33320
5e4250a680346,c,ca,41,896,991,937,950
5e4250a680346,a,ai,54,160,283,214,229
5e4250a680346,i,ip,69,131,288,200,219
5e4250a680346,p,pa,88,57,224,145,136
5e4250a680346,a,at,79,444,594,523,515
5e4250a680346,t,th,71,260,405,331,334
5e4250a680346,h,hspace,74,267,422,341,348
5e4250a680346,space,spacem,81,297,465,378,384
5e4250a680346,m,ma,87,250,404,337,317
5e4250a680346,a,al,67,86,249,153,182
5e4250a680346,l,li,96,177,366,273,270
5e4250a680346,i,iw,93,177,323,270,230
5e4250a680346,w,wo,53,109,271,162,218
5e4250a680346,o,on,109,177,362,286,253
5e4250a680346,n,ng,76,205,391,281,315
5e4250a680346,g,gc,110,49248,49411,49358,49301
5e4250a680346,c,ch,53,198,303,251,250
5e4250a680346,h,ha,52,71,221,123,169
5e4250a680346,a,ai,98,514,678,612,580
5e4250a680346,i,ip,66,199,350,265,284
5e4250a680346,p,pa,85,112,251,197,166
5e4250a680346,a,at,54,197,340,251,286
5e4250a680346,t,th,89,111,287,200,198
5e4250a680346,h,hspace,87,231,386,318,299
5e4250a680346,space,spacem,68,246,388,314,320
5e4250a680346,m,ma,74,110,255,184,181
5e4250a680346,a,al,71,72,221,143,150
5e4250a680346,l,li,78,149,294,227,216
5e4250a680346,i,iw,67,201,334,268,267
5e4250a680346,w,wo,66,116,250,182,184
5e4250a680346,o,on,68,532,686,600,618
5e4250a680346,n,ng,86,165,317,251,231
5e4250a680346,g,gc,66,33195,33304,33261,33238
5e4250a680346,c,ch,43,348,433,391,390
5e4250a680346,h,ha,42,520,635,562,593
5e4250a680346,a,ai,73,214,355,287,282
5e4250a680346,i,ip,68,182,301,250,233
5e4250a680346,p,pt,51,730,868,781,817
5e4250a680346,t,th,87,89,254,176,167
5e4250a680346,h,hbksp,78,552,671,630,593
5e4250a680346,bksp,bkspbksp,41,62,163,103,122
5e4250a680346,bksp,bkspa,60,580,731,640,671
5e4250a680346,a,at,91,272,438,363,347
5e4250a680346,t,tg,75,132,274,207,199
5e4250a680346,g,gh,67,888,1051,955,984
5e4250a680346,h,hbksp,96,352,499,448,403
5e4250a680346,bksp,bkspbksp,51,89,183,140,132
5e4250a680346,bksp,bkspbksp,43,123,211,166,168
5e4250a680346,bksp,bksph,45,746,845,791,800
5e4250a680346,h,hspace,54,1495,1620,1549,1566
5e4250a680346,space,spacem,71,361,507,432,436
5e4250a680346,m,ma,75,242,387,317,312
5e4250a680346,a,al,70,163,255,233,185
5e4250a680346,l,li,22,431,521,453,499
5e4250a680346,i,iw,68,816,954,884,886
5e4250a680346,w,wo,70,106,287,176,217
5e4250a680346,o,on,111,134,357,245,246
5e4250a680346,n,ng,112,151,328,263,216
5e4250a680346,g,gc,65,29370,29471,29435,29406
5e4250a680346,c,ch,36,197,300,233,264
5e4250a680346,h,ha,67,190,301,257,234
5e4250a680346,a,ai,44,673,760,717,716
5e4250a680346,i,ip,43,220,360,263,317
5e4250a680346,p,pa,97,482,650,579,553
5e4250a680346,a,at,71,312,454,383,383
5e4250a680346,t,tbksp,71,1588,1718,1659,1647
5e4250a680346,bksp,bkspbksp,59,281,394,340,335
5e4250a680346,bksp,bksph,54,510,635,564,581
5e4250a680346,h,hspace,71,397,591,468,520
5e4250a680346,space,spacem,123,661,840,784,717
5e4250a680346,m,ma,56,111,237,167,181
5e4250a680346,a,al,70,1179,1304,1249,1234
5e4250a680346,l,li,55,532,654,587,599
5e4250a680346,i,iw,67,229,367,296,300
5e4250a680346,w,wo,71,89,254,160,183
5e4250a680346,o,on,94,463,632,557,538
5e4250a680346,n,ng,75,176,320,251,245
5e4250a680346,g,gc,69,29533,29673,29602,29604
5e4250a680346,c,ch,71,178,337,249,266
5e4250a680346,h,hq,88,198,316,286,228
5e4250a680346,q,qa,30,1040,1136,1070,1106
5e4250a680346,a,abksp,66,278,381,344,315
5e4250a680346,bksp,bkspbksp,37,100,174,137,137
5e4250a680346,bksp,bkspa,37,561,686,598,649
5e4250a680346,a,ai,88,231,384,319,296
5e4250a680346,i,ip,65,563,734,628,669
5e4250a680346,p,pa,106,867,1054,973,948
5e4250a680346,a,at,81,326,482,407,401
5e4250a680346,t,th,75,618,762,693,687
5e4250a680346,h,hspace,69,513,635,582,566
5e4250a680346,space,spacem,53,716,819,769,766
5e4250a680346,m,ma,50,182,313,232,263
5e4250a680346,a,al,81,236,381,317,300
5e4250a680346,l,li,64,594,736,658,672
5e4250a680346,i,iw,78,264,409,342,331
5e4250a680346,w,wo,67,124,282,191,215
5e4250a680346,o,on,91,185,356,276,265
5e4250a680346,n,ng,80,86,247,166,167
5e4250a680346,g,gc,81,31320,31471,31401,31390
5e4250a680346,c,ch,70,179,302,249,232
5e4250a680346,h,hi,53,884,1003,937,950
5e4250a680346,i,ip,66,169,314,235,248
5e4250a680346,p,pa,79,150,297,229,218
5e4250a680346,a,at,68,518,699,586,631
5e4250a680346,t,th,113,103,298,216,185
5e4250a680346,h,hspace,82,275,433,357,351
5e4250a680346,space,spacem,76,347,493,423,417
5e4250a680346,m,ma,70,210,371,280,301
5e4250a680346,a,al,91,73,240,164,149
5e4250a680346,l,li,76,128,276,204,200
5e4250a680346,i,iw,72,479,636,551,564
5e4250a680346,w,wo,85,140,320,225,235
5e4250a680346,o,on,95,160,330,255,235
5e4250a680346,n,ng,75,73,242,148,167
5e4250a680346,g,gc,94,35489,35663,35583,35569
5e4250a680346,c,ch,80,183,329,263,249
5e4250a680346,h,ha,66,513,650,579,584
5e4250a680346,a,ai,71,195,335,266,264
5e4250a680346,i,ip,69,150,287,219,218
5e4250a680346,p,pt,68,1412,1538,1480,1470
5e4250a680346,t,th,58,161,306,219,248
5e4250a680346,h,hspace,87,564,741,651,654
5e4250a680346,space,spacem,90,260,450,350,360
5e4250a680346,m,ma,100,85,266,185,166
5e4250a680346,a,al,81,173,368,254,287
5e4250a680346,l,li,114,214,395,328,281
5e4250a680346,i,iw,67,551,707,618,640
5e4250a680346,w,wo,89,125,301,214,212
5e4250a680346,o,on,87,199,353,286,266
5e4250a680346,n,ng,67,108,249,175,182
5e4250a680346,g,gc,74,30519,30661,30593,30587
5e4250a680346,c,ch,68,180,316,248,248
5e4250a680346,h,ha,68,93,236,161,168
5e4250a680346,a,ai,75,782,924,857,849
5e4250a680346,i,ip,67,216,352,283,285
5e4250a680346,p,pa,69,197,321,266,252
5e4250a680346,a,at,55,532,685,587,630
5e4250a680346,t,th,98,255,432,353,334
5e4250a680346,h,hspace,79,463,612,542,533
5e4250a680346,space,spacem,70,330,472,400,402
5e4250a680346,m,ml,72,407,537,479,465
5e4250a680346,l,li,58,182,327,240,269
5e4250a680346,i,iw,87,195,370,282,283
5e4250a680346,w,wo,88,110,268,198,180
5e4250a680346,o,obksp,70,482,625,552,555
5e4250a680346,bksp,bkspbksp,73,52,187,125,114
5e4250a680346,bksp,bkspbksp,62,90,212,152,150
5e4250a680346,bksp,bkspbksp,60,70,193,130,133
5e4250a680346,bksp,bkspbksp,63,310,431,373,368
5e4250a680346,bksp,bkspa,58,429,559,487,501
5e4250a680346,a,al,72,228,368,300,296
5e4250a680346,l,li,68,133,268,201,200
5e4250a680346,i,iw,67,465,606,532,539
5e4250a680346,w,wo,74,120,271,194,197
5e4250a680346,o,on,77,166,308,243,231
5e4250a680346,n,ng,65,76,216,141,151
5e4250a680346,g,gn,75,-390101,-389973,-390026,-390048
5e4250a729111,n,na,53,975,1122,1028,1069
5e4250a729111,a,ac,94,355,526,449,432
5e4250a729111,c,ch,77,564,706,641,629
5e4250a729111,h,ha,65,187,317,252,252
5e4250a729111,a,ap,65,793,931,858,866
5e4250a729111,p,ph,73,146,289,219,216
5e4250a729111,h,ho,70,92,254,162,184
5e4250a729111,o,od,92,175,312,267,220
5e4250a729111,d,dspace,45,549,662,594,617
5e4250a729111,space,spacei,68,400,533,468,465
5e4250a729111,i,in,65,172,295,237,230
5e4250a729111,n,nt,58,413,514,471,456
5e4250a729111,t,tr,43,849,940,892,897
5e4250a729111,r,ra,48,120,264,168,216
5e4250a729111,a,as,96,262,415,358,319
5e4250a729111,s,so,57,575,673,632,616
5e4250a729111,o,om,41,121,238,162,197
5e4250a729111,m,mb,76,175,295,251,219
5e4250a729111,b,bu,44,139,241,183,197
5e4250a729111,u,ut,58,164,274,222,216
5e4250a729111,t,tn,52,40837,40937,40889,40885
5e4250a729111,n,nc,48,250,366,298,318
5e4250a729111,c,ch,68,106,234,174,166
5e4250a729111,h,hbksp,60,807,931,867,871
5e4250a729111,bksp,bkspbksp,64,591,715,655,651
5e4250a729111,bksp,bkspa,60,209,341,269,281
5e4250a729111,a,ac,72,608,776,680,704
5e4250a729111,c,ch,96,154,340,250,244
5e4250a729111,h,ha,90,241,425,331,335
5e4250a729111,a,ap,94,527,695,621,601
5e4250a729111,p,ph,74,142,290,216,216
5e4250a729111,h,ho,74,159,289,233,215
5e4250a729111,o,od,56,124,226,180,170
5e4250a729111,d,dspace,46,939,1047,985,1001
5e4250a729111,space,spacei,62,240,376,302,314
5e4250a729111,i,in,74,226,372,300,298
5e4250a729111,n,nt,72,279,426,351,354
5e4250a729111,t,tr,75,562,724,637,649
5e4250a729111,r,ra,87,105,287,192,200
5e4250a729111,a,as,95,222,392,317,297
5e4250a729111,s,so,75,482,596,557,521
5e4250a729111,o,om,39,176,269,215,230
5e4250a729111,m,mb,54,278,388,332,334
5e4250a729111,b,bu,56,180,288,236,232
5e4250a729111,u,ut,52,165,286,217,234
5e4250a729111,t,tn,69,34012,34174,34081,34105
5e4250a729111,n,na,93,128,275,221,182
5e4250a729111,a,ac,54,228,336,282,282
5e4250a729111,c,ch,54,228,322,282,268
5e4250a729111,h,ha,40,478,590,518,550
5e4250a729111,a,ap,72,610,756,682,684
5e4250a729111,p,ph,74,211,354,285,280
5e4250a729111,h,ho,69,214,354,283,285
5e4250a729111,o,od,71,510,654,581,583
5e4250a729111,d,dspace,73,235,406,308,333
5e4250a729111,space,spacei,98,613,782,711,684
5e4250a729111,i,in,71,212,322,283,251
5e4250a729111,n,nt,39,623,740,662,701
5e4250a729111,t,tr,78,428,576,506,498
5e4250a729111,r,ra,70,111,238,181,168
5e4250a729111,a,abksp,57,964,1074,1021,1017
5e4250a729111,bksp,bkspbksp,53,52,201,105,148
5e4250a729111,bksp,bkspa,96,578,733,674,637
5e4250a729111,a,ar,59,286,424,345,365
5e4250a729111,r,ra,79,111,261,190,182
5e4250a729111,a,as,71,295,441,366,370
5e4250a729111,s,so,75,474,625,549,550
5e4250a729111,o,om,76,155,274,231,198
5e4250a729111,m,mb,43,175,275,218,232
5e4250a729111,b,bu,57,143,241,200,184
5e4250a729111,u,ut,41,122,224,163,183
5e4250a729111,t,tn,61,33947,34048,34008,33987
5e4250a729111,n,na,40,110,204,150,164
5e4250a729111,a,ac,54,282,375,336,321
5e4250a729111,c,ch,39,742,838,781,799
5e4250a729111,h,ha,57,102,255,159,198
5e4250a729111,a,ap,96,228,395,324,299
5e4250a729111,p,ph,71,146,270,217,199
5e4250a729111,h,ho,53,125,254,178,201
5e4250a729111,o,od,76,91,226,167,150
5e4250a729111,d,dspace,59,546,676,605,617
5e4250a729111,space,spacei,71,229,354,300,283
5e4250a729111,i,in,54,156,272,210,218
5e4250a729111,n,nt,62,1079,1213,1141,1151
5e4250a729111,t,ta,72,176,319,248,247
5e4250a729111,a,ar,71,299,441,370,370
5e4250a729111,r,ra,71,91,220,162,149
5e4250a729111,a,as,58,192,291,250,233
5e4250a729111,s,so,41,560,643,601,602
5e4250a729111,o,om,42,195,305,237,263
5e4250a729111,m,mb,68,163,320,231,252
5e4250a729111,b,bu,89,129,257,218,168
5e4250a729111,u,ut,39,174,285,213,246
5e4250a729111,t,tm,72,31082,31223,31154,31151
5e4250a729111,m,ma,69,128,269,197,200
5e4250a729111,a,ac,72,317,458,389,386
5e4250a729111,c,ch,69,90,217,159,148
5e4250a729111,h,hbksp,58,691,778,749,720
5e4250a729111,bksp,bkspbksp,29,188,248,217,219
5e4250a729111,bksp,bkspbksp,31,66,143,97,112
5e4250a729111,bksp,bkspbksp,46,179,255,225,209
5e4250a729111,bksp,bkspbksp,30,60,155,90,125
5e4250a729111,bksp,bkspbksp,65,68,198,133,133
5e4250a729111,bksp,bkspn,65,596,717,661,652
5e4250a729111,n,na,56,121,237,177,181
5e4250a729111,a,ac,60,212,326,272,266
5e4250a729111,c,ch,54,127,237,181,183
5e4250a729111,h,ha,56,92,227,148,171
5e4250a729111,a,ap,79,442,579,521,500
5e4250a729111,p,ph,58,87,204,145,146
5e4250a729111,h,ho,59,105,243,164,184
5e4250a729111,o,os,79,54,197,133,118
5e4250a729111,s,sbksp,64,693,814,757,750
5e4250a729111,bksp,bkspd,57,86,222,143,165
5e4250a729111,d,dspace,79,368,498,447,419
5e4250a729111,space,spacei,51,191,299,242,248
5e4250a729111,i,in,57,141,256,198,199
5e4250a729111,n,nt,58,183,309,241,251
5e4250a729111,t,ta,68,161,274,229,206
5e4250a729111,a,ar,45,129,240,174,195
5e4250a729111,r,ra,66,67,183,133,117
5e4250a729111,a,as,50,219,334,269,284
5e4250a729111,s,so,65,478,582,543,517
5e4250a729111,o,om,39,142,253,181,214
5e4250a729111,m,mb,72,147,275,219,203
5e4250a729111,b,bu,56,125,222,181,166
5e4250a729111,u,ut,41,85,189,126,148
5e4250a729111,t,tn,63,32131,32283,32194,32220
5e4250a729111,n,na,89,55,189,144,100
5e4250a729111,a,ac,45,179,294,224,249
5e4250a729111,c,ch,70,127,237,197,167
5e4250a729111,h,ha,40,152,257,192,217
5e4250a729111,a,ap,65,345,450,410,385
5e4250a729111,p,ph,40,127,222,167,182
5e4250a729111,h,ho,55,86,186,141,131
5e4250a729111,o,od,45,105,211,150,166
5e4250a729111,d,dspace,61,382,498,443,437
5e4250a729111,space,spacei,55,145,252,200,197
5e4250a729111,i,in,52,147,224,199,172
5e4250a729111,n,nt,25,589,689,614,664
5e4250a729111,t,tr,75,218,373,293,298
5e4250a729111,r,ra,80,106,246,186,166
5e4250a729111,a,ar,60,898,1027,958,967
5e4250a729111,r,ra,69,180,287,249,218
5e4250a729111,a,as,38,244,324,282,286
5e4250a729111,s,so,42,466,555,508,513
5e4250a729111,o,om,47,146,246,193,199
5e4250a729111,m,mb,53,178,305,231,252
5e4250a729111,b,bu,74,127,242,201,168
5e4250a729111,u,ut,41,144,210,185,169
5e4250a729111,t,tn,25,39479,39557,39504,39532
5e4250a729111,n,na,53,124,221,177,168
5e4250a729111,a,ac,44,239,327,283,283
5e4250a729111,c,ch,44,119,225,163,181
5e4250a729111,h,ha,62,72,165,134,103
5e4250a729111,a,ap,31,511,600,542,569
5e4250a729111,p,ph,58,141,253,199,195
5e4250a729111,h,ho,54,133,238,187,184
5e4250a729111,o,od,51,53,166,104,115
5e4250a729111,d,dspace,62,397,517,459,455
5e4250a729111,space,spacei,58,241,340,299,282
5e4250a729111,i,in,41,137,224,178,183
5e4250a729111,n,nt,46,260,380,306,334
5e4250a729111,t,tr,74,252,404,326,330
5e4250a729111,r,ra,78,91,228,169,150
5e4250a729111,a,as,59,180,294,239,235
5e4250a729111,s,so,55,513,606,568,551
5e4250a729111,o,om,38,177,255,215,217
5e4250a729111,m,mb,40,178,256,218,216
5e4250a729111,b,bu,38,179,271,217,233
5e4250a729111,u,ut,54,106,188,160,134
5e4250a729111,t,tn,28,28812,28895,28840,28867
5e4250a729111,n,na,55,122,206,177,151
5e4250a729111,a,ac,29,192,249,221,220
5e4250a729111,c,ch,28,120,190,148,162
5e4250a729111,h,ha,42,86,175,128,133
5e4250a729111,a,ap,47,395,517,442,470
5e4250a729111,p,ph,75,86,206,161,131
5e4250a729111,h,ho,45,67,195,112,150
5e4250a729111,o,od,83,53,197,136,114
5e4250a729111,d,dspace,61,547,667,608,606
5e4250a729111,space,spacei,59,141,273,200,214
5e4250a729111,i,in,73,126,254,199,181
5e4250a729111,n,nt,55,191,291,246,236
5e4250a729111,t,tr,45,252,328,297,283
5e4250a729111,r,ra,31,35,146,66,115
5e4250a729111,a,as,80,163,296,243,216
5e4250a729111,s,sbksp,53,728,835,781,782
5e4250a729111,bksp,bkspr,54,497,624,551,570
5e4250a729111,r,ra,73,526,692,599,619
5e4250a729111,a,as,93,189,356,282,263
5e4250a729111,s,so,74,462,578,536,504
5e4250a729111,o,om,42,181,272,223,230
5e4250a729111,m,mb,49,186,286,235,237
5e4250a729111,b,bu,51,137,246,188,195
5e4250a729111,u,ut,58,178,278,236,220
5e4250a729111,t,tn,42,27728,27825,27770,27783
5e4250a729111,n,nc,55,320,403,375,348
5e4250a729111,c,ch,28,142,229,170,201
5e4250a729111,h,hbksp,59,1469,1580,1528,1521
5e4250a729111,bksp,bkspbksp,52,83,166,135,114
5e4250a729111,bksp,bkspa,31,343,418,374,387
5e4250a729111,a,ac,44,351,492,395,448
5e4250a729111,c,ch,97,145,266,242,169
5e4250a729111,h,ha,24,82,153,106,129
5e4250a729111,a,ap,47,415,550,462,503
5e4250a729111,p,ph,88,125,284,213,196
5e4250a729111,h,ho,71,75,222,146,151
5e4250a729111,o,od,76,54,173,130,97
5e4250a729111,d,dspace,43,279,400,322,357
5e4250a729111,space,spacei,78,209,356,287,278
5e4250a729111,i,in,69,131,238,200,169
5e4250a729111,n,nt,38,194,271,232,233
5e4250a729111,t,tr,39,303,420,342,381
5e4250a729111,r,ra,78,152,251,230,173
5e4250a729111,a,ar,21,768,849,789,828
5e4250a729111,r,ra,60,260,365,320,305
5e4250a729111,a,as,45,263,389,308,344
5e4250a729111,s,so,81,381,518,462,437
5e4250a729111,o,om,56,161,286,217,230
5e4250a729111,m,mb,69,145,271,214,202
5e4250a729111,b,bu,57,149,241,206,184
5e4250a729111,u,ut,35,138,197,173,162
5e4250a729111,t,tn,24,30032,30098,30056,30074
5e4250a729111,n,na,42,118,223,160,181
5e4250a729111,a,ac,63,103,213,166,150
5e4250a729111,c,ch,47,104,196,151,149
5e4250a729111,h,ha,45,86,194,131,149
5e4250a729111,a,ap,63,428,552,491,489
5e4250a729111,p,ph,61,125,220,186,159
5e4250a729111,h,ho,34,56,171,90,137
5e4250a729111,o,od,81,69,214,150,133
5e4250a729111,d,do,64,710,815,774,751
5e4250a729111,o,od,41,101,191,142,150
5e4250a729111,d,dbksp,49,976,1099,1025,1050
5e4250a729111,bksp,bkspo,74,708,877,782,803
5e4250a729111,o,od,95,179,327,274,232
5e4250a729111,d,dspace,53,359,499,412,446
5e4250a729111,space,spacei,87,172,339,259,252
5e4250a729111,i,in,80,100,244,180,164
5e4250a729111,n,nt,64,647,785,711,721
5e4250a729111,t,ta,74,308,418,382,344
5e4250a729111,a,ar,36,232,341,268,305
5e4250a729111,r,ra,73,161,271,234,198
5e4250a729111,a,ad,37,228,295,265,258
5e4250a729111,d,ds,30,788,873,818,843
5e4250a729111,s,sm,55,694,775,749,720
5e4250a729111,m,mb,26,177,286,203,260
5e4250a729111,b,bu,83,146,269,229,186
5e4250a729111,u,ut,40,121,191,161,151
5e4250a729111,t,tc,30,-365827,-365713,-365797,-365743
5e4250b56c189,c,ch,84,180,332,264,248
5e4250b56c189,h,hi,68,714,840,782,772
5e4250b56c189,i,it,58,310,422,368,364
5e4250b56c189,t,ts,54,867,1003,921,949
5e4250b56c189,s,sa,82,85,233,167,151
5e4250b56c189,a,an,66,327,451,393,385
5e4250b56c189,n,nu,58,229,355,287,297
5e4250b56c189,u,up,68,159,271,227,203
5e4250b56c189,p,po,44,411,508,455,464
5e4250b56c189,o,on,53,347,456,400,403
5e4250b56c189,n,ng,56,176,302,232,246
5e4250b56c189,g,gspace,70,862,1006,932,936
5e4250b56c189,space,spacet,74,625,757,699,683
5e4250b56c189,t,ta,58,291,440,349,382
5e4250b56c189,a,an,91,110,259,201,168
5e4250b56c189,n,ng,58,347,458,405,400
5e4250b56c189,g,gv,53,293,403,346,350
5e4250b56c189,v,va,57,66,222,123,165
5e4250b56c189,a,as,99,114,265,213,166
5e4250b56c189,s,si,52,280,390,332,338
5e4250b56c189,i,in,58,204,320,262,262
5e4250b56c189,n,nk,58,194,309,252,251
5e4250b56c189,k,ku,57,160,273,217,216
5e4250b56c189,u,ul,56,231,322,287,266
5e4250b56c189,l,lc,35,31049,31174,31084,31139
5e4250b56c189,c,ch,90,177,338,267,248
5e4250b56c189,h,hi,71,149,270,220,199
5e4250b56c189,i,it,50,282,370,332,320
5e4250b56c189,t,ts,38,379,501,417,463
5e4250b56c189,s,sa,84,74,234,158,150
5e4250b56c189,a,an,76,215,328,291,252
5e4250b56c189,n,nu,37,190,271,227,234
5e4250b56c189,u,up,44,211,310,255,266
5e4250b56c189,p,po,55,109,220,164,165
5e4250b56c189,o,on,56,229,357,285,301
5e4250b56c189,n,ng,72,97,207,169,135
5e4250b56c189,g,gspace,38,362,440,400,402
5e4250b56c189,space,spacet,40,392,487,432,447
5e4250b56c189,t,ta,55,226,353,281,298
5e4250b56c189,a,an,72,141,272,213,200
5e4250b56c189,n,ng,59,210,327,269,268
5e4250b56c189,g,gv,58,164,275,222,217
5e4250b56c189,v,va,53,110,218,163,165
5e4250b56c189,a,as,55,128,258,183,203
5e4250b56c189,s,si,75,125,258,200,183
5e4250b56c189,i,in,58,161,273,219,215
5e4250b56c189,n,nk,54,231,355,285,301
5e4250b56c189,k,ku,70,94,252,164,182
5e4250b56c189,u,ul,88,113,254,201,166
5e4250b56c189,l,lc,53,33731,33891,33784,33838
5e4250b56c189,c,ch,107,111,288,218,181
5e4250b56c189,h,hi,70,198,357,268,287
5e4250b56c189,i,it,89,193,352,282,263
5e4250b56c189,t,ts,70,212,369,282,299
5e4250b56c189,s,sa,87,76,256,163,169
5e4250b56c189,a,an,93,612,764,705,671
5e4250b56c189,n,nu,59,261,373,320,314
5e4250b56c189,u,up,53,173,284,226,231
5e4250b56c189,p,po,58,88,208,146,150
5e4250b56c189,o,on,62,263,365,325,303
5e4250b56c189,n,ng,40,88,189,128,149
5e4250b56c189,g,gt,61,694,809,755,748
5e4250b56c189,t,ta,54,445,592,499,538
5e4250b56c189,a,an,93,53,188,146,95
5e4250b56c189,n,ng,42,194,292,236,250
5e4250b56c189,g,gv,56,125,226,181,170
5e4250b56c189,v,va,45,50,212,95,167
5e4250b56c189,a,as,117,53,280,170,163
5e4250b56c189,s,si,110,162,345,272,235
5e4250b56c189,i,in,73,277,409,350,336
5e4250b56c189,n,nk,59,310,404,369,345
5e4250b56c189,k,ku,35,178,271,213,236
5e4250b56c189,u,uc,58,31182,31346,31240,31288
5e4250b56c189,c,ch,106,142,318,248,212
5e4250b56c189,h,hi,70,230,353,300,283
5e4250b56c189,i,it,53,290,421,343,368
5e4250b56c189,t,ts,78,429,579,507,501
5e4250b56c189,s,sa,72,128,255,200,183
5e4250b56c189,a,an,55,381,474,436,419
5e4250b56c189,n,nu,38,208,319,246,281
5e4250b56c189,u,up,73,145,308,218,235
5e4250b56c189,p,po,90,55,223,145,133
5e4250b56c189,o,on,78,244,378,322,300
5e4250b56c189,n,nh,56,158,322,214,266
5e4250b56c189,h,hbksp,108,846,1024,954,916
5e4250b56c189,bksp,bkspg,70,96,219,166,149
5e4250b56c189,g,gspace,53,389,505,442,452
5e4250b56c189,space,spacet,63,811,931,874,868
5e4250b56c189,t,ta,57,360,507,417,450
5e4250b56c189,a,ag,90,326,486,416,396
5e4250b56c189,g,gv,70,215,354,285,284
5e4250b56c189,v,va,69,54,221,123,152
5e4250b56c189,a,as,98,88,298,186,200
5e4250b56c189,s,si,112,143,344,255,232
5e4250b56c189,i,in,89,211,358,300,269
5e4250b56c189,n,nk,58,193,307,251,249
5e4250b56c189,k,ku,56,143,254,199,198
5e4250b56c189,u,ul,55,108,239,163,184
5e4250b56c189,l,lbksp,76,1997,2133,2073,2057
5e4250b56c189,bksp,bkspn,60,805,924,865,864
5e4250b56c189,n,nc,59,31012,31160,31071,31101
5e4250b56c189,c,ch,89,160,321,249,232
5e4250b56c189,h,hi,72,214,338,286,266
5e4250b56c189,i,it,52,176,284,228,232
5e4250b56c189,t,ts,56,498,658,554,602
5e4250b56c189,s,sa,104,109,287,213,183
5e4250b56c189,a,an,74,295,408,369,334
5e4250b56c189,n,nu,39,211,289,250,250
5e4250b56c189,u,up,39,163,270,202,231
5e4250b56c189,p,po,68,105,219,173,151
5e4250b56c189,o,on,46,378,485,424,439
5e4250b56c189,n,ng,61,5,138,66,77
5e4250b56c189,g,gg,72,781,908,853,836
5e4250b56c189,g,gspace,55,150,268,205,213
5e4250b56c189,space,spacet,63,264,366,327,303
5e4250b56c189,t,ta,39,310,426,349,387
5e4250b56c189,a,an,77,122,255,199,178
5e4250b56c189,n,ng,56,195,306,251,250
5e4250b56c189,g,gv,55,259,373,314,318
5e4250b56c189,v,va,59,85,243,144,184
5e4250b56c189,a,as,99,104,313,203,214
5e4250b56c189,s,si,110,192,395,302,285
5e4250b56c189,i,in,93,231,392,324,299
5e4250b56c189,n,nk,68,127,252,195,184
5e4250b56c189,k,ku,57,139,275,196,218
5e4250b56c189,u,ul,79,907,1030,986,951
5e4250b56c189,l,lc,44,25013,25145,25057,25101
5e4250b56c189,c,ch,88,147,287,235,199
5e4250b56c189,h,hi,52,198,335,250,283
5e4250b56c189,i,it,85,247,384,332,299
5e4250b56c189,t,ts,52,148,285,200,233
5e4250b56c189,s,sa,85,74,235,159,150
5e4250b56c189,a,an,76,183,293,259,217
5e4250b56c189,n,ni,34,229,721,263,687
5e4250b56c189,i,ibksp,458,543,1072,1001,614
5e4250b56c189,bksp,bkspu,71,198,320,269,249
5e4250b56c189,u,up,51,262,370,313,319
5e4250b56c189,p,po,57,72,205,129,148
5e4250b56c189,o,on,76,294,444,370,368
5e4250b56c189,n,ng,74,33,154,107,80
5e4250b56c189,g,gspace,47,615,718,662,671
5e4250b56c189,space,spacet,56,226,337,282,281
5e4250b56c189,t,ta,55,312,439,367,384
5e4250b56c189,a,an,72,56,189,128,117
5e4250b56c189,n,ng,61,196,310,257,249
5e4250b56c189,g,gv,53,213,305,266,252
5e4250b56c189,v,va,39,33,203,72,164
5e4250b56c189,a,as,131,74,300,205,169
5e4250b56c189,s,si,95,127,293,222,198
5e4250b56c189,i,in,71,198,322,269,251
5e4250b56c189,n,nk,53,261,369,314,316
5e4250b56c189,k,ku,55,107,222,162,167
5e4250b56c189,u,ul,60,127,245,187,185
5e4250b56c189,l,lc,58,30781,30925,30839,30867
5e4250b56c189,c,ch,86,95,253,181,167
5e4250b56c189,h,hi,72,138,255,210,183
5e4250b56c189,i,it,45,214,295,259,250
5e4250b56c189,t,ts,36,145,235,181,199
5e4250b56c189,s,sa,54,132,272,186,218
5e4250b56c189,a,an,86,196,335,282,249
5e4250b56c189,n,nu,53,265,388,318,335
5e4250b56c189,u,up,70,163,285,233,215
5e4250b56c189,p,po,52,74,185,126,133
5e4250b56c189,o,on,59,332,461,391,402
5e4250b56c189,n,nh,70,75,202,145,132
5e4250b56c189,h,hbksp,57,531,642,588,585
5e4250b56c189,bksp,bkspg,54,53,187,107,133
5e4250b56c189,g,gspace,80,226,348,306,268
5e4250b56c189,space,spacet,42,452,540,494,498
5e4250b56c189,t,tn,46,473,534,519,488
5e4250b56c189,n,ng,15,221,293,236,278
5e4250b56c189,g,gv,57,331,442,388,385
5e4250b56c189,v,va,54,53,188,107,134
5e4250b56c189,a,as,81,111,262,192,181
5e4250b56c189,s,si,70,111,272,181,202
5e4250b56c189,i,in,91,197,324,288,233
5e4250b56c189,n,nl,36,177,286,213,250
5e4250b56c189,l,lu,73,145,255,218,182
5e4250b56c189,u,ul,37,120,237,157,200
5e4250b56c189,l,lbksp,80,563,734,643,654
5e4250b56c189,bksp,bkspbksp,91,72,221,163,130
5e4250b56c189,bksp,bkspbksp,58,72,191,130,133
5e4250b56c189,bksp,bkspk,61,728,829,789,768
5e4250b56c189,k,ku,40,159,241,199,201
5e4250b56c189,u,ul,42,125,221,167,179
5e4250b56c189,l,lc,54,26921,27042,26975,26988
5e4250b56c189,c,ch,67,140,302,207,235
5e4250b56c189,h,hi,95,163,325,258,230
5e4250b56c189,i,it,67,196,319,263,252
5e4250b56c189,t,ts,56,163,305,219,249
5e4250b56c189,s,sa,86,164,336,250,250
5e4250b56c189,a,an,86,216,368,302,282
5e4250b56c189,n,nu,66,746,902,812,836
5e4250b56c189,u,up,90,146,324,236,234
5e4250b56c189,p,po,88,88,218,176,130
5e4250b56c189,o,on,42,263,362,305,320
5e4250b56c189,n,ng,57,93,221,150,164
5e4250b56c189,g,gspace,71,129,240,200,169
5e4250b56c189,space,spacet,40,310,407,350,367
5e4250b56c189,t,ta,57,503,640,560,583
5e4250b56c189,a,an,80,178,328,258,248
5e4250b56c189,n,ng,70,180,304,250,234
5e4250b56c189,g,gv,54,215,305,269,251
5e4250b56c189,v,va,36,102,235,138,199
5e4250b56c189,a,as,97,146,347,243,250
5e4250b56c189,s,si,104,167,352,271,248
5e4250b56c189,i,in,81,254,384,335,303
5e4250b56c189,n,nk,49,223,331,272,282
5e4250b56c189,k,ku,59,128,243,187,184
5e4250b56c189,u,ul,56,146,230,202,174
5e4250b56c189,l,lc,28,25908,25989,25936,25961
5e4250b56c189,c,ch,53,124,249,177,196
5e4250b56c189,h,hi,72,103,240,175,168
5e4250b56c189,i,it,65,233,352,298,287
5e4250b56c189,t,ts,54,177,303,231,249
5e4250b56c189,s,sa,72,139,239,211,167
5e4250b56c189,a,an,28,161,245,189,217
5e4250b56c189,n,nu,56,181,288,237,232
5e4250b56c189,u,up,51,162,284,213,233
5e4250b56c189,p,po,71,85,204,156,133
5e4250b56c189,o,on,48,168,283,216,235
5e4250b56c189,n,ng,67,119,250,186,183
5e4250b56c189,g,gspace,64,496,633,560,569
5e4250b56c189,space,spacet,73,237,370,310,297
5e4250b56c189,t,tn,60,348,476,408,416
5e4250b56c189,n,ng,68,305,439,373,371
5e4250b56c189,g,gv,66,700,845,766,779
5e4250b56c189,v,vs,79,277,449,356,370
5e4250b56c189,s,si,93,344,511,437,418
5e4250b56c189,i,in,74,208,337,282,263
5e4250b56c189,n,nk,55,331,473,386,418
5e4250b56c189,k,ku,87,146,258,233,171
5e4250b56c189,u,ul,25,156,237,181,212
5e4250b56c189,l,lc,56,26670,26809,26726,26753
5e4250b56c189,c,ch,83,102,266,185,183
5e4250b56c189,h,hi,81,127,262,208,181
5e4250b56c189,i,it,54,196,304,250,250
5e4250b56c189,t,ts,54,446,573,500,519
5e4250b56c189,s,sa,73,95,222,168,149
5e4250b56c189,a,an,54,164,255,218,201
5e4250b56c189,n,nu,37,177,269,214,232
5e4250b56c189,u,up,55,127,254,182,199
5e4250b56c189,p,po,72,91,223,163,151
5e4250b56c189,o,on,60,294,411,354,351
5e4250b56c189,n,ng,57,144,241,201,184
5e4250b56c189,g,gspace,40,848,955,888,915
5e4250b56c189,space,spacet,67,194,334,261,267
5e4250b56c189,t,tn,73,400,538,473,465
5e4250b56c189,n,ng,65,154,268,219,203
5e4250b56c189,g,gv,49,248,344,297,295
5e4250b56c189,v,va,47,57,184,104,137
5e4250b56c189,a,as,80,127,295,207,215
5e4250b56c189,s,si,88,212,374,300,286
5e4250b56c189,i,in,74,145,257,219,183
5e4250b56c189,n,nk,38,144,221,182,183
5e4250b56c189,k,ku,39,122,206,161,167
5e4250b56c189,u,un,45,77752,77867,77797,77822
5e425256c03f8,n,na,70,94,220,164,150
5e425256c03f8,a,at,56,162,341,218,285
5e425256c03f8,t,td,123,708,927,831,804
5e425256c03f8,d,da,96,339,508,435,412
5e425256c03f8,a,an,73,841,1011,914,938
5e425256c03f8,n,na,97,32,209,129,112
5e425256c03f8,a,ai,80,92,264,172,184
5e425256c03f8,i,ispace,92,408,575,500,483
5e425256c03f8,space,spaces,75,312,474,387,399
5e425256c03f8,s,sr,87,326,454,413,367
5e425256c03f8,r,ri,41,55,141,96,100
5e425256c03f8,i,ii,45,426,553,471,508
5e425256c03f8,i,ic,82,587,774,669,692
5e425256c03f8,c,ch,105,177,403,282,298
5e425256c03f8,h,ha,121,1047,1275,1168,1154
5e425256c03f8,a,ar,107,543,744,650,637
5e425256c03f8,r,ro,94,206,355,300,261
5e425256c03f8,o,oe,55,127,272,182,217
5e425256c03f8,e,en,90,628,796,718,706
5e425256c03f8,n,ns,78,154,288,232,210
5e425256c03f8,s,su,56,244,407,300,351
5e425256c03f8,u,uk,107,529,725,636,618
5e425256c03f8,k,kn,89,32950,33123,33039,33034
5e425256c03f8,n,na,84,104,299,188,215
5e425256c03f8,a,at,111,178,379,289,268
5e425256c03f8,t,td,90,364,509,454,419
5e425256c03f8,d,da,55,244,387,299,332
5e425256c03f8,a,an,88,294,474,382,386
5e425256c03f8,n,na,92,177,355,269,263
5e425256c03f8,a,abksp,86,846,989,932,903
5e425256c03f8,bksp,bkspi,57,294,422,351,365
5e425256c03f8,i,is,71,829,986,900,915
5e425256c03f8,s,sr,86,614,787,700,701
5e425256c03f8,r,ri,87,111,305,198,218
5e425256c03f8,i,ix,107,178,337,285,230
5e425256c03f8,x,xbksp,52,778,976,830,924
5e425256c03f8,bksp,bkspc,146,104,323,250,177
5e425256c03f8,c,ch,73,545,727,618,654
5e425256c03f8,h,ha,109,35,206,144,97
5e425256c03f8,a,ar,62,679,812,741,750
5e425256c03f8,r,ro,71,113,293,184,222
5e425256c03f8,o,oe,109,51,235,160,126
5e425256c03f8,e,en,75,514,680,589,605
5e425256c03f8,n,ns,91,109,286,200,195
5e425256c03f8,s,su,86,115,305,201,219
5e425256c03f8,u,uk,104,546,737,650,633
5e425256c03f8,k,kn,87,29826,30022,29913,29935
5e425256c03f8,n,na,109,37,277,146,168
5e425256c03f8,a,at,131,760,947,891,816
5e425256c03f8,t,td,56,659,773,715,717
5e425256c03f8,d,da,58,177,291,235,233
5e425256c03f8,a,an,56,589,739,645,683
5e425256c03f8,n,na,94,36,243,130,149
5e425256c03f8,a,ai,113,112,314,225,201
5e425256c03f8,i,ispace,89,530,728,619,639
5e425256c03f8,space,spaces,109,150,358,259,249
5e425256c03f8,s,sr,99,243,409,342,310
5e425256c03f8,r,ri,67,38,236,105,169
5e425256c03f8,i,ic,131,564,781,695,650
5e425256c03f8,c,ch,86,108,319,194,233
5e425256c03f8,h,ha,125,55,226,180,101
5e425256c03f8,a,ar,46,611,746,657,700
5e425256c03f8,r,ro,89,75,242,164,153
5e425256c03f8,o,on,78,821,992,899,914
5e425256c03f8,n,ns,93,75,242,168,149
5e425256c03f8,s,su,74,127,274,201,200
5e425256c03f8,u,uk,73,576,723,649,650
5e425256c03f8,k,kn,74,26079,26242,26153,26168
5e425256c03f8,n,nt,89,256,457,345,368
5e425256c03f8,t,tbksp,112,548,761,660,649
5e425256c03f8,bksp,bkspa,101,75,233,176,132
5e425256c03f8,a,at,57,515,678,572,621
5e425256c03f8,t,td,106,377,538,483,432
5e425256c03f8,d,da,55,87,253,142,198
5e425256c03f8,a,an,111,496,716,607,605
5e425256c03f8,n,na,109,72,258,181,149
5e425256c03f8,a,ai,77,225,391,302,314
5e425256c03f8,i,ispace,89,410,558,499,469
5e425256c03f8,space,spaces,59,119,286,178,227
5e425256c03f8,s,sr,108,139,342,247,234
5e425256c03f8,r,ri,95,55,246,150,151
5e425256c03f8,i,ic,96,529,698,625,602
5e425256c03f8,c,ch,73,52,223,125,150
5e425256c03f8,h,ha,98,108,299,206,201
5e425256c03f8,a,ar,93,561,725,654,632
5e425256c03f8,r,ro,71,76,238,147,167
5e425256c03f8,o,oe,91,72,222,163,131
5e425256c03f8,e,en,59,345,494,404,435
5e425256c03f8,n,ns,90,92,255,182,165
5e425256c03f8,s,su,73,146,273,219,200
5e425256c03f8,u,uk,54,264,390,318,336
5e425256c03f8,k,ka,72,28997,29154,29069,29082
5e425256c03f8,a,at,85,216,386,301,301
5e425256c03f8,t,tbksp,85,603,752,688,667
5e425256c03f8,bksp,bkspbksp,64,497,635,561,571
5e425256c03f8,bksp,bkspb,74,576,738,650,664
5e425256c03f8,b,ba,88,95,251,183,163
5e425256c03f8,a,abksp,68,506,677,574,609
5e425256c03f8,bksp,bkspbksp,103,85,279,188,176
5e425256c03f8,bksp,bkspn,91,347,515,438,424
5e425256c03f8,n,na,77,128,269,205,192
5e425256c03f8,a,at,64,580,722,644,658
5e425256c03f8,t,td,78,572,709,650,631
5e425256c03f8,d,da,59,108,240,167,181
5e425256c03f8,a,an,73,591,741,664,668
5e425256c03f8,n,na,77,18,210,95,133
5e425256c03f8,a,ai,115,127,329,242,214
5e425256c03f8,i,ibksp,87,395,610,482,523
5e425256c03f8,bksp,bkspa,128,72,288,200,160
5e425256c03f8,a,ai,88,449,642,537,554
5e425256c03f8,i,ispace,105,288,518,393,413
5e425256c03f8,space,spaces,125,915,1093,1040,968
5e425256c03f8,s,sr,53,178,318,231,265
5e425256c03f8,r,ri,87,54,272,141,185
5e425256c03f8,i,ic,131,447,650,578,519
5e425256c03f8,c,ch,72,145,303,217,231
5e425256c03f8,h,ha,86,72,251,158,165
5e425256c03f8,a,ar,93,531,682,624,589
5e425256c03f8,r,ri,58,101,254,159,196
5e425256c03f8,i,ie,95,114,276,209,181
5e425256c03f8,e,ebksp,67,382,538,449,471
5e425256c03f8,bksp,bkspbksp,89,143,338,232,249
5e425256c03f8,bksp,bkspo,106,536,737,642,631
5e425256c03f8,o,oe,95,113,278,208,183
5e425256c03f8,e,en,70,499,675,569,605
5e425256c03f8,n,ns,106,52,251,158,145
5e425256c03f8,s,su,93,112,293,205,200
5e425256c03f8,u,uk,88,244,390,332,302
5e425256c03f8,k,kn,58,31263,31434,31321,31376
5e425256c03f8,n,na,113,66,255,179,142
5e425256c03f8,a,at,76,163,360,239,284
5e425256c03f8,t,td,121,547,740,668,619
5e425256c03f8,d,da,72,527,671,599,599
5e425256c03f8,a,an,72,91,256,163,184
5e425256c03f8,n,na,93,84,257,177,164
5e425256c03f8,a,ai,80,294,514,374,434
5e425256c03f8,i,ispace,140,396,595,536,455
5e425256c03f8,space,spaces,59,452,554,511,495
5e425256c03f8,s,sr,43,185,291,228,248
5e425256c03f8,r,ri,63,148,284,211,221
5e425256c03f8,i,ic,73,477,603,550,530
5e425256c03f8,c,ch,53,124,271,177,218
5e425256c03f8,h,ha,94,93,243,187,149
5e425256c03f8,a,ar,56,443,577,499,521
5e425256c03f8,r,ro,78,85,239,163,161
5e425256c03f8,o,oe,76,60,194,136,118
5e425256c03f8,e,en,58,143,314,201,256
5e425256c03f8,n,ns,113,50,222,163,109
5e425256c03f8,s,su,59,147,296,206,237
5e425256c03f8,u,uk,90,160,359,250,269
5e425256c03f8,k,kn,109,29911,30075,30020,29966
5e425256c03f8,n,na,55,102,234,157,179
5e425256c03f8,a,at,77,143,312,220,235
5e425256c03f8,t,td,92,531,694,623,602
5e425256c03f8,d,da,71,96,222,167,151
5e425256c03f8,a,an,55,645,740,700,685
5e425256c03f8,n,na,40,247,386,287,346
5e425256c03f8,a,ai,99,58,249,157,150
5e425256c03f8,i,ispace,92,314,494,406,402
5e425256c03f8,space,spaces,88,777,955,865,867
5e425256c03f8,s,sr,90,177,354,267,264
5e425256c03f8,r,ri,87,74,220,161,133
5e425256c03f8,i,ic,59,567,680,626,621
5e425256c03f8,c,ch,54,159,340,213,286
5e425256c03f8,h,ha,127,15,203,142,76
5e425256c03f8,a,ar,61,565,697,626,636
5e425256c03f8,r,ro,71,77,236,148,165
5e425256c03f8,o,oe,88,57,206,145,118
5e425256c03f8,e,en,61,496,630,557,569
5e425256c03f8,n,ns,73,70,236,143,163
5e425256c03f8,s,su,93,96,262,189,169
5e425256c03f8,u,uk,73,227,391,300,318
5e425256c03f8,k,ka,91,27269,27459,27360,27368
5e425256c03f8,a,at,99,124,296,223,197
5e425256c03f8,t,tbksp,73,532,677,605,604
5e425256c03f8,bksp,bkspbksp,72,91,237,163,165
5e425256c03f8,bksp,bkspn,74,427,592,501,518
5e425256c03f8,n,na,91,71,255,162,164
5e425256c03f8,a,at,93,562,710,655,617
5e425256c03f8,t,td,55,296,422,351,367
5e425256c03f8,d,da,71,109,254,180,183
5e425256c03f8,a,an,74,577,741,651,667
5e425256c03f8,n,na,90,39,222,129,132
5e425256c03f8,a,ai,93,84,308,177,215
5e425256c03f8,i,ispace,131,445,636,576,505
5e425256c03f8,space,spaces,60,342,456,402,396
5e425256c03f8,s,sr,54,283,402,337,348
5e425256c03f8,r,ri,65,86,218,151,153
5e425256c03f8,i,ic,67,514,668,581,601
5e425256c03f8,c,ch,87,111,287,198,200
5e425256c03f8,h,ha,89,65,236,154,147
5e425256c03f8,a,ar,82,238,384,320,302
5e425256c03f8,r,ro,64,104,282,168,218
5e425256c03f8,o,oe,114,78,261,192,147
5e425256c03f8,e,en,69,415,542,484,473
5e425256c03f8,n,ns,58,105,236,163,178
5e425256c03f8,s,su,73,71,225,144,152
5e425256c03f8,u,uj,81,144,331,225,250
5e425256c03f8,j,jbksp,106,611,828,717,722
5e425256c03f8,bksp,bkspk,111,121,289,232,178
5e425256c03f8,k,kn,57,28064,28212,28121,28155
5e425256c03f8,n,na,91,46,217,137,126
5e425256c03f8,a,at,80,156,332,236,252
5e425256c03f8,t,td,96,498,667,594,571
5e425256c03f8,d,da,73,89,203,162,130
5e425256c03f8,a,an,41,546,662,587,621
5e425256c03f8,n,na,75,68,254,143,179
5e425256c03f8,a,ai,111,61,261,172,150
5e425256c03f8,i,ispace,89,260,441,349,352
5e425256c03f8,space,spaces,92,258,424,350,332
5e425256c03f8,s,sr,74,233,358,307,284
5e425256c03f8,r,ri,51,69,200,120,149
5e425256c03f8,i,ic,80,480,596,560,516
5e425256c03f8,c,ch,36,114,223,150,187
5e425256c03f8,h,ha,73,90,235,163,162
5e425256c03f8,a,ar,72,567,706,639,634
5e425256c03f8,r,ri,67,36,222,103,155
5e425256c03f8,i,ie,119,34,215,153,96
5e425256c03f8,e,en,62,143,246,205,184
5e425256c03f8,n,nbksp,41,328,444,369,403
5e425256c03f8,bksp,bkspbksp,75,105,272,180,197
5e425256c03f8,bksp,bkspbksp,92,116,288,208,196
5e425256c03f8,bksp,bkspo,80,368,518,448,438
5e425256c03f8,o,oe,70,157,302,227,232
5e425256c03f8,e,en,75,70,241,145,166
5e425256c03f8,n,ns,96,145,296,241,200
5e425256c03f8,s,su,55,132,257,187,202
5e425256c03f8,u,uk,70,180,336,250,266
5e425256c03f8,k,kn,86,29062,29220,29148,29134
5e425256c03f8,n,na,72,91,256,163,184
5e425256c03f8,a,at,93,107,311,200,218
5e425256c03f8,t,td,111,580,747,691,636
5e425256c03f8,d,da,56,119,288,175,232
5e425256c03f8,a,an,113,487,677,600,564
5e425256c03f8,n,na,77,129,277,206,200
5e425256c03f8,a,ai,71,130,287,201,216
5e425256c03f8,i,ispace,86,313,472,399,386
5e425256c03f8,space,spaces,73,278,407,351,334
5e425256c03f8,s,sr,56,193,303,249,247
5e425256c03f8,r,rc,54,725,856,779,802
5e425256c03f8,c,ch,77,95,257,172,180
5e425256c03f8,h,ha,85,55,237,140,152
5e425256c03f8,a,ar,97,430,598,527,501
5e425256c03f8,r,ro,71,56,219,127,148
5e425256c03f8,o,oe,92,75,210,167,118
5e425256c03f8,e,es,43,180,277,223,234
5e425256c03f8,s,sn,54,51,219,105,165
5e425256c03f8,n,nbksp,114,724,916,838,802
5e425256c03f8,bksp,bkspn,78,529,664,607,586
5e425256c03f8,n,ns,57,108,236,165,179
5e425256c03f8,s,su,71,130,271,201,200
5e425256c03f8,u,uk,70,158,304,228,234
5e425256c03f8,k,kt,76,-318466,-318320,-318390,-318396
5e4252749c56e,t,tn,70,931,1105,1001,1035
5e4252749c56e,n,ne,104,214,387,318,283
5e4252749c56e,e,es,69,195,335,264,266
5e4252749c56e,s,sspace,71,278,456,349,385
5e4252749c56e,space,spacem,107,726,945,833,838
5e4252749c56e,m,mn,112,688,891,800,779
5e4252749c56e,n,nu,91,277,464,368,373
5e4252749c56e,u,us,96,180,356,276,260
5e4252749c56e,s,ss,80,128,277,208,197
5e4252749c56e,s,si,69,339,487,408,418
5e4252749c56e,i,ir,79,368,528,447,449
5e4252749c56e,r,ri,81,264,435,345,354
5e4252749c56e,i,ip,90,208,386,298,296
5e4252749c56e,p,pe,88,161,321,249,233
5e4252749c56e,e,en,72,415,577,487,505
5e4252749c56e,n,nt,90,33980,34141,34070,34051
5e4252749c56e,t,ta,71,159,319,230,248
5e4252749c56e,a,an,89,580,758,669,669
5e4252749c56e,n,ne,89,161,322,250,233
5e4252749c56e,e,es,72,228,387,300,315
5e4252749c56e,s,sspace,87,213,402,300,315
5e4252749c56e,space,spacem,102,380,589,482,487
5e4252749c56e,m,ma,107,142,340,249,233
5e4252749c56e,a,an,91,241,421,332,330
5e4252749c56e,n,nu,89,230,389,319,300
5e4252749c56e,u,us,70,196,337,266,267
5e4252749c56e,s,ss,71,125,273,196,202
5e4252749c56e,s,si,77,145,260,222,183
5e4252749c56e,i,ir,38,195,303,233,265
5e4252749c56e,r,ri,70,194,322,264,252
5e4252749c56e,i,ip,58,229,356,287,298
5e4252749c56e,p,pe,69,144,285,213,216
5e4252749c56e,e,en,72,281,446,353,374
5e4252749c56e,n,nt,93,31125,31323,31218,31230
5e4252749c56e,t,tn,105,712,927,817,822
5e4252749c56e,n,ne,110,221,420,331,310
5e4252749c56e,e,es,89,161,339,250,250
5e4252749c56e,s,sspace,89,311,523,400,434
5e4252749c56e,space,spacem,123,411,679,534,556
5e4252749c56e,m,ma,145,139,373,284,228
5e4252749c56e,a,an,89,274,456,363,367
5e4252749c56e,n,nu,93,227,394,320,301
5e4252749c56e,u,us,74,181,336,255,262
5e4252749c56e,s,ss,81,120,266,201,185
5e4252749c56e,s,si,65,257,417,322,352
5e4252749c56e,i,ir,95,244,427,339,332
5e4252749c56e,r,ri,88,125,304,213,216
5e4252749c56e,i,ip,91,215,359,306,268
5e4252749c56e,p,pe,53,196,304,249,251
5e4252749c56e,e,en,55,277,423,332,368
5e4252749c56e,n,nt,91,34094,34274,34185,34183
5e4252749c56e,t,ta,89,1048,1176,1137,1087
5e4252749c56e,a,an,39,610,736,649,697
5e4252749c56e,n,ne,87,235,401,322,314
5e4252749c56e,e,es,79,175,347,254,268
5e4252749c56e,s,sspace,93,700,895,793,802
5e4252749c56e,space,spacem,102,260,467,362,365
5e4252749c56e,m,mn,105,676,856,781,751
5e4252749c56e,n,ni,75,563,726,638,651
5e4252749c56e,i,ibksp,88,2155,2321,2243,2233
5e4252749c56e,bksp,bkspu,78,810,947,888,869
5e4252749c56e,u,us,59,472,639,531,580
5e4252749c56e,s,ss,108,156,376,264,268
5e4252749c56e,s,si,112,126,341,238,229
5e4252749c56e,i,ir,103,154,387,257,284
5e4252749c56e,r,ri,130,172,401,302,271
5e4252749c56e,i,ip,99,204,379,303,280
5e4252749c56e,p,pe,76,160,326,236,250
5e4252749c56e,e,en,90,178,358,268,268
5e4252749c56e,n,nt,90,34613,34794,34703,34704
5e4252749c56e,t,ta,91,176,354,267,263
5e4252749c56e,a,an,87,1098,1289,1185,1202
5e4252749c56e,n,ne,104,128,319,232,215
5e4252749c56e,e,es,87,163,305,250,218
5e4252749c56e,s,sspace,55,327,474,382,419
5e4252749c56e,space,spacem,92,394,609,486,517
5e4252749c56e,m,ma,123,85,287,208,164
5e4252749c56e,a,an,79,361,517,440,438
5e4252749c56e,n,nu,77,324,473,401,396
5e4252749c56e,u,us,72,492,655,564,583
5e4252749c56e,s,ss,91,159,322,250,231
5e4252749c56e,s,si,72,147,289,219,217
5e4252749c56e,i,ir,70,230,389,300,319
5e4252749c56e,r,ri,89,142,305,231,216
5e4252749c56e,i,ip,74,246,391,320,317
5e4252749c56e,p,pe,71,145,256,216,185
5e4252749c56e,e,en,40,425,506,465,466
5e4252749c56e,n,nt,41,29285,29426,29326,29385
5e4252749c56e,t,tn,100,675,887,775,787
5e4252749c56e,n,ne,112,189,389,301,277
5e4252749c56e,e,es,88,130,305,218,217
5e4252749c56e,s,sbksp,87,1111,1273,1198,1186
5e4252749c56e,bksp,bkspbksp,75,90,222,165,147
5e4252749c56e,bksp,bkspbksp,57,419,576,476,519
5e4252749c56e,bksp,bkspa,100,1046,1215,1146,1115
5e4252749c56e,a,an,69,645,839,714,770
5e4252749c56e,n,ne,125,275,488,400,363
5e4252749c56e,e,es,88,180,340,268,252
5e4252749c56e,s,sspace,72,361,538,433,466
5e4252749c56e,space,spacem,105,561,790,666,685
5e4252749c56e,m,ma,124,240,456,364,332
5e4252749c56e,a,an,92,258,407,350,315
5e4252749c56e,n,nu,57,263,392,320,335
5e4252749c56e,u,us,72,177,356,249,284
5e4252749c56e,s,ss,107,111,306,218,199
5e4252749c56e,s,si,88,213,388,301,300
5e4252749c56e,i,ir,87,295,455,382,368
5e4252749c56e,r,ri,73,176,321,249,248
5e4252749c56e,i,ie,72,597,722,669,650
5e4252749c56e,e,en,53,328,508,381,455
5e4252749c56e,n,nt,127,32325,32539,32452,32412
5e4252749c56e,t,ta,87,271,455,358,368
5e4252749c56e,a,an,97,527,730,624,633
5e4252749c56e,n,ne,106,162,355,268,249
5e4252749c56e,e,es,87,163,323,250,236
5e4252749c56e,s,sspace,73,208,372,281,299
5e4252749c56e,space,spacem,91,259,442,350,351
5e4252749c56e,m,ma,92,208,390,300,298
5e4252749c56e,a,an,90,242,390,332,300
5e4252749c56e,n,nu,58,361,511,419,453
5e4252749c56e,u,us,92,143,322,235,230
5e4252749c56e,s,ss,87,145,305,232,218
5e4252749c56e,s,si,73,191,308,264,235
5e4252749c56e,i,ir,44,210,324,254,280
5e4252749c56e,r,ri,70,195,292,265,222
5e4252749c56e,i,ip,27,422,526,449,499
5e4252749c56e,p,pe,77,241,357,318,280
5e4252749c56e,e,en,39,443,566,482,527
5e4252749c56e,n,nt,84,29538,29730,29622,29646
5e4252749c56e,t,ta,108,175,370,283,262
5e4252749c56e,a,an,87,479,670,566,583
5e4252749c56e,n,ne,104,159,322,263,218
5e4252749c56e,e,es,59,159,310,218,251
5e4252749c56e,s,sspace,92,210,393,302,301
5e4252749c56e,space,spacem,91,475,709,566,618
5e4252749c56e,m,ma,143,224,456,367,313
5e4252749c56e,a,an,89,240,404,329,315
5e4252749c56e,n,nu,75,225,397,300,322
5e4252749c56e,u,us,97,342,510,439,413
5e4252749c56e,s,ss,71,192,337,263,266
5e4252749c56e,s,si,74,158,276,232,202
5e4252749c56e,i,ir,44,444,564,488,520
5e4252749c56e,r,ri,76,208,339,284,263
5e4252749c56e,i,ip,55,192,336,247,281
5e4252749c56e,p,pe,89,197,341,286,252
5e4252749c56e,e,en,55,326,473,381,418
5e4252749c56e,n,nt,92,26275,26428,26367,26336
5e4252749c56e,t,ta,61,291,441,352,380
5e4252749c56e,a,an,89,458,639,547,550
5e4252749c56e,n,ne,92,195,358,287,266
5e4252749c56e,e,es,71,125,291,196,220
5e4252749c56e,s,sspace,95,263,390,358,295
5e4252749c56e,space,spacem,32,600,754,632,722
5e4252749c56e,m,ma,122,140,371,262,249
5e4252749c56e,a,an,109,196,359,305,250
5e4252749c56e,n,nu,54,260,404,314,350
5e4252749c56e,u,us,90,159,352,249,262
5e4252749c56e,s,ss,103,88,288,191,185
5e4252749c56e,s,si,97,174,332,271,235
5e4252749c56e,i,ir,61,264,363,325,302
5e4252749c56e,r,ri,38,157,256,195,218
5e4252749c56e,i,ip,61,340,497,401,436
5e4252749c56e,p,pe,96,239,389,335,293
5e4252749c56e,e,en,54,429,572,483,518
5e4252749c56e,n,nt,89,37681,37808,37770,37719
5e4252749c56e,t,ta,38,992,1121,1030,1083
5e4252749c56e,a,an,91,528,690,619,599
5e4252749c56e,n,ne,71,297,458,368,387
5e4252749c56e,e,es,90,142,338,232,248
5e4252749c56e,s,sspace,106,444,675,550,569
5e4252749c56e,space,spacem,125,303,522,428,397
5e4252749c56e,m,mn,94,727,910,821,816
5e4252749c56e,n,nu,89,298,478,387,389
5e4252749c56e,u,us,91,257,419,348,328
5e4252749c56e,s,ss,71,162,320,233,249
5e4252749c56e,s,si,87,228,391,315,304
5e4252749c56e,i,ir,76,228,357,304,281
5e4252749c56e,r,ri,53,160,268,213,215
5e4252749c56e,i,ip,55,231,359,286,304
5e4252749c56e,p,pe,73,173,303,246,230
5e4252749c56e,e,en,57,379,512,436,455
5e4252749c56e,n,nshift,76,-328512,-328371,-328436,-328447
5e4252930dd6b,shift,shiftN,65,494,651,559,586
5e4252930dd6b,N,NN,92,986,1172,1078,1080
5e4252930dd6b,N,Nbksp,94,1016,1199,1110,1105
5e4252930dd6b,bksp,bkspbksp,89,128,255,217,166
5e4252930dd6b,bksp,bkspshift,38,1941,2054,1979,2016
5e4252930dd6b,shift,shiftn,75,761,876,836,801
5e4252930dd6b,n,na,40,682,775,722,735
5e4252930dd6b,a,at,53,447,567,500,514
5e4252930dd6b,t,tt,67,1014,1151,1081,1084
5e4252930dd6b,t,tp,70,1431,1588,1501,1518
5e4252930dd6b,p,pa,87,580,758,667,671
5e4252930dd6b,a,ar,91,274,455,365,364
5e4252930dd6b,r,rt,90,145,302,235,212
5e4252930dd6b,t,tspace,67,1349,1487,1416,1420
5e4252930dd6b,space,spacel,71,1059,1221,1130,1150
5e4252930dd6b,l,li,91,347,490,438,399
5e4252930dd6b,i,ie,52,380,486,432,434
5e4252930dd6b,e,en,54,713,869,767,815
5e4252930dd6b,n,ng,102,481,654,583,552
5e4252930dd6b,g,gp,71,328,456,399,385
5e4252930dd6b,p,ph,57,431,524,488,467
5e4252930dd6b,h,hr,36,357,500,393,464
5e4252930dd6b,r,ra,107,461,626,568,519
5e4252930dd6b,a,ap,58,425,555,483,497
5e4252930dd6b,p,ph,72,379,522,451,450
5e4252930dd6b,h,ha,71,446,590,517,519
5e4252930dd6b,a,ai,73,578,724,651,651
5e4252930dd6b,i,ip,73,531,735,604,662
5e4252930dd6b,p,pu,131,361,567,492,436
5e4252930dd6b,u,un,75,380,543,455,468
5e4252930dd6b,n,nn,88,37930,38113,38018,38025
5e4252930dd6b,n,na,95,414,601,509,506
5e4252930dd6b,a,at,92,441,660,533,568
5e4252930dd6b,t,tt,127,139,338,266,211
5e4252930dd6b,t,ta,72,398,571,470,499
5e4252930dd6b,a,ap,101,381,587,482,486
5e4252930dd6b,p,pa,105,412,635,517,530
5e4252930dd6b,a,ar,118,383,568,501,450
5e4252930dd6b,r,rt,67,175,333,242,266
5e4252930dd6b,t,tspace,91,343,510,434,419
5e4252930dd6b,space,spacel,76,611,758,687,682
5e4252930dd6b,l,li,71,366,521,437,450
5e4252930dd6b,i,ie,84,333,471,417,387
5e4252930dd6b,e,en,54,696,870,750,816
5e4252930dd6b,n,ng,120,295,487,415,367
5e4252930dd6b,g,gh,72,809,969,881,897
5e4252930dd6b,h,hr,88,662,843,750,755
5e4252930dd6b,r,ra,93,199,388,292,295
5e4252930dd6b,a,ap,96,385,565,481,469
5e4252930dd6b,p,ph,84,393,551,477,467
5e4252930dd6b,h,ha,74,995,1141,1069,1067
5e4252930dd6b,a,ai,72,577,738,649,666
5e4252930dd6b,i,ip,89,144,341,233,252
5e4252930dd6b,p,pu,108,360,572,468,464
5e4252930dd6b,u,un,104,395,588,499,484
5e4252930dd6b,n,nn,89,32164,32309,32253,32220
5e4252930dd6b,n,nt,56,2462,2571,2518,2515
5e4252930dd6b,t,tt,53,114,234,167,181
5e4252930dd6b,t,ta,67,629,785,696,718
5e4252930dd6b,a,ap,89,430,592,519,503
5e4252930dd6b,p,pa,73,676,839,749,766
5e4252930dd6b,a,ar,90,380,571,470,481
5e4252930dd6b,r,rt,101,265,433,366,332
5e4252930dd6b,t,tspace,67,719,850,786,783
5e4252930dd6b,space,spacel,64,540,702,604,638
5e4252930dd6b,l,li,98,281,463,379,365
5e4252930dd6b,i,ie,84,431,583,515,499
5e4252930dd6b,e,en,68,698,883,766,815
5e4252930dd6b,n,ng,117,307,536,424,419
5e4252930dd6b,g,gp,112,396,579,508,467
5e4252930dd6b,p,ph,71,480,657,551,586
5e4252930dd6b,h,hr,106,557,755,663,649
5e4252930dd6b,r,ra,92,193,358,285,266
5e4252930dd6b,a,ah,73,728,891,801,818
5e4252930dd6b,h,hi,90,1142,1322,1232,1232
5e4252930dd6b,i,ip,90,179,356,269,266
5e4252930dd6b,p,pu,87,296,469,383,382
5e4252930dd6b,u,un,86,298,453,384,367
5e4252930dd6b,n,nn,69,30734,30872,30803,30803
5e4252930dd6b,n,na,69,498,653,567,584
5e4252930dd6b,a,at,86,365,552,451,466
5e4252930dd6b,t,tt,101,111,285,212,184
5e4252930dd6b,t,tp,73,747,889,820,816
5e4252930dd6b,p,pa,69,461,634,530,565
5e4252930dd6b,a,ar,104,315,489,419,385
5e4252930dd6b,r,rt,70,143,301,213,231
5e4252930dd6b,t,tspace,88,499,657,587,569
5e4252930dd6b,space,spacel,70,382,537,452,467
5e4252930dd6b,l,li,85,345,505,430,420
5e4252930dd6b,i,ie,75,494,673,569,598
5e4252930dd6b,e,en,104,526,723,630,619
5e4252930dd6b,n,ng,93,430,621,523,528
5e4252930dd6b,g,gh,98,1130,1299,1228,1201
5e4252930dd6b,h,hr,71,448,606,519,535
5e4252930dd6b,r,ra,87,193,352,280,265
5e4252930dd6b,a,ah,72,979,1159,1051,1087
5e4252930dd6b,h,ha,108,410,592,518,484
5e4252930dd6b,a,ai,74,437,571,511,497
5e4252930dd6b,i,ip,60,263,397,323,337
5e4252930dd6b,p,pu,74,375,540,449,466
5e4252930dd6b,u,un,91,289,473,380,382
5e4252930dd6b,n,nn,93,43582,43759,43675,43666
5e4252930dd6b,n,na,84,448,605,532,521
5e4252930dd6b,a,at,73,295,454,368,381
5e4252930dd6b,t,tt,86,76,252,162,166
5e4252930dd6b,t,ta,90,147,337,237,247
5e4252930dd6b,a,ap,100,1165,1321,1265,1221
5e4252930dd6b,p,pa,56,479,623,535,567
5e4252930dd6b,a,ar,88,331,502,419,414
5e4252930dd6b,r,rt,83,85,266,168,183
5e4252930dd6b,t,tspace,98,385,537,483,439
5e4252930dd6b,space,spacel,54,460,600,514,546
5e4252930dd6b,l,li,86,349,555,435,469
5e4252930dd6b,i,ie,120,476,700,596,580
5e4252930dd6b,e,en,104,513,722,617,618
5e4252930dd6b,n,ng,105,364,572,469,467
5e4252930dd6b,g,gp,103,378,590,481,487
5e4252930dd6b,p,ph,109,593,791,702,682
5e4252930dd6b,h,hr,89,473,672,562,583
5e4252930dd6b,r,ra,110,200,406,310,296
5e4252930dd6b,a,ap,96,395,596,491,500
5e4252930dd6b,p,ph,105,1049,1240,1154,1135
5e4252930dd6b,h,ha,86,859,1037,945,951
5e4252930dd6b,a,ai,92,645,843,737,751
5e4252930dd6b,i,ip,106,226,420,332,314
5e4252930dd6b,p,pu,88,330,508,418,420
5e4252930dd6b,u,un,90,378,555,468,465
5e4252930dd6b,n,nn,87,30797,30991,30884,30904
5e4252930dd6b,n,na,107,561,739,668,632
5e4252930dd6b,a,at,71,412,587,483,516
5e4252930dd6b,t,tt,104,73,286,177,182
5e4252930dd6b,t,ta,109,296,476,405,367
5e4252930dd6b,a,ap,71,370,518,441,447
5e4252930dd6b,p,pa,77,466,617,543,540
5e4252930dd6b,a,ar,74,296,454,370,380
5e4252930dd6b,r,rt,84,110,300,194,216
5e4252930dd6b,t,tspace,106,353,524,459,418
5e4252930dd6b,space,spacel,65,463,615,528,550
5e4252930dd6b,l,li,87,646,804,733,717
5e4252930dd6b,i,ie,71,597,739,668,668
5e4252930dd6b,e,en,71,527,669,598,598
5e4252930dd6b,n,ng,71,307,490,378,419
5e4252930dd6b,g,gh,112,647,823,759,711
5e4252930dd6b,h,hr,64,441,601,505,537
5e4252930dd6b,r,ra,96,276,463,372,367
5e4252930dd6b,a,ah,91,1028,1193,1119,1102
5e4252930dd6b,h,ha,74,375,595,449,521
5e4252930dd6b,a,ai,146,341,589,487,443
5e4252930dd6b,i,ip,102,166,405,268,303
5e4252930dd6b,p,pu,137,341,551,478,414
5e4252930dd6b,u,un,73,258,404,331,331
5e4252930dd6b,n,nn,73,35229,35412,35302,35339
5e4252930dd6b,n,na,110,445,666,555,556
5e4252930dd6b,a,at,111,344,538,455,427
5e4252930dd6b,t,tt,83,61,231,144,148
5e4252930dd6b,t,ta,87,245,408,332,321
5e4252930dd6b,a,ap,76,312,507,388,431
5e4252930dd6b,p,pa,119,1974,2188,2093,2069
5e4252930dd6b,a,ar,95,460,628,555,533
5e4252930dd6b,r,rt,73,327,471,400,398
5e4252930dd6b,t,tspace,71,430,587,501,516
5e4252930dd6b,space,spacel,86,445,606,531,520
5e4252930dd6b,l,li,75,275,454,350,379
5e4252930dd6b,i,ie,104,496,691,600,587
5e4252930dd6b,e,en,91,546,737,637,646
5e4252930dd6b,n,ng,100,285,484,385,384
5e4252930dd6b,g,gp,99,230,416,329,317
5e4252930dd6b,p,ph,87,312,488,399,401
5e4252930dd6b,h,hr,89,348,521,437,432
5e4252930dd6b,r,ra,84,497,658,581,574
5e4252930dd6b,a,ah,77,906,1075,983,998
5e4252930dd6b,h,ha,92,325,523,417,431
5e4252930dd6b,a,ai,106,394,589,500,483
5e4252930dd6b,i,ip,89,143,339,232,250
5e4252930dd6b,p,pu,107,212,439,319,332
5e4252930dd6b,u,un,120,161,386,281,266
5e4252930dd6b,n,nn,105,31216,31459,31321,31354
5e4252930dd6b,n,na,138,429,672,567,534
5e4252930dd6b,a,at,105,328,502,433,397
5e4252930dd6b,t,tt,69,98,253,167,184
5e4252930dd6b,t,ta,86,163,336,249,250
5e4252930dd6b,a,ap,87,1332,1487,1419,1400
5e4252930dd6b,p,pa,68,495,687,563,619
5e4252930dd6b,a,ar,124,319,524,443,400
5e4252930dd6b,r,rt,81,177,311,258,230
5e4252930dd6b,t,tspace,53,333,442,386,389
5e4252930dd6b,space,spacel,56,497,648,553,592
5e4252930dd6b,l,li,95,253,447,348,352
5e4252930dd6b,i,ie,99,408,582,507,483
5e4252930dd6b,e,en,75,567,728,642,653
5e4252930dd6b,n,ng,86,291,484,377,398
5e4252930dd6b,g,gh,107,1081,1259,1188,1152
5e4252930dd6b,h,hbksp,71,1160,1339,1231,1268
5e4252930dd6b,bksp,bkspp,108,242,457,350,349
5e4252930dd6b,p,ph,107,461,691,568,584
5e4252930dd6b,h,hr,123,395,691,518,568
5e4252930dd6b,r,ra,173,395,651,568,478
5e4252930dd6b,a,ap,83,1248,1435,1331,1352
5e4252930dd6b,p,ph,104,497,706,601,602
5e4252930dd6b,h,ha,105,327,527,432,422
5e4252930dd6b,a,ai,95,441,609,536,514
5e4252930dd6b,i,ip,73,241,386,314,313
5e4252930dd6b,p,pu,72,246,440,318,368
5e4252930dd6b,u,un,122,197,404,319,282
5e4252930dd6b,n,nn,85,31585,31772,31670,31687
5e4252930dd6b,n,na,102,397,585,499,483
5e4252930dd6b,a,at,86,296,452,382,366
5e4252930dd6b,t,tt,70,111,235,181,165
5e4252930dd6b,t,ta,54,196,322,250,268
5e4252930dd6b,a,ap,72,334,522,406,450
5e4252930dd6b,p,pa,116,428,617,544,501
5e4252930dd6b,a,ar,73,279,405,352,332
5e4252930dd6b,r,rt,53,164,269,217,216
5e4252930dd6b,t,tspace,52,280,404,332,352
5e4252930dd6b,space,spacel,72,1959,2124,2031,2052
5e4252930dd6b,l,li,93,1197,1404,1290,1311
5e4252930dd6b,i,ir,114,305,600,419,486
5e4252930dd6b,r,re,181,1897,2151,2078,1970
5e4252930dd6b,e,en,73,527,687,600,614
5e4252930dd6b,n,ng,87,213,385,300,298
5e4252930dd6b,g,gp,85,233,385,318,300
5e4252930dd6b,p,ph,67,333,471,400,404
5e4252930dd6b,h,hr,71,461,619,532,548
5e4252930dd6b,r,rp,87,827,989,914,902
5e4252930dd6b,p,ph,75,360,509,435,434
5e4252930dd6b,h,ha,74,440,605,514,531
5e4252930dd6b,a,ai,91,359,510,450,419
5e4252930dd6b,i,ip,60,172,339,232,279
5e4252930dd6b,p,pu,107,331,495,438,388
5e4252930dd6b,u,un,57,223,387,280,330
5e4252930dd6b,n,np,107,31736,31956,31843,31849
5e4252930dd6b,p,pp,113,69,262,182,149
5e4252930dd6b,p,pp,80,71,232,151,152
5e4252930dd6b,p,pr,81,597,786,678,705
5e4252930dd6b,r,ro,108,441,658,549,550
5e4252930dd6b,o,ometa1,109,627,840,736,731
5e4252930dd6b,meta1,meta15,104,470,688,574,584
5e4252930dd6b,5,56,114,244,480,358,366
5e4252930dd6b,6,67,122,138,337,260,215
5e4252930dd6b,7,7@,77,272,442,349,365
5e4252930dd6b,@,@normal,93,597,750,690,657
5e4252930dd6b,normal,normalg,60,476,661,536,601
5e4252930dd6b,g,gm,125,308,506,433,381
5e4252930dd6b,m,ma,73,377,561,450,488
5e4252930dd6b,a,ai,111,439,655,550,544
5e4252930dd6b,i,il,105,181,357,286,252
5e4252930dd6b,l,l.,71,393,554,464,483
5e4252930dd6b,.,.c,90,542,738,632,648
5e4252930dd6b,c,co,106,366,586,472,480
5e4252930dd6b,o,om,114,137,350,251,236
5e4252930dd6b,m,mw,99,114258,114442,114357,114343
5e42563282cf6,r,ra,93,164,359,257,266
5e42563282cf6,a,aw,102,311,504,413,402
5e42563282cf6,w,wi,91,559,740,650,649
5e42563282cf6,i,in,90,428,575,518,485
5e42563282cf6,n,nspace,57,2060,2192,2117,2135
5e42563282cf6,space,spacea,75,225,371,300,296
5e42563282cf6,a,ak,71,244,404,315,333
5e42563282cf6,k,ks,89,250,422,339,333
5e42563282cf6,s,sh,83,232,416,315,333
5e42563282cf6,h,hr,101,342,534,443,433
5e42563282cf6,r,ra,91,914,1092,1005,1001
5e42563282cf6,a,am,87,418,592,505,505
5e42563282cf6,m,ma,87,68,231,155,144
5e42563282cf6,a,at,76,731,878,807,802
5e42563282cf6,t,tp,71,47928,48072,47999,48001
5e42563282cf6,p,pr,73,369,525,442,452
5e42563282cf6,r,ra,83,179,365,262,282
5e42563282cf6,a,aw,103,629,802,732,699
5e42563282cf6,w,wi,70,211,353,281,283
5e42563282cf6,i,in,72,265,406,337,334
5e42563282cf6,n,nspace,69,244,385,313,316
5e42563282cf6,space,spacea,72,445,608,517,536
5e42563282cf6,a,ak,91,106,273,197,182
5e42563282cf6,k,ks,76,278,444,354,368
5e42563282cf6,s,sh,90,160,324,250,234
5e42563282cf6,h,hr,74,375,503,449,429
5e42563282cf6,r,rbksp,54,1228,1379,1282,1325
5e42563282cf6,bksp,bkspa,97,639,828,736,731
5e42563282cf6,a,ar,92,522,673,614,581
5e42563282cf6,r,ra,59,243,390,302,331
5e42563282cf6,a,am,88,580,772,668,684
5e42563282cf6,m,ma,104,144,307,248,203
5e42563282cf6,a,at,59,242,371,301,312
5e42563282cf6,t,tmeta1,70,664,821,734,751
5e42563282cf6,meta1,meta1@,87,979,1156,1066,1069
5e42563282cf6,@,@normal,90,312,472,402,382
5e42563282cf6,normal,normalg,70,361,521,431,451
5e42563282cf6,g,gm,90,277,454,367,364
5e42563282cf6,m,mi,87,319,505,406,418
5e42563282cf6,i,il,99,227,415,326,316
5e42563282cf6,l,lbksp,89,811,989,900,900
5e42563282cf6,bksp,bkspa,89,511,673,600,584
5e42563282cf6,a,ai,73,214,390,287,317
5e42563282cf6,i,il,103,228,402,331,299
5e42563282cf6,l,l.,71,862,1008,933,937
5e42563282cf6,.,.c,75,325,490,400,415
5e42563282cf6,c,co,90,178,355,268,265
5e42563282cf6,o,om,87,363,522,450,435
5e42563282cf6,m,mbksp,72,3455,3628,3527,3556
5e42563282cf6,bksp,bkspbksp,101,70,277,171,176
5e42563282cf6,bksp,bkspbksp,106,90,308,196,202
5e42563282cf6,bksp,bkspbksp,112,54,226,166,114
5e42563282cf6,bksp,bkspbksp,60,111,300,171,240
5e42563282cf6,bksp,bkspbksp,129,2138,2359,2267,2230
5e42563282cf6,bksp,bkspbksp,92,242,441,334,349
5e42563282cf6,bksp,bkspbksp,107,70,257,177,150
5e42563282cf6,bksp,bkspbksp,80,87,246,167,166
5e42563282cf6,bksp,bkspbksp,79,88,261,167,182
5e42563282cf6,bksp,bkspbksp,94,72,247,166,153
5e42563282cf6,bksp,bkspbksp,81,84,261,165,180
5e42563282cf6,bksp,bkspbksp,96,112,279,208,183
5e42563282cf6,bksp,bkspbksp,71,73,222,144,151
5e42563282cf6,bksp,bkspbksp,78,94,244,172,166
5e42563282cf6,bksp,bkspbksp,72,90,256,162,184
5e42563282cf6,bksp,bkspbksp,94,76,260,170,166
5e42563282cf6,bksp,bkspbksp,90,96,259,186,169
5e42563282cf6,bksp,bkspbksp,73,68,255,141,182
5e42563282cf6,bksp,bkspbksp,114,76,299,190,185
5e42563282cf6,bksp,bkspbksp,109,54,260,163,151
5e42563282cf6,bksp,bkspbksp,97,69,288,166,191
5e42563282cf6,bksp,bkspbksp,122,62,265,184,143
5e42563282cf6,bksp,bkspbksp,81,90,278,171,197
5e42563282cf6,bksp,bkspbksp,107,76,273,183,166
5e42563282cf6,bksp,bkspbksp,90,213,390,303,300
5e42563282cf6,bksp,bksp.,87,627,792,714,705
5e42563282cf6,.,.a,78,640,827,718,749
5e42563282cf6,a,ak,109,173,357,282,248
5e42563282cf6,k,ks,75,612,777,687,702
5e42563282cf6,s,sh,90,255,423,345,333
5e42563282cf6,h,hr,78,558,679,636,601
5e42563282cf6,r,ra,43,681,843,724,800
5e42563282cf6,a,abksp,119,669,880,788,761
5e42563282cf6,bksp,bkspbksp,92,213,393,305,301
5e42563282cf6,bksp,bkspa,88,444,659,532,571
5e42563282cf6,a,ar,127,206,405,333,278
5e42563282cf6,r,ra,72,130,291,202,219
5e42563282cf6,a,am,89,595,774,684,685
5e42563282cf6,m,ma,90,193,370,283,280
5e42563282cf6,a,at,87,178,373,265,286
5e42563282cf6,t,tmeta1,108,1037,1241,1145,1133
5e42563282cf6,meta1,meta1@,96,961,1148,1057,1052
5e42563282cf6,@,@normal,91,327,492,418,401
5e42563282cf6,normal,normalh,74,490,605,564,531
5e42563282cf6,h,hg,41,1141,1256,1182,1215
5e42563282cf6,g,gm,74,413,576,487,502
5e42563282cf6,m,ma,89,109,270,198,181
5e42563282cf6,a,ai,72,511,656,583,584
5e42563282cf6,i,il,73,137,307,210,234
5e42563282cf6,l,l.,97,377,562,474,465
5e42563282cf6,.,.c,88,610,792,698,704
5e42563282cf6,c,co,94,170,343,264,249
5e42563282cf6,o,om,79,194,329,273,250
5e42563282cf6,m,mp,56,65547,65689,65603,65633
5e42563282cf6,p,pr,86,319,492,405,406
5e42563282cf6,r,ra,87,242,416,329,329
5e42563282cf6,a,aw,87,225,404,312,317
5e42563282cf6,w,wi,92,547,726,639,634
5e42563282cf6,i,in,87,258,418,345,331
5e42563282cf6,n,nspace,73,190,339,263,266
5e42563282cf6,space,spacea,76,476,621,552,545
5e42563282cf6,a,ak,69,150,309,219,240
5e42563282cf6,k,ks,90,210,374,300,284
5e42563282cf6,s,sh,74,207,356,281,282
5e42563282cf6,h,hr,75,1012,1161,1087,1086
5e42563282cf6,r,rm,74,361,504,435,430
5e42563282cf6,m,mt,69,310,453,379,384
5e42563282cf6,t,tbksp,74,3329,3475,3403,3401
5e42563282cf6,bksp,bkspbksp,72,90,240,162,168
5e42563282cf6,bksp,bkspbksp,78,72,228,150,150
5e42563282cf6,bksp,bkspa,78,646,794,724,716
5e42563282cf6,a,am,70,262,421,332,351
5e42563282cf6,m,mt,89,393,537,482,448
5e42563282cf6,t,tbksp,55,794,924,849,869
5e42563282cf6,bksp,bkspa,75,175,343,250,268
5e42563282cf6,a,at,93,458,609,551,516
5e42563282cf6,t,tp,58,59981,60092,60039,60034
5e42563282cf6,p,pr,53,519,653,572,600
5e42563282cf6,r,ra,81,157,349,238,268
5e42563282cf6,a,aw,111,227,429,338,318
5e42563282cf6,w,wi,91,160,338,251,247
5e42563282cf6,i,in,87,163,321,250,234
5e42563282cf6,n,na,71,641,808,712,737
5e42563282cf6,a,ak,96,123,309,219,213
5e42563282cf6,k,ks,90,180,359,270,269
5e42563282cf6,s,sh,89,178,336,267,247
5e42563282cf6,h,ha,69,53,220,122,151
5e42563282cf6,a,ar,98,140,313,238,215
5e42563282cf6,r,ra,75,146,294,221,219
5e42563282cf6,a,am,73,673,823,746,750
5e42563282cf6,m,mt,77,347,476,424,399
5e42563282cf6,t,ta,52,996,1137,1048,1085
5e42563282cf6,a,at,89,262,436,351,347
5e42563282cf6,t,tbksp,85,1646,1825,1731,1740
5e42563282cf6,bksp,bkspbksp,94,106,288,200,194
5e42563282cf6,bksp,bkspbksp,88,90,259,178,171
5e42563282cf6,bksp,bkspa,81,458,650,539,569
5e42563282cf6,a,at,111,276,437,387,326
5e42563282cf6,t,tp,50,37830,37937,37880,37887
5e42563282cf6,p,pr,57,297,458,354,401
5e42563282cf6,r,ra,104,263,436,367,332
5e42563282cf6,a,aw,69,332,487,401,418
5e42563282cf6,w,wi,86,664,819,750,733
5e42563282cf6,i,in,69,1074,1222,1143,1153
5e42563282cf6,n,nspace,79,358,495,437,416
5e42563282cf6,space,spacea,58,488,655,546,597
5e42563282cf6,a,ak,109,173,377,282,268
5e42563282cf6,k,ks,95,241,447,336,352
5e42563282cf6,s,sh,111,221,392,332,281
5e42563282cf6,h,hr,60,341,460,401,400
5e42563282cf6,r,ra,59,879,1029,938,970
5e42563282cf6,a,am,91,390,555,481,464
5e42563282cf6,m,ma,74,68,238,142,164
5e42563282cf6,a,at,96,225,398,321,302
5e42563282cf6,t,tbksp,77,2520,2694,2597,2617
5e42563282cf6,bksp,bkspbksp,97,69,264,166,167
5e42563282cf6,bksp,bkspbksp,98,75,279,173,181
5e42563282cf6,bksp,bkspbksp,106,90,274,196,168
5e42563282cf6,bksp,bkspbksp,78,89,245,167,167
5e42563282cf6,bksp,bkspa,78,473,647,551,569
5e42563282cf6,a,ar,96,220,394,316,298
5e42563282cf6,r,ra,78,150,326,228,248
5e42563282cf6,a,am,98,465,652,563,554
5e42563282cf6,m,mt,89,426,585,515,496
5e42563282cf6,t,tp,70,42560,42743,42630,42673
5e42563282cf6,p,pr,113,278,476,391,363
5e42563282cf6,r,ra,85,248,391,333,306
5e42563282cf6,a,ai,58,854,1004,912,946
5e42563282cf6,i,in,92,230,391,322,299
5e42563282cf6,n,nspace,69,145,284,214,215
5e42563282cf6,space,spacek,70,608,771,678,701
5e42563282cf6,k,ks,93,279,479,372,386
5e42563282cf6,s,sh,107,175,356,282,249
5e42563282cf6,h,hr,74,311,456,385,382
5e42563282cf6,r,rbksp,71,1003,1172,1074,1101
5e42563282cf6,bksp,bkspbksp,98,69,247,167,149
5e42563282cf6,bksp,bkspbksp,80,89,249,169,169
5e42563282cf6,bksp,bkspbksp,80,86,246,166,166
5e42563282cf6,bksp,bkspa,80,676,869,756,789
5e42563282cf6,a,ak,113,566,774,679,661
5e42563282cf6,k,ks,95,224,410,319,315
5e42563282cf6,s,sh,91,250,427,341,336
5e42563282cf6,h,ha,86,858,1051,944,965
5e42563282cf6,a,ar,107,225,423,332,316
5e42563282cf6,r,rm,91,664,843,755,752
5e42563282cf6,m,ma,88,53,238,141,150
5e42563282cf6,a,at,97,228,394,325,297
5e42563282cf6,t,tp,69,49566,49723,49635,49654
5e42563282cf6,p,pr,88,631,807,719,719
5e42563282cf6,r,ra,88,260,407,348,319
5e42563282cf6,a,aw,59,324,456,383,397
5e42563282cf6,w,wi,73,643,806,716,733
5e42563282cf6,i,in,90,144,305,234,215
5e42563282cf6,n,nspace,71,128,271,199,200
5e42563282cf6,space,spacea,72,359,523,431,451
5e42563282cf6,a,ak,92,148,307,240,215
5e42563282cf6,k,ks,67,513,669,580,602
5e42563282cf6,s,sh,89,279,439,368,350
5e42563282cf6,h,ha,71,91,237,162,166
5e42563282cf6,a,ar,75,557,693,632,618
5e42563282cf6,r,rm,61,410,547,471,486
5e42563282cf6,m,ma,76,574,725,650,649
5e42563282cf6,a,at,75,574,723,649,648
5e42563282cf6,t,tbksp,74,3195,3342,3269,3268
5e42563282cf6,bksp,bkspbksp,73,103,269,176,196
5e42563282cf6,bksp,bkspbksp,93,57,261,150,168
5e42563282cf6,bksp,bkspa,111,642,847,753,736
5e42563282cf6,a,ar,94,294,443,388,349
5e42563282cf6,r,rm,55,1426,1540,1481,1485
5e42563282cf6,m,ma,59,209,357,268,298
5e42563282cf6,a,at,89,211,389,300,300
5e42563282cf6,t,tp,89,41234,41427,41323,41338
5e42563282cf6,p,pr,104,265,452,369,348
5e42563282cf6,r,ra,83,190,367,273,284
5e42563282cf6,a,aw,94,188,375,282,281
5e42563282cf6,w,wi,93,477,660,570,567
5e42563282cf6,i,in,90,127,307,217,217
5e42563282cf6,n,nspace,90,104,255,194,165
5e42563282cf6,space,spacea,61,900,1046,961,985
5e42563282cf6,a,ak,85,166,334,251,249
5e42563282cf6,k,ks,83,529,723,612,640
5e42563282cf6,s,sh,111,190,406,301,295
5e42563282cf6,h,hr,105,358,536,463,431
5e42563282cf6,r,rbksp,73,1077,1257,1150,1184
5e42563282cf6,bksp,bkspbksp,107,207,407,314,300
5e42563282cf6,bksp,bkspa,93,497,680,590,587
5e42563282cf6,a,ar,90,423,603,513,513
5e42563282cf6,r,ra,90,123,292,213,202
5e42563282cf6,a,am,79,542,697,621,618
5e42563282cf6,m,mt,76,488,638,564,562
5e42563282cf6,t,ta,74,956,1130,1030,1056
5e42563282cf6,a,at,100,240,415,340,315
5e42563282cf6,t,tt,75,1344,1476,1419,1401
5e42563282cf6,t,ta,57,1074,1221,1131,1164
5e42563282cf6,a,at,90,528,677,618,587
5e42563282cf6,t,tp,59,43913,44040,43972,43981
5e42563282cf6,p,pr,68,413,570,481,502
5e42563282cf6,r,ra,89,161,339,250,250
5e42563282cf6,a,aw,89,193,388,282,299
5e42563282cf6,w,wi,106,497,672,603,566
5e42563282cf6,i,in,69,181,318,250,249
5e42563282cf6,n,nspace,68,146,269,214,201
5e42563282cf6,space,spacea,55,445,608,500,553
5e42563282cf6,a,ak,108,110,306,218,198
5e42563282cf6,k,ks,88,212,388,300,300
5e42563282cf6,s,sh,88,180,354,268,266
5e42563282cf6,h,hr,86,395,552,481,466
5e42563282cf6,r,ra,71,550,689,621,618
5e42563282cf6,a,am,68,767,920,835,852
5e42563282cf6,m,ma,85,109,283,194,198
5e42563282cf6,a,at,89,176,355,265,266
5e42563282cf6,t,tp,90,38572,38743,38662,38653
5e42563282cf6,p,pr,81,273,445,354,364
5e42563282cf6,r,rw,91,407,611,498,520
5e42563282cf6,w,wi,113,89,294,202,181
5e42563282cf6,i,in,92,148,308,240,216
5e42563282cf6,n,nspace,68,213,355,281,287
5e42563282cf6,space,spacea,74,262,426,336,352
5e42563282cf6,a,ak,90,142,320,232,230
5e42563282cf6,k,ks,88,227,420,315,332
5e42563282cf6,s,sbksp,105,1926,2122,2031,2017
5e42563282cf6,bksp,bkspbksp,91,140,308,231,217
5e42563282cf6,bksp,bkspbksp,77,278,411,355,334
5e42563282cf6,bksp,bksps,56,1008,1174,1064,1118
5e42563282cf6,s,sh,110,106,293,216,183
5e42563282cf6,h,ha,77,105,260,182,183
5e42563282cf6,a,ar,78,559,697,637,619
5e42563282cf6,r,ra,60,136,276,196,216
5e42563282cf6,a,am,80,137,312,217,232
5e42563282cf6,m,mt,95,344,492,439,397
5e42563282cf6,t,ts,53,-426795,-426654,-426742,-426707
5e42570c67431,k,ka,139,1465,1707,1604,1568
5e42570c67431,a,ar,103,996,1185,1099,1082
5e42570c67431,r,rn,86,716,950,802,864
5e42570c67431,n,ns,148,522,767,670,619
5e42570c67431,s,si,97,564,762,661,665
5e42570c67431,i,ir,101,148,352,249,251
5e42570c67431,r,ra,103,329,541,432,438
5e42570c67431,a,aspace,109,2900,3135,3009,3026
5e42570c67431,space,spaces,126,1316,1515,1442,1389
5e42570c67431,s,si,73,195,370,268,297
5e42570c67431,i,ir,102,567,737,669,635
5e42570c67431,r,ru,68,465,633,533,565
5e42570c67431,u,uw,100,192,367,292,267
5e42570c67431,w,wi,75,482,664,557,589
5e42570c67431,i,ic,107,242,451,349,344
5e42570c67431,c,ch,102,298,487,400,385
5e42570c67431,h,hbksp,87,1677,1891,1764,1804
5e42570c67431,bksp,bkspbksp,127,91,287,218,160
5e42570c67431,bksp,bkspbksp,69,92,221,161,152
5e42570c67431,bksp,bkspbksp,60,57,196,117,136
5e42570c67431,bksp,bkspbksp,79,122,242,201,163
5e42570c67431,bksp,bkspi,41,702,874,743,833
5e42570c67431,i,iw,131,347,583,478,452
5e42570c67431,w,wi,105,495,725,600,620
5e42570c67431,i,ic,125,356,570,481,445
5e42570c67431,c,ch,89,548,724,637,635
5e42570c67431,h,ha,87,212,405,299,318
5e42570c67431,a,au,106,258,470,364,364
5e42570c67431,u,ubksp,106,980,1196,1086,1090
5e42570c67431,bksp,bkspi,110,422,624,532,514
5e42570c67431,i,ik,92,33244,33426,33336,33334
5e42570c67431,k,kr,90,695,909,785,819
5e42570c67431,r,rn,124,762,973,886,849
5e42570c67431,n,ns,87,55,218,142,131
5e42570c67431,s,si,76,446,594,522,518
5e42570c67431,i,ir,72,36,190,108,118
5e42570c67431,r,rbksp,82,934,1097,1016,1015
5e42570c67431,bksp,bkspbksp,81,71,226,152,145
5e42570c67431,bksp,bkspbksp,74,89,244,163,170
5e42570c67431,bksp,bkspbksp,81,70,213,151,132
5e42570c67431,bksp,bkspbksp,62,91,230,153,168
5e42570c67431,bksp,bkspa,77,501,632,578,555
5e42570c67431,a,ar,54,424,571,478,517
5e42570c67431,r,rn,93,579,773,672,680
5e42570c67431,n,ns,101,213,417,314,316
5e42570c67431,s,si,103,511,740,614,637
5e42570c67431,i,ir,126,124,339,250,213
5e42570c67431,r,ra,89,373,539,462,450
5e42570c67431,a,aspace,77,811,995,888,918
5e42570c67431,space,spaces,107,461,657,568,550
5e42570c67431,s,si,89,262,472,351,383
5e42570c67431,i,ir,121,128,339,249,218
5e42570c67431,r,ri,90,110,288,200,198
5e42570c67431,i,iw,88,145,323,233,235
5e42570c67431,w,wi,90,109,239,199,149
5e42570c67431,i,ic,40,261,374,301,334
5e42570c67431,c,ch,73,164,304,237,231
5e42570c67431,h,ha,67,163,354,230,287
5e42570c67431,a,au,124,70,256,194,132
5e42570c67431,u,ubksp,62,777,963,839,901
5e42570c67431,bksp,bkspi,124,457,675,581,551
5e42570c67431,i,ik,94,30766,30943,30860,30849
5e42570c67431,k,ka,83,111,297,194,214
5e42570c67431,a,ar,103,245,406,348,303
5e42570c67431,r,rn,58,442,590,500,532
5e42570c67431,n,ns,90,160,323,250,233
5e42570c67431,s,sr,73,519,674,592,601
5e42570c67431,r,rbksp,82,764,917,846,835
5e42570c67431,bksp,bkspbksp,71,94,234,165,163
5e42570c67431,bksp,bksps,69,1276,1437,1345,1368
5e42570c67431,s,si,92,615,793,707,701
5e42570c67431,i,ir,86,294,453,380,367
5e42570c67431,r,ra,73,277,426,350,353
5e42570c67431,a,aspace,76,307,475,383,399
5e42570c67431,space,spaces,92,312,472,404,380
5e42570c67431,s,si,68,384,536,452,468
5e42570c67431,i,ir,84,214,366,298,282
5e42570c67431,r,ri,68,245,402,313,334
5e42570c67431,i,iw,89,194,371,283,282
5e42570c67431,w,wi,88,282,473,370,385
5e42570c67431,i,ic,103,242,433,345,330
5e42570c67431,c,ch,88,287,472,375,384
5e42570c67431,h,ha,97,275,467,372,370
5e42570c67431,a,ai,95,442,628,537,533
5e42570c67431,i,ik,91,27909,28077,28000,27986
5e42570c67431,k,kr,77,450,606,527,529
5e42570c67431,r,rn,79,894,1050,973,971
5e42570c67431,n,ns,77,195,324,272,247
5e42570c67431,s,si,52,366,521,418,469
5e42570c67431,i,ir,103,246,418,349,315
5e42570c67431,r,rspace,69,863,1039,932,970
5e42570c67431,space,spaces,107,230,402,337,295
5e42570c67431,s,si,65,366,533,431,468
5e42570c67431,i,ir,102,148,337,250,235
5e42570c67431,r,ri,87,226,388,313,301
5e42570c67431,i,iw,75,90,273,165,198
5e42570c67431,w,wi,108,341,525,449,417
5e42570c67431,i,ic,76,211,359,287,283
5e42570c67431,c,ch,72,146,304,218,232
5e42570c67431,h,ha,86,896,1057,982,971
5e42570c67431,a,ai,75,460,606,535,531
5e42570c67431,i,ik,71,30402,30541,30473,30470
5e42570c67431,k,ka,68,312,472,380,404
5e42570c67431,a,ar,92,327,472,419,380
5e42570c67431,r,rn,53,461,601,514,548
5e42570c67431,n,ns,87,233,369,320,282
5e42570c67431,s,su,49,401,516,450,467
5e42570c67431,u,ur,66,181,316,247,250
5e42570c67431,r,rbksp,69,553,719,622,650
5e42570c67431,bksp,bkspbksp,97,72,249,169,152
5e42570c67431,bksp,bkspi,80,560,712,640,632
5e42570c67431,i,ir,72,182,353,254,281
5e42570c67431,r,ra,99,264,473,363,374
5e42570c67431,a,aspace,110,159,336,269,226
5e42570c67431,space,spaces,67,1802,1955,1869,1888
5e42570c67431,s,si,86,614,802,700,716
5e42570c67431,i,ir,102,175,353,277,251
5e42570c67431,r,ri,76,278,423,354,347
5e42570c67431,i,iw,69,114,269,183,200
5e42570c67431,w,wi,86,93,252,179,166
5e42570c67431,i,ic,73,749,893,822,820
5e42570c67431,c,ch,71,300,438,371,367
5e42570c67431,h,hi,67,362,483,429,416
5e42570c67431,i,ibksp,54,676,838,730,784
5e42570c67431,bksp,bkspa,108,89,291,197,183
5e42570c67431,a,ai,94,378,542,472,448
5e42570c67431,i,ik,70,27901,28022,27971,27952
5e42570c67431,k,ka,51,179,320,230,269
5e42570c67431,a,ar,90,399,528,489,438
5e42570c67431,r,rn,39,493,586,532,547
5e42570c67431,n,ns,54,325,436,379,382
5e42570c67431,s,si,57,431,540,488,483
5e42570c67431,i,ir,52,128,267,180,215
5e42570c67431,r,ra,87,430,557,517,470
5e42570c67431,a,aspace,40,261,389,301,349
5e42570c67431,space,spaces,88,193,351,281,263
5e42570c67431,s,si,70,262,387,332,317
5e42570c67431,i,ir,55,281,408,336,353
5e42570c67431,r,ri,72,330,470,402,398
5e42570c67431,i,iw,68,299,438,367,370
5e42570c67431,w,wi,71,211,369,282,298
5e42570c67431,i,ic,87,181,354,268,267
5e42570c67431,c,ch,86,228,384,314,298
5e42570c67431,h,hi,70,397,504,467,434
5e42570c67431,i,ibksp,37,646,755,683,718
5e42570c67431,bksp,bkspa,72,159,305,231,233
5e42570c67431,a,ai,74,444,591,518,517
5e42570c67431,i,ik,73,28983,29124,29056,29051
5e42570c67431,k,kr,68,597,736,665,668
5e42570c67431,r,rbksp,71,661,823,732,752
5e42570c67431,bksp,bkspa,91,208,372,299,281
5e42570c67431,a,ar,73,346,490,419,417
5e42570c67431,r,rn,71,428,538,499,467
5e42570c67431,n,ns,39,298,370,337,331
5e42570c67431,s,si,33,417,518,450,485
5e42570c67431,i,ir,68,345,468,413,400
5e42570c67431,r,rspace,55,632,754,687,699
5e42570c67431,space,spacea,67,1845,2002,1912,1935
5e42570c67431,a,abksp,90,582,771,672,681
5e42570c67431,bksp,bkspbksp,99,203,398,302,299
5e42570c67431,bksp,bkspa,96,964,1167,1060,1071
5e42570c67431,a,aspace,107,375,539,482,432
5e42570c67431,space,spaces,57,696,807,753,750
5e42570c67431,s,si,54,278,419,332,365
5e42570c67431,i,ir,87,227,370,314,283
5e42570c67431,r,ri,56,362,491,418,435
5e42570c67431,i,iw,73,228,356,301,283
5e42570c67431,w,wu,55,220,370,275,315
5e42570c67431,u,uc,95,215,412,310,317
5e42570c67431,c,ch,102,230,402,332,300
5e42570c67431,h,hbksp,70,2719,2871,2789,2801
5e42570c67431,bksp,bkspbksp,82,56,214,138,132
5e42570c67431,bksp,bkspbksp,76,91,228,167,152
5e42570c67431,bksp,bkspbksp,61,582,761,643,700
5e42570c67431,bksp,bkspbksp,118,113,299,231,181
5e42570c67431,bksp,bkspbksp,68,71,235,139,167
5e42570c67431,bksp,bkspw,96,948,1134,1044,1038
5e42570c67431,w,wi,90,491,688,581,598
5e42570c67431,i,ic,107,562,757,669,650
5e42570c67431,c,ch,88,293,470,381,382
5e42570c67431,h,ha,89,307,489,396,400
5e42570c67431,a,ai,93,479,646,572,553
5e42570c67431,i,ik,74,28099,28237,28173,28163
5e42570c67431,k,ka,64,232,351,296,287
5e42570c67431,a,ar,55,215,339,270,284
5e42570c67431,r,rn,69,480,618,549,549
5e42570c67431,n,ns,69,232,385,301,316
5e42570c67431,s,si,84,297,450,381,366
5e42570c67431,i,ir,69,463,588,532,519
5e42570c67431,r,rspace,56,591,738,647,682
5e42570c67431,space,spaces,91,179,343,270,252
5e42570c67431,s,si,73,210,371,283,298
5e42570c67431,i,ir,88,127,289,215,201
5e42570c67431,r,ri,74,450,589,524,515
5e42570c67431,i,iw,65,168,348,233,283
5e42570c67431,w,wi,115,53,282,168,167
5e42570c67431,i,ic,114,314,483,428,369
5e42570c67431,c,ch,55,295,423,350,368
5e42570c67431,h,ha,73,445,589,518,516
5e42570c67431,a,ai,71,424,589,495,518
5e42570c67431,i,ik,94,27897,28060,27991,27966
5e42570c67431,k,kr,69,496,651,565,582
5e42570c67431,r,rn,86,797,986,883,900
5e42570c67431,n,ns,103,299,435,402,332
5e42570c67431,s,si,33,296,402,329,369
5e42570c67431,i,ir,73,195,322,268,249
5e42570c67431,r,rspace,54,637,788,691,734
5e42570c67431,space,spaces,97,204,380,301,283
5e42570c67431,s,si,79,262,446,341,367
5e42570c67431,i,ir,105,181,355,286,250
5e42570c67431,r,ri,69,280,437,349,368
5e42570c67431,i,iw,88,364,539,452,451
5e42570c67431,w,wu,87,107,266,194,179
5e42570c67431,u,ubksp,72,769,937,841,865
5e42570c67431,bksp,bkspi,96,467,684,563,588
5e42570c67431,i,ic,121,330,537,451,416
5e42570c67431,c,ch,86,264,404,350,318
5e42570c67431,h,ha,54,814,955,868,901
5e42570c67431,a,ai,87,413,553,500,466
5e42570c67431,i,ik,53,28749,28904,28802,28851
5e42570c67431,k,kr,102,430,601,532,499
5e42570c67431,r,rn,69,412,587,481,518
5e42570c67431,n,ns,106,213,389,319,283
5e42570c67431,s,si,70,393,539,463,469
5e42570c67431,i,ir,76,191,340,267,264
5e42570c67431,r,rspace,73,688,857,761,784
5e42570c67431,space,spaces,96,161,311,257,215
5e42570c67431,s,si,54,297,389,351,335
5e42570c67431,i,ir,38,225,338,263,300
5e42570c67431,r,ri,75,480,643,555,568
5e42570c67431,i,iw,88,144,336,232,248
5e42570c67431,w,wi,104,413,642,517,538
5e42570c67431,i,ic,125,240,437,365,312
5e42570c67431,c,ch,72,227,389,299,317
5e42570c67431,h,hi,90,447,610,537,520
5e42570c67431,i,ibksp,73,584,753,657,680
5e42570c67431,bksp,bkspa,96,179,361,275,265
5e42570c67431,a,ai,86,471,654,557,568
5e42570c67431,i,ibksp,97,4567,4766,4664,4669
5e42570c67431,bksp,bkspbksp,102,112,282,214,180
5e42570c67431,bksp,bkspa,68,2565,2738,2633,2670
5e42570c67431,a,abksp,105,796,1004,901,899
5e42570c67431,bksp,bkspbksp,103,127,320,230,217
5e42570c67431,bksp,bkspspace,90,1098,1256,1188,1166
5e42570c67431,space,spacen,68,92365,92507,92433,92439
5e4258ecb4e53,n,nu,74,244,390,318,316
5e4258ecb4e53,u,ut,72,79,237,151,165
5e4258ecb4e53,t,tt,86,71,218,157,132
5e4258ecb4e53,t,th,61,91,245,152,184
5e4258ecb4e53,h,hp,93,647,827,740,734
5e4258ecb4e53,p,ph,87,261,437,348,350
5e4258ecb4e53,h,ho,89,194,377,283,288
5e4258ecb4e53,o,on,94,157,322,251,228
5e4258ecb4e53,n,nspace,71,146,290,217,219
5e4258ecb4e53,space,spacek,73,166,303,239,230
5e4258ecb4e53,k,kh,64,151,313,215,249
5e4258ecb4e53,h,he,98,454,616,552,518
5e4258ecb4e53,e,ew,64,300,434,364,370
5e4258ecb4e53,w,ws,70,211,334,281,264
5e4258ecb4e53,s,so,53,164,320,217,267
5e4258ecb4e53,o,om,103,149,336,252,233
5e4258ecb4e53,m,mn,84,42618,42772,42702,42688
5e4258ecb4e53,n,nu,70,179,335,249,265
5e4258ecb4e53,u,ut,86,149,270,235,184
5e4258ecb4e53,t,tt,35,52,135,87,100
5e4258ecb4e53,t,tt,48,53,181,101,133
5e4258ecb4e53,t,th,80,133,279,213,199
5e4258ecb4e53,h,hp,66,484,618,550,552
5e4258ecb4e53,p,po,68,690,852,758,784
5e4258ecb4e53,o,obksp,94,1229,1393,1323,1299
5e4258ecb4e53,bksp,bkspbksp,70,89,254,159,184
5e4258ecb4e53,bksp,bksph,95,627,782,722,687
5e4258ecb4e53,h,ho,60,288,454,348,394
5e4258ecb4e53,o,on,106,220,422,326,316
5e4258ecb4e53,n,nspace,96,121,312,217,216
5e4258ecb4e53,space,spacek,95,200,364,295,269
5e4258ecb4e53,k,kh,69,180,337,249,268
5e4258ecb4e53,h,he,88,460,606,548,518
5e4258ecb4e53,e,ew,58,246,356,304,298
5e4258ecb4e53,w,ws,52,180,319,232,267
5e4258ecb4e53,s,so,87,36,204,123,117
5e4258ecb4e53,o,om,81,196,365,277,284
5e4258ecb4e53,m,mbksp,88,1328,1472,1416,1384
5e4258ecb4e53,bksp,bkspbksp,56,109,270,165,214
5e4258ecb4e53,bksp,bkspbksp,105,73,276,178,171
5e4258ecb4e53,bksp,bkspbksp,98,275,448,373,350
5e4258ecb4e53,bksp,bkspa,75,494,675,569,600
5e4258ecb4e53,a,ae,106,275,421,381,315
5e4258ecb4e53,e,ew,40,210,354,250,314
5e4258ecb4e53,w,ws,104,396,589,500,485
5e4258ecb4e53,s,sk,89,37,238,126,149
5e4258ecb4e53,k,km,112,90,328,202,216
5e4258ecb4e53,m,mbksp,126,930,1126,1056,1000
5e4258ecb4e53,bksp,bkspo,70,528,687,598,617
5e4258ecb4e53,o,om,89,179,339,268,250
5e4258ecb4e53,m,mn,71,34923,35074,34994,35003
5e4258ecb4e53,n,nu,80,224,365,304,285
5e4258ecb4e53,u,ur,61,162,250,223,189
5e4258ecb4e53,r,rbksp,27,1010,1088,1037,1061
5e4258ecb4e53,bksp,bkspt,51,612,752,663,701
5e4258ecb4e53,t,tt,89,110,252,199,163
5e4258ecb4e53,t,th,53,111,223,164,170
5e4258ecb4e53,h,hp,59,827,994,886,935
5e4258ecb4e53,p,ph,108,227,420,335,312
5e4258ecb4e53,h,ho,85,230,419,315,334
5e4258ecb4e53,o,on,104,203,369,307,265
5e4258ecb4e53,n,nspace,62,163,299,225,237
5e4258ecb4e53,space,spacek,74,244,423,318,349
5e4258ecb4e53,k,kh,105,264,472,369,367
5e4258ecb4e53,h,he,103,594,769,697,666
5e4258ecb4e53,e,ew,72,249,388,321,316
5e4258ecb4e53,w,ws,67,224,350,291,283
5e4258ecb4e53,s,so,59,181,344,240,285
5e4258ecb4e53,o,om,104,196,386,300,282
5e4258ecb4e53,m,mn,86,34049,34190,34135,34104
5e4258ecb4e53,n,nu,55,181,303,236,248
5e4258ecb4e53,u,ut,67,114,234,181,167
5e4258ecb4e53,t,tr,53,108,238,161,185
5e4258ecb4e53,r,rh,77,35,211,112,134
5e4258ecb4e53,h,hbksp,99,596,766,695,667
5e4258ecb4e53,bksp,bkspbksp,71,123,269,194,198
5e4258ecb4e53,bksp,bkspt,75,680,793,755,718
5e4258ecb4e53,t,th,38,129,253,167,215
5e4258ecb4e53,h,hp,86,357,519,443,433
5e4258ecb4e53,p,pa,76,774,928,850,852
5e4258ecb4e53,a,ap,78,294,499,372,421
5e4258ecb4e53,p,ph,127,288,505,415,378
5e4258ecb4e53,h,ho,90,114,306,204,216
5e4258ecb4e53,o,om,102,123,317,225,215
5e4258ecb4e53,m,mbksp,92,614,830,706,738
5e4258ecb4e53,bksp,bkspn,124,208,404,332,280
5e4258ecb4e53,n,nspace,72,129,272,201,200
5e4258ecb4e53,space,spacek,71,199,356,270,285
5e4258ecb4e53,k,kh,86,193,386,279,300
5e4258ecb4e53,h,he,107,1494,1674,1601,1567
5e4258ecb4e53,e,ebksp,73,944,1123,1017,1050
5e4258ecb4e53,bksp,bkspe,106,864,1059,970,953
5e4258ecb4e53,e,ew,89,311,470,400,381
5e4258ecb4e53,w,ws,70,293,401,363,331
5e4258ecb4e53,s,sk,38,198,323,236,285
5e4258ecb4e53,k,km,87,195,386,282,299
5e4258ecb4e53,m,mbksp,104,446,606,550,502
5e4258ecb4e53,bksp,bkspbksp,56,132,238,188,182
5e4258ecb4e53,bksp,bkspo,50,194,334,244,284
5e4258ecb4e53,o,om,90,177,340,267,250
5e4258ecb4e53,m,mn,73,28349,28457,28422,28384
5e4258ecb4e53,n,nu,35,246,352,281,317
5e4258ecb4e53,u,ut,71,179,321,250,250
5e4258ecb4e53,t,tt,71,90,237,161,166
5e4258ecb4e53,t,th,76,112,259,188,183
5e4258ecb4e53,h,hp,71,779,941,850,870
5e4258ecb4e53,p,pbksp,91,509,712,600,621
5e4258ecb4e53,bksp,bkspa,112,824,974,936,862
5e4258ecb4e53,a,ap,38,262,371,300,333
5e4258ecb4e53,p,ph,71,361,521,432,450
5e4258ecb4e53,h,ho,89,136,335,225,246
5e4258ecb4e53,o,on,110,164,346,274,236
5e4258ecb4e53,n,nspace,72,279,423,351,351
5e4258ecb4e53,space,spacek,72,210,387,282,315
5e4258ecb4e53,k,kh,105,163,323,268,218
5e4258ecb4e53,h,he,55,667,772,722,717
5e4258ecb4e53,e,ebksp,50,647,766,697,716
5e4258ecb4e53,bksp,bkspa,69,176,320,245,251
5e4258ecb4e53,a,ae,75,293,478,368,403
5e4258ecb4e53,e,ew,110,240,422,350,312
5e4258ecb4e53,w,ws,72,197,306,269,234
5e4258ecb4e53,s,so,37,145,269,182,232
5e4258ecb4e53,o,om,87,162,322,249,235
5e4258ecb4e53,m,mn,73,26111,26275,26184,26202
5e4258ecb4e53,n,nu,91,163,306,254,215
5e4258ecb4e53,u,ur,52,226,336,278,284
5e4258ecb4e53,r,rr,58,112,242,170,184
5e4258ecb4e53,r,rbksp,72,548,675,620,603
5e4258ecb4e53,bksp,bkspt,55,727,869,782,814
5e4258ecb4e53,t,th,87,376,552,463,465
5e4258ecb4e53,h,hp,89,516,675,605,586
5e4258ecb4e53,p,pbksp,70,427,602,497,532
5e4258ecb4e53,bksp,bkspp,105,562,722,667,617
5e4258ecb4e53,p,ph,55,379,524,434,469
5e4258ecb4e53,h,ho,90,111,304,201,214
5e4258ecb4e53,o,om,103,129,303,232,200
5e4258ecb4e53,m,mbksp,71,547,705,618,634
5e4258ecb4e53,bksp,bkspn,87,277,475,364,388
5e4258ecb4e53,n,nspace,111,176,355,287,244
5e4258ecb4e53,space,spacek,68,182,335,250,267
5e4258ecb4e53,k,kh,85,214,386,299,301
5e4258ecb4e53,h,he,87,479,603,566,516
5e4258ecb4e53,e,ebksp,37,1379,1506,1416,1469
5e4258ecb4e53,bksp,bkspbksp,90,87,269,177,179
5e4258ecb4e53,bksp,bkspa,92,750,931,842,839
5e4258ecb4e53,a,ae,89,556,787,645,698
5e4258ecb4e53,e,ew,142,289,540,431,398
5e4258ecb4e53,w,ws,109,198,375,307,266
5e4258ecb4e53,s,sm,68,391,552,459,484
5e4258ecb4e53,m,mn,93,27976,28133,28069,28040
5e4258ecb4e53,n,nu,64,222,376,286,312
5e4258ecb4e53,u,ut,90,147,323,237,233
5e4258ecb4e53,t,tt,86,81,252,167,166
5e4258ecb4e53,t,th,85,96,254,181,169
5e4258ecb4e53,h,hp,73,627,757,700,684
5e4258ecb4e53,p,pbksp,57,308,423,365,366
5e4258ecb4e53,bksp,bkspbksp,58,88,223,146,165
5e4258ecb4e53,bksp,bkspa,77,112,244,189,167
5e4258ecb4e53,a,ap,55,245,392,300,337
5e4258ecb4e53,p,ph,92,440,604,532,512
5e4258ecb4e53,h,ho,72,129,290,201,218
5e4258ecb4e53,o,om,89,143,340,232,251
5e4258ecb4e53,m,mn,108,828,1007,936,899
5e4258ecb4e53,n,nspace,71,128,254,199,183
5e4258ecb4e53,space,spacebksp,55,1719,1856,1774,1801
5e4258ecb4e53,bksp,bkspbksp,82,72,232,154,150
5e4258ecb4e53,bksp,bkspbksp,78,194,362,272,284
5e4258ecb4e53,bksp,bkspbksp,90,178,339,268,249
5e4258ecb4e53,bksp,bkspn,71,512,657,583,586
5e4258ecb4e53,n,nspace,74,121,271,195,197
5e4258ecb4e53,space,spacek,76,211,376,287,300
5e4258ecb4e53,k,kh,89,178,339,267,250
5e4258ecb4e53,h,ha,72,835,956,907,884
5e4258ecb4e53,a,ae,49,306,393,355,344
5e4258ecb4e53,e,es,38,583,712,621,674
5e4258ecb4e53,s,sl,91,59,222,150,131
5e4258ecb4e53,l,lo,72,1395,1556,1467,1484
5e4258ecb4e53,o,obksp,89,570,708,659,619
5e4258ecb4e53,bksp,bkspbksp,49,692,816,741,767
5e4258ecb4e53,bksp,bkspo,75,262,428,337,353
5e4258ecb4e53,o,om,91,223,385,314,294
5e4258ecb4e53,m,mn,71,25220,25356,25291,25285
5e4258ecb4e53,n,nt,65,441,582,506,517
5e4258ecb4e53,t,tt,76,88,259,164,183
5e4258ecb4e53,t,tbksp,95,527,680,622,585
5e4258ecb4e53,bksp,bkspbksp,58,109,224,167,166
5e4258ecb4e53,bksp,bkspbksp,57,93,224,150,167
5e4258ecb4e53,bksp,bkspu,74,546,691,620,617
5e4258ecb4e53,u,ut,71,241,355,312,284
5e4258ecb4e53,t,tt,43,144,213,187,170
5e4258ecb4e53,t,th,26,125,205,151,179
5e4258ecb4e53,h,hp,54,446,586,500,532
5e4258ecb4e53,p,pbksp,86,395,572,481,486
5e4258ecb4e53,bksp,bkspa,91,78,241,169,150
5e4258ecb4e53,a,ap,72,202,404,274,332
5e4258ecb4e53,p,ph,130,358,582,488,452
5e4258ecb4e53,h,ho,94,122,307,216,213
5e4258ecb4e53,o,on,91,161,308,252,217
5e4258ecb4e53,n,nspace,56,277,407,333,351
5e4258ecb4e53,space,spacek,74,248,408,322,334
5e4258ecb4e53,k,kh,86,160,320,246,234
5e4258ecb4e53,h,he,74,427,590,501,516
5e4258ecb4e53,e,ee,89,1528,1673,1617,1584
5e4258ecb4e53,e,ew,56,359,449,415,393
5e4258ecb4e53,w,ws,34,440,511,474,477
5e4258ecb4e53,s,so,37,237,384,274,347
5e4258ecb4e53,o,om,110,177,375,287,265
5e4258ecb4e53,m,mn,88,29264,29460,29352,29372
5e4258ecb4e53,n,nu,108,192,406,300,298
5e4258ecb4e53,u,ut,106,106,323,212,217
5e4258ecb4e53,t,tt,111,71,244,182,133
5e4258ecb4e53,t,th,62,74,227,136,165
5e4258ecb4e53,h,ha,91,829,992,920,901
5e4258ecb4e53,a,ap,72,228,388,300,316
5e4258ecb4e53,p,ph,88,580,756,668,668
5e4258ecb4e53,h,ho,88,180,371,268,283
5e4258ecb4e53,o,on,103,196,368,299,265
5e4258ecb4e53,n,nspace,69,178,287,247,218
5e4258ecb4e53,space,spacek,40,214,356,254,316
5e4258ecb4e53,k,kh,102,143,350,245,248
5e4258ecb4e53,h,he,105,446,640,551,535
5e4258ecb4e53,e,es,89,666,808,755,719
5e4258ecb4e53,s,so,53,142,268,195,215
5e4258ecb4e53,o,om,73,160,291,233,218
5e4258ecb4e53,m,mn,58,24429,24612,24487,24554
5e4258ecb4e53,n,nu,125,192,404,317,279
5e4258ecb4e53,u,ut,87,166,287,253,200
5e4258ecb4e53,t,tt,34,131,203,165,169
5e4258ecb4e53,t,th,38,145,269,183,231
5e4258ecb4e53,h,ha,86,482,656,568,570
5e4258ecb4e53,a,ap,88,175,387,263,299
5e4258ecb4e53,p,ph,124,561,775,685,651
5e4258ecb4e53,h,ho,90,176,354,266,264
5e4258ecb4e53,o,on,88,147,321,235,233
5e4258ecb4e53,n,nspace,86,215,372,301,286
5e4258ecb4e53,space,spacek,71,279,438,350,367
5e4258ecb4e53,k,kh,88,161,352,249,264
5e4258ecb4e53,h,he,103,498,674,601,571
5e4258ecb4e53,e,ebksp,73,1294,1453,1367,1380
5e4258ecb4e53,bksp,bkspbksp,86,91,269,177,183
5e4258ecb4e53,bksp,bkspbksp,92,463,641,555,549
5e4258ecb4e53,bksp,bkspe,86,1014,1209,1100,1123
5e4258ecb4e53,e,ew,109,160,320,269,211
5e4258ecb4e53,w,ws,51,249,356,300,305
5e4258ecb4e53,s,so,56,107,267,163,211
5e4258ecb4e53,o,om,104,166,340,270,236
5e4258ecb4e53,m,mw,70,-357691,-357566,-357621,-357636
5e425aa6a69a1,c,ch,106,441,608,547,502
5e425aa6a69a1,h,ha,61,1438,1564,1499,1503
5e425aa6a69a1,a,an,65,637,775,702,710
5e425aa6a69a1,n,np,73,359,507,432,434
5e425aa6a69a1,p,pbksp,75,1425,1564,1500,1489
5e425aa6a69a1,bksp,bkspa,64,1122,1261,1186,1197
5e425aa6a69a1,a,ap,75,675,839,750,764
5e425aa6a69a1,p,pa,89,361,523,450,434
5e425aa6a69a1,a,aspace,73,3760,3908,3833,3835
5e425aa6a69a1,space,spacet,75,1256,1408,1331,1333
5e425aa6a69a1,t,tm,77,957,1108,1034,1031
5e425aa6a69a1,m,ma,74,1091,1242,1165,1168
5e425aa6a69a1,a,am,77,556,695,633,618
5e425aa6a69a1,m,mj,62,843,945,905,883
5e425aa6a69a1,j,ji,40,192,289,232,249
5e425aa6a69a1,i,it,57,807,909,864,852
5e425aa6a69a1,t,tc,45,1389,1476,1434,1431
5e425aa6a69a1,c,cbksp,42,1041,1177,1083,1135
5e425aa6a69a1,bksp,bkspj,94,876,1061,970,967
5e425aa6a69a1,j,ja,91,993,1175,1084,1084
5e425aa6a69a1,a,ao,91,978,1173,1069,1082
5e425aa6a69a1,o,obksp,104,1077,1257,1181,1153
5e425aa6a69a1,bksp,bkspr,76,237,406,313,330
5e425aa6a69a1,r,ro,93,195,378,288,285
5e425aa6a69a1,o,oe,90,1679,1826,1769,1736
5e425aa6a69a1,e,en,57,187,301,244,244
5e425aa6a69a1,n,nc,57,40982,41112,41039,41055
5e425aa6a69a1,c,ch,73,239,388,312,315
5e425aa6a69a1,h,ha,76,1712,1860,1788,1784
5e425aa6a69a1,a,an,72,4895,5042,4967,4970
5e425aa6a69a1,n,na,75,1012,1144,1087,1069
5e425aa6a69a1,a,ap,57,488,622,545,565
5e425aa6a69a1,p,pa,77,240,389,317,312
5e425aa6a69a1,a,aspace,72,580,724,652,652
5e425aa6a69a1,space,spacet,72,291,408,363,336
5e425aa6a69a1,t,tm,45,924,1028,969,983
5e425aa6a69a1,m,mj,59,822,941,881,882
5e425aa6a69a1,j,ji,60,190,322,250,262
5e425aa6a69a1,i,it,72,846,1011,918,939
5e425aa6a69a1,t,tj,93,888,1059,981,966
5e425aa6a69a1,j,ja,78,173,345,251,267
5e425aa6a69a1,a,ar,94,1169,1342,1263,1248
5e425aa6a69a1,r,ro,79,189,345,268,266
5e425aa6a69a1,o,oe,77,780,930,857,853
5e425aa6a69a1,e,en,73,325,457,398,384
5e425aa6a69a1,n,nc,59,43275,43425,43334,43366
5e425aa6a69a1,c,ch,91,333,486,424,395
5e425aa6a69a1,h,ha,62,217,350,279,288
5e425aa6a69a1,a,an,71,211,338,282,267
5e425aa6a69a1,n,na,56,612,724,668,668
5e425aa6a69a1,a,ap,56,494,642,550,586
5e425aa6a69a1,p,pa,92,221,388,313,296
5e425aa6a69a1,a,at,75,664,808,739,733
5e425aa6a69a1,t,tbksp,69,807,937,876,868
5e425aa6a69a1,bksp,bkspspace,61,411,511,472,450
5e425aa6a69a1,space,spacet,39,1121,1236,1160,1197
5e425aa6a69a1,t,tm,76,961,1111,1037,1035
5e425aa6a69a1,m,mj,74,675,840,749,766
5e425aa6a69a1,j,ji,91,173,340,264,249
5e425aa6a69a1,i,it,76,676,844,752,768
5e425aa6a69a1,t,tj,92,261,413,353,321
5e425aa6a69a1,j,jq,60,2157,2306,2217,2246
5e425aa6a69a1,q,qbksp,89,841,1005,930,916
5e425aa6a69a1,bksp,bkspbksp,75,1127,1292,1202,1217
5e425aa6a69a1,bksp,bkspa,90,241,425,331,335
5e425aa6a69a1,a,ar,94,1561,1732,1655,1638
5e425aa6a69a1,r,ro,77,157,288,234,211
5e425aa6a69a1,o,oe,54,1227,1390,1281,1336
5e425aa6a69a1,e,en,109,281,454,390,345
5e425aa6a69a1,n,nc,64,38896,39037,38960,38973
5e425aa6a69a1,c,ch,77,155,292,232,215
5e425aa6a69a1,h,ha,60,1378,1511,1438,1451
5e425aa6a69a1,a,an,73,715,873,788,800
5e425aa6a69a1,n,na,85,259,420,344,335
5e425aa6a69a1,a,ap,76,493,663,569,587
5e425aa6a69a1,p,pa,94,176,373,270,279
5e425aa6a69a1,a,aspace,103,446,606,549,503
5e425aa6a69a1,space,spacet,57,261,356,318,299
5e425aa6a69a1,t,ta,38,219,338,257,300
5e425aa6a69a1,a,am,81,595,748,676,667
5e425aa6a69a1,m,mj,72,678,823,750,751
5e425aa6a69a1,j,ji,73,163,303,236,230
5e425aa6a69a1,i,it,67,563,688,630,621
5e425aa6a69a1,t,tj,58,875,1023,933,965
5e425aa6a69a1,j,ja,90,260,393,350,303
5e425aa6a69a1,a,ar,43,1158,1298,1201,1255
5e425aa6a69a1,r,ro,97,221,388,318,291
5e425aa6a69a1,o,oe,70,612,790,682,720
5e425aa6a69a1,e,en,108,191,388,299,280
5e425aa6a69a1,n,nc,89,30771,30945,30860,30856
5e425aa6a69a1,c,ch,85,325,451,410,366
5e425aa6a69a1,h,ha,41,2262,2376,2303,2335
5e425aa6a69a1,a,an,73,878,1026,951,953
5e425aa6a69a1,n,na,75,242,374,317,299
5e425aa6a69a1,a,ap,57,307,422,364,365
5e425aa6a69a1,p,pa,58,259,407,317,349
5e425aa6a69a1,a,aspace,90,425,606,515,516
5e425aa6a69a1,space,spacet,91,196,325,287,234
5e425aa6a69a1,t,tm,38,997,1091,1035,1053
5e425aa6a69a1,m,ma,56,841,971,897,915
5e425aa6a69a1,a,abksp,74,243,372,317,298
5e425aa6a69a1,bksp,bkspbksp,55,894,990,949,935
5e425aa6a69a1,bksp,bkspa,41,1241,1356,1282,1315
5e425aa6a69a1,a,am,74,245,376,319,302
5e425aa6a69a1,m,mj,57,1014,1146,1071,1089
5e425aa6a69a1,j,ji,75,705,891,780,816
5e425aa6a69a1,i,it,111,739,906,850,795
5e425aa6a69a1,t,tj,56,426,590,482,534
5e425aa6a69a1,j,ja,108,227,422,335,314
5e425aa6a69a1,a,ar,87,979,1189,1066,1102
5e425aa6a69a1,r,ro,123,89,305,212,182
5e425aa6a69a1,o,on,93,257,412,350,319
5e425aa6a69a1,n,ne,62,85,293,147,231
5e425aa6a69a1,e,ec,146,29330,29565,29476,29419
5e425aa6a69a1,c,ch,89,176,323,265,234
5e425aa6a69a1,h,hbksp,58,943,1060,1001,1002
5e425aa6a69a1,bksp,bkspn,59,1941,2075,2000,2016
5e425aa6a69a1,n,na,75,289,456,364,381
5e425aa6a69a1,a,aa,92,611,793,703,701
5e425aa6a69a1,a,abksp,90,510,660,600,570
5e425aa6a69a1,bksp,bkspp,60,740,874,800,814
5e425aa6a69a1,p,pa,74,293,459,367,385
5e425aa6a69a1,a,aspace,92,577,726,669,634
5e425aa6a69a1,space,spacet,57,494,640,551,583
5e425aa6a69a1,t,ta,89,1141,1321,1230,1232
5e425aa6a69a1,a,am,91,460,624,551,533
5e425aa6a69a1,m,mj,73,759,923,832,850
5e425aa6a69a1,j,ji,91,259,426,350,335
5e425aa6a69a1,i,it,76,842,991,918,915
5e425aa6a69a1,t,tj,73,711,857,784,784
5e425aa6a69a1,j,ja,73,278,460,351,387
5e425aa6a69a1,a,ar,109,1103,1336,1212,1227
5e425aa6a69a1,r,ro,124,242,495,366,371
5e425aa6a69a1,o,oe,129,1074,1345,1203,1216
5e425aa6a69a1,e,en,142,189,423,331,281
5e425aa6a69a1,n,nc,92,33396,33593,33488,33501
5e425aa6a69a1,c,ch,105,195,340,300,235
5e425aa6a69a1,h,ha,40,1059,1172,1099,1132
5e425aa6a69a1,a,an,73,646,823,719,750
5e425aa6a69a1,n,na,104,240,459,344,355
5e425aa6a69a1,a,ap,115,472,662,587,547
5e425aa6a69a1,p,pa,75,258,425,333,350
5e425aa6a69a1,a,aspace,92,509,707,601,615
5e425aa6a69a1,space,spacet,106,258,439,364,333
5e425aa6a69a1,t,tm,75,985,1108,1060,1033
5e425aa6a69a1,m,mj,48,649,783,697,735
5e425aa6a69a1,j,ji,86,145,320,231,234
5e425aa6a69a1,i,it,89,578,723,667,634
5e425aa6a69a1,t,tj,56,627,759,683,703
5e425aa6a69a1,j,jr,76,1055,1239,1131,1163
5e425aa6a69a1,r,ro,108,138,342,246,234
5e425aa6a69a1,o,oe,96,327,528,423,432
5e425aa6a69a1,e,en,105,162,337,267,232
5e425aa6a69a1,n,nc,70,29815,29975,29885,29905
5e425aa6a69a1,c,ch,90,441,621,531,531
5e425aa6a69a1,h,ha,90,173,325,263,235
5e425aa6a69a1,a,an,62,539,677,601,615
5e425aa6a69a1,n,na,76,106,278,182,202
5e425aa6a69a1,a,ap,96,205,378,301,282
5e425aa6a69a1,p,pa,77,175,293,252,216
5e425aa6a69a1,a,aspace,41,445,557,486,516
5e425aa6a69a1,space,spacet,71,294,424,365,353
5e425aa6a69a1,t,ta,59,377,528,436,469
5e425aa6a69a1,a,am,92,659,790,751,698
5e425aa6a69a1,m,mj,39,775,857,814,818
5e425aa6a69a1,j,ji,43,150,255,193,212
5e425aa6a69a1,i,it,62,561,699,623,637
5e425aa6a69a1,t,tj,76,457,609,533,533
5e425aa6a69a1,j,ja,76,255,362,331,286
5e425aa6a69a1,a,ar,31,956,1097,987,1066
5e425aa6a69a1,r,ro,110,157,390,267,280
5e425aa6a69a1,o,oe,123,296,542,419,419
5e425aa6a69a1,e,en,123,158,322,281,199
5e425aa6a69a1,n,nc,41,31879,32008,31920,31967
5e425aa6a69a1,c,ch,88,281,471,369,383
5e425aa6a69a1,h,hbksp,102,1579,1802,1681,1700
5e425aa6a69a1,bksp,bkspa,121,496,705,617,584
5e425aa6a69a1,a,an,88,312,440,400,352
5e425aa6a69a1,n,na,40,291,439,331,399
5e425aa6a69a1,a,ap,108,476,676,584,568
5e425aa6a69a1,p,pa,92,225,423,317,331
5e425aa6a69a1,a,aspace,106,492,704,598,598
5e425aa6a69a1,space,spacet,106,230,376,336,270
5e425aa6a69a1,t,ta,40,193,302,233,262
5e425aa6a69a1,a,am,69,664,774,733,705
5e425aa6a69a1,m,mj,41,691,804,732,763
5e425aa6a69a1,j,ji,72,146,289,218,217
5e425aa6a69a1,i,it,71,580,709,651,638
5e425aa6a69a1,t,tj,58,791,907,849,849
5e425aa6a69a1,j,ja,58,842,990,900,932
5e425aa6a69a1,a,ao,90,311,490,401,400
5e425aa6a69a1,o,obksp,89,268,438,357,349
5e425aa6a69a1,bksp,bkspt,81,125,314,206,233
5e425aa6a69a1,t,to,108,110,275,218,167
5e425aa6a69a1,o,or,57,1478,1624,1535,1567
5e425aa6a69a1,r,rbksp,89,279,454,368,365
5e425aa6a69a1,bksp,bkspbksp,86,96,252,182,166
5e425aa6a69a1,bksp,bkspbksp,70,331,458,401,388
5e425aa6a69a1,bksp,bkspr,57,1124,1290,1181,1233
5e425aa6a69a1,r,ro,109,524,721,633,612
5e425aa6a69a1,o,on,88,336,523,424,435
5e425aa6a69a1,n,ne,99,240,454,339,355
5e425aa6a69a1,e,ebksp,115,1603,1811,1718,1696
5e425aa6a69a1,bksp,bkspbksp,93,226,429,319,336
5e425aa6a69a1,bksp,bkspbksp,110,209,373,319,263
5e425aa6a69a1,bksp,bkspe,54,229,355,283,301
5e425aa6a69a1,e,en,72,695,807,767,735
5e425aa6a69a1,n,nc,40,30559,30725,30599,30685
5e425aa6a69a1,c,ch,126,127,358,253,232
5e425aa6a69a1,h,ha,105,1172,1371,1277,1266
5e425aa6a69a1,a,an,94,566,715,660,621
5e425aa6a69a1,n,na,55,343,504,398,449
5e425aa6a69a1,a,ap,106,289,504,395,398
5e425aa6a69a1,p,pa,109,191,392,300,283
5e425aa6a69a1,a,aspace,92,423,626,515,534
5e425aa6a69a1,space,spacet,111,189,375,300,264
5e425aa6a69a1,t,ta,75,191,327,266,252
5e425aa6a69a1,a,aj,61,1042,1178,1103,1117
5e425aa6a69a1,j,jm,75,1430,1591,1505,1516
5e425aa6a69a1,m,mj,86,526,726,612,640
5e425aa6a69a1,j,ji,114,101,305,215,191
5e425aa6a69a1,i,it,90,544,709,634,619
5e425aa6a69a1,t,tj,75,2861,3027,2936,2952
5e425aa6a69a1,j,ja,91,979,1175,1070,1084
5e425aa6a69a1,a,ar,105,844,1076,949,971
5e425aa6a69a1,r,ro,127,368,586,495,459
5e425aa6a69a1,o,on,91,546,760,637,669
5e425aa6a69a1,n,nbksp,123,511,775,634,652
5e425aa6a69a1,bksp,bkspe,141,158,386,299,245
5e425aa6a69a1,e,en,87,129,306,216,219
5e425aa6a69a1,n,np,90,-439147,-438969,-439057,-439059
5e425ac3a00ac,p,pa,88,92,253,180,165
5e425ac3a00ac,a,at,73,769,956,842,883
5e425ac3a00ac,t,th,114,160,327,274,213
5e425ac3a00ac,h,ho,53,154,271,207,218
5e425ac3a00ac,o,om,64,138,284,202,220
5e425ac3a00ac,m,mp,82,139,314,221,232
5e425ac3a00ac,p,ph,93,97,276,190,183
5e425ac3a00ac,h,hg,86,701,884,787,798
5e425ac3a00ac,g,gbksp,97,616,769,713,672
5e425ac3a00ac,bksp,bkspo,56,464,589,520,533
5e425ac3a00ac,o,on,69,262,402,331,333
5e425ac3a00ac,n,ng,71,148,302,219,231
5e425ac3a00ac,g,gspace,83,947,1122,1030,1039
5e425ac3a00ac,space,spacem,92,540,731,632,639
5e425ac3a00ac,m,mu,99,203,338,302,239
5e425ac3a00ac,u,ua,36,162,288,198,252
5e425ac3a00ac,a,an,90,509,677,599,587
5e425ac3a00ac,n,ng,78,209,341,287,263
5e425ac3a00ac,g,gt,54,147,238,201,184
5e425ac3a00ac,t,th,37,176,286,213,249
5e425ac3a00ac,h,ho,73,177,323,250,250
5e425ac3a00ac,o,on,73,145,307,218,234
5e425ac3a00ac,n,ng,89,38,205,127,116
5e425ac3a00ac,g,gp,78,37280,37481,37358,37403
5e425ac3a00ac,p,pa,123,744,972,867,849
5e425ac3a00ac,a,at,105,664,857,769,752
5e425ac3a00ac,t,th,88,184,370,272,282
5e425ac3a00ac,h,ho,98,86,266,184,168
5e425ac3a00ac,o,om,82,161,331,243,249
5e425ac3a00ac,m,mp,88,129,320,217,232
5e425ac3a00ac,p,pn,103,642,805,745,702
5e425ac3a00ac,n,ng,60,179,267,239,207
5e425ac3a00ac,g,gspace,28,413,519,441,491
5e425ac3a00ac,space,spacem,78,394,530,472,452
5e425ac3a00ac,m,mu,58,211,339,269,281
5e425ac3a00ac,u,ua,70,310,474,380,404
5e425ac3a00ac,a,an,94,157,290,251,196
5e425ac3a00ac,n,ng,39,565,674,604,635
5e425ac3a00ac,g,gt,70,279,387,349,317
5e425ac3a00ac,t,th,38,240,353,278,315
5e425ac3a00ac,h,ho,75,347,494,422,419
5e425ac3a00ac,o,on,72,192,304,264,232
5e425ac3a00ac,n,ng,40,121,221,161,181
5e425ac3a00ac,g,gp,60,37611,37742,37671,37682
5e425ac3a00ac,p,pa,71,90,270,161,199
5e425ac3a00ac,a,ah,109,925,1107,1034,998
5e425ac3a00ac,h,ho,73,466,633,539,560
5e425ac3a00ac,o,on,94,406,589,500,495
5e425ac3a00ac,n,np,89,228,390,317,301
5e425ac3a00ac,p,pbksp,73,292,421,365,348
5e425ac3a00ac,bksp,bkspbksp,56,89,207,145,151
5e425ac3a00ac,bksp,bkspm,62,411,529,473,467
5e425ac3a00ac,m,mp,56,243,373,299,317
5e425ac3a00ac,p,po,74,145,270,219,196
5e425ac3a00ac,o,on,51,299,438,350,387
5e425ac3a00ac,n,ng,88,159,271,247,183
5e425ac3a00ac,g,gspace,24,746,844,770,820
5e425ac3a00ac,space,spacem,74,340,454,414,380
5e425ac3a00ac,m,mi,40,311,429,351,389
5e425ac3a00ac,i,ibksp,78,371,524,449,446
5e425ac3a00ac,bksp,bkspu,75,408,559,483,484
5e425ac3a00ac,u,ua,76,556,706,632,630
5e425ac3a00ac,a,an,74,311,464,385,390
5e425ac3a00ac,n,ng,79,290,427,369,348
5e425ac3a00ac,g,gt,58,233,351,291,293
5e425ac3a00ac,t,th,60,180,312,240,252
5e425ac3a00ac,h,ho,72,304,457,376,385
5e425ac3a00ac,o,on,81,361,501,442,420
5e425ac3a00ac,n,ng,59,209,321,268,262
5e425ac3a00ac,g,gp,53,28700,28838,28753,28785
5e425ac3a00ac,p,pa,85,96,269,181,184
5e425ac3a00ac,a,at,88,498,640,586,552
5e425ac3a00ac,t,th,54,260,386,314,332
5e425ac3a00ac,h,ho,72,178,305,250,233
5e425ac3a00ac,o,om,55,148,271,203,216
5e425ac3a00ac,m,mp,68,178,334,246,266
5e425ac3a00ac,p,po,88,112,272,200,184
5e425ac3a00ac,o,on,72,129,272,201,200
5e425ac3a00ac,n,ng,71,80,203,151,132
5e425ac3a00ac,g,gspace,52,208,320,260,268
5e425ac3a00ac,space,spacem,60,411,527,471,467
5e425ac3a00ac,m,mu,56,244,355,300,299
5e425ac3a00ac,u,ua,55,56,208,111,153
5e425ac3a00ac,a,an,97,1510,1678,1607,1581
5e425ac3a00ac,n,ng,71,142,304,213,233
5e425ac3a00ac,g,gt,91,159,342,250,251
5e425ac3a00ac,t,th,92,103,274,195,182
5e425ac3a00ac,h,ho,79,112,231,191,152
5e425ac3a00ac,o,on,40,160,274,200,234
5e425ac3a00ac,n,ng,74,54,173,128,99
5e425ac3a00ac,g,gp,45,38180,38286,38225,38241
5e425ac3a00ac,p,pa,61,875,1008,936,947
5e425ac3a00ac,a,at,72,2192,2353,2264,2281
5e425ac3a00ac,t,th,89,161,338,250,249
5e425ac3a00ac,h,ho,88,144,323,232,235
5e425ac3a00ac,o,om,91,226,408,317,317
5e425ac3a00ac,m,mp,91,145,324,236,233
5e425ac3a00ac,p,po,88,108,270,196,182
5e425ac3a00ac,o,on,74,181,290,255,216
5e425ac3a00ac,n,ng,35,19,151,54,116
5e425ac3a00ac,g,gg,97,398,530,495,433
5e425ac3a00ac,g,gspace,35,748,858,783,823
5e425ac3a00ac,space,spacem,75,460,591,535,516
5e425ac3a00ac,m,mu,56,230,366,286,310
5e425ac3a00ac,u,un,80,273,433,353,353
5e425ac3a00ac,n,ng,80,164,314,244,234
5e425ac3a00ac,g,gt,70,130,252,200,182
5e425ac3a00ac,t,th,52,111,254,163,202
5e425ac3a00ac,h,ho,91,141,274,232,183
5e425ac3a00ac,o,on,42,163,274,205,232
5e425ac3a00ac,n,ng,69,73,235,142,166
5e425ac3a00ac,g,gbksp,93,1497,1664,1590,1571
5e425ac3a00ac,bksp,bkspbksp,74,107,273,181,199
5e425ac3a00ac,bksp,bkspbksp,92,94,240,186,148
5e425ac3a00ac,bksp,bkspbksp,54,96,223,150,169
5e425ac3a00ac,bksp,bkspbksp,73,102,254,175,181
5e425ac3a00ac,bksp,bkspbksp,79,92,249,171,170
5e425ac3a00ac,bksp,bkspbksp,78,119,242,197,164
5e425ac3a00ac,bksp,bkspbksp,45,279,363,324,318
5e425ac3a00ac,bksp,bkspu,39,695,805,734,766
5e425ac3a00ac,u,un,71,1279,1438,1350,1367
5e425ac3a00ac,n,ng,88,162,321,250,233
5e425ac3a00ac,g,gt,71,179,288,250,217
5e425ac3a00ac,t,th,38,143,235,181,197
5e425ac3a00ac,h,ho,54,165,272,219,218
5e425ac3a00ac,o,on,53,179,288,232,235
5e425ac3a00ac,n,nh,56,55,206,111,150
5e425ac3a00ac,h,hbksp,95,225,410,320,315
5e425ac3a00ac,bksp,bkspg,90,21,172,111,82
5e425ac3a00ac,g,gp,61,40086,40215,40147,40154
5e425ac3a00ac,p,pa,68,131,269,199,201
5e425ac3a00ac,a,at,70,526,686,596,616
5e425ac3a00ac,t,th,90,214,389,304,299
5e425ac3a00ac,h,ho,85,183,321,268,236
5e425ac3a00ac,o,on,53,179,317,232,264
5e425ac3a00ac,n,nbksp,85,482,638,567,553
5e425ac3a00ac,bksp,bkspm,71,232,334,303,263
5e425ac3a00ac,m,mp,31,780,886,811,855
5e425ac3a00ac,p,po,75,210,340,285,265
5e425ac3a00ac,o,on,55,292,405,347,350
5e425ac3a00ac,n,ng,58,101,238,159,180
5e425ac3a00ac,g,gspace,79,431,568,510,489
5e425ac3a00ac,space,spacem,58,341,472,399,414
5e425ac3a00ac,m,mu,73,204,354,277,281
5e425ac3a00ac,u,ua,77,181,345,258,268
5e425ac3a00ac,a,an,87,246,405,333,318
5e425ac3a00ac,n,ng,72,178,304,250,232
5e425ac3a00ac,g,gt,54,163,287,217,233
5e425ac3a00ac,t,th,70,128,238,198,168
5e425ac3a00ac,h,ho,40,178,271,218,231
5e425ac3a00ac,o,on,53,147,255,200,202
5e425ac3a00ac,n,ng,55,93,219,148,164
5e425ac3a00ac,g,gm,71,-188537,-188380,-188466,-188451
5e425af3b383c,m,ma,86,461,621,547,535
5e425af3b383c,a,an,74,663,804,737,730
5e425af3b383c,n,nu,67,283,435,350,368
5e425af3b383c,u,ut,85,347,504,432,419
5e425af3b383c,t,tspace,72,627,771,699,699
5e425af3b383c,space,spacel,72,310,473,382,401
5e425af3b383c,l,lu,91,358,519,449,428
5e425af3b383c,u,ue,70,531,675,601,605
5e425af3b383c,e,en,74,563,707,637,633
5e425af3b383c,n,ng,70,844,988,914,918
5e425af3b383c,g,gy,74,1151,1319,1225,1245
5e425af3b383c,y,yr,94,262,430,356,336
5e425af3b383c,r,ra,74,292,463,366,389
5e425af3b383c,a,aj,97,295,488,392,391
5e425af3b383c,j,ju,96,255,433,351,337
5e425af3b383c,u,ul,82,345,501,427,419
5e425af3b383c,l,ls,74,228,369,302,295
5e425af3b383c,s,su,67,400,520,467,453
5e425af3b383c,u,uk,53,402,518,455,465
5e425af3b383c,k,kbksp,63,814,964,877,901
5e425af3b383c,bksp,bkspbksp,87,81,234,168,147
5e425af3b383c,bksp,bkspbksp,66,72,217,138,151
5e425af3b383c,bksp,bkspbksp,79,58,197,137,118
5e425af3b383c,bksp,bkspbksp,60,107,210,167,150
5e425af3b383c,bksp,bkspbksp,43,71,192,114,149
5e425af3b383c,bksp,bkspbksp,78,97,246,175,168
5e425af3b383c,bksp,bkspbksp,71,97,253,168,182
5e425af3b383c,bksp,bkspbksp,85,265,440,350,355
5e425af3b383c,bksp,bkspt,90,625,789,715,699
5e425af3b383c,t,tr,74,343,472,417,398
5e425af3b383c,r,ra,55,345,506,400,451
5e425af3b383c,a,ak,106,850,1037,956,931
5e425af3b383c,k,ku,81,235,431,316,350
5e425af3b383c,u,ul,115,245,451,360,336
5e425af3b383c,l,ls,91,208,407,299,316
5e425af3b383c,s,su,108,293,493,401,385
5e425af3b383c,u,uk,92,276,424,368,332
5e425af3b383c,k,km,56,37368,37520,37424,37464
5e425af3b383c,m,ma,96,502,655,598,559
5e425af3b383c,a,an,57,473,638,530,581
5e425af3b383c,n,nu,108,274,489,382,381
5e425af3b383c,u,ut,107,207,388,314,281
5e425af3b383c,t,tspace,74,316,462,390,388
5e425af3b383c,space,spacel,72,261,453,333,381
5e425af3b383c,l,lu,120,329,521,449,401
5e425af3b383c,u,ue,72,662,824,734,752
5e425af3b383c,e,en,90,508,689,598,599
5e425af3b383c,n,ng,91,346,524,437,433
5e425af3b383c,g,gt,87,194,369,281,282
5e425af3b383c,t,tr,88,164,339,252,251
5e425af3b383c,r,ra,87,193,403,280,316
5e425af3b383c,a,ak,123,696,922,819,799
5e425af3b383c,k,ku,103,346,522,449,419
5e425af3b383c,u,ul,73,313,458,386,385
5e425af3b383c,l,ls,72,710,871,782,799
5e425af3b383c,s,su,89,547,687,636,598
5e425af3b383c,u,uk,51,482,601,533,550
5e425af3b383c,k,km,68,36966,37118,37034,37050
5e425af3b383c,m,ma,84,533,723,617,639
5e425af3b383c,a,an,106,544,739,650,633
5e425af3b383c,n,nu,89,293,453,382,364
5e425af3b383c,u,ur,71,279,400,350,329
5e425af3b383c,r,rbksp,50,668,819,718,769
5e425af3b383c,bksp,bkspt,101,320,501,421,400
5e425af3b383c,t,tspace,80,212,348,292,268
5e425af3b383c,space,spacel,56,495,658,551,602
5e425af3b383c,l,lu,107,415,602,522,495
5e425af3b383c,u,ue,80,424,586,504,506
5e425af3b383c,e,en,82,742,895,824,813
5e425af3b383c,n,ng,71,383,522,454,451
5e425af3b383c,g,gt,68,173,318,241,250
5e425af3b383c,t,tr,77,214,359,291,282
5e425af3b383c,r,ra,68,465,619,533,551
5e425af3b383c,a,ak,86,265,421,351,335
5e425af3b383c,k,ku,70,247,354,317,284
5e425af3b383c,u,ul,37,293,404,330,367
5e425af3b383c,l,ls,74,185,370,259,296
5e425af3b383c,s,su,111,281,450,392,339
5e425af3b383c,u,uk,58,878,974,936,916
5e425af3b383c,k,km,38,34469,34587,34507,34549
5e425af3b383c,m,ma,80,630,796,710,716
5e425af3b383c,a,an,86,249,389,335,303
5e425af3b383c,n,nu,54,247,369,301,315
5e425af3b383c,u,ut,68,304,450,372,382
5e425af3b383c,t,tspace,78,900,1048,978,970
5e425af3b383c,space,spacel,70,244,399,314,329
5e425af3b383c,l,lu,85,246,404,331,319
5e425af3b383c,u,ue,73,277,424,350,351
5e425af3b383c,e,en,74,307,473,381,399
5e425af3b383c,n,ng,92,328,547,420,455
5e425af3b383c,g,gt,127,208,405,335,278
5e425af3b383c,t,tr,70,231,354,301,284
5e425af3b383c,r,rk,53,479,586,532,533
5e425af3b383c,k,ku,54,245,389,299,335
5e425af3b383c,u,ul,90,197,353,287,263
5e425af3b383c,l,lu,66,416,553,482,487
5e425af3b383c,u,uk,71,692,852,763,781
5e425af3b383c,k,km,89,39549,39709,39638,39620
5e425af3b383c,m,ma,71,397,538,468,467
5e425af3b383c,a,an,70,327,501,397,431
5e425af3b383c,n,nu,104,230,437,334,333
5e425af3b383c,u,ut,103,247,420,350,317
5e425af3b383c,t,tspace,70,302,451,372,381
5e425af3b383c,space,spacel,79,404,563,483,484
5e425af3b383c,l,le,80,665,833,745,753
5e425af3b383c,e,en,88,457,623,545,535
5e425af3b383c,n,ng,78,409,576,487,498
5e425af3b383c,g,gt,89,154,339,243,250
5e425af3b383c,t,ta,96,214,429,310,333
5e425af3b383c,a,abksp,119,1446,1639,1565,1520
5e425af3b383c,bksp,bkspr,74,625,774,699,700
5e425af3b383c,r,ra,75,243,424,318,349
5e425af3b383c,a,aj,106,259,471,365,365
5e425af3b383c,j,jbksp,106,817,1006,923,900
5e425af3b383c,bksp,bkspk,83,462,634,545,551
5e425af3b383c,k,ku,89,1028,1205,1117,1116
5e425af3b383c,u,ul,88,440,638,528,550
5e425af3b383c,l,ls,110,213,427,323,317
5e425af3b383c,s,su,104,363,524,467,420
5e425af3b383c,u,uk,57,257,387,314,330
5e425af3b383c,k,km,73,31215,31390,31288,31317
5e425af3b383c,m,ma,102,449,637,551,535
5e425af3b383c,a,an,86,263,433,349,347
5e425af3b383c,n,nu,84,234,387,318,303
5e425af3b383c,u,ut,69,180,316,249,247
5e425af3b383c,t,tspace,67,197,335,264,268
5e425af3b383c,space,spaceu,71,1065,1191,1136,1120
5e425af3b383c,u,ue,55,278,403,333,348
5e425af3b383c,e,en,70,261,403,331,333
5e425af3b383c,n,ng,72,584,736,656,664
5e425af3b383c,g,gt,80,236,382,316,302
5e425af3b383c,t,tr,66,212,332,278,266
5e425af3b383c,r,ra,54,228,375,282,321
5e425af3b383c,a,ak,93,134,322,227,229
5e425af3b383c,k,ku,95,347,530,442,435
5e425af3b383c,u,ul,88,193,370,281,282
5e425af3b383c,l,ls,89,279,457,368,368
5e425af3b383c,s,su,89,242,404,331,315
5e425af3b383c,u,uk,73,177,307,250,234
5e425af3b383c,k,km,57,32046,32142,32103,32085
5e425af3b383c,m,ma,39,517,638,556,599
5e425af3b383c,a,an,82,300,468,382,386
5e425af3b383c,n,nu,86,181,372,267,286
5e425af3b383c,u,ut,105,315,519,420,414
5e425af3b383c,t,tspace,99,530,684,629,585
5e425af3b383c,space,spacel,55,227,353,282,298
5e425af3b383c,l,lu,71,511,656,582,585
5e425af3b383c,u,ue,74,424,590,498,516
5e425af3b383c,e,en,92,249,406,341,314
5e425af3b383c,n,ng,65,303,482,368,417
5e425af3b383c,g,gt,114,175,401,289,287
5e425af3b383c,t,tr,112,310,495,422,383
5e425af3b383c,r,ra,73,177,355,250,282
5e425af3b383c,a,ak,105,195,387,300,282
5e425af3b383c,k,ku,87,263,422,350,335
5e425af3b383c,u,us,72,216,388,288,316
5e425af3b383c,s,sl,100,97,284,197,184
5e425af3b383c,l,lbksp,87,996,1169,1083,1082
5e425af3b383c,bksp,bkspbksp,86,57,238,143,152
5e425af3b383c,bksp,bkspl,95,380,561,475,466
5e425af3b383c,l,ls,86,246,435,332,349
5e425af3b383c,s,si,103,311,472,414,369
5e425af3b383c,i,ik,58,128,256,186,198
5e425af3b383c,k,kbksp,70,41620,41757,41690,41687
5e425af3b383c,bksp,bkspa,67,496,689,563,622
5e425af3b383c,a,abksp,126,609,805,735,679
5e425af3b383c,bksp,bkspbksp,70,55,203,125,133
5e425af3b383c,bksp,bkspm,78,143,329,221,251
5e425af3b383c,m,ma,108,246,475,354,367
5e425af3b383c,a,an,121,111,317,232,196
5e425af3b383c,n,nu,85,197,369,282,284
5e425af3b383c,u,ut,87,300,455,387,368
5e425af3b383c,t,tspace,68,432,584,500,516
5e425af3b383c,space,spacel,84,379,533,463,449
5e425af3b383c,l,lu,70,448,575,518,505
5e425af3b383c,u,un,57,1092,1234,1149,1177
5e425af3b383c,n,ng,85,649,821,734,736
5e425af3b383c,g,gbksp,87,261,436,348,349
5e425af3b383c,bksp,bkspbksp,88,74,237,162,149
5e425af3b383c,bksp,bkspe,75,464,644,539,569
5e425af3b383c,e,en,105,447,640,552,535
5e425af3b383c,n,ng,88,360,539,448,451
5e425af3b383c,g,gt,91,227,388,318,297
5e425af3b383c,t,tr,70,172,303,242,233
5e425af3b383c,r,ra,61,228,381,289,320
5e425af3b383c,a,ak,92,223,387,315,295
5e425af3b383c,k,ku,72,232,374,304,302
5e425af3b383c,u,ul,70,180,336,250,266
5e425af3b383c,l,ls,86,232,404,318,318
5e425af3b383c,s,su,86,255,400,341,314
5e425af3b383c,u,ul,59,184,327,243,268
5e425af3b383c,l,lbksp,84,846,1036,930,952
5e425af3b383c,bksp,bkspk,106,209,406,315,300
5e425af3b383c,k,km,91,35053,35223,35144,35132
5e425af3b383c,m,ma,79,550,749,629,670
5e425af3b383c,a,an,120,512,753,632,633
5e425af3b383c,n,nu,121,270,484,391,363
5e425af3b383c,u,ut,93,320,494,413,401
5e425af3b383c,t,tspace,81,597,767,678,686
5e425af3b383c,space,spacel,89,167,357,256,268
5e425af3b383c,l,li,101,212,415,313,314
5e425af3b383c,i,ie,102,306,487,408,385
5e425af3b383c,e,en,79,86,280,165,201
5e425af3b383c,n,ng,115,811,999,926,884
5e425af3b383c,g,gt,73,213,370,286,297
5e425af3b383c,t,tr,84,167,318,251,234
5e425af3b383c,r,ra,67,126,319,193,252
5e425af3b383c,a,abksp,126,313,507,439,381
5e425af3b383c,bksp,bkspbksp,68,203,349,271,281
5e425af3b383c,bksp,bkspbksp,78,38,212,116,134
5e425af3b383c,bksp,bkspbksp,96,69,298,165,202
5e425af3b383c,bksp,bkspbksp,133,54,282,187,149
5e425af3b383c,bksp,bkspbksp,95,58,229,153,134
5e425af3b383c,bksp,bkspbksp,76,71,227,147,151
5e425af3b383c,bksp,bkspu,80,716,895,796,815
5e425af3b383c,u,ue,99,405,617,504,518
5e425af3b383c,e,en,113,146,362,259,249
5e425af3b383c,n,ng,103,380,571,483,468
5e425af3b383c,g,gt,88,180,337,268,249
5e425af3b383c,t,tr,69,180,319,249,250
5e425af3b383c,r,ra,70,198,355,268,285
5e425af3b383c,a,ak,87,865,1022,952,935
5e425af3b383c,k,ku,70,229,366,299,296
5e425af3b383c,u,ul,67,164,336,231,269
5e425af3b383c,l,ls,105,162,353,267,248
5e425af3b383c,s,su,86,248,405,334,319
5e425af3b383c,u,uk,71,179,303,250,232
5e425af3b383c,k,km,53,38718,38824,38771,38771
5e425af3b383c,m,ma,53,465,601,518,548
5e425af3b383c,a,an,83,249,434,332,351
5e425af3b383c,n,nu,102,250,485,352,383
5e425af3b383c,u,ut,133,210,419,343,286
5e425af3b383c,t,tspace,76,460,610,536,534
5e425af3b383c,space,spacel,74,265,421,339,347
5e425af3b383c,l,lu,82,415,601,497,519
5e425af3b383c,u,ue,104,292,485,396,381
5e425af3b383c,e,en,89,247,425,336,336
5e425af3b383c,n,ng,89,360,553,449,464
5e425af3b383c,g,gt,104,178,354,282,250
5e425af3b383c,t,tr,72,1360,1506,1432,1434
5e425af3b383c,r,ra,74,214,405,288,331
5e425af3b383c,a,ak,117,315,521,432,404
5e425af3b383c,k,ku,89,209,370,298,281
5e425af3b383c,u,ul,72,178,341,250,269
5e425af3b383c,l,ls,91,212,372,303,281
5e425af3b383c,s,su,69,197,351,266,282
5e425af3b383c,u,uk,85,165,303,250,218
5e425af3b383c,k,kp,53,-2373,-2242,-2320,-2295
5e425ca155cff,p,pt,78,765,928,843,850
5e425ca155cff,t,th,85,197,333,282,248
5e425ca155cff,h,ho,51,180,257,231,206
5e425ca155cff,o,om,26,211,290,237,264
5e425ca155cff,m,mp,53,178,317,231,264
5e425ca155cff,p,pi,86,133,270,219,184
5e425ca155cff,i,in,51,180,303,231,252
5e425ca155cff,n,ng,72,93,219,165,147
5e425ca155cff,g,gbksp,54,476,676,530,622
5e425ca155cff,bksp,bkspbksp,146,108,294,254,148
5e425ca155cff,bksp,bkspbksp,40,104,221,144,181
5e425ca155cff,bksp,bkspo,77,371,512,448,435
5e425ca155cff,o,on,64,308,447,372,383
5e425ca155cff,n,ng,75,99,240,174,165
5e425ca155cff,g,gspace,66,203,316,269,250
5e425ca155cff,space,spacem,47,1279,1415,1326,1368
5e425ca155cff,m,mu,89,165,321,254,232
5e425ca155cff,u,ua,67,116,267,183,200
5e425ca155cff,a,an,84,96,269,180,185
5e425ca155cff,n,ng,89,262,404,351,315
5e425ca155cff,g,gt,53,147,252,200,199
5e425ca155cff,t,th,52,198,323,250,271
5e425ca155cff,h,ho,73,208,372,281,299
5e425ca155cff,o,on,91,159,307,250,216
5e425ca155cff,n,ng,57,94,222,151,165
5e425ca155cff,g,gp,71,37382,37541,37453,37470
5e425ca155cff,p,pa,88,147,322,235,234
5e425ca155cff,a,at,87,464,638,551,551
5e425ca155cff,t,th,87,162,352,249,265
5e425ca155cff,h,ho,103,165,319,268,216
5e425ca155cff,o,om,51,399,541,450,490
5e425ca155cff,m,mp,91,210,385,301,294
5e425ca155cff,p,po,84,165,302,249,218
5e425ca155cff,o,on,53,193,335,246,282
5e425ca155cff,n,ng,89,71,258,160,169
5e425ca155cff,g,gspace,98,197,346,295,248
5e425ca155cff,space,spacem,51,448,556,499,505
5e425ca155cff,m,mu,57,208,337,265,280
5e425ca155cff,u,ua,72,163,337,235,265
5e425ca155cff,a,an,102,122,283,224,181
5e425ca155cff,n,ng,59,199,297,258,238
5e425ca155cff,g,gt,39,161,254,200,215
5e425ca155cff,t,th,54,227,336,281,282
5e425ca155cff,h,ho,55,232,340,287,285
5e425ca155cff,o,on,53,207,318,260,265
5e425ca155cff,n,ng,58,132,226,190,168
5e425ca155cff,g,gp,36,30399,30520,30435,30484
5e425ca155cff,p,pa,85,114,286,199,201
5e425ca155cff,a,at,87,191,354,278,267
5e425ca155cff,t,to,76,596,710,672,634
5e425ca155cff,o,om,38,244,321,282,283
5e425ca155cff,m,mp,39,264,342,303,303
5e425ca155cff,p,po,39,194,303,233,264
5e425ca155cff,o,on,70,294,438,364,368
5e425ca155cff,n,ng,74,131,254,205,180
5e425ca155cff,g,gspace,49,696,803,745,754
5e425ca155cff,space,spacem,58,352,473,410,415
5e425ca155cff,m,mu,63,314,434,377,371
5e425ca155cff,u,ua,57,255,388,312,331
5e425ca155cff,a,an,76,306,424,382,348
5e425ca155cff,n,ng,42,363,445,405,403
5e425ca155cff,g,gt,40,291,387,331,347
5e425ca155cff,t,th,56,195,323,251,267
5e425ca155cff,h,ho,72,297,405,369,333
5e425ca155cff,o,on,36,344,451,380,415
5e425ca155cff,n,ng,71,261,409,332,338
5e425ca155cff,g,gp,77,33145,33276,33222,33199
5e425ca155cff,p,pa,54,131,287,185,233
5e425ca155cff,a,at,102,511,705,613,603
5e425ca155cff,t,th,92,163,338,255,246
5e425ca155cff,h,ho,83,200,332,283,249
5e425ca155cff,o,om,49,228,317,277,268
5e425ca155cff,m,mp,40,149,276,189,236
5e425ca155cff,p,po,87,145,284,232,197
5e425ca155cff,o,on,52,162,285,214,233
5e425ca155cff,n,ng,71,75,205,146,134
5e425ca155cff,g,gspace,59,109,242,168,183
5e425ca155cff,space,spacem,74,866,1011,940,937
5e425ca155cff,m,mu,71,262,388,333,317
5e425ca155cff,u,ua,55,1344,1471,1399,1416
5e425ca155cff,a,an,72,360,509,432,437
5e425ca155cff,n,ng,77,191,320,268,243
5e425ca155cff,g,gt,52,267,373,319,321
5e425ca155cff,t,th,54,159,252,213,198
5e425ca155cff,h,ho,39,156,271,195,232
5e425ca155cff,o,on,76,249,357,325,281
5e425ca155cff,n,nh,32,147,233,179,201
5e425ca155cff,h,hbksp,54,916,1061,970,1007
5e425ca155cff,bksp,bkspg,91,68,219,159,128
5e425ca155cff,g,gp,60,30960,31080,31020,31020
5e425ca155cff,p,pt,60,681,794,741,734
5e425ca155cff,t,th,53,229,333,282,280
5e425ca155cff,h,ho,51,231,320,282,269
5e425ca155cff,o,om,38,160,254,198,216
5e425ca155cff,m,mp,56,194,323,250,267
5e425ca155cff,p,po,73,127,257,200,184
5e425ca155cff,o,on,57,171,272,228,215
5e425ca155cff,n,ng,44,124,260,168,216
5e425ca155cff,g,gspace,92,562,728,654,636
5e425ca155cff,space,spacem,74,276,422,350,348
5e425ca155cff,m,mu,72,279,405,351,333
5e425ca155cff,u,ua,54,264,390,318,336
5e425ca155cff,a,an,72,309,440,381,368
5e425ca155cff,n,ng,59,227,357,286,298
5e425ca155cff,g,gt,71,275,403,346,332
5e425ca155cff,t,th,57,229,340,286,283
5e425ca155cff,h,ho,54,215,322,269,268
5e425ca155cff,o,on,53,260,370,313,317
5e425ca155cff,n,ng,57,293,407,350,350
5e425ca155cff,g,gp,57,27182,27305,27239,27248
5e425ca155cff,p,pa,66,765,888,831,822
5e425ca155cff,a,at,57,561,721,618,664
5e425ca155cff,t,th,103,165,321,268,218
5e425ca155cff,h,ho,53,197,301,250,248
5e425ca155cff,o,om,51,281,403,332,352
5e425ca155cff,m,mp,71,178,320,249,249
5e425ca155cff,p,po,71,161,271,232,200
5e425ca155cff,o,on,39,141,272,180,233
5e425ca155cff,n,ng,92,129,261,221,169
5e425ca155cff,g,gspace,40,578,692,618,652
5e425ca155cff,space,spacem,74,308,436,382,362
5e425ca155cff,m,ma,54,581,723,635,669
5e425ca155cff,a,an,88,409,529,497,441
5e425ca155cff,n,ng,32,981,1071,1013,1039
5e425ca155cff,g,gt,58,247,358,305,300
5e425ca155cff,t,th,53,164,270,217,217
5e425ca155cff,h,ho,53,179,305,232,252
5e425ca155cff,o,on,73,177,305,250,232
5e425ca155cff,n,ng,55,95,205,150,150
5e425ca155cff,g,gp,55,29692,29794,29747,29739
5e425ca155cff,p,pt,47,727,863,774,816
5e425ca155cff,t,th,89,143,322,232,233
5e425ca155cff,h,ho,90,127,287,217,197
5e425ca155cff,o,op,70,476,620,546,550
5e425ca155cff,p,pi,74,130,274,204,200
5e425ca155cff,i,ibksp,70,399,536,469,466
5e425ca155cff,bksp,bkspo,67,496,637,563,570
5e425ca155cff,o,obksp,74,1012,1144,1086,1070
5e425ca155cff,bksp,bkspbksp,58,123,236,181,178
5e425ca155cff,bksp,bkspbksp,55,345,459,400,404
5e425ca155cff,bksp,bkspm,59,375,474,434,415
5e425ca155cff,m,mp,40,263,389,303,349
5e425ca155cff,p,po,86,196,321,282,235
5e425ca155cff,o,on,39,643,754,682,715
5e425ca155cff,n,ng,72,165,322,237,250
5e425ca155cff,g,gspace,85,140,300,225,215
5e425ca155cff,space,spacem,75,431,577,506,502
5e425ca155cff,m,ma,71,265,406,336,335
5e425ca155cff,a,au,70,227,335,297,265
5e425ca155cff,u,uu,38,879,988,917,950
5e425ca155cff,u,un,71,343,505,414,434
5e425ca155cff,n,ng,91,227,391,318,300
5e425ca155cff,g,gt,73,227,354,300,281
5e425ca155cff,t,th,54,183,288,237,234
5e425ca155cff,h,ho,51,162,285,213,234
5e425ca155cff,o,on,72,178,304,250,232
5e425ca155cff,n,ng,54,132,223,186,169
5e425ca155cff,g,gbksp,37,1545,1667,1582,1630
5e425ca155cff,bksp,bkspbksp,85,85,251,170,166
5e425ca155cff,bksp,bkspbksp,81,86,249,167,168
5e425ca155cff,bksp,bkspbksp,82,104,266,186,184
5e425ca155cff,bksp,bkspbksp,80,124,267,204,187
5e425ca155cff,bksp,bkspbksp,63,116,228,179,165
5e425ca155cff,bksp,bkspbksp,49,127,233,176,184
5e425ca155cff,bksp,bkspbksp,57,111,255,168,198
5e425ca155cff,bksp,bkspbksp,87,107,270,194,183
5e425ca155cff,bksp,bkspbksp,76,112,260,188,184
5e425ca155cff,bksp,bkspbksp,72,114,257,186,185
5e425ca155cff,bksp,bkspbksp,71,129,268,200,197
5e425ca155cff,bksp,bkspbksp,68,105,268,173,200
5e425ca155cff,bksp,bkspbksp,95,108,280,203,185
5e425ca155cff,bksp,bkspbksp,77,103,260,180,183
5e425ca155cff,bksp,bkspbksp,80,127,282,207,202
5e425ca155cff,bksp,bkspbksp,75,125,258,200,183
5e425ca155cff,bksp,bkspbksp,58,143,276,201,218
5e425ca155cff,bksp,bkspa,75,2125,2240,2200,2165
5e425ca155cff,a,ar,40,593,773,633,733
5e425ca155cff,r,rbksp,140,213,455,353,315
5e425ca155cff,bksp,bkspt,102,394,604,496,502
5e425ca155cff,t,th,108,160,357,268,249
5e425ca155cff,h,hm,89,762,909,851,820
5e425ca155cff,m,mo,58,809,904,867,846
5e425ca155cff,o,on,37,515,621,552,584
5e425ca155cff,n,ng,69,154,285,223,216
5e425ca155cff,g,gspace,62,245,379,307,317
5e425ca155cff,space,spacem,72,496,641,568,569
5e425ca155cff,m,mu,73,191,320,264,247
5e425ca155cff,u,ua,56,163,290,219,234
5e425ca155cff,a,an,71,146,256,217,185
5e425ca155cff,n,ng,39,193,287,232,248
5e425ca155cff,g,gt,55,278,390,333,335
5e425ca155cff,t,th,57,278,374,335,317
5e425ca155cff,h,ho,39,225,339,264,300
5e425ca155cff,o,on,75,162,308,237,233
5e425ca155cff,n,ng,71,92,204,163,133
5e425ca155cff,g,gp,41,30548,30675,30589,30634
5e425ca155cff,p,pt,86,765,890,851,804
5e425ca155cff,t,th,39,278,389,317,350
5e425ca155cff,h,ho,72,246,354,318,282
5e425ca155cff,o,om,36,214,302,250,266
5e425ca155cff,m,mp,52,197,335,249,283
5e425ca155cff,p,po,86,128,268,214,182
5e425ca155cff,o,on,54,215,306,269,252
5e425ca155cff,n,ng,37,90,185,127,148
5e425ca155cff,g,gspace,58,627,742,685,684
5e425ca155cff,space,spacem,57,212,341,269,284
5e425ca155cff,m,mu,72,281,405,353,333
5e425ca155cff,u,ua,52,188,301,240,249
5e425ca155cff,a,an,61,665,814,726,753
5e425ca155cff,n,ng,88,193,319,281,231
5e425ca155cff,g,gt,38,249,342,287,304
5e425ca155cff,t,th,55,158,252,213,197
5e425ca155cff,h,ho,39,179,289,218,250
5e425ca155cff,o,on,71,162,337,233,266
5e425ca155cff,n,ng,104,37,221,141,117
5e425ca155cff,g,gp,80,35155,35315,35235,35235
5e425ca155cff,p,pt,80,750,896,830,816
5e425ca155cff,t,th,66,334,453,400,387
5e425ca155cff,h,ho,53,228,318,281,265
5e425ca155cff,o,om,37,195,302,232,265
5e425ca155cff,m,mp,70,179,337,249,267
5e425ca155cff,p,po,88,144,289,232,201
5e425ca155cff,o,on,57,198,291,255,234
5e425ca155cff,n,ng,36,111,217,147,181
5e425ca155cff,g,gspace,70,797,941,867,871
5e425ca155cff,space,spacem,74,312,442,386,368
5e425ca155cff,m,mu,56,292,416,348,360
5e425ca155cff,u,un,68,647,755,715,687
5e425ca155cff,n,ng,40,210,321,250,281
5e425ca155cff,g,gt,71,151,303,222,232
5e425ca155cff,t,th,81,137,282,218,201
5e425ca155cff,h,ho,64,191,349,255,285
5e425ca155cff,o,on,94,183,357,277,263
5e425ca155cff,n,ng,80,137,247,217,167
5e425ca155cff,g,gbksp,30,1450,1567,1480,1537
5e425ca155cff,bksp,bkspbksp,87,113,268,200,181
5e425ca155cff,bksp,bkspbksp,68,113,239,181,171
5e425ca155cff,bksp,bkspbksp,58,92,241,150,183
5e425ca155cff,bksp,bkspbksp,91,91,255,182,164
5e425ca155cff,bksp,bkspbksp,73,145,312,218,239
5e425ca155cff,bksp,bkspbksp,94,175,342,269,248
5e425ca155cff,bksp,bkspa,73,559,689,632,616
5e425ca155cff,a,an,57,680,805,737,748
5e425ca155cff,n,ng,68,146,317,214,249
5e425ca155cff,g,gt,103,146,304,249,201
5e425ca155cff,t,th,55,144,254,199,199
5e425ca155cff,h,ho,55,178,307,233,252
5e425ca155cff,o,on,74,162,289,236,215
5e425ca155cff,n,ng,53,107,205,160,152
5e425ca155cff,g,gp,45,30529,30631,30574,30586
5e425ca155cff,p,pa,57,261,355,318,298
5e425ca155cff,a,at,37,531,639,568,602
5e425ca155cff,t,th,71,180,334,251,263
5e425ca155cff,h,ho,83,180,317,263,234
5e425ca155cff,o,om,54,227,354,281,300
5e425ca155cff,m,mp,73,163,340,236,267
5e425ca155cff,p,pi,104,129,304,233,200
5e425ca155cff,i,in,71,129,288,200,217
5e425ca155cff,n,ng,88,72,237,160,149
5e425ca155cff,g,gbksp,77,631,763,708,686
5e425ca155cff,bksp,bkspbksp,55,88,219,143,164
5e425ca155cff,bksp,bkspbksp,76,255,427,331,351
5e425ca155cff,bksp,bkspo,96,297,463,393,367
5e425ca155cff,o,on,70,312,454,382,384
5e425ca155cff,n,ng,72,178,303,250,231
5e425ca155cff,g,gspace,53,384,478,437,425
5e425ca155cff,space,spacem,41,404,520,445,479
5e425ca155cff,m,mu,75,263,407,338,332
5e425ca155cff,u,ua,69,161,303,230,234
5e425ca155cff,a,an,73,88,237,161,164
5e425ca155cff,n,ng,76,163,310,239,234
5e425ca155cff,g,gt,71,211,337,282,266
5e425ca155cff,t,th,55,145,273,200,218
5e425ca155cff,h,ho,73,187,339,260,266
5e425ca155cff,o,on,79,157,312,236,233
5e425ca155cff,n,ng,76,90,243,166,167
5e425ca155cff,g,gp,77,-60347,-60227,-60270,-60304
5e425dd5a33c0,p,pr,43,340,420,383,377
5e425dd5a33c0,r,ra,37,219,303,256,266
5e425dd5a33c0,a,an,47,311,415,358,368
5e425dd5a33c0,n,nw,57,200,322,257,265
5e425dd5a33c0,w,wa,65,213,320,278,255
5e425dd5a33c0,a,as,42,191,286,233,244
5e425dd5a33c0,s,sspace,53,415,524,468,471
5e425dd5a33c0,space,spaces,56,162,252,218,196
5e425dd5a33c0,s,sr,34,297,369,331,335
5e425dd5a33c0,r,ru,38,245,321,283,283
5e425dd5a33c0,u,ui,38,698,773,736,735
5e425dd5a33c0,i,ia,37,119,220,156,183
5e425dd5a33c0,a,an,64,105,212,169,148
5e425dd5a33c0,n,nn,43,208,293,251,250
5e425dd5a33c0,n,na,42,2762,2844,2804,2802
5e425dd5a33c0,a,an,40,193,258,233,218
5e425dd5a33c0,n,nr,25,36483,36542,36508,36517
5e425dd5a33c0,r,ra,34,234,317,268,283
5e425dd5a33c0,a,abksp,49,716,835,765,786
5e425dd5a33c0,bksp,bkspp,70,610,719,680,649
5e425dd5a33c0,p,pw,39,547,620,586,581
5e425dd5a33c0,w,wbksp,34,415,488,449,454
5e425dd5a33c0,bksp,bkspr,39,143,221,182,182
5e425dd5a33c0,r,ra,39,243,324,282,285
5e425dd5a33c0,a,an,42,234,302,276,260
5e425dd5a33c0,n,nw,26,966,1051,992,1025
5e425dd5a33c0,w,wa,59,159,271,218,212
5e425dd5a33c0,a,as,53,180,268,233,215
5e425dd5a33c0,s,sspace,35,432,523,467,488
5e425dd5a33c0,space,spaces,56,176,271,232,215
5e425dd5a33c0,s,sr,39,329,406,368,367
5e425dd5a33c0,r,ri,38,345,423,383,385
5e425dd5a33c0,i,in,40,337,419,377,379
5e425dd5a33c0,n,na,42,143,230,185,188
5e425dd5a33c0,a,an,45,110,207,155,162
5e425dd5a33c0,n,np,52,24046,24139,24098,24087
5e425dd5a33c0,p,pr,41,181,272,222,231
5e425dd5a33c0,r,ra,50,206,317,256,267
5e425dd5a33c0,a,an,61,179,278,240,217
5e425dd5a33c0,n,nw,38,105,187,143,149
5e425dd5a33c0,w,ws,44,413,494,457,450
5e425dd5a33c0,s,sspace,37,159,224,196,187
5e425dd5a33c0,space,spaces,28,118,208,146,180
5e425dd5a33c0,s,sr,62,245,347,307,285
5e425dd5a33c0,r,ri,40,229,306,269,266
5e425dd5a33c0,i,ia,37,107,188,144,151
5e425dd5a33c0,a,an,44,143,243,187,199
5e425dd5a33c0,n,na,56,72,189,128,133
5e425dd5a33c0,a,an,61,107,212,168,151
5e425dd5a33c0,n,np,44,26932,27031,26976,26987
5e425dd5a33c0,p,pr,55,193,301,248,246
5e425dd5a33c0,r,ra,53,265,374,318,321
5e425dd5a33c0,a,an,56,159,269,215,213
5e425dd5a33c0,n,nw,54,106,204,160,150
5e425dd5a33c0,w,wa,44,181,277,225,233
5e425dd5a33c0,a,as,52,144,237,196,185
5e425dd5a33c0,s,sspace,41,163,257,204,216
5e425dd5a33c0,space,spaces,53,105,203,158,150
5e425dd5a33c0,s,sr,45,247,348,292,303
5e425dd5a33c0,r,ri,56,230,321,286,265
5e425dd5a33c0,i,ia,35,164,227,199,192
5e425dd5a33c0,a,an,28,114,203,142,175
5e425dd5a33c0,n,na,61,90,194,151,133
5e425dd5a33c0,a,an,43,73,174,116,131
5e425dd5a33c0,n,np,58,34269,34365,34327,34307
5e425dd5a33c0,p,pa,38,379,453,417,415
5e425dd5a33c0,a,ar,36,1050,1132,1086,1096
5e425dd5a33c0,r,ra,46,241,335,287,289
5e425dd5a33c0,a,an,48,174,264,222,216
5e425dd5a33c0,n,nw,42,106,192,148,150
5e425dd5a33c0,w,wa,44,193,278,237,234
5e425dd5a33c0,a,as,41,192,271,233,230
5e425dd5a33c0,s,sspace,38,331,402,369,364
5e425dd5a33c0,space,spaces,33,148,205,181,172
5e425dd5a33c0,s,sr,24,244,307,268,283
5e425dd5a33c0,r,ri,39,222,286,261,247
5e425dd5a33c0,i,ia,25,152,223,177,198
5e425dd5a33c0,a,am,46,140,218,186,172
5e425dd5a33c0,m,ma,32,82,145,114,113
5e425dd5a33c0,a,an,31,949,1032,980,1001
5e425dd5a33c0,n,na,52,111,189,163,137
5e425dd5a33c0,a,an,26,143,207,169,181
5e425dd5a33c0,n,np,38,27934,28008,27972,27970
5e425dd5a33c0,p,pr,36,130,217,166,181
5e425dd5a33c0,r,ra,51,212,318,263,267
5e425dd5a33c0,a,an,55,165,254,220,199
5e425dd5a33c0,n,nw,34,108,201,142,167
5e425dd5a33c0,w,wa,59,160,276,219,217
5e425dd5a33c0,a,as,57,194,278,251,221
5e425dd5a33c0,s,sspace,27,137,224,164,197
5e425dd5a33c0,space,spaces,60,112,194,172,134
5e425dd5a33c0,s,sr,22,242,322,264,300
5e425dd5a33c0,r,ri,58,160,257,218,199
5e425dd5a33c0,i,ia,39,123,207,162,168
5e425dd5a33c0,a,an,45,144,224,189,179
5e425dd5a33c0,n,nn,35,238,320,273,285
5e425dd5a33c0,n,nn,47,1697,1783,1744,1736
5e425dd5a33c0,n,nmeta1,39,26957,27035,26996,26996
5e425dd5a33c0,meta1,meta1normal,39,298,387,337,348
5e425dd5a33c0,normal,normalp,50,400,491,450,441
5e425dd5a33c0,p,pr,41,280,358,321,317
5e425dd5a33c0,r,ra,37,224,318,261,281
5e425dd5a33c0,a,an,57,230,325,287,268
5e425dd5a33c0,n,nw,38,124,220,162,182
5e425dd5a33c0,w,wa,58,161,277,219,219
5e425dd5a33c0,a,as,58,174,288,232,230
5e425dd5a33c0,s,sspace,56,180,290,236,234
5e425dd5a33c0,space,spaces,54,116,203,170,149
5e425dd5a33c0,s,sr,33,286,370,319,337
5e425dd5a33c0,r,ri,51,224,316,275,265
5e425dd5a33c0,i,ia,41,158,274,199,233
5e425dd5a33c0,a,an,75,90,209,165,134
5e425dd5a33c0,n,na,44,73,178,117,134
5e425dd5a33c0,a,an,61,104,209,165,148
5e425dd5a33c0,n,np,44,23126,23216,23170,23172
5e425dd5a33c0,p,pr,46,275,356,321,310
5e425dd5a33c0,r,ra,35,270,341,305,306
5e425dd5a33c0,a,an,36,164,232,200,196
5e425dd5a33c0,n,nw,32,133,189,165,157
5e425dd5a33c0,w,wa,24,168,253,192,229
5e425dd5a33c0,a,as,61,157,292,218,231
5e425dd5a33c0,s,sspace,74,178,308,252,234
5e425dd5a33c0,space,spaces,56,162,272,218,216
5e425dd5a33c0,s,sr,54,228,324,282,270
5e425dd5a33c0,r,ri,42,226,307,268,265
5e425dd5a33c0,i,ia,39,161,256,200,217
5e425dd5a33c0,a,an,56,122,238,178,182
5e425dd5a33c0,n,na,60,71,195,131,135
5e425dd5a33c0,a,an,64,127,230,191,166
5e425dd5a33c0,n,np,39,27001,27075,27040,27036
5e425dd5a33c0,p,pr,35,178,267,213,232
5e425dd5a33c0,r,ra,54,249,338,303,284
5e425dd5a33c0,a,ab,35,198,265,233,230
5e425dd5a33c0,b,bw,32,108,184,140,152
5e425dd5a33c0,w,wbksp,44,866,963,910,919
5e425dd5a33c0,bksp,bkspbksp,53,89,201,142,148
5e425dd5a33c0,bksp,bkspn,59,762,861,821,802
5e425dd5a33c0,n,nw,40,195,288,235,248
5e425dd5a33c0,w,wa,53,179,287,232,234
5e425dd5a33c0,a,as,55,182,273,237,218
5e425dd5a33c0,s,sspace,36,147,217,183,181
5e425dd5a33c0,space,spaces,34,125,202,159,168
5e425dd5a33c0,s,sr,43,247,343,290,300
5e425dd5a33c0,r,ri,53,211,302,264,249
5e425dd5a33c0,i,ia,38,154,239,192,201
5e425dd5a33c0,a,an,47,147,218,194,171
5e425dd5a33c0,n,na,24,99,168,123,144
5e425dd5a33c0,a,an,45,130,203,175,158
5e425dd5a33c0,n,np,28,23577,23654,23605,23626
5e425dd5a33c0,p,pr,49,178,283,227,234
5e425dd5a33c0,r,ra,56,218,323,274,267
5e425dd5a33c0,a,an,49,202,281,251,232
5e425dd5a33c0,n,nw,30,154,216,184,186
5e425dd5a33c0,w,wa,32,170,265,202,233
5e425dd5a33c0,a,as,63,161,263,224,200
5e425dd5a33c0,s,sspace,39,142,223,181,184
5e425dd5a33c0,space,spaces,42,121,224,163,182
5e425dd5a33c0,s,sr,61,199,296,260,235
5e425dd5a33c0,r,ri,36,215,301,251,265
5e425dd5a33c0,i,ia,50,150,252,200,202
5e425dd5a33c0,a,an,52,124,218,176,166
5e425dd5a33c0,n,na,42,112,193,154,151
5e425dd5a33c0,a,an,39,81,184,120,145
5e425dd5a33c0,n,ni,64,-287979,-287807,-287915,-287871
5e425de61c7b0,i,ic,108,658,887,766,779
5e425de61c7b0,c,ch,121,56,236,177,115
5e425de61c7b0,h,hm,59,345,476,404,417
5e425de61c7b0,m,mo,72,146,272,218,200
5e425de61c7b0,o,on,54,146,272,200,218
5e425de61c7b0,n,nbksp,72,1311,1470,1383,1398
5e425de61c7b0,bksp,bkspbksp,87,144,321,231,234
5e425de61c7b0,bksp,bkspbksp,90,142,328,232,238
5e425de61c7b0,bksp,bkspa,96,623,830,719,734
5e425de61c7b0,a,am,111,503,741,614,630
5e425de61c7b0,m,mo,127,290,525,417,398
5e425de61c7b0,o,on,108,197,374,305,266
5e425de61c7b0,n,nspace,69,227,403,296,334
5e425de61c7b0,space,spaces,107,1048,1257,1155,1150
5e425de61c7b0,s,si,102,159,320,261,218
5e425de61c7b0,i,ia,59,1092,1215,1151,1156
5e425de61c7b0,a,aa,64,601,775,665,711
5e425de61c7b0,a,at,110,262,459,372,349
5e425de61c7b0,t,tc,87,241,437,328,350
5e425de61c7b0,c,ch,109,144,327,253,218
5e425de61c7b0,h,ha,74,194,357,268,283
5e425de61c7b0,a,ar,89,193,354,282,265
5e425de61c7b0,r,ra,72,113,292,185,220
5e425de61c7b0,a,an,107,758,972,865,865
5e425de61c7b0,n,nu,107,161,340,268,233
5e425de61c7b0,u,un,72,178,338,250,266
5e425de61c7b0,n,ni,88,35252,35425,35340,35337
5e425de61c7b0,i,ic,85,327,521,412,436
5e425de61c7b0,c,ch,109,91,271,200,162
5e425de61c7b0,h,ha,71,146,306,217,235
5e425de61c7b0,a,am,89,162,323,251,234
5e425de61c7b0,m,mo,72,198,298,270,226
5e425de61c7b0,o,on,28,129,268,157,240
5e425de61c7b0,n,nspace,111,481,695,592,584
5e425de61c7b0,space,spaces,103,441,654,544,551
5e425de61c7b0,s,si,110,125,340,235,230
5e425de61c7b0,i,il,105,180,355,285,250
5e425de61c7b0,l,la,70,71,239,141,169
5e425de61c7b0,a,aa,98,251,433,349,335
5e425de61c7b0,a,at,84,294,418,378,334
5e425de61c7b0,t,tc,40,102,254,142,214
5e425de61c7b0,c,ch,112,107,328,219,216
5e425de61c7b0,h,ha,109,69,292,178,183
5e425de61c7b0,a,ar,114,179,381,293,267
5e425de61c7b0,r,ra,88,55,238,143,150
5e425de61c7b0,a,an,95,280,464,375,369
5e425de61c7b0,n,nu,89,115,270,204,181
5e425de61c7b0,u,un,66,134,281,200,215
5e425de61c7b0,n,nbksp,81,3579,3734,3660,3653
5e425de61c7b0,bksp,bksps,74,4375,4576,4449,4502
5e425de61c7b0,s,si,127,608,858,735,731
5e425de61c7b0,i,il,123,127,357,250,234
5e425de61c7b0,l,lp,107,218,407,325,300
5e425de61c7b0,p,pa,82,70,230,152,148
5e425de61c7b0,a,at,78,195,328,273,250
5e425de61c7b0,t,tc,55,130,289,185,234
5e425de61c7b0,c,ch,104,71,255,175,151
5e425de61c7b0,h,hr,80,324,463,404,383
5e425de61c7b0,r,ra,59,56,208,115,149
5e425de61c7b0,a,an,93,247,446,340,353
5e425de61c7b0,n,nu,106,107,287,213,181
5e425de61c7b0,u,un,74,144,292,218,218
5e425de61c7b0,n,nbksp,74,1078,1225,1152,1151
5e425de61c7b0,bksp,bkspbksp,73,103,255,176,182
5e425de61c7b0,bksp,bkspbksp,79,88,229,167,150
5e425de61c7b0,bksp,bkspbksp,62,122,229,184,167
5e425de61c7b0,bksp,bkspbksp,45,102,194,147,149
5e425de61c7b0,bksp,bkspbksp,47,127,230,174,183
5e425de61c7b0,bksp,bkspbksp,56,129,226,185,170
5e425de61c7b0,bksp,bkspbksp,41,142,238,183,197
5e425de61c7b0,bksp,bkspbksp,55,127,240,182,185
5e425de61c7b0,bksp,bkspbksp,58,142,258,200,200
5e425de61c7b0,bksp,bkspa,58,1161,1323,1219,1265
5e425de61c7b0,a,at,104,365,538,469,434
5e425de61c7b0,t,tc,69,858,1091,927,1022
5e425de61c7b0,c,ch,164,198,455,362,291
5e425de61c7b0,h,ha,93,72,281,165,188
5e425de61c7b0,a,ar,116,160,364,276,248
5e425de61c7b0,r,ra,88,52,241,140,153
5e425de61c7b0,a,an,101,222,413,323,312
5e425de61c7b0,n,nu,90,105,275,195,185
5e425de61c7b0,u,un,80,103,279,183,199
5e425de61c7b0,n,np,96,27498,27667,27594,27571
5e425de61c7b0,p,pi,73,462,607,535,534
5e425de61c7b0,i,ic,72,361,554,433,482
5e425de61c7b0,c,ch,121,18,220,139,99
5e425de61c7b0,h,ha,81,70,304,151,223
5e425de61c7b0,a,am,153,-17,195,136,42
5e425de61c7b0,m,mo,59,145,261,204,202
5e425de61c7b0,o,on,57,144,290,201,233
5e425de61c7b0,n,nspace,89,328,488,417,399
5e425de61c7b0,space,spaces,71,398,594,469,523
5e425de61c7b0,s,si,125,138,337,263,212
5e425de61c7b0,i,il,74,159,324,233,250
5e425de61c7b0,l,la,91,126,310,217,219
5e425de61c7b0,a,ap,93,35,224,128,131
5e425de61c7b0,p,pa,96,72,262,168,166
5e425de61c7b0,a,at,94,211,376,305,282
5e425de61c7b0,t,tc,71,96,288,167,217
5e425de61c7b0,c,ch,121,109,323,230,202
5e425de61c7b0,h,ha,93,53,278,146,185
5e425de61c7b0,a,ar,132,194,396,326,264
5e425de61c7b0,r,ra,70,93,307,163,237
5e425de61c7b0,a,an,144,292,496,436,352
5e425de61c7b0,n,nu,60,123,253,183,193
5e425de61c7b0,u,un,70,129,289,199,219
5e425de61c7b0,n,np,90,31261,31479,31351,31389
5e425de61c7b0,p,pi,128,309,524,437,396
5e425de61c7b0,i,ic,87,615,802,702,715
5e425de61c7b0,c,ch,100,80,250,180,150
5e425de61c7b0,h,ha,70,96,310,166,240
5e425de61c7b0,a,ao,144,238,438,382,294
5e425de61c7b0,o,on,56,145,289,201,233
5e425de61c7b0,n,nspace,88,162,372,250,284
5e425de61c7b0,space,spacebksp,122,1977,2188,2099,2066
5e425de61c7b0,bksp,bkspbksp,89,279,457,368,368
5e425de61c7b0,bksp,bkspm,89,961,1143,1050,1054
5e425de61c7b0,m,mo,93,170,356,263,263
5e425de61c7b0,o,on,93,194,358,287,265
5e425de61c7b0,n,nspace,71,247,406,318,335
5e425de61c7b0,space,spaces,88,763,976,851,888
5e425de61c7b0,s,si,125,106,286,231,161
5e425de61c7b0,i,il,55,146,272,201,217
5e425de61c7b0,l,la,71,53,206,124,135
5e425de61c7b0,a,ap,82,138,313,220,231
5e425de61c7b0,p,pa,93,94,261,187,168
5e425de61c7b0,a,at,74,545,691,619,617
5e425de61c7b0,t,tc,72,191,356,263,284
5e425de61c7b0,c,ch,93,126,275,219,182
5e425de61c7b0,h,hr,56,313,423,369,367
5e425de61c7b0,r,ra,54,68,203,122,149
5e425de61c7b0,a,an,81,228,399,309,318
5e425de61c7b0,n,nu,90,110,271,200,181
5e425de61c7b0,u,un,71,129,272,200,201
5e425de61c7b0,n,nbksp,72,4657,4840,4729,4768
5e425de61c7b0,bksp,bkspa,111,959,1196,1070,1085
5e425de61c7b0,a,ar,126,321,524,447,398
5e425de61c7b0,r,rp,77,27531,27712,27608,27635
5e425de61c7b0,p,pi,104,426,604,530,500
5e425de61c7b0,i,ic,74,330,508,404,434
5e425de61c7b0,c,ch,104,109,286,213,182
5e425de61c7b0,h,ha,73,107,290,180,217
5e425de61c7b0,a,am,110,70,275,180,165
5e425de61c7b0,m,mo,95,164,314,259,219
5e425de61c7b0,o,on,55,195,304,250,249
5e425de61c7b0,n,nspace,54,377,507,431,453
5e425de61c7b0,space,spaces,76,591,812,667,736
5e425de61c7b0,s,si,145,33,257,178,112
5e425de61c7b0,i,il,79,122,310,201,231
5e425de61c7b0,l,la,109,1081,1266,1190,1157
5e425de61c7b0,a,at,76,323,472,399,396
5e425de61c7b0,t,tc,73,259,410,332,337
5e425de61c7b0,c,ch,78,82,242,160,164
5e425de61c7b0,h,ha,82,90,282,172,200
5e425de61c7b0,a,ar,110,227,377,337,267
5e425de61c7b0,r,ra,40,84,204,124,164
5e425de61c7b0,a,an,80,259,399,339,319
5e425de61c7b0,n,nu,60,126,257,186,197
5e425de61c7b0,u,un,71,130,288,201,217
5e425de61c7b0,n,np,87,32017,32222,32104,32135
5e425de61c7b0,p,pi,118,380,586,498,468
5e425de61c7b0,i,ic,88,219,420,307,332
5e425de61c7b0,c,ch,113,112,279,225,166
5e425de61c7b0,h,hbksp,54,304,454,358,400
5e425de61c7b0,bksp,bkspo,96,146,297,242,201
5e425de61c7b0,o,on,55,141,271,196,216
5e425de61c7b0,n,nbksp,75,790,959,865,884
5e425de61c7b0,bksp,bkspm,94,479,679,573,585
5e425de61c7b0,m,mo,106,176,373,282,267
5e425de61c7b0,o,on,91,198,355,289,264
5e425de61c7b0,n,nspace,66,177,333,243,267
5e425de61c7b0,space,spaces,90,514,726,604,636
5e425de61c7b0,s,si,122,143,337,265,215
5e425de61c7b0,i,il,72,196,354,268,282
5e425de61c7b0,l,la,86,108,306,194,220
5e425de61c7b0,a,ap,112,475,712,587,600
5e425de61c7b0,p,pa,125,86,343,211,218
5e425de61c7b0,a,at,132,208,428,340,296
5e425de61c7b0,t,tc,88,95,256,183,168
5e425de61c7b0,c,ch,73,122,290,195,217
5e425de61c7b0,h,ha,95,71,277,166,182
5e425de61c7b0,a,ar,111,430,615,541,504
5e425de61c7b0,r,ra,74,85,286,159,212
5e425de61c7b0,a,an,127,160,360,287,233
5e425de61c7b0,n,nu,73,147,276,220,203
5e425de61c7b0,u,un,56,122,272,178,216
5e425de61c7b0,n,np,94,30297,30476,30391,30382
5e425de61c7b0,p,pi,85,298,474,383,389
5e425de61c7b0,i,ic,91,207,425,298,334
5e425de61c7b0,c,ch,127,32,223,159,96
5e425de61c7b0,h,ha,64,105,317,169,253
5e425de61c7b0,a,am,148,-17,208,131,60
5e425de61c7b0,m,mo,77,164,312,241,235
5e425de61c7b0,o,on,71,130,288,201,217
5e425de61c7b0,n,nspace,87,208,393,295,306
5e425de61c7b0,space,spaces,98,555,779,653,681
5e425de61c7b0,s,si,126,105,307,231,181
5e425de61c7b0,i,il,76,156,309,232,233
5e425de61c7b0,l,la,77,55,261,132,184
5e425de61c7b0,a,ap,129,36,263,165,134
5e425de61c7b0,p,pt,98,343,497,441,399
5e425de61c7b0,t,tc,56,111,256,167,200
5e425de61c7b0,c,ch,89,124,306,213,217
5e425de61c7b0,h,ha,93,88,276,181,183
5e425de61c7b0,a,ar,95,162,331,257,236
5e425de61c7b0,r,ra,74,50,237,124,163
5e425de61c7b0,a,an,113,281,481,394,368
5e425de61c7b0,n,nu,87,128,286,215,199
5e425de61c7b0,u,un,71,157,306,228,235
5e425de61c7b0,n,nbksp,78,3382,3574,3460,3496
5e425de61c7b0,bksp,bkspp,114,709,912,823,798
5e425de61c7b0,p,pa,89,55,272,144,183
5e425de61c7b0,a,ap,128,33967,34224,34095,34096
5e425de61c7b0,p,pm,129,181,380,310,251
5e425de61c7b0,m,mi,70,1249,1392,1319,1322
5e425de61c7b0,i,ic,73,189,351,262,278
5e425de61c7b0,c,ch,89,111,241,200,152
5e425de61c7b0,h,hm,41,235,338,276,297
5e425de61c7b0,m,mo,62,149,281,211,219
5e425de61c7b0,o,on,70,180,287,250,217
5e425de61c7b0,n,nbksp,37,622,754,659,717
5e425de61c7b0,bksp,bkspm,95,409,593,504,498
5e425de61c7b0,m,mo,89,179,341,268,252
5e425de61c7b0,o,on,73,195,322,268,249
5e425de61c7b0,n,nspace,54,313,457,367,403
5e425de61c7b0,space,spaces,90,525,741,615,651
5e425de61c7b0,s,si,126,101,306,227,180
5e425de61c7b0,i,il,79,164,328,243,249
5e425de61c7b0,l,lp,85,345,537,430,452
5e425de61c7b0,p,pa,107,75,259,182,152
5e425de61c7b0,a,at,77,241,374,318,297
5e425de61c7b0,t,tc,56,2195,2371,2251,2315
5e425de61c7b0,c,ch,120,147,321,267,201
5e425de61c7b0,h,ha,54,228,373,282,319
5e425de61c7b0,a,ar,91,892,1072,983,981
5e425de61c7b0,r,rn,89,410,588,499,499
5e425de61c7b0,n,nu,89,129,290,218,201
5e425de61c7b0,u,un,72,159,323,231,251
5e425de61c7b0,n,ni,92,25210,25392,25302,25300
5e425de61c7b0,i,ic,90,380,590,470,500
5e425de61c7b0,c,ch,120,77,268,197,148
5e425de61c7b0,h,ha,71,95,290,166,219
5e425de61c7b0,a,am,124,242,474,366,350
5e425de61c7b0,m,mo,108,560,757,668,649
5e425de61c7b0,o,on,89,160,322,249,233
5e425de61c7b0,n,nspace,73,277,423,350,350
5e425de61c7b0,space,spaces,73,364,547,437,474
5e425de61c7b0,s,si,110,139,318,249,208
5e425de61c7b0,i,il,69,163,303,232,234
5e425de61c7b0,l,la,71,72,255,143,184
5e425de61c7b0,a,ap,112,54,279,166,167
5e425de61c7b0,p,pa,113,110,296,223,183
5e425de61c7b0,a,at,73,192,339,265,266
5e425de61c7b0,t,tc,74,38,224,112,150
5e425de61c7b0,c,ch,112,194,362,306,250
5e425de61c7b0,h,ha,56,104,273,160,217
5e425de61c7b0,a,ar,113,195,382,308,269
5e425de61c7b0,r,ra,74,102,291,176,217
5e425de61c7b0,a,an,115,109,332,224,217
5e425de61c7b0,n,nu,108,121,305,229,197
5e425de61c7b0,u,un,76,146,294,222,218
5e425de61c7b0,n,ni,72,26215,26356,26287,26284
5e425de61c7b0,i,ic,69,198,354,267,285
5e425de61c7b0,c,ch,87,88,237,175,150
5e425de61c7b0,h,ha,62,95,280,157,218
5e425de61c7b0,a,am,123,-16,184,107,61
5e425de61c7b0,m,mo,77,125,279,202,202
5e425de61c7b0,o,on,77,146,294,223,217
5e425de61c7b0,n,nspace,71,297,456,368,385
5e425de61c7b0,space,spaces,88,713,921,801,833
5e425de61c7b0,s,si,120,19,202,139,82
5e425de61c7b0,i,il,63,179,297,242,234
5e425de61c7b0,l,la,55,95,255,150,200
5e425de61c7b0,a,ap,105,145,326,250,221
5e425de61c7b0,p,pa,76,110,254,186,178
5e425de61c7b0,a,at,68,661,802,729,734
5e425de61c7b0,t,tc,73,125,306,198,233
5e425de61c7b0,c,ch,108,97,274,205,166
5e425de61c7b0,h,hr,69,276,419,345,350
5e425de61c7b0,r,ra,74,55,227,129,153
5e425de61c7b0,a,an,98,295,465,393,367
5e425de61c7b0,n,nu,72,143,256,215,184
5e425de61c7b0,u,un,41,159,291,200,250
5e425de61c7b0,n,nk,91,-377819,-377663,-377728,-377754
5e425de6cae49,k,ku,65,1136,1263,1201,1198
5e425de6cae49,u,uu,62,883,998,945,936
5e425de6cae49,u,up,53,251,416,304,363
5e425de6cae49,p,pt,112,511,696,623,584
5e425de6cae49,t,ti,73,227,389,300,316
5e425de6cae49,i,ip,89,214,392,303,303
5e425de6cae49,p,po,89,148,291,237,202
5e425de6cae49,o,on,54,595,749,649,695
5e425de6cae49,n,ng,100,19,184,119,84
5e425de6cae49,g,gspace,65,512,636,577,571
5e425de6cae49,space,spaces,59,151,305,210,246
5e425de6cae49,s,su,95,296,499,391,404
5e425de6cae49,u,uw,108,19,220,127,112
5e425de6cae49,w,wa,93,141,295,234,202
5e425de6cae49,a,an,61,226,360,287,299
5e425de6cae49,n,nn,73,55,207,128,134
5e425de6cae49,n,na,79,55,245,134,166
5e425de6cae49,a,at,111,398,578,509,467
5e425de6cae49,t,tr,69,105,235,174,166
5e425de6cae49,r,ra,61,247,395,308,334
5e425de6cae49,a,ai,87,159,289,246,202
5e425de6cae49,i,ik,43,37751,37861,37794,37818
5e425de6cae49,k,ku,67,135,265,202,198
5e425de6cae49,u,up,63,102,279,165,216
5e425de6cae49,p,pt,114,106,299,220,185
5e425de6cae49,t,ti,79,122,296,201,217
5e425de6cae49,i,ip,95,141,326,236,231
5e425de6cae49,p,po,90,108,274,198,184
5e425de6cae49,o,on,76,199,345,275,269
5e425de6cae49,n,ng,70,73,202,143,132
5e425de6cae49,g,gmeta1,59,561,694,620,635
5e425de6cae49,meta1,meta1.,74,242,373,316,299
5e425de6cae49,.,.bksp,57,1330,1457,1387,1400
5e425de6cae49,bksp,bkspspace,70,446,565,516,495
5e425de6cae49,space,spacenormal,49,1146,1272,1195,1223
5e425de6cae49,normal,normals,77,311,477,388,400
5e425de6cae49,s,su,89,228,408,317,319
5e425de6cae49,u,uw,91,119,271,210,180
5e425de6cae49,w,wa,61,108,263,169,202
5e425de6cae49,a,an,94,185,359,279,265
5e425de6cae49,n,nn,80,52,228,132,148
5e425de6cae49,n,na,96,37,214,133,118
5e425de6cae49,a,at,81,247,395,328,314
5e425de6cae49,t,tr,67,147,284,214,217
5e425de6cae49,r,ra,70,107,242,177,172
5e425de6cae49,a,ai,65,142,315,207,250
5e425de6cae49,i,ik,108,30265,30418,30373,30310
5e425de6cae49,k,ku,45,154,252,199,207
5e425de6cae49,u,up,53,146,286,199,233
5e425de6cae49,p,pt,87,35,202,122,115
5e425de6cae49,t,ti,80,108,282,188,202
5e425de6cae49,i,ip,94,124,291,218,197
5e425de6cae49,p,po,73,124,290,197,217
5e425de6cae49,o,on,93,211,396,304,303
5e425de6cae49,n,ng,92,99,225,191,133
5e425de6cae49,g,gspace,34,345,488,379,454
5e425de6cae49,space,spaces,109,270,453,379,344
5e425de6cae49,s,sy,74,198,376,272,302
5e425de6cae49,y,yu,104,1243,1406,1347,1302
5e425de6cae49,u,ua,59,351,488,410,429
5e425de6cae49,a,an,78,495,665,573,587
5e425de6cae49,n,nn,92,52,222,144,130
5e425de6cae49,n,na,78,37,146,115,68
5e425de6cae49,a,at,31,566,649,597,618
5e425de6cae49,t,tr,52,108,250,160,198
5e425de6cae49,r,ra,90,56,240,146,150
5e425de6cae49,a,ai,94,145,347,239,253
5e425de6cae49,i,ik,108,35831,36024,35939,35916
5e425de6cae49,k,ku,85,242,373,327,288
5e425de6cae49,u,up,46,140,275,186,229
5e425de6cae49,p,pt,89,126,289,215,200
5e425de6cae49,t,ti,74,126,310,200,236
5e425de6cae49,i,ip,110,160,359,270,249
5e425de6cae49,p,po,89,124,288,213,199
5e425de6cae49,o,on,75,207,374,282,299
5e425de6cae49,n,ng,92,53,212,145,120
5e425de6cae49,g,gspace,67,925,1066,992,999
5e425de6cae49,space,spaces,74,445,623,519,549
5e425de6cae49,s,su,104,491,687,595,583
5e425de6cae49,u,uw,92,76,257,168,165
5e425de6cae49,w,wa,89,139,308,228,219
5e425de6cae49,a,an,80,101,276,181,196
5e425de6cae49,n,nn,95,52,196,147,101
5e425de6cae49,n,na,49,88,218,137,169
5e425de6cae49,a,at,81,253,397,334,316
5e425de6cae49,t,tr,63,118,260,181,197
5e425de6cae49,r,ra,79,105,268,184,189
5e425de6cae49,a,ai,84,139,317,223,233
5e425de6cae49,i,ik,94,33601,33778,33695,33684
5e425de6cae49,k,ku,83,412,551,495,468
5e425de6cae49,u,up,56,326,472,382,416
5e425de6cae49,p,pt,90,35,240,125,150
5e425de6cae49,t,ti,115,609,818,724,703
5e425de6cae49,i,ip,94,213,373,307,279
5e425de6cae49,p,po,66,164,284,230,218
5e425de6cae49,o,on,54,242,387,296,333
5e425de6cae49,n,ng,91,87,258,178,167
5e425de6cae49,g,g.,80,143,313,223,233
5e425de6cae49,.,.p,90,197,356,287,266
5e425de6cae49,p,pa,69,100,250,169,181
5e425de6cae49,a,ar,81,198,367,279,286
5e425de6cae49,r,rk,88,57,222,145,134
5e425de6cae49,k,kmeta1,77,809,992,886,915
5e425de6cae49,meta1,meta1@,106,443,657,549,551
5e425de6cae49,@,@normal,108,66,289,174,181
5e425de6cae49,normal,normalg,115,262,467,377,352
5e425de6cae49,g,gm,90,71,257,161,167
5e425de6cae49,m,ma,96,130,313,226,217
5e425de6cae49,a,ai,87,69,237,156,150
5e425de6cae49,i,il,81,225,382,306,301
5e425de6cae49,l,l.,76,510,675,586,599
5e425de6cae49,.,.space,89,2384,2556,2473,2467
5e425de6cae49,space,spaces,83,329,486,412,403
5e425de6cae49,s,su,74,125,289,199,215
5e425de6cae49,u,uw,90,155,322,245,232
5e425de6cae49,w,wa,77,106,277,183,200
5e425de6cae49,a,an,94,70,226,164,132
5e425de6cae49,n,nn,62,70,197,132,135
5e425de6cae49,n,na,65,52,197,117,132
5e425de6cae49,a,at,80,459,617,539,537
5e425de6cae49,t,tr,78,88,259,166,181
5e425de6cae49,r,ra,93,205,412,298,319
5e425de6cae49,a,ai,114,67,278,181,164
5e425de6cae49,i,ik,97,31881,32049,31978,31952
5e425de6cae49,k,ku,71,153,285,224,214
5e425de6cae49,u,up,61,193,295,254,234
5e425de6cae49,p,pt,41,102,242,143,201
5e425de6cae49,t,ti,99,434,647,533,548
5e425de6cae49,i,ip,114,152,348,266,234
5e425de6cae49,p,po,82,101,281,183,199
5e425de6cae49,o,on,98,172,332,270,234
5e425de6cae49,n,ng,62,71,233,133,171
5e425de6cae49,g,gu,100,2267,2480,2367,2380
5e425de6cae49,u,uw,113,88,299,201,186
5e425de6cae49,w,wa,98,90,315,188,217
5e425de6cae49,a,an,127,107,291,234,164
5e425de6cae49,n,nn,57,52,191,109,134
5e425de6cae49,n,na,82,52,233,134,151
5e425de6cae49,a,at,99,158,347,257,248
5e425de6cae49,t,tr,90,68,256,158,166
5e425de6cae49,r,ra,98,101,300,199,202
5e425de6cae49,a,ai,101,162,352,263,251
5e425de6cae49,i,ibksp,89,2703,2870,2792,2781
5e425de6cae49,bksp,bksps,78,1044,1231,1122,1153
5e425de6cae49,s,su,109,119,323,228,214
5e425de6cae49,u,uw,95,209,363,304,268
5e425de6cae49,w,wa,59,115,256,174,197
5e425de6cae49,a,aa,82,372,550,454,468
5e425de6cae49,a,an,96,1331,1500,1427,1404
5e425de6cae49,n,nn,73,238,405,311,332
5e425de6cae49,n,na,94,51,242,145,148
5e425de6cae49,a,at,97,997,1151,1094,1054
5e425de6cae49,t,tr,57,154,288,211,231
5e425de6cae49,r,ra,77,69,260,146,183
5e425de6cae49,a,ai,114,261,449,375,335
5e425de6cae49,i,ik,74,33028,33192,33102,33118
5e425de6cae49,k,ku,90,148,304,238,214
5e425de6cae49,u,up,66,88,265,154,199
5e425de6cae49,p,pt,111,206,395,317,284
5e425de6cae49,t,ti,78,212,380,290,302
5e425de6cae49,i,ip,90,142,305,232,215
5e425de6cae49,p,po,73,127,275,200,202
5e425de6cae49,o,on,75,167,343,242,268
5e425de6cae49,n,ng,101,37,215,138,114
5e425de6cae49,g,gspace,77,397,580,474,503
5e425de6cae49,space,spaces,106,164,336,270,230
5e425de6cae49,s,su,66,147,303,213,237
5e425de6cae49,u,uw,90,68,222,158,132
5e425de6cae49,w,wa,64,126,262,190,198
5e425de6cae49,a,an,72,157,325,229,253
5e425de6cae49,n,nn,96,71,241,167,145
5e425de6cae49,n,na,74,106,292,180,218
5e425de6cae49,a,at,112,119,311,231,199
5e425de6cae49,t,tr,80,106,282,186,202
5e425de6cae49,r,ri,96,303,499,399,403
5e425de6cae49,i,ik,100,40300,40469,40400,40369
5e425de6cae49,k,ku,69,142,266,211,197
5e425de6cae49,u,up,55,109,264,164,209
5e425de6cae49,p,pt,100,92,274,192,174
5e425de6cae49,t,ti,82,88,264,170,182
5e425de6cae49,i,ip,94,141,345,235,251
5e425de6cae49,p,po,110,145,294,255,184
5e425de6cae49,o,on,39,209,322,248,283
5e425de6cae49,n,ng,74,92,242,166,168
5e425de6cae49,g,gspace,76,343,509,419,433
5e425de6cae49,space,spaces,90,130,308,220,218
5e425de6cae49,s,su,88,142,321,230,233
5e425de6cae49,u,uw,91,142,323,233,232
5e425de6cae49,w,wa,90,142,324,232,234
5e425de6cae49,a,an,92,59,225,151,133
5e425de6cae49,n,na,74,201,359,275,285
5e425de6cae49,a,aa,84,455,650,539,566
5e425de6cae49,a,at,111,413,595,524,484
5e425de6cae49,t,tr,71,180,288,251,217
5e425de6cae49,r,ri,37,427,536,464,499
5e425de6cae49,i,ik,72,27322,27474,27394,27402
5e425de6cae49,k,ku,80,124,264,204,184
5e425de6cae49,u,up,60,106,256,166,196
5e425de6cae49,p,pt,90,69,257,159,167
5e425de6cae49,t,ti,98,139,332,237,234
5e425de6cae49,i,ip,95,159,330,254,235
5e425de6cae49,p,po,76,129,274,205,198
5e425de6cae49,o,on,69,212,338,281,269
5e425de6cae49,n,ng,57,91,222,148,165
5e425de6cae49,g,gspace,74,309,458,383,384
5e425de6cae49,space,spaces,75,74,242,149,167
5e425de6cae49,s,su,93,124,324,217,231
5e425de6cae49,u,uw,107,91,274,198,167
5e425de6cae49,w,wa,76,127,314,203,238
5e425de6cae49,a,an,111,35,240,146,129
5e425de6cae49,n,nb,94,71,247,165,153
5e425de6cae49,b,ba,82,88,264,170,182
5e425de6cae49,a,an,94,2091,2277,2185,2183
5e425de6cae49,n,na,92,74,257,166,165
5e425de6cae49,a,at,91,230,393,321,302
5e425de6cae49,t,tr,72,109,256,181,184
5e425de6cae49,r,ri,75,303,492,378,417
5e425de6cae49,i,ik,114,28443,28651,28557,28537
5e425de6cae49,k,ku,94,211,358,305,264
5e425de6cae49,u,up,53,174,303,227,250
5e425de6cae49,p,pt,76,87,240,163,164
5e425de6cae49,t,ti,77,123,295,200,218
5e425de6cae49,i,ip,95,157,346,252,251
5e425de6cae49,p,po,94,102,277,196,183
5e425de6cae49,o,on,81,247,384,328,303
5e425de6cae49,n,ng,56,106,270,162,214
5e425de6cae49,g,gspace,108,593,777,701,669
5e425de6cae49,space,spaces,76,462,607,538,531
5e425de6cae49,s,su,69,157,302,226,233
5e425de6cae49,u,uw,76,168,274,244,198
5e425de6cae49,w,wa,30,107,251,137,221
5e425de6cae49,a,an,114,83,276,197,162
5e425de6cae49,n,nb,79,72,230,151,151
5e425de6cae49,b,ba,79,53,232,132,153
5e425de6cae49,a,an,100,1407,1599,1507,1499
5e425de6cae49,n,na,92,541,728,633,636
5e425de6cae49,a,at,95,458,630,553,535
5e425de6cae49,t,tr,77,155,323,232,246
5e425de6cae49,r,ra,91,53,225,144,134
5e425de6cae49,a,ai,81,139,314,220,233
5e425de6cae49,i,in,94,-237370,-237207,-237276,-237301
5e425e7126679,n,nshift,69,1172,1305,1241,1236
5e425e7126679,shift,shiftN,64,595,715,659,651
5e425e7126679,N,,56,357,489,413,433
5e425e7126679,A,AR,76,251,388,327,312
5e425e7126679,R,RU,61,449,565,510,504
5e425e7126679,U,Ushift,55,926,1056,981,1001
5e425e7126679,shift,shiftbksp,75,1443,1590,1518,1515
5e425e7126679,bksp,bkspbksp,72,87,238,159,166
5e425e7126679,bksp,bkspbksp,79,90,230,169,151
5e425e7126679,bksp,bkspbksp,61,398,528,459,467
5e425e7126679,bksp,bkspshift,69,862,992,931,923
5e425e7126679,shift,shiftN,61,470,571,531,510
5e425e7126679,N,Nshift,40,393,504,433,464
5e425e7126679,shift,shifta,71,548,692,619,621
5e425e7126679,a,ar,73,377,488,450,415
5e425e7126679,r,ru,38,443,557,481,519
5e425e7126679,u,ue,76,311,457,387,381
5e425e7126679,e,es,70,161,268,231,198
5e425e7126679,s,so,37,560,688,597,651
5e425e7126679,o,or,91,412,559,503,468
5e425e7126679,r,rn,56,358,472,414,416
5e425e7126679,n,nspace,58,4760,4891,4818,4833
5e425e7126679,space,spaceshift,73,682,811,755,738
5e425e7126679,shift,shiftA,56,188,302,244,246
5e425e7126679,A,Ashift,58,712,827,770,769
5e425e7126679,shift,shiftr,57,374,489,431,432
5e425e7126679,r,ri,58,425,557,483,499
5e425e7126679,i,iy,74,594,743,668,669
5e425e7126679,y,ya,75,242,390,317,315
5e425e7126679,a,as,73,192,321,265,248
5e425e7126679,s,sk,56,493,624,549,568
5e425e7126679,k,ku,75,175,306,250,231
5e425e7126679,u,ul,56,294,414,350,358
5e425e7126679,l,lv,64,623,759,687,695
5e425e7126679,v,vo,72,214,371,286,299
5e425e7126679,o,on,85,328,470,413,385
5e425e7126679,n,ng,57,312,424,369,367
5e425e7126679,g,gshift,55,44479,44607,44534,44552
5e425e7126679,shift,shiftN,73,463,589,536,516
5e425e7126679,N,Nshift,53,378,503,431,450
5e425e7126679,shift,shifta,72,346,472,418,400
5e425e7126679,a,ashift,54,779,903,833,849
5e425e7126679,shift,shiftA,70,260,403,330,333
5e425e7126679,A,Abksp,73,782,922,855,849
5e425e7126679,bksp,bkspshift,67,696,824,763,757
5e425e7126679,shift,shiftr,61,540,639,601,578
5e425e7126679,r,ru,38,449,541,487,503
5e425e7126679,u,ur,54,574,700,628,646
5e425e7126679,r,rs,72,200,338,272,266
5e425e7126679,s,sbksp,66,2316,2419,2382,2353
5e425e7126679,bksp,bkspbksp,37,330,436,367,399
5e425e7126679,bksp,bkspe,69,1295,1433,1364,1364
5e425e7126679,e,es,69,180,303,249,234
5e425e7126679,s,so,54,633,740,687,686
5e425e7126679,o,or,53,328,438,381,385
5e425e7126679,r,rn,57,344,455,401,398
5e425e7126679,n,nspace,54,281,390,335,336
5e425e7126679,space,spaceshift,55,479,601,534,546
5e425e7126679,shift,shiftA,67,413,536,480,469
5e425e7126679,A,Ashift,56,227,338,283,282
5e425e7126679,shift,shiftr,55,332,440,387,385
5e425e7126679,r,ri,53,410,535,463,482
5e425e7126679,i,iy,72,265,405,337,333
5e425e7126679,y,ya,68,212,335,280,267
5e425e7126679,a,ak,55,546,658,601,603
5e425e7126679,k,kbksp,57,674,788,731,731
5e425e7126679,bksp,bksps,57,443,575,500,518
5e425e7126679,s,sk,75,393,541,468,466
5e425e7126679,k,ku,73,245,386,318,313
5e425e7126679,u,ul,68,1029,1152,1097,1084
5e425e7126679,l,lv,55,577,705,632,650
5e425e7126679,v,vo,73,262,408,335,335
5e425e7126679,o,on,73,227,372,300,299
5e425e7126679,n,ng,72,261,406,333,334
5e425e7126679,g,gshift,73,38017,38145,38090,38072
5e425e7126679,shift,shiftN,55,443,535,498,480
5e425e7126679,N,Nshift,37,282,389,319,352
5e425e7126679,shift,shifta,70,161,285,231,215
5e425e7126679,a,ar,54,315,406,369,352
5e425e7126679,r,ru,37,294,386,331,349
5e425e7126679,u,ue,55,326,439,381,384
5e425e7126679,e,es,58,161,272,219,214
5e425e7126679,s,so,53,297,388,350,335
5e425e7126679,o,or,38,375,456,413,418
5e425e7126679,r,rn,43,1037,1157,1080,1114
5e425e7126679,n,nspace,77,169,309,246,232
5e425e7126679,space,spaceshift,63,279,416,342,353
5e425e7126679,shift,shiftA,74,276,425,350,351
5e425e7126679,A,Ashift,75,963,1107,1038,1032
5e425e7126679,shift,shiftr,69,230,335,299,266
5e425e7126679,r,ri,36,377,487,413,451
5e425e7126679,i,iy,74,227,372,301,298
5e425e7126679,y,ya,71,215,355,286,284
5e425e7126679,a,as,69,244,369,313,300
5e425e7126679,s,sk,56,463,591,519,535
5e425e7126679,k,ku,72,178,319,250,247
5e425e7126679,u,ul,69,181,303,250,234
5e425e7126679,l,lv,53,392,521,445,468
5e425e7126679,v,vo,76,135,293,211,217
5e425e7126679,o,on,82,137,302,219,220
5e425e7126679,n,ng,83,311,432,394,349
5e425e7126679,g,gshift,38,33432,33518,33470,33480
5e425e7126679,shift,shiftN,48,415,534,463,486
5e425e7126679,N,Nshift,71,279,424,350,353
5e425e7126679,shift,shifta,74,175,305,249,231
5e425e7126679,a,ar,56,363,473,419,417
5e425e7126679,r,ru,54,296,404,350,350
5e425e7126679,u,us,54,578,701,632,647
5e425e7126679,s,se,69,1418,1555,1487,1486
5e425e7126679,e,es,68,131,251,199,183
5e425e7126679,s,so,52,293,419,345,367
5e425e7126679,o,or,74,262,409,336,335
5e425e7126679,r,rb,73,278,421,351,348
5e425e7126679,b,bn,70,820,969,890,899
5e425e7126679,n,nbksp,79,1031,1164,1110,1085
5e425e7126679,bksp,bkspn,54,582,704,636,650
5e425e7126679,n,nspace,68,595,754,663,686
5e425e7126679,space,spaceshift,91,296,472,387,381
5e425e7126679,shift,shiftA,85,346,503,431,418
5e425e7126679,A,Ashift,72,179,319,251,247
5e425e7126679,shift,shiftr,68,299,422,367,354
5e425e7126679,r,ri,55,346,468,401,413
5e425e7126679,i,iy,67,296,419,363,352
5e425e7126679,y,ya,56,261,374,317,318
5e425e7126679,a,as,57,145,253,202,196
5e425e7126679,s,sk,51,380,504,431,453
5e425e7126679,k,ku,73,195,320,268,247
5e425e7126679,u,ul,52,216,320,268,268
5e425e7126679,l,lc,52,449,554,501,502
5e425e7126679,c,cbksp,53,429,535,482,482
5e425e7126679,bksp,bkspv,53,679,805,732,752
5e425e7126679,v,vo,73,245,387,318,314
5e425e7126679,o,on,69,262,420,331,351
5e425e7126679,n,ng,89,430,573,519,484
5e425e7126679,g,gshift,54,31349,31473,31403,31419
5e425e7126679,shift,shiftN,70,397,535,467,465
5e425e7126679,N,Nshift,68,345,487,413,419
5e425e7126679,shift,shifta,74,176,307,250,233
5e425e7126679,a,ar,57,364,472,421,415
5e425e7126679,r,ru,51,347,453,398,402
5e425e7126679,u,ue,55,332,438,387,383
5e425e7126679,e,es,51,127,231,178,180
5e425e7126679,s,so,53,368,489,421,436
5e425e7126679,o,or,68,276,400,344,332
5e425e7126679,r,rn,56,281,390,337,334
5e425e7126679,n,nspace,53,215,320,268,267
5e425e7126679,space,spaceshift,52,280,402,332,350
5e425e7126679,shift,shiftA,70,730,872,800,802
5e425e7126679,A,Ashift,72,197,336,269,264
5e425e7126679,shift,shiftr,67,246,366,313,299
5e425e7126679,r,ri,53,447,557,500,504
5e425e7126679,i,iy,57,257,371,314,314
5e425e7126679,y,ya,57,248,359,305,302
5e425e7126679,a,as,54,178,286,232,232
5e425e7126679,s,sj,54,395,484,449,430
5e425e7126679,j,jk,35,1252,1354,1287,1319
5e425e7126679,k,ku,67,214,333,281,266
5e425e7126679,u,ul,52,166,270,218,218
5e425e7126679,l,lv,52,791,907,843,855
5e425e7126679,v,vo,64,194,327,258,263
5e425e7126679,o,on,69,531,671,600,602
5e425e7126679,n,ng,71,543,670,614,599
5e425e7126679,g,gshift,56,35377,35491,35433,35435
5e425e7126679,shift,shiftN,58,428,559,486,501
5e425e7126679,N,Nshift,73,328,489,401,416
5e425e7126679,shift,shifta,88,162,321,250,233
5e425e7126679,a,ar,71,579,704,650,633
5e425e7126679,r,ru,54,508,636,562,582
5e425e7126679,u,ue,74,562,693,636,619
5e425e7126679,e,es,57,144,239,201,182
5e425e7126679,s,so,38,314,406,352,368
5e425e7126679,o,or,54,407,522,461,468
5e425e7126679,r,rn,61,328,458,389,397
5e425e7126679,n,nspace,69,160,303,229,234
5e425e7126679,space,spaceshift,74,259,407,333,333
5e425e7126679,shift,shiftA,74,976,1092,1050,1018
5e425e7126679,A,Ashift,42,376,491,418,449
5e425e7126679,shift,shiftr,73,236,370,309,297
5e425e7126679,r,ri,61,401,531,462,470
5e425e7126679,i,iy,69,378,502,447,433
5e425e7126679,y,ya,55,213,336,268,281
5e425e7126679,a,ak,68,651,787,719,719
5e425e7126679,k,ku,68,176,334,244,266
5e425e7126679,u,ul,90,173,339,263,249
5e425e7126679,l,lv,76,513,660,589,584
5e425e7126679,v,vo,71,178,338,249,267
5e425e7126679,o,on,89,178,339,267,250
5e425e7126679,n,ng,72,193,323,265,251
5e425e7126679,g,gshift,58,36300,36415,36358,36357
5e425e7126679,shift,shiftN,57,459,569,516,512
5e425e7126679,N,Nshift,53,279,403,332,350
5e425e7126679,shift,shifta,71,165,287,236,216
5e425e7126679,a,ar,51,313,418,364,367
5e425e7126679,r,ru,54,428,537,482,483
5e425e7126679,u,ue,55,480,590,535,535
5e425e7126679,e,es,55,815,937,870,882
5e425e7126679,s,so,67,378,502,445,435
5e425e7126679,o,or,57,317,456,374,399
5e425e7126679,r,rn,82,298,432,380,350
5e425e7126679,n,nspace,52,230,334,282,282
5e425e7126679,space,spaceshift,52,700,803,752,751
5e425e7126679,shift,shiftA,51,319,452,370,401
5e425e7126679,A,Ashift,82,165,315,247,233
5e425e7126679,shift,shiftr,68,380,487,448,419
5e425e7126679,r,ri,39,375,486,414,447
5e425e7126679,i,iy,72,247,372,319,300
5e425e7126679,y,ya,53,261,389,314,336
5e425e7126679,a,as,75,142,271,217,196
5e425e7126679,s,sk,54,479,589,533,535
5e425e7126679,k,ku,56,180,305,236,249
5e425e7126679,u,ul,69,145,285,214,216
5e425e7126679,l,lv,71,597,723,668,652
5e425e7126679,v,vo,55,258,403,313,348
5e425e7126679,o,on,90,228,392,318,302
5e425e7126679,n,ng,74,214,374,288,300
5e425e7126679,g,gshift,86,35716,35865,35802,35779
5e425e7126679,shift,shiftN,63,442,552,505,489
5e425e7126679,N,Nshift,47,297,417,344,370
5e425e7126679,shift,shifta,73,140,288,213,215
5e425e7126679,a,ar,75,475,589,550,514
5e425e7126679,r,ru,39,385,476,424,437
5e425e7126679,u,ue,52,298,417,350,365
5e425e7126679,e,es,67,159,300,226,233
5e425e7126679,s,so,74,276,423,350,349
5e425e7126679,o,or,73,263,410,336,337
5e425e7126679,r,rn,74,277,403,351,329
5e425e7126679,n,nspace,52,363,487,415,435
5e425e7126679,space,spaceshift,72,356,522,428,450
5e425e7126679,shift,shiftA,94,345,496,439,402
5e425e7126679,A,Ashift,57,324,442,381,385
5e425e7126679,shift,shiftr,61,483,592,544,531
5e425e7126679,r,ri,48,384,514,432,466
5e425e7126679,i,iy,82,265,414,347,332
5e425e7126679,y,ya,67,167,348,234,281
5e425e7126679,a,as,114,153,331,267,217
5e425e7126679,s,sk,64,460,583,524,519
5e425e7126679,k,ku,59,179,293,238,234
5e425e7126679,u,ul,55,528,624,583,569
5e425e7126679,l,lv,41,508,606,549,565
5e425e7126679,v,vo,57,193,307,250,250
5e425e7126679,o,on,57,235,373,292,316
5e425e7126679,n,ng,81,232,381,313,300
5e425e7126679,g,gshift,68,29905,30034,29973,29966
5e425e7126679,shift,shiftN,61,400,531,461,470
5e425e7126679,N,Nshift,70,279,421,349,351
5e425e7126679,shift,shifta,72,196,320,268,248
5e425e7126679,a,ar,52,363,471,415,419
5e425e7126679,r,ru,56,361,488,417,432
5e425e7126679,u,ue,71,260,406,331,335
5e425e7126679,e,es,75,195,338,270,263
5e425e7126679,s,so,68,613,753,681,685
5e425e7126679,o,or,72,314,457,386,385
5e425e7126679,r,rbksp,71,875,1019,946,948
5e425e7126679,bksp,bkspn,73,245,389,318,316
5e425e7126679,n,nshift,71,715,872,786,801
5e425e7126679,shift,shiftA,86,227,386,313,300
5e425e7126679,A,Ashift,73,132,254,205,181
5e425e7126679,shift,shiftr,49,396,501,445,452
5e425e7126679,r,ri,56,313,426,369,370
5e425e7126679,i,iy,57,262,373,319,316
5e425e7126679,y,ya,54,237,352,291,298
5e425e7126679,a,as,61,128,259,189,198
5e425e7126679,s,sk,70,367,490,437,420
5e425e7126679,k,ku,53,197,301,250,248
5e425e7126679,u,ul,51,181,284,232,233
5e425e7126679,l,lv,52,785,917,837,865
5e425e7126679,v,vo,80,221,398,301,318
5e425e7126679,o,on,97,197,364,294,267
5e425e7126679,n,ng,70,267,372,337,302
5e425e7126679,g,gshift,35,29559,29651,29594,29616
5e425e7126679,shift,shiftN,57,400,526,457,469
5e425e7126679,N,Nshift,69,223,382,292,313
5e425e7126679,shift,shifta,90,152,326,242,236
5e425e7126679,a,ar,84,278,418,362,334
5e425e7126679,r,ru,56,248,373,304,317
5e425e7126679,u,ue,69,294,404,363,335
5e425e7126679,e,es,41,146,238,187,197
5e425e7126679,s,so,51,250,367,301,316
5e425e7126679,o,or,66,238,384,304,318
5e425e7126679,r,rn,80,297,430,377,350
5e425e7126679,n,nspace,53,165,285,218,232
5e425e7126679,space,spaceshift,67,234,384,301,317
5e425e7126679,shift,shiftR,83,420,550,503,467
5e425e7126679,R,RA,47,1299,1402,1346,1355
5e425e7126679,A,Ashift,56,225,368,281,312
5e425e7126679,shift,shiftr,87,526,656,613,569
5e425e7126679,r,ri,43,358,475,401,432
5e425e7126679,i,iy,74,377,522,451,448
5e425e7126679,y,ys,71,514,640,585,569
5e425e7126679,s,sa,55,927,1058,982,1003
5e425e7126679,a,as,76,106,237,182,161
5e425e7126679,s,sk,55,397,494,452,439
5e425e7126679,k,ku,42,192,286,234,244
5e425e7126679,u,ul,52,199,289,251,237
5e425e7126679,l,lv,38,444,553,482,515
5e425e7126679,v,vo,71,228,389,299,318
5e425e7126679,o,on,90,178,338,268,248
5e425e7126679,n,ng,70,263,390,333,320
5e425e7126679,g,gp,57,-214322,-214197,-214265,-214254
5e425f5dac2ce,p,pa,68,850,981,918,913
5e425f5dac2ce,a,ak,63,256,401,319,338
5e425f5dac2ce,k,kd,82,580,729,662,647
5e425f5dac2ce,d,de,67,186,332,253,265
5e425f5dac2ce,e,ee,79,72,231,151,152
5e425f5dac2ce,e,espace,80,1079,1232,1159,1152
5e425f5dac2ce,space,spaceh,73,1078,1206,1151,1133
5e425f5dac2ce,h,hn,55,377,488,432,433
5e425f5dac2ce,n,no,56,849,973,905,917
5e425f5dac2ce,o,oo,68,96,232,164,164
5e425f5dac2ce,o,on,68,717,838,785,770
5e425f5dac2ce,n,np,53,881,1000,934,947
5e425f5dac2ce,p,pa,66,263,386,329,320
5e425f5dac2ce,a,ak,57,243,356,300,299
5e425f5dac2ce,k,kd,56,795,925,851,869
5e425f5dac2ce,d,de,74,276,389,350,315
5e425f5dac2ce,e,ee,39,107,203,146,164
5e425f5dac2ce,e,ep,57,41136,41294,41193,41237
5e425f5dac2ce,p,pa,101,179,351,280,250
5e425f5dac2ce,a,ak,71,162,303,233,232
5e425f5dac2ce,k,kd,70,980,1121,1050,1051
5e425f5dac2ce,d,dspace,71,1015,1158,1086,1087
5e425f5dac2ce,space,spaceh,72,396,522,468,450
5e425f5dac2ce,h,hn,54,491,603,545,549
5e425f5dac2ce,n,no,58,661,772,719,714
5e425f5dac2ce,o,oo,53,82,187,135,134
5e425f5dac2ce,o,on,52,298,406,350,354
5e425f5dac2ce,n,np,56,595,705,651,649
5e425f5dac2ce,p,pa,54,327,439,381,385
5e425f5dac2ce,a,ak,58,262,352,320,294
5e425f5dac2ce,k,kd,32,631,720,663,688
5e425f5dac2ce,d,de,57,493,607,550,550
5e425f5dac2ce,e,ee,57,111,221,168,164
5e425f5dac2ce,e,ep,53,34868,34988,34921,34935
5e425f5dac2ce,p,pa,67,263,370,330,303
5e425f5dac2ce,a,ad,40,1043,1156,1083,1116
5e425f5dac2ce,d,de,73,195,356,268,283
5e425f5dac2ce,e,ee,88,79,205,167,117
5e425f5dac2ce,e,espace,38,663,755,701,717
5e425f5dac2ce,space,spaceh,54,346,453,400,399
5e425f5dac2ce,h,hn,53,347,455,400,402
5e425f5dac2ce,n,no,55,696,803,751,748
5e425f5dac2ce,o,oo,52,110,202,162,150
5e425f5dac2ce,o,on,40,264,374,304,334
5e425f5dac2ce,n,np,70,562,701,632,631
5e425f5dac2ce,p,pk,69,392,504,461,435
5e425f5dac2ce,k,kd,43,428,544,471,501
5e425f5dac2ce,d,de,73,245,355,318,282
5e425f5dac2ce,e,ee,37,95,172,132,135
5e425f5dac2ce,e,ep,40,44832,44942,44872,44902
5e425f5dac2ce,p,pa,70,1264,1404,1334,1334
5e425f5dac2ce,a,ak,70,595,754,665,684
5e425f5dac2ce,k,kd,89,629,804,718,715
5e425f5dac2ce,d,de,86,264,403,350,317
5e425f5dac2ce,e,ee,53,92,201,145,148
5e425f5dac2ce,e,espace,56,531,659,587,603
5e425f5dac2ce,space,spaceh,72,378,521,450,449
5e425f5dac2ce,h,ho,71,1251,1419,1322,1348
5e425f5dac2ce,o,oo,97,106,266,203,169
5e425f5dac2ce,o,on,63,362,496,425,433
5e425f5dac2ce,n,np,71,496,624,567,553
5e425f5dac2ce,p,pm,57,575,719,632,662
5e425f5dac2ce,m,mbksp,87,1363,1523,1450,1436
5e425f5dac2ce,bksp,bkspa,73,258,423,331,350
5e425f5dac2ce,a,ak,92,713,877,805,785
5e425f5dac2ce,k,kd,72,1459,1603,1531,1531
5e425f5dac2ce,d,de,72,197,324,269,252
5e425f5dac2ce,e,ee,55,109,205,164,150
5e425f5dac2ce,e,ep,41,38998,39139,39039,39098
5e425f5dac2ce,p,pk,100,900,1053,1000,953
5e425f5dac2ce,k,ka,53,1378,1535,1431,1482
5e425f5dac2ce,a,ak,104,495,675,599,571
5e425f5dac2ce,k,kd,76,593,742,669,666
5e425f5dac2ce,d,de,73,188,320,261,247
5e425f5dac2ce,e,ee,59,87,209,146,150
5e425f5dac2ce,e,espace,63,999,1129,1062,1066
5e425f5dac2ce,space,spaceh,67,514,638,581,571
5e425f5dac2ce,h,hn,57,357,473,414,416
5e425f5dac2ce,n,no,59,629,756,688,697
5e425f5dac2ce,o,oo,68,111,234,179,166
5e425f5dac2ce,o,on,55,514,624,569,569
5e425f5dac2ce,n,np,55,545,671,600,616
5e425f5dac2ce,p,pa,71,442,606,513,535
5e425f5dac2ce,a,ak,93,243,423,336,330
5e425f5dac2ce,k,kd,87,714,859,801,772
5e425f5dac2ce,d,de,58,256,354,314,296
5e425f5dac2ce,e,ee,40,90,207,130,167
5e425f5dac2ce,e,ep,77,43219,43366,43296,43289
5e425f5dac2ce,p,pk,70,1217,1341,1287,1271
5e425f5dac2ce,k,ka,54,945,1086,999,1032
5e425f5dac2ce,a,ak,87,513,685,600,598
5e425f5dac2ce,k,kd,85,636,770,721,685
5e425f5dac2ce,d,de,49,323,415,372,366
5e425f5dac2ce,e,ee,43,90,194,133,151
5e425f5dac2ce,e,espace,61,512,644,573,583
5e425f5dac2ce,space,spaceh,71,463,603,534,532
5e425f5dac2ce,h,hn,69,398,538,467,469
5e425f5dac2ce,n,no,71,511,638,582,567
5e425f5dac2ce,o,oo,56,93,221,149,165
5e425f5dac2ce,o,on,72,278,423,350,351
5e425f5dac2ce,n,np,73,628,756,701,683
5e425f5dac2ce,p,pk,55,544,672,599,617
5e425f5dac2ce,k,kd,73,910,1040,983,967
5e425f5dac2ce,d,de,57,360,472,417,415
5e425f5dac2ce,e,ee,55,114,207,169,152
5e425f5dac2ce,e,ep,38,35948,36088,35986,36050
5e425f5dac2ce,p,pk,102,520,701,622,599
5e425f5dac2ce,k,kd,79,685,800,764,721
5e425f5dac2ce,d,de,36,227,301,263,265
5e425f5dac2ce,e,ee,38,88,186,126,148
5e425f5dac2ce,e,espace,60,718,816,778,756
5e425f5dac2ce,space,spaceh,38,275,352,313,314
5e425f5dac2ce,h,hn,39,430,507,469,468
5e425f5dac2ce,n,no,38,443,536,481,498
5e425f5dac2ce,o,oo,55,558,670,613,615
5e425f5dac2ce,o,on,57,280,409,337,352
5e425f5dac2ce,n,np,72,1007,1138,1079,1066
5e425f5dac2ce,p,pa,59,649,780,708,721
5e425f5dac2ce,a,ak,72,142,298,214,226
5e425f5dac2ce,k,kd,84,447,586,531,502
5e425f5dac2ce,d,de,55,295,407,350,352
5e425f5dac2ce,e,ee,57,93,204,150,147
5e425f5dac2ce,e,ep,54,40099,40240,40153,40186
5e425f5dac2ce,p,pa,87,580,724,667,637
5e425f5dac2ce,a,ak,57,466,585,523,528
5e425f5dac2ce,k,kd,62,372,513,434,451
5e425f5dac2ce,d,de,79,155,298,234,219
5e425f5dac2ce,e,ee,64,104,197,168,133
5e425f5dac2ce,e,espace,29,692,796,721,767
5e425f5dac2ce,space,spaceh,75,295,427,370,352
5e425f5dac2ce,h,hn,57,230,353,287,296
5e425f5dac2ce,n,no,66,297,419,363,353
5e425f5dac2ce,o,oo,56,86,204,142,148
5e425f5dac2ce,o,on,62,213,329,275,267
5e425f5dac2ce,n,na,54,982,1090,1036,1036
5e425f5dac2ce,a,ak,54,398,503,452,449
5e425f5dac2ce,k,kd,51,348,466,399,415
5e425f5dac2ce,d,de,67,179,285,246,218
5e425f5dac2ce,e,ee,39,104,171,143,132
5e425f5dac2ce,e,ep,28,36538,36614,36566,36586
5e425f5dac2ce,p,pa,48,299,419,347,371
5e425f5dac2ce,a,ak,72,179,301,251,229
5e425f5dac2ce,k,kd,50,531,635,581,585
5e425f5dac2ce,d,de,54,128,236,182,182
5e425f5dac2ce,e,ee,54,85,204,139,150
5e425f5dac2ce,e,espace,65,533,666,598,601
5e425f5dac2ce,space,spaceh,68,294,420,362,352
5e425f5dac2ce,h,hn,58,196,321,254,263
5e425f5dac2ce,n,no,67,248,370,315,303
5e425f5dac2ce,o,oo,55,110,218,165,163
5e425f5dac2ce,o,on,53,181,306,234,253
5e425f5dac2ce,n,np,72,398,535,470,463
5e425f5dac2ce,p,pa,65,539,685,604,620
5e425f5dac2ce,a,ak,81,156,313,237,232
5e425f5dac2ce,k,kd,76,950,1080,1026,1004
5e425f5dac2ce,d,de,54,145,266,199,212
5e425f5dac2ce,e,ee,67,97,201,164,134
5e425f5dac2ce,e,ep,37,36535,36641,36572,36604
5e425f5dac2ce,p,pk,69,521,669,590,600
5e425f5dac2ce,k,kbksp,79,748,896,827,817
5e425f5dac2ce,bksp,bkspa,69,564,720,633,651
5e425f5dac2ce,a,ak,87,279,433,366,346
5e425f5dac2ce,k,kd,67,615,753,682,686
5e425f5dac2ce,d,de,71,148,270,219,199
5e425f5dac2ce,e,ee,51,108,189,159,138
5e425f5dac2ce,e,espace,30,571,678,601,648
5e425f5dac2ce,space,spaceh,77,265,392,342,315
5e425f5dac2ce,h,hn,50,248,350,298,300
5e425f5dac2ce,n,np,52,398,502,450,450
5e425f5dac2ce,p,po,52,112,217,164,165
5e425f5dac2ce,o,obksp,53,1082,1221,1135,1168
5e425f5dac2ce,bksp,bkspbksp,86,314,456,400,370
5e425f5dac2ce,bksp,bkspo,56,445,554,501,498
5e425f5dac2ce,o,oo,53,110,217,163,164
5e425f5dac2ce,o,on,54,583,706,637,652
5e425f5dac2ce,n,np,69,282,403,351,334
5e425f5dac2ce,p,pk,52,978,1107,1030,1055
5e425f5dac2ce,k,kbksp,77,723,840,800,763
5e425f5dac2ce,bksp,bkspa,40,360,491,400,451
5e425f5dac2ce,a,ak,91,528,673,619,582
5e425f5dac2ce,k,kd,54,495,619,549,565
5e425f5dac2ce,d,de,70,199,322,269,252
5e425f5dac2ce,e,em,53,-373484,-373357,-373431,-373410
5e425fa2719d9,m,mn,74,1020,1176,1094,1102
5e425fa2719d9,n,ns,82,375,512,457,430
5e425fa2719d9,s,sa,55,160,307,215,252
5e425fa2719d9,a,an,92,71,224,163,132
5e425fa2719d9,n,nu,61,107,245,168,184
5e425fa2719d9,u,un,77,160,309,237,232
5e425fa2719d9,n,nbksp,72,1403,1539,1475,1467
5e425fa2719d9,bksp,bkspbksp,64,70,198,134,134
5e425fa2719d9,bksp,bkspbksp,64,72,216,136,152
5e425fa2719d9,bksp,bkspbksp,80,70,227,150,147
5e425fa2719d9,bksp,bkspbksp,77,73,227,150,150
5e425fa2719d9,bksp,bkspbksp,77,95,261,172,184
5e425fa2719d9,bksp,bkspbksp,89,303,494,392,405
5e425fa2719d9,bksp,bkspa,102,540,749,642,647
5e425fa2719d9,a,an,107,1042,1246,1149,1139
5e425fa2719d9,n,nu,97,153,339,250,242
5e425fa2719d9,u,us,89,285,444,374,355
5e425fa2719d9,s,sa,70,174,353,244,283
5e425fa2719d9,a,an,109,174,354,283,245
5e425fa2719d9,n,nu,71,129,271,200,200
5e425fa2719d9,u,un,71,128,291,199,220
5e425fa2719d9,n,nspace,92,209,389,301,297
5e425fa2719d9,space,spaces,88,179,372,267,284
5e425fa2719d9,s,sa,105,146,359,251,254
5e425fa2719d9,a,ab,108,593,738,701,630
5e425fa2719d9,b,bn,37,526,652,563,615
5e425fa2719d9,n,no,89,147,306,236,217
5e425fa2719d9,o,os,70,198,370,268,300
5e425fa2719d9,s,si,102,92,269,194,167
5e425fa2719d9,i,ie,75,163,345,238,270
5e425fa2719d9,e,en,107,143,305,250,198
5e425fa2719d9,n,ng,55,213,355,268,300
5e425fa2719d9,g,gm,87,43648,43805,43735,43718
5e425fa2719d9,m,mn,70,288,420,358,350
5e425fa2719d9,n,nu,62,108,248,170,186
5e425fa2719d9,u,ua,78,33,226,111,148
5e425fa2719d9,a,abksp,115,1023,1200,1138,1085
5e425fa2719d9,bksp,bkspn,62,1677,1828,1739,1766
5e425fa2719d9,n,nu,89,292,474,381,385
5e425fa2719d9,u,us,93,159,325,252,232
5e425fa2719d9,s,sa,73,144,322,217,249
5e425fa2719d9,a,an,105,227,405,332,300
5e425fa2719d9,n,nu,73,127,290,200,217
5e425fa2719d9,u,un,90,105,290,195,200
5e425fa2719d9,n,nspace,95,410,564,505,469
5e425fa2719d9,space,spaces,59,259,424,318,365
5e425fa2719d9,s,sa,106,207,405,313,299
5e425fa2719d9,a,an,92,277,442,369,350
5e425fa2719d9,n,no,73,159,326,232,253
5e425fa2719d9,o,os,94,192,393,286,299
5e425fa2719d9,s,si,107,107,306,214,199
5e425fa2719d9,i,ie,92,144,358,236,266
5e425fa2719d9,e,en,122,89,305,211,183
5e425fa2719d9,n,ng,94,196,361,290,267
5e425fa2719d9,g,gm,71,67931,68074,68002,68003
5e425fa2719d9,m,mi,72,585,755,657,683
5e425fa2719d9,i,ibksp,98,580,752,678,654
5e425fa2719d9,bksp,bkspbksp,74,92,235,166,161
5e425fa2719d9,bksp,bkspa,69,181,322,250,253
5e425fa2719d9,a,am,72,638,786,710,714
5e425fa2719d9,m,ma,76,161,311,237,235
5e425fa2719d9,a,aa,74,776,960,850,886
5e425fa2719d9,a,an,110,391,591,501,481
5e425fa2719d9,n,ni,90,140,309,230,219
5e425fa2719d9,i,ibksp,79,522,692,601,613
5e425fa2719d9,bksp,bkspu,91,210,391,301,300
5e425fa2719d9,u,us,90,365,527,455,437
5e425fa2719d9,s,sa,72,176,336,248,264
5e425fa2719d9,a,an,88,572,738,660,650
5e425fa2719d9,n,nu,78,156,312,234,234
5e425fa2719d9,u,un,78,174,295,252,217
5e425fa2719d9,n,nspace,43,495,626,538,583
5e425fa2719d9,space,spaces,88,129,320,217,232
5e425fa2719d9,s,sa,103,215,440,318,337
5e425fa2719d9,a,an,122,209,402,331,280
5e425fa2719d9,n,no,71,226,371,297,300
5e425fa2719d9,o,oi,74,487,640,561,566
5e425fa2719d9,i,ie,79,331,498,410,419
5e425fa2719d9,e,en,88,244,421,332,333
5e425fa2719d9,n,ng,89,244,406,333,317
5e425fa2719d9,g,gbksp,73,2891,3088,2964,3015
5e425fa2719d9,bksp,bkspbksp,124,1324,1559,1448,1435
5e425fa2719d9,bksp,bksps,111,1158,1363,1269,1252
5e425fa2719d9,s,si,94,556,743,650,649
5e425fa2719d9,i,ie,93,343,563,436,470
5e425fa2719d9,e,en,127,373,591,500,464
5e425fa2719d9,n,ng,91,226,421,317,330
5e425fa2719d9,g,gm,104,35238,35423,35342,35319
5e425fa2719d9,m,ma,81,950,1101,1031,1020
5e425fa2719d9,a,an,70,587,768,657,698
5e425fa2719d9,n,nu,111,144,361,255,250
5e425fa2719d9,u,us,106,144,355,250,249
5e425fa2719d9,s,sa,105,228,439,333,334
5e425fa2719d9,a,an,106,510,707,616,601
5e425fa2719d9,n,nu,91,143,322,234,231
5e425fa2719d9,u,un,88,628,790,716,702
5e425fa2719d9,n,nspace,74,244,407,318,333
5e425fa2719d9,space,spaces,89,123,288,212,199
5e425fa2719d9,s,sa,76,162,330,238,254
5e425fa2719d9,a,an,92,490,658,582,566
5e425fa2719d9,n,no,76,275,441,351,365
5e425fa2719d9,o,os,90,287,490,377,400
5e425fa2719d9,s,si,113,89,294,202,181
5e425fa2719d9,i,ie,92,194,409,286,317
5e425fa2719d9,e,en,123,163,376,286,253
5e425fa2719d9,n,ng,90,346,474,436,384
5e425fa2719d9,g,gm,38,35247,35357,35285,35319
5e425fa2719d9,m,mn,72,386,535,458,463
5e425fa2719d9,n,nu,77,177,326,254,249
5e425fa2719d9,u,us,72,148,273,220,201
5e425fa2719d9,s,sa,53,2543,2706,2596,2653
5e425fa2719d9,a,an,110,526,725,636,615
5e425fa2719d9,n,nu,89,178,353,267,264
5e425fa2719d9,u,us,86,314,512,400,426
5e425fa2719d9,s,sa,112,203,392,315,280
5e425fa2719d9,a,an,77,608,756,685,679
5e425fa2719d9,n,nu,71,129,286,200,215
5e425fa2719d9,u,un,86,150,320,236,234
5e425fa2719d9,n,nspace,84,413,571,497,487
5e425fa2719d9,space,spaces,74,143,304,217,230
5e425fa2719d9,s,sa,87,443,638,530,551
5e425fa2719d9,a,an,108,514,679,622,571
5e425fa2719d9,n,no,57,190,352,247,295
5e425fa2719d9,o,os,105,393,573,498,468
5e425fa2719d9,s,si,75,223,390,298,315
5e425fa2719d9,i,ie,92,309,494,401,402
5e425fa2719d9,e,en,93,72,257,165,164
5e425fa2719d9,n,ng,92,200,361,292,269
5e425fa2719d9,g,gm,69,45973,46120,46042,46051
5e425fa2719d9,m,ma,78,812,999,890,921
5e425fa2719d9,a,an,109,1009,1192,1118,1083
5e425fa2719d9,n,nu,74,158,354,232,280
5e425fa2719d9,u,us,122,178,390,300,268
5e425fa2719d9,s,sa,90,159,374,249,284
5e425fa2719d9,a,an,125,493,710,618,585
5e425fa2719d9,n,nu,92,126,321,218,229
5e425fa2719d9,u,un,103,180,324,283,221
5e425fa2719d9,n,nspace,41,259,389,300,348
5e425fa2719d9,space,spaces,89,311,493,400,404
5e425fa2719d9,s,sa,93,206,437,299,344
5e425fa2719d9,a,an,138,204,440,342,302
5e425fa2719d9,n,no,98,211,430,309,332
5e425fa2719d9,o,os,121,597,824,718,703
5e425fa2719d9,s,si,106,426,591,532,485
5e425fa2719d9,i,ie,59,492,639,551,580
5e425fa2719d9,e,en,88,360,538,448,450
5e425fa2719d9,n,ng,90,243,423,333,333
5e425fa2719d9,g,gm,90,30547,30728,30637,30638
5e425fa2719d9,m,mn,91,873,1073,964,982
5e425fa2719d9,n,nu,109,145,339,254,230
5e425fa2719d9,u,us,85,129,301,214,216
5e425fa2719d9,s,sa,87,162,373,249,286
5e425fa2719d9,a,an,124,194,406,318,282
5e425fa2719d9,n,nu,88,195,356,283,268
5e425fa2719d9,u,un,73,194,341,267,268
5e425fa2719d9,n,nspace,74,297,473,371,399
5e425fa2719d9,space,spaces,102,244,451,346,349
5e425fa2719d9,s,sa,105,625,843,730,738
5e425fa2719d9,a,an,113,486,693,599,580
5e425fa2719d9,n,no,94,193,411,287,317
5e425fa2719d9,o,os,124,107,341,231,217
5e425fa2719d9,s,si,110,228,406,338,296
5e425fa2719d9,i,ie,68,695,891,763,823
5e425fa2719d9,e,en,128,390,608,518,480
5e425fa2719d9,n,ng,90,211,388,301,298
5e425fa2719d9,g,gm,87,35815,35958,35902,35871
5e425fa2719d9,m,ma,56,145,306,201,250
5e425fa2719d9,a,an,105,710,890,815,785
5e425fa2719d9,n,nu,75,125,289,200,214
5e425fa2719d9,u,us,89,89,288,178,199
5e425fa2719d9,s,sa,110,143,381,253,271
5e425fa2719d9,a,an,128,240,441,368,313
5e425fa2719d9,n,nu,73,112,290,185,217
5e425fa2719d9,u,un,105,110,286,215,181
5e425fa2719d9,n,nspace,71,499,657,570,586
5e425fa2719d9,space,spaces,87,104,268,191,181
5e425fa2719d9,s,sa,77,162,330,239,253
5e425fa2719d9,a,an,91,209,371,300,280
5e425fa2719d9,n,no,71,144,343,215,272
5e425fa2719d9,o,os,128,157,391,285,263
5e425fa2719d9,s,si,106,114,322,220,216
5e425fa2719d9,i,ie,102,179,371,281,269
5e425fa2719d9,e,en,90,108,271,198,181
5e425fa2719d9,n,ng,73,197,340,270,267
5e425fa2719d9,g,gm,70,37682,37840,37752,37770
5e425fa2719d9,m,mn,88,312,470,400,382
5e425fa2719d9,n,nu,70,143,287,213,217
5e425fa2719d9,u,us,74,125,275,199,201
5e425fa2719d9,s,sa,76,161,323,237,247
5e425fa2719d9,a,abksp,86,422,573,508,487
5e425fa2719d9,bksp,bkspbksp,65,201,346,266,281
5e425fa2719d9,bksp,bkspbksp,80,77,231,157,151
5e425fa2719d9,bksp,bkspa,74,808,977,882,903
5e425fa2719d9,a,an,95,571,759,666,664
5e425fa2719d9,n,nu,93,123,311,216,218
5e425fa2719d9,u,us,95,274,460,369,365
5e425fa2719d9,s,sa,91,196,378,287,287
5e425fa2719d9,a,an,91,586,770,677,679
5e425fa2719d9,n,nn,93,362,545,455,452
5e425fa2719d9,n,nbksp,90,691,871,781,781
5e425fa2719d9,bksp,bkspu,90,215,405,305,315
5e425fa2719d9,u,un,100,227,388,327,288
5e425fa2719d9,n,nspace,61,507,629,568,568
5e425fa2719d9,space,spaces,61,270,442,331,381
5e425fa2719d9,s,sa,111,171,393,282,282
5e425fa2719d9,a,an,111,208,394,319,283
5e425fa2719d9,n,no,75,226,410,301,335
5e425fa2719d9,o,os,109,208,441,317,332
5e425fa2719d9,s,si,124,55,273,179,149
5e425fa2719d9,i,ie,94,177,398,271,304
5e425fa2719d9,e,en,127,86,275,213,148
5e425fa2719d9,n,ng,62,241,379,303,317
5e425fa2719d9,g,gm,76,30779,30941,30855,30865
5e425fa2719d9,m,mn,86,926,1087,1012,1001
5e425fa2719d9,n,nu,75,144,308,219,233
5e425fa2719d9,u,us,89,161,340,250,251
5e425fa2719d9,s,sa,90,128,324,218,234
5e425fa2719d9,a,an,106,190,373,296,267
5e425fa2719d9,n,nu,77,123,275,200,198
5e425fa2719d9,u,un,75,160,326,235,251
5e425fa2719d9,n,nspace,91,961,1127,1052,1036
5e425fa2719d9,space,spaces,75,86,257,161,182
5e425fa2719d9,s,sa,96,250,442,346,346
5e425fa2719d9,a,an,96,254,432,350,336
5e425fa2719d9,n,no,82,171,368,253,286
5e425fa2719d9,o,os,115,191,397,306,282
5e425fa2719d9,s,si,91,104,292,195,201
5e425fa2719d9,i,ie,97,334,562,431,465
5e425fa2719d9,e,en,131,103,333,234,202
5e425fa2719d9,n,ng,99,191,396,290,297
5e425fa2719d9,g,gw,106,56364,56530,56470,56424
5e42619fe1920,w,wi,60,900,1039,960,979
5e42619fe1920,i,iy,79,174,351,253,272
5e42619fe1920,y,yk,98,380,563,478,465
5e42619fe1920,k,ko,85,101,268,186,183
5e42619fe1920,o,or,82,145,300,227,218
5e42619fe1920,r,rn,73,231,370,304,297
5e42619fe1920,n,nspace,66,715,872,781,806
5e42619fe1920,space,spacep,91,292,454,383,363
5e42619fe1920,p,ph,71,302,493,373,422
5e42619fe1920,h,ho,120,192,398,312,278
5e42619fe1920,o,oo,86,128,318,214,232
5e42619fe1920,o,om,104,516,689,620,585
5e42619fe1920,m,mj,69,262,420,331,351
5e42619fe1920,j,ja,89,89,256,178,167
5e42619fe1920,a,ar,78,1413,1560,1491,1482
5e42619fe1920,r,ro,69,861,1003,930,934
5e42619fe1920,o,oe,73,264,423,337,350
5e42619fe1920,e,en,86,313,502,399,416
5e42619fe1920,n,nw,103,148,353,251,250
5e42619fe1920,w,wt,102,481,670,583,568
5e42619fe1920,t,tt,87,3111,3306,3198,3219
5e42619fe1920,t,tw,108,51664,51859,51772,51751
5e42619fe1920,w,wa,87,177,338,264,251
5e42619fe1920,a,ai,74,661,822,735,748
5e42619fe1920,i,iy,87,182,352,269,265
5e42619fe1920,y,ya,83,74,253,157,170
5e42619fe1920,a,ak,96,260,411,356,315
5e42619fe1920,k,ko,55,132,270,187,215
5e42619fe1920,o,or,83,98,285,181,202
5e42619fe1920,r,rn,104,167,339,271,235
5e42619fe1920,n,nspace,68,813,952,881,884
5e42619fe1920,space,spacep,71,681,799,752,728
5e42619fe1920,p,ph,47,406,571,453,524
5e42619fe1920,h,ho,118,289,497,407,379
5e42619fe1920,o,oo,90,73,256,163,166
5e42619fe1920,o,om,93,281,445,374,352
5e42619fe1920,m,ma,71,1534,1703,1605,1632
5e42619fe1920,a,abksp,98,1328,1515,1426,1417
5e42619fe1920,bksp,bkspbksp,89,165,338,254,249
5e42619fe1920,bksp,bkspj,84,1098,1286,1182,1202
5e42619fe1920,j,ja,104,209,421,313,317
5e42619fe1920,a,ar,108,1130,1326,1238,1218
5e42619fe1920,r,ro,88,70,252,158,164
5e42619fe1920,o,od,94,1161,1312,1255,1218
5e42619fe1920,d,de,57,921,1056,978,999
5e42619fe1920,e,ee,78,1025,1197,1103,1119
5e42619fe1920,e,ee,94,2211,2396,2305,2302
5e42619fe1920,e,en,91,655,836,746,745
5e42619fe1920,n,nw,90,169,372,259,282
5e42619fe1920,w,wa,113,153,382,266,269
5e42619fe1920,a,at,116,207,400,323,284
5e42619fe1920,t,tw,77,34295,34463,34372,34386
5e42619fe1920,w,wa,91,177,358,268,267
5e42619fe1920,a,ai,90,610,789,700,699
5e42619fe1920,i,iy,89,161,322,250,233
5e42619fe1920,y,ya,72,145,257,217,185
5e42619fe1920,a,ak,40,1043,1155,1083,1115
5e42619fe1920,k,ko,72,128,287,200,215
5e42619fe1920,o,or,87,131,326,218,239
5e42619fe1920,r,rn,108,143,352,251,244
5e42619fe1920,n,nspace,101,148,340,249,239
5e42619fe1920,space,spacep,91,754,906,845,815
5e42619fe1920,p,ph,61,426,576,487,515
5e42619fe1920,h,ho,89,160,321,249,232
5e42619fe1920,o,oo,72,97,237,169,165
5e42619fe1920,o,om,68,214,370,282,302
5e42619fe1920,m,mj,88,130,289,218,201
5e42619fe1920,j,ja,71,465,605,536,534
5e42619fe1920,a,ar,69,245,385,314,316
5e42619fe1920,r,ro,71,297,476,368,405
5e42619fe1920,o,oe,108,174,368,282,260
5e42619fe1920,e,en,86,346,521,432,435
5e42619fe1920,n,ns,89,180,338,269,249
5e42619fe1920,s,sa,69,194,354,263,285
5e42619fe1920,a,at,91,160,322,251,231
5e42619fe1920,t,tbksp,71,962,1087,1033,1016
5e42619fe1920,bksp,bkspbksp,54,91,240,145,186
5e42619fe1920,bksp,bkspw,95,497,663,592,568
5e42619fe1920,w,wa,71,226,385,297,314
5e42619fe1920,a,at,88,599,772,687,684
5e42619fe1920,t,tw,85,35118,35271,35203,35186
5e42619fe1920,w,wa,68,181,300,249,232
5e42619fe1920,a,ai,51,767,885,818,834
5e42619fe1920,i,iy,67,167,318,234,251
5e42619fe1920,y,ya,84,190,334,274,250
5e42619fe1920,a,ak,60,413,530,473,470
5e42619fe1920,k,ko,57,176,286,233,229
5e42619fe1920,o,or,53,615,772,668,719
5e42619fe1920,r,rn,104,159,335,263,231
5e42619fe1920,n,nspace,72,532,689,604,617
5e42619fe1920,space,spacep,85,179,334,264,249
5e42619fe1920,p,ph,70,280,439,350,369
5e42619fe1920,h,ho,89,146,303,235,214
5e42619fe1920,o,oo,68,133,268,201,200
5e42619fe1920,o,om,67,197,352,264,285
5e42619fe1920,m,mj,88,130,304,218,216
5e42619fe1920,j,ja,86,145,355,231,269
5e42619fe1920,a,ar,124,294,506,418,382
5e42619fe1920,r,ro,88,262,422,350,334
5e42619fe1920,o,on,72,478,620,550,548
5e42619fe1920,n,nw,70,162,304,232,234
5e42619fe1920,w,wa,72,159,339,231,267
5e42619fe1920,a,at,108,200,373,308,265
5e42619fe1920,t,tw,65,43467,43588,43532,43523
5e42619fe1920,w,wa,56,180,338,236,282
5e42619fe1920,a,ai,102,630,818,732,716
5e42619fe1920,i,iy,86,160,336,246,250
5e42619fe1920,y,ya,90,163,344,253,254
5e42619fe1920,a,ak,91,158,319,249,228
5e42619fe1920,k,ko,70,131,287,201,217
5e42619fe1920,o,or,86,247,373,333,287
5e42619fe1920,r,rbksp,40,2760,2924,2800,2884
5e42619fe1920,bksp,bkspbksp,124,104,306,228,182
5e42619fe1920,bksp,bkspbksp,78,125,276,203,198
5e42619fe1920,bksp,bkspbksp,73,331,508,404,435
5e42619fe1920,bksp,bkspn,104,715,902,819,798
5e42619fe1920,n,nspace,83,1012,1223,1095,1140
5e42619fe1920,space,spacep,128,441,678,569,550
5e42619fe1920,p,ph,109,442,639,551,530
5e42619fe1920,h,ho,88,142,286,230,198
5e42619fe1920,o,oo,56,112,239,168,183
5e42619fe1920,o,om,71,299,474,370,403
5e42619fe1920,m,mj,104,245,435,349,331
5e42619fe1920,j,ja,86,4099,4228,4185,4142
5e42619fe1920,a,ar,43,267,402,310,359
5e42619fe1920,r,ro,92,205,374,297,282
5e42619fe1920,o,oe,77,195,345,272,268
5e42619fe1920,e,en,73,230,427,303,354
5e42619fe1920,n,ns,124,160,350,284,226
5e42619fe1920,s,sa,66,179,337,245,271
5e42619fe1920,a,at,92,209,405,301,313
5e42619fe1920,t,tbksp,104,1569,1776,1673,1672
5e42619fe1920,bksp,bkspbksp,103,478,667,581,564
5e42619fe1920,bksp,bkspw,86,677,836,763,750
5e42619fe1920,w,wa,73,209,389,282,316
5e42619fe1920,a,at,107,610,806,717,699
5e42619fe1920,t,tw,89,49171,49329,49260,49240
5e42619fe1920,w,wa,69,161,319,230,250
5e42619fe1920,a,ai,89,692,855,781,766
5e42619fe1920,i,iy,74,226,372,300,298
5e42619fe1920,y,ya,72,95,240,167,168
5e42619fe1920,a,ak,73,260,404,333,331
5e42619fe1920,k,ko,71,107,256,178,185
5e42619fe1920,o,or,78,213,381,291,303
5e42619fe1920,r,rn,90,160,303,250,213
5e42619fe1920,n,nspace,53,397,539,450,486
5e42619fe1920,space,spacep,89,1543,1704,1632,1615
5e42619fe1920,p,ph,72,140,289,212,217
5e42619fe1920,h,ho,77,547,694,624,617
5e42619fe1920,o,oo,70,93,234,163,164
5e42619fe1920,o,om,71,198,356,269,285
5e42619fe1920,m,mj,87,181,337,268,250
5e42619fe1920,j,jr,69,581,721,650,652
5e42619fe1920,r,ro,71,271,433,342,362
5e42619fe1920,o,oe,91,199,413,290,322
5e42619fe1920,e,en,123,258,471,381,348
5e42619fe1920,n,nw,90,128,340,218,250
5e42619fe1920,w,wa,122,128,389,250,267
5e42619fe1920,a,at,139,862,1091,1001,952
5e42619fe1920,t,tmeta1,90,242,404,332,314
5e42619fe1920,meta1,meta1w,72,45407,45535,45479,45463
5e42619fe1920,w,wa,56,188,313,244,257
5e42619fe1920,a,ai,69,577,703,646,634
5e42619fe1920,i,iy,57,199,338,256,281
5e42619fe1920,y,yK,82,321,482,403,400
5e42619fe1920,K,KO,79,108,279,187,200
5e42619fe1920,O,Oshift,92,1099,1261,1191,1169
5e42619fe1920,shift,shiftk,70,583,701,653,631
5e42619fe1920,k,ko,48,172,317,220,269
5e42619fe1920,o,obksp,97,1698,1901,1795,1804
5e42619fe1920,bksp,bkspa,106,776,973,882,867
5e42619fe1920,a,ak,91,390,586,481,495
5e42619fe1920,k,ko,105,195,372,300,267
5e42619fe1920,o,or,72,633,827,705,755
5e42619fe1920,r,rn,122,174,367,296,245
5e42619fe1920,n,nspace,71,1091,1277,1162,1206
5e42619fe1920,space,spacep,115,242,426,357,311
5e42619fe1920,p,ph,69,380,536,449,467
5e42619fe1920,h,ho,87,181,353,268,266
5e42619fe1920,o,oo,85,97,267,182,182
5e42619fe1920,o,obksp,85,1728,1904,1813,1819
5e42619fe1920,bksp,bkspm,91,347,508,438,417
5e42619fe1920,m,mj,70,711,870,781,800
5e42619fe1920,j,ja,89,496,690,585,601
5e42619fe1920,a,at,105,260,488,365,383
5e42619fe1920,t,to,123,163,337,286,214
5e42619fe1920,o,oe,51,250,421,301,370
5e42619fe1920,e,en,120,211,420,331,300
5e42619fe1920,n,nw,89,292,472,381,383
5e42619fe1920,w,wa,91,195,373,286,282
5e42619fe1920,a,at,87,900,1087,987,1000
5e42619fe1920,t,tbksp,100,2470,2672,2570,2572
5e42619fe1920,bksp,bkspbksp,102,74,263,176,161
5e42619fe1920,bksp,bkspbksp,87,89,254,176,167
5e42619fe1920,bksp,bkspbksp,78,108,276,186,198
5e42619fe1920,bksp,bkspbksp,90,91,226,181,136
5e42619fe1920,bksp,bkspbksp,45,275,393,320,348
5e42619fe1920,bksp,bkspa,73,745,926,818,853
5e42619fe1920,a,at,108,326,525,434,417
5e42619fe1920,t,tr,91,1376,1556,1467,1465
5e42619fe1920,r,rbksp,89,672,854,761,765
5e42619fe1920,bksp,bkspbksp,93,995,1211,1088,1118
5e42619fe1920,bksp,bkspbksp,123,227,438,350,315
5e42619fe1920,bksp,bkspr,88,849,1006,937,918
5e42619fe1920,r,ro,69,745,903,814,834
5e42619fe1920,o,oe,89,479,671,568,582
5e42619fe1920,e,en,103,265,456,368,353
5e42619fe1920,n,nw,88,144,337,232,249
5e42619fe1920,w,wa,105,195,405,300,300
5e42619fe1920,a,at,105,227,421,332,316
5e42619fe1920,t,tw,89,40632,40792,40721,40703
5e42619fe1920,w,wa,71,178,353,249,282
5e42619fe1920,a,ai,104,529,707,633,603
5e42619fe1920,i,iy,74,176,356,250,282
5e42619fe1920,y,ya,106,129,321,235,215
5e42619fe1920,a,ak,86,134,287,220,201
5e42619fe1920,k,ko,67,107,268,174,201
5e42619fe1920,o,or,94,160,374,254,280
5e42619fe1920,r,rn,120,144,355,264,235
5e42619fe1920,n,n.,91,198,391,289,300
5e42619fe1920,.,.bksp,102,1487,1669,1589,1567
5e42619fe1920,bksp,bkspspace,80,128,331,208,251
5e42619fe1920,space,spacep,123,930,1140,1053,1017
5e42619fe1920,p,ph,87,345,503,432,416
5e42619fe1920,h,ho,71,278,440,349,369
5e42619fe1920,o,oo,91,127,290,218,199
5e42619fe1920,o,om,72,583,753,655,681
5e42619fe1920,m,mj,98,170,383,268,285
5e42619fe1920,j,ja,115,426,631,541,516
5e42619fe1920,a,ar,90,315,529,405,439
5e42619fe1920,r,ro,124,107,317,231,193
5e42619fe1920,o,oe,86,233,419,319,333
5e42619fe1920,e,en,100,249,452,349,352
5e42619fe1920,n,na,103,198,402,301,299
5e42619fe1920,a,aa,101,180,387,281,286
5e42619fe1920,a,an,106,1945,2091,2051,1985
5e42619fe1920,n,nw,40,259,372,299,332
5e42619fe1920,w,wa,73,227,388,300,315
5e42619fe1920,a,at,88,195,352,283,264
5e42619fe1920,t,tw,69,34838,34977,34907,34908
5e42619fe1920,w,wshift,70,224,382,294,312
5e42619fe1920,shift,shiftA,88,749,891,837,803
5e42619fe1920,A,Abksp,54,1045,1172,1099,1118
5e42619fe1920,bksp,bkspshift,73,91,252,164,179
5e42619fe1920,shift,shifta,88,598,759,686,671
5e42619fe1920,a,ai,73,660,806,733,733
5e42619fe1920,i,iy,73,154,317,227,244
5e42619fe1920,y,ya,90,73,276,163,186
5e42619fe1920,a,ak,113,150,330,263,217
5e42619fe1920,k,ko,67,129,283,196,216
5e42619fe1920,o,on,87,409,586,496,499
5e42619fe1920,n,np,90,983,1160,1073,1070
5e42619fe1920,p,ph,87,312,520,399,433
5e42619fe1920,h,ho,121,111,320,232,199
5e42619fe1920,o,oo,88,107,287,195,199
5e42619fe1920,o,om,92,200,392,292,300
5e42619fe1920,m,mj,100,114,317,214,217
5e42619fe1920,j,ja,103,164,372,267,269
5e42619fe1920,a,ar,105,313,474,418,369
5e42619fe1920,r,ro,56,744,872,800,816
5e42619fe1920,o,oe,72,124,301,196,229
5e42619fe1920,e,en,105,231,440,336,335
5e42619fe1920,n,nw,104,1327,1506,1431,1402
5e42619fe1920,w,wa,75,194,359,269,284
5e42619fe1920,a,at,90,192,354,282,264
5e42619fe1920,t,tw,72,40054,40208,40126,40136
5e42619fe1920,w,wa,82,198,366,280,284
5e42619fe1920,a,ai,86,665,817,751,731
5e42619fe1920,i,iy,66,166,316,232,250
5e42619fe1920,y,ya,84,115,304,199,220
5e42619fe1920,a,ak,105,113,285,218,180
5e42619fe1920,k,ko,67,116,285,183,218
5e42619fe1920,o,or,102,165,352,267,250
5e42619fe1920,r,rn,85,166,301,251,216
5e42619fe1920,n,nspace,50,375,490,425,440
5e42619fe1920,space,spacep,65,1022,1159,1087,1094
5e42619fe1920,p,ph,72,429,557,501,485
5e42619fe1920,h,ho,56,194,338,250,282
5e42619fe1920,o,oo,88,107,270,195,182
5e42619fe1920,o,om,75,199,376,274,301
5e42619fe1920,m,mj,102,129,336,231,234
5e42619fe1920,j,ja,105,276,488,381,383
5e42619fe1920,a,ar,107,363,573,470,466
5e42619fe1920,r,ro,103,181,371,284,268
5e42619fe1920,o,oe,87,229,421,316,334
5e42619fe1920,e,en,105,276,503,381,398
5e42619fe1920,n,nw,122,196,407,318,285
5e42619fe1920,w,wa,89,208,406,297,317
5e42619fe1920,a,at,109,244,459,353,350
5e42619fe1920,t,tp,106,-495657,-495487,-495551,-495593
5e4261ad192dc,p,pa,64,262,438,326,374
5e4261ad192dc,a,at,112,2258,2422,2370,2310
5e4261ad192dc,t,ta,52,1713,1875,1765,1823
5e4261ad192dc,a,ar,110,142,274,252,164
5e4261ad192dc,r,rp,22,291,411,313,389
5e4261ad192dc,p,pa,98,569,777,667,679
5e4261ad192dc,a,aspace,110,52,254,162,144
5e4261ad192dc,space,spaceh,92,148,308,240,216
5e4261ad192dc,h,hi,68,164,284,232,216
5e4261ad192dc,i,ir,52,215,291,267,239
5e4261ad192dc,r,ra,24,119,277,143,253
5e4261ad192dc,a,an,134,455,661,589,527
5e4261ad192dc,n,nh,72,967,1105,1039,1033
5e4261ad192dc,h,ha,66,744,956,810,890
5e4261ad192dc,a,an,146,104,307,250,161
5e4261ad192dc,n,np,57,41316,41441,41373,41384
5e4261ad192dc,p,pa,68,167,369,235,301
5e4261ad192dc,a,at,134,115,316,249,182
5e4261ad192dc,t,ta,67,55,279,122,212
5e4261ad192dc,a,ar,157,15,212,172,55
5e4261ad192dc,r,rp,40,498,608,538,568
5e4261ad192dc,p,pa,70,39,207,109,137
5e4261ad192dc,a,ah,98,776,913,874,815
5e4261ad192dc,h,hi,39,147,252,186,213
5e4261ad192dc,i,it,66,165,301,231,235
5e4261ad192dc,t,tbksp,70,263,390,333,320
5e4261ad192dc,bksp,bkspr,57,460,554,517,497
5e4261ad192dc,r,ra,37,120,302,157,265
5e4261ad192dc,a,an,145,76,294,221,149
5e4261ad192dc,n,np,73,199,324,272,251
5e4261ad192dc,p,ph,52,161,287,213,235
5e4261ad192dc,h,ha,74,980,1179,1054,1105
5e4261ad192dc,a,an,125,158,353,283,228
5e4261ad192dc,n,np,70,30464,30623,30534,30553
5e4261ad192dc,p,pa,89,192,372,281,283
5e4261ad192dc,a,at,91,109,274,200,183
5e4261ad192dc,t,ta,74,53,275,127,201
5e4261ad192dc,a,ar,148,575,765,723,617
5e4261ad192dc,r,rp,42,231,356,273,314
5e4261ad192dc,p,pa,83,-13,199,70,116
5e4261ad192dc,a,aa,129,639,902,768,773
5e4261ad192dc,a,aspace,134,141,348,275,214
5e4261ad192dc,space,spaceh,73,446,590,519,517
5e4261ad192dc,h,hi,71,161,320,232,249
5e4261ad192dc,i,ir,88,147,304,235,216
5e4261ad192dc,r,rn,69,764,887,833,818
5e4261ad192dc,n,np,54,177,302,231,248
5e4261ad192dc,p,ph,71,165,306,236,235
5e4261ad192dc,h,hn,70,198,352,268,282
5e4261ad192dc,n,nn,84,762,937,846,853
5e4261ad192dc,n,np,91,35945,36123,36036,36032
5e4261ad192dc,p,pt,87,435,585,522,498
5e4261ad192dc,t,ta,63,685,871,748,808
5e4261ad192dc,a,ar,123,160,318,283,195
5e4261ad192dc,r,rp,35,314,419,349,384
5e4261ad192dc,p,pa,70,90,252,160,182
5e4261ad192dc,a,aspace,92,263,444,355,352
5e4261ad192dc,space,spaceh,89,457,604,546,515
5e4261ad192dc,h,hi,58,197,324,255,266
5e4261ad192dc,i,ir,69,223,336,292,267
5e4261ad192dc,r,rn,44,791,912,835,868
5e4261ad192dc,n,nh,77,436,592,513,515
5e4261ad192dc,h,hn,79,221,378,300,299
5e4261ad192dc,n,nn,78,712,829,790,751
5e4261ad192dc,n,np,39,29100,29243,29139,29204
5e4261ad192dc,p,pa,104,196,438,300,334
5e4261ad192dc,a,at,138,580,772,718,634
5e4261ad192dc,t,ta,54,126,285,180,231
5e4261ad192dc,a,ar,105,214,370,319,265
5e4261ad192dc,r,rp,51,362,452,413,401
5e4261ad192dc,p,pa,39,75,233,114,194
5e4261ad192dc,a,ah,119,3755,3943,3874,3824
5e4261ad192dc,h,hu,69,149,253,218,184
5e4261ad192dc,u,uspace,35,1546,1669,1581,1634
5e4261ad192dc,space,spaceh,88,226,387,314,299
5e4261ad192dc,h,hi,73,163,289,236,216
5e4261ad192dc,i,ir,53,696,806,749,753
5e4261ad192dc,r,ra,57,121,321,178,264
5e4261ad192dc,a,an,143,248,475,391,332
5e4261ad192dc,n,np,84,198,371,282,287
5e4261ad192dc,p,ph,89,193,357,282,268
5e4261ad192dc,h,ha,75,65,238,140,163
5e4261ad192dc,a,an,98,90,264,188,166
5e4261ad192dc,n,np,76,32035,32195,32111,32119
5e4261ad192dc,p,pa,84,41,288,125,204
5e4261ad192dc,a,at,163,574,811,737,648
5e4261ad192dc,t,ta,74,39,239,113,165
5e4261ad192dc,a,ar,126,98,276,224,150
5e4261ad192dc,r,rp,52,460,618,512,566
5e4261ad192dc,p,pa,106,38,259,144,153
5e4261ad192dc,a,aspace,115,466,631,581,516
5e4261ad192dc,space,spaceh,50,327,434,377,384
5e4261ad192dc,h,hi,57,160,305,217,248
5e4261ad192dc,i,ir,88,194,336,282,248
5e4261ad192dc,r,ra,54,76,273,130,219
5e4261ad192dc,a,an,143,445,676,588,533
5e4261ad192dc,n,nh,88,413,570,501,482
5e4261ad192dc,h,ha,69,21,225,90,156
5e4261ad192dc,a,an,135,33,245,168,110
5e4261ad192dc,n,np,77,1382,1563,1459,1486
5e4261ad192dc,p,ph,104,246,403,350,299
5e4261ad192dc,h,ha,53,124,322,177,269
5e4261ad192dc,a,an,145,119,310,264,165
5e4261ad192dc,n,np,46,31097,31215,31143,31169
5e4261ad192dc,p,pa,72,188,405,260,333
5e4261ad192dc,a,at,145,563,763,708,618
5e4261ad192dc,t,ta,55,93,255,148,200
5e4261ad192dc,a,ar,107,232,404,339,297
5e4261ad192dc,r,rp,65,347,501,412,436
5e4261ad192dc,p,pa,89,39,205,128,116
5e4261ad192dc,a,aspace,77,364,512,441,435
5e4261ad192dc,space,spaceh,71,247,370,318,299
5e4261ad192dc,h,hi,52,180,318,232,266
5e4261ad192dc,i,ir,86,213,352,299,266
5e4261ad192dc,r,ra,53,57,253,110,200
5e4261ad192dc,a,an,143,562,777,705,634
5e4261ad192dc,n,np,72,177,323,249,251
5e4261ad192dc,p,ph,74,170,320,244,246
5e4261ad192dc,h,ha,76,37,299,113,223
5e4261ad192dc,a,an,186,744,987,930,801
5e4261ad192dc,n,np,57,27295,27454,27352,27397
5e4261ad192dc,p,pa,102,97,339,199,237
5e4261ad192dc,a,at,140,541,739,681,599
5e4261ad192dc,t,ta,58,51,266,109,208
5e4261ad192dc,a,ar,157,153,363,310,206
5e4261ad192dc,r,rp,53,529,671,582,618
5e4261ad192dc,p,pa,89,73,307,162,218
5e4261ad192dc,a,aspace,145,324,547,469,402
5e4261ad192dc,space,spaceh,78,222,375,300,297
5e4261ad192dc,h,hi,75,145,291,220,216
5e4261ad192dc,i,ir,71,195,307,266,236
5e4261ad192dc,r,rn,41,333,455,374,414
5e4261ad192dc,n,na,81,978,1205,1059,1124
5e4261ad192dc,a,an,146,329,570,475,424
5e4261ad192dc,n,np,95,153,360,248,265
5e4261ad192dc,p,ph,112,170,378,282,266
5e4261ad192dc,h,hn,96,240,433,336,337
5e4261ad192dc,n,nn,97,561,732,658,635
5e4261ad192dc,n,np,74,29385,29559,29459,29485
5e4261ad192dc,p,pa,100,280,502,380,402
5e4261ad192dc,a,at,122,243,435,365,313
5e4261ad192dc,t,ta,70,36,238,106,168
5e4261ad192dc,a,ar,132,75,263,207,131
5e4261ad192dc,r,ra,56,296,478,352,422
5e4261ad192dc,a,ap,126,578,772,704,646
5e4261ad192dc,p,pspace,68,699,839,767,771
5e4261ad192dc,space,spacebksp,72,433,602,505,530
5e4261ad192dc,bksp,bkspbksp,97,657,818,754,721
5e4261ad192dc,bksp,bkspa,64,557,727,621,663
5e4261ad192dc,a,aspace,106,250,436,356,330
5e4261ad192dc,space,spaceh,80,354,549,434,469
5e4261ad192dc,h,hi,115,328,500,443,385
5e4261ad192dc,i,ir,57,411,508,468,451
5e4261ad192dc,r,rn,40,860,956,900,916
5e4261ad192dc,n,np,56,225,338,281,282
5e4261ad192dc,p,ph,57,213,339,270,282
5e4261ad192dc,h,ha,69,54,271,123,202
5e4261ad192dc,a,an,148,18,229,166,81
5e4261ad192dc,n,np,63,27202,27334,27265,27271
5e4261ad192dc,p,pa,69,145,300,214,231
5e4261ad192dc,a,at,86,564,722,650,636
5e4261ad192dc,t,ta,72,95,270,167,198
5e4261ad192dc,a,ar,103,180,351,283,248
5e4261ad192dc,r,rp,68,414,588,482,520
5e4261ad192dc,p,pa,106,44,275,150,169
5e4261ad192dc,a,aspace,125,256,455,381,330
5e4261ad192dc,space,spaceh,74,345,493,419,419
5e4261ad192dc,h,hi,74,195,338,269,264
5e4261ad192dc,i,ir,69,298,423,367,354
5e4261ad192dc,r,ra,56,107,338,163,282
5e4261ad192dc,a,an,175,417,653,592,478
5e4261ad192dc,n,np,61,186,327,247,266
5e4261ad192dc,p,ph,80,186,350,266,270
5e4261ad192dc,h,ha,84,3,234,87,150
5e4261ad192dc,a,an,147,84,295,231,148
5e4261ad192dc,n,na,64,1263,1453,1327,1389
5e4261ad192dc,a,an,126,224,390,350,264
5e4261ad192dc,n,nc,40,-343339,-343220,-343299,-343260
5e4261c2072a0,c,ch,79,263,428,342,349
5e4261c2072a0,h,ha,86,102,317,188,231
5e4261c2072a0,a,al,129,672,882,801,753
5e4261c2072a0,l,li,81,180,350,261,269
5e4261c2072a0,i,it,89,212,354,301,265
5e4261c2072a0,t,tspace,53,178,322,231,269
5e4261c2072a0,space,spacep,91,249,485,340,394
5e4261c2072a0,p,pt,145,824,1067,969,922
5e4261c2072a0,t,th,98,220,396,318,298
5e4261c2072a0,h,ho,78,884,1081,962,1003
5e4261c2072a0,o,om,119,598,785,717,666
5e4261c2072a0,m,mk,68,365,518,433,450
5e4261c2072a0,k,ka,85,111,301,196,216
5e4261c2072a0,a,as,105,316,504,421,399
5e4261c2072a0,s,si,83,217,382,300,299
5e4261c2072a0,i,iw,82,168,333,250,251
5e4261c2072a0,w,wa,83,219,384,302,301
5e4261c2072a0,a,at,82,215,381,297,299
5e4261c2072a0,t,tt,84,98,232,182,148
5e4261c2072a0,t,ta,50,201,354,251,304
5e4261c2072a0,a,an,103,297,501,400,398
5e4261c2072a0,n,na,101,197,402,298,301
5e4261c2072a0,a,ac,104,32718,32905,32822,32801
5e4261c2072a0,c,ch,83,234,398,317,315
5e4261c2072a0,h,ha,81,200,383,281,302
5e4261c2072a0,a,al,102,162,367,264,265
5e4261c2072a0,l,li,103,203,369,306,266
5e4261c2072a0,i,it,63,149,280,212,217
5e4261c2072a0,t,tspace,68,333,470,401,402
5e4261c2072a0,space,spacep,69,487,691,556,622
5e4261c2072a0,p,pa,135,77,297,212,162
5e4261c2072a0,a,at,85,214,365,299,280
5e4261c2072a0,t,th,66,166,318,232,252
5e4261c2072a0,h,ho,86,413,589,499,503
5e4261c2072a0,o,om,90,242,420,332,330
5e4261c2072a0,m,mk,88,249,423,337,335
5e4261c2072a0,k,ka,86,136,300,222,214
5e4261c2072a0,a,as,78,269,447,347,369
5e4261c2072a0,s,si,100,212,383,312,283
5e4261c2072a0,i,ia,71,719,921,790,850
5e4261c2072a0,a,abksp,131,931,1130,1062,999
5e4261c2072a0,bksp,bkspw,68,482,621,550,553
5e4261c2072a0,w,wa,71,165,353,236,282
5e4261c2072a0,a,at,117,401,601,518,484
5e4261c2072a0,t,tt,83,110,263,193,180
5e4261c2072a0,t,ta,70,243,423,313,353
5e4261c2072a0,a,an,110,416,593,526,483
5e4261c2072a0,n,na,67,183,333,250,266
5e4261c2072a0,a,ac,83,31183,31317,31266,31234
5e4261c2072a0,c,ch,51,266,385,317,334
5e4261c2072a0,h,ha,68,150,317,218,249
5e4261c2072a0,a,al,99,90,249,189,150
5e4261c2072a0,l,li,60,513,681,573,621
5e4261c2072a0,i,it,108,180,356,288,248
5e4261c2072a0,t,tspace,68,252,399,320,331
5e4261c2072a0,space,spacep,79,351,531,430,452
5e4261c2072a0,p,pa,101,148,371,249,270
5e4261c2072a0,a,at,122,259,451,381,329
5e4261c2072a0,t,th,70,262,404,332,334
5e4261c2072a0,h,ho,72,199,352,271,280
5e4261c2072a0,o,om,81,254,421,335,340
5e4261c2072a0,m,mk,86,264,433,350,347
5e4261c2072a0,k,ka,83,198,382,281,299
5e4261c2072a0,a,aw,101,331,487,432,386
5e4261c2072a0,w,ws,55,587,754,642,699
5e4261c2072a0,s,ss,112,1546,1747,1658,1635
5e4261c2072a0,s,si,89,911,1087,1000,998
5e4261c2072a0,i,iw,87,263,435,350,348
5e4261c2072a0,w,wa,85,269,443,354,358
5e4261c2072a0,a,at,89,306,486,395,397
5e4261c2072a0,t,tt,91,109,269,200,178
5e4261c2072a0,t,ta,69,335,503,404,434
5e4261c2072a0,a,an,99,469,680,568,581
5e4261c2072a0,n,na,112,404,636,516,524
5e4261c2072a0,a,ac,120,29845,30034,29965,29914
5e4261c2072a0,c,ch,69,285,421,354,352
5e4261c2072a0,h,hl,67,334,482,401,415
5e4261c2072a0,l,lbksp,81,413,600,494,519
5e4261c2072a0,bksp,bkspa,106,162,388,268,282
5e4261c2072a0,a,al,120,479,704,599,584
5e4261c2072a0,l,li,105,234,436,339,331
5e4261c2072a0,i,it,97,201,435,298,338
5e4261c2072a0,t,tspace,137,2927,3149,3064,3012
5e4261c2072a0,space,spacep,85,352,538,437,453
5e4261c2072a0,p,pa,101,249,434,350,333
5e4261c2072a0,a,at,84,347,533,431,449
5e4261c2072a0,t,th,102,250,437,352,335
5e4261c2072a0,h,ho,85,233,401,318,316
5e4261c2072a0,o,om,83,348,534,431,451
5e4261c2072a0,m,mk,103,365,568,468,465
5e4261c2072a0,k,ka,100,182,367,282,267
5e4261c2072a0,a,as,85,333,502,418,417
5e4261c2072a0,s,si,84,178,365,262,281
5e4261c2072a0,i,iw,103,167,370,270,267
5e4261c2072a0,w,wa,100,175,421,275,321
5e4261c2072a0,a,at,146,296,528,442,382
5e4261c2072a0,t,tt,86,146,301,232,215
5e4261c2072a0,t,ta,69,212,386,281,317
5e4261c2072a0,a,an,105,433,589,538,484
5e4261c2072a0,n,na,51,230,366,281,315
5e4261c2072a0,a,ac,85,31186,31389,31271,31304
5e4261c2072a0,c,ch,118,295,500,413,382
5e4261c2072a0,h,hl,87,3760,3953,3847,3866
5e4261c2072a0,l,li,106,315,504,421,398
5e4261c2072a0,i,it,83,216,385,299,302
5e4261c2072a0,t,tspace,86,264,422,350,336
5e4261c2072a0,space,spacep,72,528,703,600,631
5e4261c2072a0,p,pt,103,664,838,767,735
5e4261c2072a0,t,th,71,197,351,268,280
5e4261c2072a0,h,ho,83,501,670,584,587
5e4261c2072a0,o,om,86,240,419,326,333
5e4261c2072a0,m,mk,93,326,475,419,382
5e4261c2072a0,k,ka,56,150,323,206,267
5e4261c2072a0,a,as,117,245,450,362,333
5e4261c2072a0,s,si,88,520,672,608,584
5e4261c2072a0,i,iw,64,246,348,310,284
5e4261c2072a0,w,wa,38,400,538,438,500
5e4261c2072a0,a,at,100,512,684,612,584
5e4261c2072a0,t,tt,72,308,437,380,365
5e4261c2072a0,t,ta,57,327,508,384,451
5e4261c2072a0,a,an,124,181,371,305,247
5e4261c2072a0,n,na,66,251,388,317,322
5e4261c2072a0,a,ac,71,33832,33985,33903,33914
5e4261c2072a0,c,ch,82,193,366,275,284
5e4261c2072a0,h,ha,91,147,341,238,250
5e4261c2072a0,a,al,103,75,285,178,182
5e4261c2072a0,l,li,107,519,709,626,602
5e4261c2072a0,i,it,83,131,298,214,215
5e4261c2072a0,t,tspace,84,185,352,269,268
5e4261c2072a0,space,spacep,83,366,565,449,482
5e4261c2072a0,p,pa,116,153,401,269,285
5e4261c2072a0,a,at,132,163,381,295,249
5e4261c2072a0,t,th,86,181,337,267,251
5e4261c2072a0,h,ho,70,430,570,500,500
5e4261c2072a0,o,om,70,198,353,268,283
5e4261c2072a0,m,mk,85,147,301,232,216
5e4261c2072a0,k,ka,69,179,336,248,267
5e4261c2072a0,a,as,88,250,389,338,301
5e4261c2072a0,s,si,51,231,381,282,330
5e4261c2072a0,i,iw,99,205,365,304,266
5e4261c2072a0,w,wa,61,189,346,250,285
5e4261c2072a0,a,at,96,188,379,284,283
5e4261c2072a0,t,tt,95,169,329,264,234
5e4261c2072a0,t,ta,65,184,364,249,299
5e4261c2072a0,a,an,115,286,447,401,332
5e4261c2072a0,n,na,46,148,285,194,239
5e4261c2072a0,a,ac,91,28986,29193,29077,29102
5e4261c2072a0,c,ch,116,214,395,330,279
5e4261c2072a0,h,ha,65,136,282,201,217
5e4261c2072a0,a,al,81,73,264,154,183
5e4261c2072a0,l,li,110,316,514,426,404
5e4261c2072a0,i,it,88,143,303,231,215
5e4261c2072a0,t,tspace,72,278,455,350,383
5e4261c2072a0,space,spacep,105,600,822,705,717
5e4261c2072a0,p,pa,117,265,501,382,384
5e4261c2072a0,a,at,119,112,302,231,183
5e4261c2072a0,t,th,71,329,487,400,416
5e4261c2072a0,h,ho,87,282,470,369,383
5e4261c2072a0,o,om,101,199,386,300,285
5e4261c2072a0,m,mk,86,184,351,270,265
5e4261c2072a0,k,ka,81,318,483,399,402
5e4261c2072a0,a,as,84,228,399,312,315
5e4261c2072a0,s,si,87,250,404,337,317
5e4261c2072a0,i,iw,67,147,316,214,249
5e4261c2072a0,w,wa,102,161,386,263,284
5e4261c2072a0,a,at,123,181,372,304,249
5e4261c2072a0,t,tt,68,89,219,157,151
5e4261c2072a0,t,ta,62,201,346,263,284
5e4261c2072a0,a,an,83,279,435,362,352
5e4261c2072a0,n,na,73,176,353,249,280
5e4261c2072a0,a,ac,104,30336,30508,30440,30404
5e4261c2072a0,c,ch,68,231,416,299,348
5e4261c2072a0,h,ha,117,114,350,231,233
5e4261c2072a0,a,al,119,150,352,269,233
5e4261c2072a0,l,li,83,457,682,540,599
5e4261c2072a0,i,it,142,185,412,327,270
5e4261c2072a0,t,tspace,85,249,435,334,350
5e4261c2072a0,space,spacep,101,348,555,449,454
5e4261c2072a0,p,pt,106,733,917,839,811
5e4261c2072a0,t,th,78,183,327,261,249
5e4261c2072a0,h,ho,66,165,299,231,233
5e4261c2072a0,o,om,68,251,406,319,338
5e4261c2072a0,m,mk,87,232,385,319,298
5e4261c2072a0,k,ka,66,196,365,262,299
5e4261c2072a0,a,as,103,448,622,551,519
5e4261c2072a0,s,si,71,497,653,568,582
5e4261c2072a0,i,iw,85,165,316,250,231
5e4261c2072a0,w,wa,66,201,367,267,301
5e4261c2072a0,a,at,100,301,452,401,352
5e4261c2072a0,t,tt,51,262,349,313,298
5e4261c2072a0,t,ta,36,283,444,319,408
5e4261c2072a0,a,an,125,206,383,331,258
5e4261c2072a0,n,na,52,265,426,317,374
5e4261c2072a0,a,ac,109,28762,28955,28871,28846
5e4261c2072a0,c,ch,84,329,484,413,400
5e4261c2072a0,h,ha,71,1198,1388,1269,1317
5e4261c2072a0,a,al,119,412,655,531,536
5e4261c2072a0,l,li,124,294,505,418,381
5e4261c2072a0,i,it,87,182,368,269,281
5e4261c2072a0,t,tspace,99,452,651,551,552
5e4261c2072a0,space,spacep,100,291,501,391,401
5e4261c2072a0,p,pa,110,197,443,307,333
5e4261c2072a0,a,at,136,296,503,432,367
5e4261c2072a0,t,th,71,178,336,249,265
5e4261c2072a0,h,ho,87,114,270,201,183
5e4261c2072a0,o,om,69,199,369,268,300
5e4261c2072a0,m,mk,101,163,353,264,252
5e4261c2072a0,k,ka,89,116,288,205,199
5e4261c2072a0,a,as,83,318,465,401,382
5e4261c2072a0,s,si,64,180,347,244,283
5e4261c2072a0,i,iw,103,115,304,218,201
5e4261c2072a0,w,wa,86,163,371,249,285
5e4261c2072a0,a,at,122,279,488,401,366
5e4261c2072a0,t,tt,87,112,252,199,165
5e4261c2072a0,t,ta,53,179,359,232,306
5e4261c2072a0,a,an,127,342,538,469,411
5e4261c2072a0,n,na,69,151,319,220,250
5e4261c2072a0,a,ac,99,32452,32617,32551,32518
5e4261c2072a0,c,ch,66,188,332,254,266
5e4261c2072a0,h,ha,78,167,347,245,269
5e4261c2072a0,a,al,102,335,502,437,400
5e4261c2072a0,l,li,65,267,415,332,350
5e4261c2072a0,i,it,83,167,316,250,233
5e4261c2072a0,t,tspace,66,152,283,218,217
5e4261c2072a0,space,spacep,65,498,668,563,603
5e4261c2072a0,p,pt,105,525,719,630,614
5e4261c2072a0,t,th,89,229,389,318,300
5e4261c2072a0,h,ho,71,400,538,471,467
5e4261c2072a0,o,om,67,285,449,352,382
5e4261c2072a0,m,mk,97,199,380,296,283
5e4261c2072a0,k,ka,84,198,334,282,250
5e4261c2072a0,a,as,52,217,352,269,300
5e4261c2072a0,s,si,83,198,316,281,233
5e4261c2072a0,i,iw,35,229,372,264,337
5e4261c2072a0,w,wa,108,178,391,286,283
5e4261c2072a0,a,at,105,245,418,350,313
5e4261c2072a0,t,tt,68,114,235,182,167
5e4261c2072a0,t,ta,53,246,391,299,338
5e4261c2072a0,a,an,92,477,656,569,564
5e4261c2072a0,n,ns,87,-317485,-317296,-317398,-317383
5e4261f864e2a,s,su,102,148,351,250,249
5e4261f864e2a,u,ur,101,396,607,497,506
5e4261f864e2a,r,ra,110,929,1122,1039,1012
5e4261f864e2a,a,ac,83,443,616,526,533
5e4261f864e2a,c,ch,90,71,244,161,154
5e4261f864e2a,h,he,83,173,362,256,279
5e4261f864e2a,e,et,106,232,423,338,317
5e4261f864e2a,t,th,85,54,235,139,150
5e4261f864e2a,h,hspace,96,676,866,772,770
5e4261f864e2a,space,spacek,94,320,509,414,415
5e4261f864e2a,k,kh,95,288,494,383,399
5e4261f864e2a,h,ha,111,86,294,197,183
5e4261f864e2a,a,ae,97,229,413,326,316
5e4261f864e2a,e,ew,87,163,354,250,267
5e4261f864e2a,w,wk,104,308,521,412,417
5e4261f864e2a,k,kl,109,109,325,218,216
5e4261f864e2a,l,lm,107,375,540,482,433
5e4261f864e2a,m,mbksp,58,1213,1392,1271,1334
5e4261f864e2a,bksp,bkspa,121,294,524,415,403
5e4261f864e2a,a,am,109,86,273,195,164
5e4261f864e2a,m,ms,78,46068,46232,46146,46154
5e4261f864e2a,s,su,86,212,384,298,298
5e4261f864e2a,u,ur,86,663,841,749,755
5e4261f864e2a,r,ra,92,340,526,432,434
5e4261f864e2a,a,ac,94,293,456,387,362
5e4261f864e2a,c,ch,69,244,418,313,349
5e4261f864e2a,h,he,105,246,458,351,353
5e4261f864e2a,e,et,107,260,454,367,347
5e4261f864e2a,t,th,87,113,254,200,167
5e4261f864e2a,h,hspace,54,603,739,657,685
5e4261f864e2a,space,spacek,82,262,432,344,350
5e4261f864e2a,k,kh,88,393,571,481,483
5e4261f864e2a,h,ha,90,209,392,299,302
5e4261f864e2a,a,ae,93,358,540,451,447
5e4261f864e2a,e,ew,89,147,339,236,250
5e4261f864e2a,w,wk,103,316,489,419,386
5e4261f864e2a,k,kl,70,161,335,231,265
5e4261f864e2a,l,la,104,312,528,416,424
5e4261f864e2a,a,am,112,354,541,466,429
5e4261f864e2a,m,ms,75,33964,34106,34039,34031
5e4261f864e2a,s,su,67,176,334,243,267
5e4261f864e2a,u,ur,91,264,459,355,368
5e4261f864e2a,r,ra,104,110,304,214,200
5e4261f864e2a,a,ac,90,210,373,300,283
5e4261f864e2a,c,ch,73,215,356,288,283
5e4261f864e2a,h,he,68,195,367,263,299
5e4261f864e2a,e,et,104,133,320,237,216
5e4261f864e2a,t,th,83,216,384,299,301
5e4261f864e2a,h,hspace,85,215,402,300,317
5e4261f864e2a,space,spacek,102,180,367,282,265
5e4261f864e2a,k,kh,85,315,488,400,403
5e4261f864e2a,h,ha,88,161,354,249,266
5e4261f864e2a,a,ae,105,228,423,333,318
5e4261f864e2a,e,ew,90,160,354,250,264
5e4261f864e2a,w,wk,104,238,437,342,333
5e4261f864e2a,k,kl,95,163,346,258,251
5e4261f864e2a,l,lm,88,336,505,424,417
5e4261f864e2a,m,mbksp,81,745,932,826,851
5e4261f864e2a,bksp,bkspa,106,183,373,289,267
5e4261f864e2a,a,am,84,102,269,186,185
5e4261f864e2a,m,ms,83,29976,30167,30059,30084
5e4261f864e2a,s,su,108,242,422,350,314
5e4261f864e2a,u,ur,72,445,576,517,504
5e4261f864e2a,r,ra,59,141,293,200,234
5e4261f864e2a,a,ac,93,189,371,282,278
5e4261f864e2a,c,ch,89,211,392,300,303
5e4261f864e2a,h,he,92,276,458,368,366
5e4261f864e2a,e,et,90,274,458,364,368
5e4261f864e2a,t,th,94,52,209,146,115
5e4261f864e2a,h,h.,63,545,650,608,587
5e4261f864e2a,.,.meta1,42,359,460,401,418
5e4261f864e2a,meta1,meta11,59,497,639,556,580
5e4261f864e2a,1,19,83,322,483,405,400
5e4261f864e2a,9,99,78,141,310,219,232
5e4261f864e2a,9,97,91,177,357,268,266
5e4261f864e2a,7,7@,89,543,723,632,634
5e4261f864e2a,@,@normal,91,177,373,268,282
5e4261f864e2a,normal,normalh,105,577,808,682,703
5e4261f864e2a,h,ho,126,179,409,305,283
5e4261f864e2a,o,ot,104,122,322,226,218
5e4261f864e2a,t,tm,96,259,460,355,364
5e4261f864e2a,m,ma,105,176,389,281,284
5e4261f864e2a,a,ai,108,162,356,270,248
5e4261f864e2a,i,il,86,163,355,249,269
5e4261f864e2a,l,l.,106,643,857,749,751
5e4261f864e2a,.,.c,108,393,607,501,499
5e4261f864e2a,c,co,106,127,338,233,232
5e4261f864e2a,o,om,105,175,389,280,284
5e4261f864e2a,m,ms,109,34494,34713,34603,34604
5e4261f864e2a,s,su,110,158,374,268,264
5e4261f864e2a,u,ur,106,244,424,350,318
5e4261f864e2a,r,ra,74,157,307,231,233
5e4261f864e2a,a,ac,76,144,293,220,217
5e4261f864e2a,c,ch,73,193,354,266,281
5e4261f864e2a,h,he,88,191,391,279,303
5e4261f864e2a,e,et,112,112,293,224,181
5e4261f864e2a,t,th,69,140,303,209,234
5e4261f864e2a,h,h.,94,476,661,570,567
5e4261f864e2a,.,.meta1,91,160,338,251,247
5e4261f864e2a,meta1,meta11,87,362,543,449,456
5e4261f864e2a,1,19,94,250,437,344,343
5e4261f864e2a,9,99,93,145,330,238,237
5e4261f864e2a,9,97,92,1008,1161,1100,1069
5e4261f864e2a,7,7normal,61,450,625,511,564
5e4261f864e2a,normal,normalnormal,114,729,915,843,801
5e4261f864e2a,normal,normalj,72,410,572,482,500
5e4261f864e2a,j,jh,90,565,688,655,598
5e4261f864e2a,h,ho,33,995,1116,1028,1083
5e4261f864e2a,o,ot,88,429,623,517,535
5e4261f864e2a,t,tm,106,208,404,314,298
5e4261f864e2a,m,mi,90,288,459,378,369
5e4261f864e2a,i,il,81,138,329,219,248
5e4261f864e2a,l,lbksp,110,861,1046,971,936
5e4261f864e2a,bksp,bkspi,75,428,607,503,532
5e4261f864e2a,i,ibksp,104,778,972,882,868
5e4261f864e2a,bksp,bkspbksp,90,142,306,232,216
5e4261f864e2a,bksp,bkspi,74,577,758,651,684
5e4261f864e2a,i,il,107,143,340,250,233
5e4261f864e2a,l,l.,90,1410,1626,1500,1536
5e4261f864e2a,.,.c,126,492,707,618,581
5e4261f864e2a,c,co,89,111,308,200,219
5e4261f864e2a,o,om,108,226,440,334,332
5e4261f864e2a,m,ms,106,29879,30090,29985,29984
5e4261f864e2a,s,su,105,155,353,260,248
5e4261f864e2a,u,ur,93,293,476,386,383
5e4261f864e2a,r,ra,90,129,309,219,219
5e4261f864e2a,a,ac,90,166,340,256,250
5e4261f864e2a,c,ch,84,210,381,294,297
5e4261f864e2a,h,he,87,226,374,313,287
5e4261f864e2a,e,et,61,154,293,215,232
5e4261f864e2a,t,th,78,156,330,234,252
5e4261f864e2a,h,hspace,96,292,477,388,381
5e4261f864e2a,space,spacek,89,224,406,313,317
5e4261f864e2a,k,kh,93,243,444,336,351
5e4261f864e2a,h,ha,108,142,375,250,267
5e4261f864e2a,a,ae,125,224,441,349,316
5e4261f864e2a,e,ew,92,141,360,233,268
5e4261f864e2a,w,wk,127,104,326,231,199
5e4261f864e2a,k,kl,95,121,326,216,231
5e4261f864e2a,l,la,110,87,310,197,200
5e4261f864e2a,a,am,113,71,264,184,151
5e4261f864e2a,m,ms,80,32880,33066,32960,32986
5e4261f864e2a,s,su,106,211,407,317,301
5e4261f864e2a,u,ur,90,360,539,450,449
5e4261f864e2a,r,ra,89,174,373,263,284
5e4261f864e2a,a,ac,110,128,343,238,233
5e4261f864e2a,c,cj,105,195,402,300,297
5e4261f864e2a,j,jh,102,1561,1774,1663,1672
5e4261f864e2a,h,he,111,413,607,524,496
5e4261f864e2a,e,et,83,165,335,248,252
5e4261f864e2a,t,th,87,194,387,281,300
5e4261f864e2a,h,h.,106,395,591,501,485
5e4261f864e2a,.,.meta1,90,226,420,316,330
5e4261f864e2a,meta1,meta11,104,362,573,466,469
5e4261f864e2a,1,19,107,243,454,350,347
5e4261f864e2a,9,99,104,128,321,232,217
5e4261f864e2a,9,97,89,143,322,232,233
5e4261f864e2a,7,7@,90,179,376,269,286
5e4261f864e2a,@,@normal,107,130,339,237,232
5e4261f864e2a,normal,normalg,102,411,586,513,484
5e4261f864e2a,g,gbksp,73,226,408,299,335
5e4261f864e2a,bksp,bksph,109,173,355,282,246
5e4261f864e2a,h,ho,73,146,309,219,236
5e4261f864e2a,o,ot,90,159,355,249,265
5e4261f864e2a,t,tm,106,124,324,230,218
5e4261f864e2a,m,mi,94,439,610,533,516
5e4261f864e2a,i,il,77,178,325,255,248
5e4261f864e2a,l,l.,70,551,706,621,636
5e4261f864e2a,.,.c,85,244,433,329,348
5e4261f864e2a,c,co,104,115,305,219,201
5e4261f864e2a,o,om,86,196,371,282,285
5e4261f864e2a,m,ms,89,29628,29823,29717,29734
5e4261f864e2a,s,su,106,159,337,265,231
5e4261f864e2a,u,ur,72,247,408,319,336
5e4261f864e2a,r,ra,89,129,307,218,218
5e4261f864e2a,a,ac,89,659,855,748,766
5e4261f864e2a,c,ch,107,104,321,211,214
5e4261f864e2a,h,he,110,113,312,223,202
5e4261f864e2a,e,et,89,231,387,320,298
5e4261f864e2a,t,th,67,73,218,140,151
5e4261f864e2a,h,hspace,78,184,362,262,284
5e4261f864e2a,space,spacek,100,196,381,296,281
5e4261f864e2a,k,kh,85,396,588,481,503
5e4261f864e2a,h,ha,107,161,372,268,265
5e4261f864e2a,a,ae,104,177,370,281,266
5e4261f864e2a,e,ew,89,132,324,221,235
5e4261f864e2a,w,wk,103,127,301,230,198
5e4261f864e2a,k,kl,71,147,322,218,251
5e4261f864e2a,l,lm,104,270,457,374,353
5e4261f864e2a,m,mm,83,693,883,776,800
5e4261f864e2a,m,ms,107,33809,34024,33916,33917
5e4261f864e2a,s,su,108,179,390,287,282
5e4261f864e2a,u,ur,103,247,439,350,336
5e4261f864e2a,r,ra,89,110,302,199,213
5e4261f864e2a,a,ac,103,147,319,250,216
5e4261f864e2a,c,ch,69,199,336,268,267
5e4261f864e2a,h,he,68,202,369,270,301
5e4261f864e2a,e,et,99,120,302,219,203
5e4261f864e2a,t,th,83,154,330,237,247
5e4261f864e2a,h,hspace,93,233,409,326,316
5e4261f864e2a,space,spacek,83,215,383,298,300
5e4261f864e2a,k,kh,85,328,504,413,419
5e4261f864e2a,h,ha,91,172,376,263,285
5e4261f864e2a,a,ae,113,211,411,324,298
5e4261f864e2a,e,ew,87,145,338,232,251
5e4261f864e2a,w,wk,106,163,353,269,247
5e4261f864e2a,k,kl,84,142,319,226,235
5e4261f864e2a,l,lm,93,284,476,377,383
5e4261f864e2a,m,mm,99,1060,1254,1159,1155
5e4261f864e2a,m,ms,95,36140,36325,36235,36230
5e4261f864e2a,s,su,90,149,308,239,218
5e4261f864e2a,u,ur,69,295,452,364,383
5e4261f864e2a,r,ra,88,106,304,194,216
5e4261f864e2a,a,ac,110,142,343,252,233
5e4261f864e2a,c,ch,91,175,357,266,266
5e4261f864e2a,h,he,91,211,392,302,301
5e4261f864e2a,e,et,90,91,256,181,166
5e4261f864e2a,t,th,75,200,374,275,299
5e4261f864e2a,h,hspace,99,232,417,331,318
5e4261f864e2a,space,spacek,86,277,454,363,368
5e4261f864e2a,k,kh,91,393,528,484,437
5e4261f864e2a,h,ha,44,1136,1292,1180,1248
5e4261f864e2a,a,ae,112,205,411,317,299
5e4261f864e2a,e,ew,94,130,342,224,248
5e4261f864e2a,w,wk,118,208,401,326,283
5e4261f864e2a,k,kl,75,125,326,200,251
5e4261f864e2a,l,lm,126,237,458,363,332
5e4261f864e2a,m,mm,95,875,1064,970,969
5e4261f864e2a,m,mk,94,-277492,-277343,-277398,-277437
5e42626881591,k,ka,55,270,440,325,385
5e42626881591,a,an,115,536,700,651,585
5e42626881591,n,nt,49,751,896,800,847
5e42626881591,t,ti,96,221,380,317,284
5e42626881591,i,ik,63,136,247,199,184
5e42626881591,k,ka,48,85,198,133,150
5e42626881591,a,aspace,65,819,981,884,916
5e42626881591,space,spaces,97,270,462,367,365
5e42626881591,s,so,95,72,262,167,167
5e42626881591,o,oi,95,153,312,248,217
5e42626881591,i,ip,64,120,264,184,200
5e42626881591,p,pe,80,621,797,701,717
5e42626881591,e,et,96,153,330,249,234
5e42626881591,t,tc,81,254,431,335,350
5e42626881591,c,ch,96,119,295,215,199
5e42626881591,h,ha,80,119,298,199,218
5e42626881591,a,ak,99,202,398,301,299
5e42626881591,k,ko,97,136,281,233,184
5e42626881591,o,oo,48,85,197,133,149
5e42626881591,o,on,64,203,347,267,283
5e42626881591,n,nk,80,41634,41770,41714,41690
5e42626881591,k,ka,56,144,304,200,248
5e42626881591,a,an,104,163,336,267,232
5e42626881591,n,nt,69,246,403,315,334
5e42626881591,t,ti,88,204,369,292,281
5e42626881591,i,ik,77,125,263,202,186
5e42626881591,k,ka,61,69,210,130,149
5e42626881591,a,aspace,80,663,816,743,736
5e42626881591,space,spaces,73,123,339,196,266
5e42626881591,s,so,143,70,292,213,149
5e42626881591,o,oi,79,148,296,227,217
5e42626881591,i,ip,69,177,286,246,217
5e42626881591,p,pe,40,547,657,587,617
5e42626881591,e,et,70,184,303,254,233
5e42626881591,t,tc,49,661,797,710,748
5e42626881591,c,ch,87,445,622,532,535
5e42626881591,h,ha,90,157,358,247,268
5e42626881591,a,ak,111,259,426,370,315
5e42626881591,k,ko,56,190,306,246,250
5e42626881591,o,oo,60,86,210,146,150
5e42626881591,o,on,64,208,348,272,284
5e42626881591,n,nk,76,30506,30644,30582,30568
5e42626881591,k,ka,62,211,364,273,302
5e42626881591,a,an,91,139,306,230,215
5e42626881591,n,nt,76,880,1026,956,950
5e42626881591,t,ti,70,212,335,282,265
5e42626881591,i,ik,53,183,321,236,268
5e42626881591,k,ka,85,146,337,231,252
5e42626881591,a,aspace,106,145,287,251,181
5e42626881591,space,spaces,36,464,604,500,568
5e42626881591,s,so,104,110,289,214,185
5e42626881591,o,oi,75,178,306,253,231
5e42626881591,i,ip,53,148,254,201,201
5e42626881591,p,pe,53,543,684,596,631
5e42626881591,e,et,88,197,373,285,285
5e42626881591,t,tc,88,227,437,315,349
5e42626881591,c,ch,122,70,272,192,150
5e42626881591,h,ha,80,195,363,275,283
5e42626881591,a,ak,88,349,507,437,419
5e42626881591,k,ko,70,180,303,250,233
5e42626881591,o,oo,53,69,185,122,132
5e42626881591,o,on,63,215,346,278,283
5e42626881591,n,nk,68,28512,28669,28580,28601
5e42626881591,k,ka,89,264,492,353,403
5e42626881591,a,an,139,143,335,282,196
5e42626881591,n,nt,53,203,338,256,285
5e42626881591,t,ti,82,200,347,282,265
5e42626881591,i,ik,65,109,284,174,219
5e42626881591,k,kspace,110,316,493,426,383
5e42626881591,space,spaces,67,545,703,612,636
5e42626881591,s,so,91,72,255,163,164
5e42626881591,o,oi,92,145,293,237,201
5e42626881591,i,ip,56,144,256,200,200
5e42626881591,p,pe,56,495,639,551,583
5e42626881591,e,et,88,160,336,248,248
5e42626881591,t,tc,88,200,371,288,283
5e42626881591,c,ch,83,87,250,170,167
5e42626881591,h,ha,80,119,313,199,233
5e42626881591,a,ak,114,166,334,280,220
5e42626881591,k,ko,54,309,403,363,349
5e42626881591,o,oo,40,54,191,94,151
5e42626881591,o,oo,97,609,780,706,683
5e42626881591,o,on,74,626,773,700,699
5e42626881591,n,nk,73,34648,34807,34721,34734
5e42626881591,k,ka,86,92,323,178,237
5e42626881591,a,an,145,76,310,221,165
5e42626881591,n,nt,89,197,354,286,265
5e42626881591,t,ti,68,163,301,231,233
5e42626881591,i,ik,70,149,254,219,184
5e42626881591,k,ka,35,89,218,124,183
5e42626881591,a,aspace,94,445,628,539,534
5e42626881591,space,spaces,89,280,457,369,368
5e42626881591,s,so,88,132,269,220,181
5e42626881591,o,oi,49,144,266,193,217
5e42626881591,i,ip,73,164,273,237,200
5e42626881591,p,pe,36,500,638,536,602
5e42626881591,e,et,102,197,384,299,282
5e42626881591,t,tc,85,180,368,265,283
5e42626881591,c,ch,103,57,252,160,149
5e42626881591,h,ha,92,122,342,214,250
5e42626881591,a,ak,128,179,395,307,267
5e42626881591,k,ko,88,180,321,268,233
5e42626881591,o,oo,53,96,221,149,168
5e42626881591,o,on,72,198,337,270,265
5e42626881591,n,nk,67,33086,33221,33153,33154
5e42626881591,k,ka,68,130,283,198,215
5e42626881591,a,an,85,89,254,174,169
5e42626881591,n,nt,80,196,362,276,282
5e42626881591,t,ti,86,182,335,268,249
5e42626881591,i,ik,67,109,251,176,184
5e42626881591,k,ka,75,53,225,128,150
5e42626881591,a,aspace,97,199,331,296,234
5e42626881591,space,spaces,35,348,503,383,468
5e42626881591,s,so,120,40,236,160,116
5e42626881591,o,oi,76,145,277,221,201
5e42626881591,i,ip,56,126,253,182,197
5e42626881591,p,pe,71,465,639,536,568
5e42626881591,e,et,103,179,371,282,268
5e42626881591,t,tc,89,162,353,251,264
5e42626881591,c,ch,102,76,270,178,168
5e42626881591,h,ha,92,107,309,199,217
5e42626881591,a,ak,110,129,294,239,184
5e42626881591,k,ko,55,170,287,225,232
5e42626881591,o,oo,62,74,213,136,151
5e42626881591,o,on,77,194,342,271,265
5e42626881591,n,nk,71,27432,27590,27503,27519
5e42626881591,k,ka,87,74,272,161,185
5e42626881591,a,an,111,111,277,222,166
5e42626881591,n,nt,55,211,337,266,282
5e42626881591,t,ti,71,216,339,287,268
5e42626881591,i,ik,52,128,250,180,198
5e42626881591,k,ka,70,53,238,123,168
5e42626881591,a,aspace,115,208,366,323,251
5e42626881591,space,spaces,43,212,377,255,334
5e42626881591,s,so,122,37,236,159,114
5e42626881591,o,oi,77,163,278,240,201
5e42626881591,i,ip,38,129,237,167,199
5e42626881591,p,pe,70,164,337,234,267
5e42626881591,e,et,103,133,320,236,217
5e42626881591,t,tc,84,187,366,271,282
5e42626881591,c,ch,95,126,316,221,221
5e42626881591,h,ha,95,84,309,179,214
5e42626881591,a,ak,130,103,330,233,200
5e42626881591,k,ko,97,149,297,246,200
5e42626881591,o,oo,51,74,183,125,132
5e42626881591,o,on,58,167,277,225,219
5e42626881591,n,nk,52,29019,29137,29071,29085
5e42626881591,k,ka,66,182,386,248,320
5e42626881591,a,at,138,260,471,398,333
5e42626881591,t,ti,73,211,350,284,277
5e42626881591,i,ik,66,109,251,175,185
5e42626881591,k,ka,76,20,212,96,136
5e42626881591,a,aspace,116,162,330,278,214
5e42626881591,space,spacebksp,52,1050,1158,1102,1106
5e42626881591,bksp,bkspa,56,474,634,530,578
5e42626881591,a,aspace,104,627,822,731,718
5e42626881591,space,spaces,91,198,393,289,302
5e42626881591,s,so,104,5,182,109,78
5e42626881591,o,oi,73,183,309,256,236
5e42626881591,i,ip,53,149,253,202,200
5e42626881591,p,pe,51,444,586,495,535
5e42626881591,e,et,91,245,405,336,314
5e42626881591,t,tc,69,200,335,269,266
5e42626881591,c,ch,66,198,334,264,268
5e42626881591,h,ha,70,123,322,193,252
5e42626881591,a,ak,129,127,326,256,197
5e42626881591,k,ko,70,180,321,250,251
5e42626881591,o,oo,71,90,237,161,166
5e42626881591,o,on,76,163,309,239,233
5e42626881591,n,nk,70,33188,33323,33258,33253
5e42626881591,k,ka,65,147,298,212,233
5e42626881591,a,an,86,75,220,161,134
5e42626881591,n,nt,59,201,323,260,264
5e42626881591,t,ti,63,168,281,231,218
5e42626881591,i,im,50,130,249,180,199
5e42626881591,m,ma,69,56,204,125,135
5e42626881591,a,ak,79,1153,1330,1232,1251
5e42626881591,k,ka,98,67,263,165,165
5e42626881591,a,aspace,98,69,231,167,133
5e42626881591,space,spaces,64,420,580,484,516
5e42626881591,s,so,96,37,230,133,134
5e42626881591,o,oi,97,137,298,234,201
5e42626881591,i,ip,64,125,266,189,202
5e42626881591,p,pe,77,543,726,620,649
5e42626881591,e,et,106,131,304,237,198
5e42626881591,t,tc,67,184,334,251,267
5e42626881591,c,ch,83,59,251,142,168
5e42626881591,h,ha,109,54,275,163,166
5e42626881591,a,ak,112,108,295,220,183
5e42626881591,k,ko,75,149,259,224,184
5e42626881591,o,oo,35,70,183,105,148
5e42626881591,o,ok,78,29236,29399,29314,29321
5e42626881591,k,ka,85,149,351,234,266
5e42626881591,a,an,117,112,282,229,165
5e42626881591,n,nt,53,266,403,319,350
5e42626881591,t,ti,84,165,302,249,218
5e42626881591,i,ik,53,147,268,200,215
5e42626881591,k,kspace,68,464,588,532,520
5e42626881591,space,spaces,56,313,472,369,416
5e42626881591,s,so,103,20,201,123,98
5e42626881591,o,oi,78,125,277,203,199
5e42626881591,i,ip,74,109,275,183,201
5e42626881591,p,pe,92,417,612,509,520
5e42626881591,e,et,103,310,502,413,399
5e42626881591,t,tc,89,187,370,276,281
5e42626881591,c,ch,94,86,260,180,166
5e42626881591,h,ha,80,104,300,184,220
5e42626881591,a,ak,116,88,280,204,164
5e42626881591,k,ko,76,179,294,255,218
5e42626881591,o,oo,39,147,238,186,199
5e42626881591,o,on,52,249,339,301,287
5e42626881591,n,nj,38,-107462,-107329,-107424,-107367
5e426359f0327,j,ji,95,171,397,266,302
5e426359f0327,i,it,131,401,584,532,453
5e426359f0327,t,tt,52,116,218,168,166
5e426359f0327,t,ta,50,54,251,104,201
5e426359f0327,a,an,147,434,683,581,536
5e426359f0327,n,na,102,17,246,119,144
5e426359f0327,a,an,127,-30,176,97,49
5e426359f0327,n,nn,79,2915,3098,2994,3019
5e426359f0327,n,nj,104,1414,1650,1518,1546
5e426359f0327,j,jc,132,288,521,420,389
5e426359f0327,c,ck,101,-29,166,72,65
5e426359f0327,k,kt,94,133,328,227,234
5e426359f0327,t,th,101,37,218,138,117
5e426359f0327,h,hr,80,128,330,208,250
5e426359f0327,r,re,122,88,340,210,218
5e426359f0327,e,ee,130,77,313,207,183
5e426359f0327,e,em,106,69,272,175,166
5e426359f0327,m,mo,97,165,329,262,232
5e426359f0327,o,on,67,146,285,213,218
5e426359f0327,n,ng,72,20,189,92,117
5e426359f0327,g,gk,97,110,281,207,184
5e426359f0327,k,ko,74,145,272,219,198
5e426359f0327,o,ol,53,74,204,127,151
5e426359f0327,l,lj,77,30383,30562,30460,30485
5e426359f0327,j,ji,102,195,368,297,266
5e426359f0327,i,it,71,233,358,304,287
5e426359f0327,t,tt,54,68,201,122,147
5e426359f0327,t,ta,79,141,329,220,250
5e426359f0327,a,an,109,231,428,340,319
5e426359f0327,n,na,88,36,221,124,133
5e426359f0327,a,an,97,-17,193,80,96
5e426359f0327,n,nspace,113,183,382,296,269
5e426359f0327,space,spacej,86,95,285,181,199
5e426359f0327,j,ja,104,38,224,142,120
5e426359f0327,a,ac,82,186,380,268,298
5e426359f0327,c,ck,112,-32,192,80,80
5e426359f0327,k,kt,112,148,347,260,235
5e426359f0327,t,th,87,76,254,163,167
5e426359f0327,h,hr,91,129,325,220,234
5e426359f0327,r,re,105,113,321,218,216
5e426359f0327,e,ee,103,96,269,199,166
5e426359f0327,e,em,70,73,235,143,165
5e426359f0327,m,mo,92,161,329,253,237
5e426359f0327,o,on,76,178,326,254,250
5e426359f0327,n,ng,72,97,271,169,199
5e426359f0327,g,gk,102,85,219,187,117
5e426359f0327,k,ko,32,130,250,162,218
5e426359f0327,o,ol,88,90,288,178,200
5e426359f0327,l,lj,110,24329,24511,24439,24401
5e426359f0327,j,ji,72,182,320,254,248
5e426359f0327,i,it,66,265,385,331,319
5e426359f0327,t,tt,54,74,201,128,147
5e426359f0327,t,ta,73,91,294,164,221
5e426359f0327,a,an,130,35,261,165,131
5e426359f0327,n,na,96,37,229,133,133
5e426359f0327,a,an,96,21,212,117,116
5e426359f0327,n,nspace,95,267,462,362,367
5e426359f0327,space,spacej,100,74,251,174,151
5e426359f0327,j,ja,77,53,263,130,186
5e426359f0327,a,ac,133,163,420,296,287
5e426359f0327,c,ck,124,4,232,128,108
5e426359f0327,k,kh,104,340,523,444,419
5e426359f0327,h,hr,79,211,380,290,301
5e426359f0327,r,re,90,165,307,255,217
5e426359f0327,e,ee,52,73,186,125,134
5e426359f0327,e,em,61,93,240,154,179
5e426359f0327,m,mo,86,160,340,246,254
5e426359f0327,o,on,94,144,342,238,248
5e426359f0327,n,ng,104,58,287,162,183
5e426359f0327,g,gk,125,43,259,168,134
5e426359f0327,k,ko,91,125,292,216,201
5e426359f0327,o,ol,76,111,241,187,165
5e426359f0327,l,lj,54,24252,24410,24306,24356
5e426359f0327,j,ji,104,172,334,276,230
5e426359f0327,i,it,58,211,340,269,282
5e426359f0327,t,tt,71,96,237,167,166
5e426359f0327,t,ta,70,60,256,130,186
5e426359f0327,a,an,126,464,692,590,566
5e426359f0327,n,na,102,23,238,125,136
5e426359f0327,a,an,113,5,226,118,113
5e426359f0327,n,nspace,108,109,343,217,235
5e426359f0327,space,spacej,126,313,548,439,422
5e426359f0327,j,ja,109,6,253,115,144
5e426359f0327,a,ac,138,216,444,354,306
5e426359f0327,c,ck,90,6,199,96,109
5e426359f0327,k,kt,103,109,323,212,220
5e426359f0327,t,th,111,104,309,215,198
5e426359f0327,h,he,94,368,575,462,481
5e426359f0327,e,ee,113,71,299,184,186
5e426359f0327,e,em,115,479,685,594,570
5e426359f0327,m,mo,91,159,322,250,231
5e426359f0327,o,on,72,146,321,218,249
5e426359f0327,n,ng,103,42,271,145,168
5e426359f0327,g,gk,126,76,243,202,117
5e426359f0327,k,ko,41,130,255,171,214
5e426359f0327,o,ol,84,73,254,157,170
5e426359f0327,l,lj,97,30949,31144,31046,31047
5e426359f0327,j,ji,98,154,348,252,250
5e426359f0327,i,it,96,173,351,269,255
5e426359f0327,t,tt,82,90,245,172,163
5e426359f0327,t,ta,73,183,429,256,356
5e426359f0327,a,an,173,441,702,614,529
5e426359f0327,n,na,88,38,279,126,191
5e426359f0327,a,an,153,-17,259,136,106
5e426359f0327,n,nspace,123,164,392,287,269
5e426359f0327,space,spacej,105,59,256,164,151
5e426359f0327,j,ja,92,70,274,162,182
5e426359f0327,a,ac,112,199,436,311,324
5e426359f0327,c,ck,125,5,236,130,111
5e426359f0327,k,kt,106,104,321,210,215
5e426359f0327,t,th,111,56,262,167,151
5e426359f0327,h,hr,95,144,345,239,250
5e426359f0327,r,re,106,125,339,231,233
5e426359f0327,e,ee,108,103,291,211,183
5e426359f0327,e,em,80,20,214,100,134
5e426359f0327,m,mo,114,166,364,280,250
5e426359f0327,o,on,84,166,334,250,250
5e426359f0327,n,ng,84,22,217,106,133
5e426359f0327,g,gk,111,88,311,199,200
5e426359f0327,k,ko,112,114,316,226,204
5e426359f0327,o,ol,90,88,269,178,179
5e426359f0327,l,lj,91,23030,23208,23121,23117
5e426359f0327,j,ji,87,135,304,222,217
5e426359f0327,i,it,82,187,349,269,267
5e426359f0327,t,tt,80,55,214,135,134
5e426359f0327,t,ta,79,548,747,627,668
5e426359f0327,a,an,120,149,353,269,233
5e426359f0327,n,na,84,20,221,104,137
5e426359f0327,a,aspace,117,292,480,409,363
5e426359f0327,space,spacej,71,74,255,145,184
5e426359f0327,j,ja,110,54,257,164,147
5e426359f0327,a,ac,93,217,417,310,324
5e426359f0327,c,ck,107,6,235,113,128
5e426359f0327,k,kt,122,92,322,214,200
5e426359f0327,t,th,108,92,290,200,182
5e426359f0327,h,hr,90,94,293,184,203
5e426359f0327,r,re,109,179,407,288,298
5e426359f0327,e,ee,119,59,267,178,148
5e426359f0327,e,em,89,120,305,209,216
5e426359f0327,m,mo,96,139,349,235,253
5e426359f0327,o,on,114,159,347,273,233
5e426359f0327,n,ng,74,130,290,204,216
5e426359f0327,g,gk,86,214,389,300,303
5e426359f0327,k,ko,89,127,289,216,200
5e426359f0327,o,ol,73,106,222,179,149
5e426359f0327,l,lj,43,24851,24977,24894,24934
5e426359f0327,j,ji,83,148,318,231,235
5e426359f0327,i,it,87,180,335,267,248
5e426359f0327,t,tt,68,38,203,106,135
5e426359f0327,t,ta,97,108,331,205,234
5e426359f0327,a,an,126,410,629,536,503
5e426359f0327,n,na,93,19,223,112,130
5e426359f0327,a,an,111,17,192,128,81
5e426359f0327,n,nspace,64,182,332,246,268
5e426359f0327,space,spacej,86,124,337,210,251
5e426359f0327,j,ja,127,20,243,147,116
5e426359f0327,a,ac,96,198,416,294,320
5e426359f0327,c,ck,122,-16,218,106,96
5e426359f0327,k,kh,112,302,528,414,416
5e426359f0327,h,hr,114,114,332,228,218
5e426359f0327,r,re,104,215,456,319,352
5e426359f0327,e,ee,137,88,335,225,198
5e426359f0327,e,em,110,72,277,182,167
5e426359f0327,m,mo,95,181,379,276,284
5e426359f0327,o,on,103,209,418,312,315
5e426359f0327,n,ng,106,149,372,255,266
5e426359f0327,g,gk,117,396,602,513,485
5e426359f0327,k,ko,89,130,289,219,200
5e426359f0327,o,ol,70,112,269,182,199
5e426359f0327,l,lj,87,23901,24090,23988,24003
5e426359f0327,j,ji,102,147,317,249,215
5e426359f0327,i,it,68,164,302,232,234
5e426359f0327,t,tt,70,74,220,144,150
5e426359f0327,t,ta,76,58,278,134,202
5e426359f0327,a,an,144,53,294,197,150
5e426359f0327,n,na,97,35,228,132,131
5e426359f0327,a,an,96,21,197,117,101
5e426359f0327,n,nspace,80,165,331,245,251
5e426359f0327,space,spacej,86,53,234,139,148
5e426359f0327,j,ja,95,105,260,200,165
5e426359f0327,a,ac,60,169,335,229,275
5e426359f0327,c,ck,106,6,201,112,95
5e426359f0327,k,kt,89,106,322,195,233
5e426359f0327,t,th,127,52,259,179,132
5e426359f0327,h,hr,80,127,332,207,252
5e426359f0327,r,re,125,127,341,252,216
5e426359f0327,e,ee,89,128,305,217,216
5e426359f0327,e,em,88,131,270,219,182
5e426359f0327,m,mo,51,183,335,234,284
5e426359f0327,o,on,101,147,319,248,218
5e426359f0327,n,ng,71,105,285,176,214
5e426359f0327,g,gk,109,75,278,184,169
5e426359f0327,k,ko,94,141,311,235,217
5e426359f0327,o,ol,76,90,259,166,183
5e426359f0327,l,lj,93,22912,23094,23005,23001
5e426359f0327,j,ji,89,129,288,218,199
5e426359f0327,i,it,70,179,320,249,250
5e426359f0327,t,tt,71,75,222,146,151
5e426359f0327,t,ta,76,183,397,259,321
5e426359f0327,a,an,138,239,468,377,330
5e426359f0327,n,na,91,38,229,129,138
5e426359f0327,a,aspace,100,206,413,306,313
5e426359f0327,space,spacej,107,18,237,125,130
5e426359f0327,j,ja,112,55,279,167,167
5e426359f0327,a,ac,112,166,405,278,293
5e426359f0327,c,ck,127,4,218,131,91
5e426359f0327,k,kt,87,100,318,187,231
5e426359f0327,t,th,131,36,281,167,150
5e426359f0327,h,hr,114,70,314,184,200
5e426359f0327,r,re,130,175,433,305,303
5e426359f0327,e,ee,128,74,329,202,201
5e426359f0327,e,em,127,54,279,181,152
5e426359f0327,m,mo,98,139,344,237,246
5e426359f0327,o,on,107,155,355,262,248
5e426359f0327,n,ng,93,104,310,197,217
5e426359f0327,g,gk,113,37,248,150,135
5e426359f0327,k,ko,98,125,299,223,201
5e426359f0327,o,ol,76,91,243,167,167
5e426359f0327,l,lj,76,21702,21880,21778,21804
5e426359f0327,j,ji,102,279,466,381,364
5e426359f0327,i,it,85,195,350,280,265
5e426359f0327,t,tt,70,57,204,127,134
5e426359f0327,t,ta,77,92,297,169,220
5e426359f0327,a,an,128,89,308,217,180
5e426359f0327,n,na,91,21,226,112,135
5e426359f0327,a,an,114,21,229,135,115
5e426359f0327,n,nspace,94,433,631,527,537
5e426359f0327,space,spacej,104,51,252,155,148
5e426359f0327,j,ja,97,54,248,151,151
5e426359f0327,a,ac,97,167,380,264,283
5e426359f0327,c,ck,116,18,234,134,118
5e426359f0327,k,kt,100,119,334,219,234
5e426359f0327,t,th,115,122,331,237,216
5e426359f0327,h,hr,94,152,344,246,250
5e426359f0327,r,re,98,215,416,313,318
5e426359f0327,e,ee,103,87,265,190,162
5e426359f0327,e,em,75,57,211,132,136
5e426359f0327,m,mo,79,208,377,287,298
5e426359f0327,o,on,90,214,358,304,268
5e426359f0327,n,ng,54,163,304,217,250
5e426359f0327,g,gk,87,53,235,140,148
5e426359f0327,k,ko,95,146,312,241,217
5e426359f0327,o,ol,71,116,255,187,184
5e426359f0327,l,ln,68,2332333522,2332333670,2332333590,2332333602
5e65fb23b6d2f,n,ni,80,231,405,311,325
5e65fb23b6d2f,i,il,94,247,452,341,358
5e65fb23b6d2f,l,lb,111,371,594,482,483
5e65fb23b6d2f,b,bn,112,430,613,542,501
5e65fb23b6d2f,n,nspace,71,181,328,252,257
5e65fb23b6d2f,space,spacebksp,76,748,935,824,859
5e65fb23b6d2f,bksp,bkspbksp,111,472,711,583,600
5e65fb23b6d2f,bksp,bkspbksp,128,2230,2468,2358,2340
5e65fb23b6d2f,bksp,bkspbksp,110,415,637,525,527
5e65fb23b6d2f,bksp,bkspl,112,521,753,633,641
5e65fb23b6d2f,l,lo,120,139,370,259,250
5e65fb23b6d2f,o,ob,111,913,1085,1024,974
5e65fb23b6d2f,b,bo,61,206,378,267,317
5e65fb23b6d2f,o,on,111,155,353,266,242
5e65fb23b6d2f,n,nspace,87,146,329,233,242
5e65fb23b6d2f,space,spacen,96,480,671,576,575
5e65fb23b6d2f,n,na,95,189,394,284,299
5e65fb23b6d2f,a,an,110,155,377,265,267
5e65fb23b6d2f,n,ng,112,206,429,318,317
5e65fb23b6d2f,g,gl,111,197,428,308,317
5e65fb23b6d2f,l,la,120,139,386,259,266
5e65fb23b6d2f,a,ae,127,214,436,341,309
5e65fb23b6d2f,e,en,95,35045,35225,35140,35130
5e65fb23b6d2f,n,ni,85,182,352,267,267
5e65fb23b6d2f,i,il,85,190,385,275,300
5e65fb23b6d2f,l,lo,110,115,336,225,226
5e65fb23b6d2f,o,ob,111,172,378,283,267
5e65fb23b6d2f,b,bo,95,171,361,266,266
5e65fb23b6d2f,o,on,95,138,312,233,217
5e65fb23b6d2f,n,nspace,79,397,562,476,483
5e65fb23b6d2f,space,spacen,86,221,410,307,324
5e65fb23b6d2f,n,na,103,106,337,209,234
5e65fb23b6d2f,a,an,128,105,337,233,209
5e65fb23b6d2f,n,ng,104,189,411,293,307
5e65fb23b6d2f,g,gl,118,214,427,332,309
5e65fb23b6d2f,l,la,95,113,344,208,249
5e65fb23b6d2f,a,ae,136,199,429,335,293
5e65fb23b6d2f,e,en,94,29064,29267,29158,29173
5e65fb23b6d2f,n,ni,109,198,409,307,300
5e65fb23b6d2f,i,il,102,197,412,299,310
5e65fb23b6d2f,l,lo,113,121,336,234,223
5e65fb23b6d2f,o,ob,102,157,369,259,267
5e65fb23b6d2f,b,bo,110,172,384,282,274
5e65fb23b6d2f,o,on,102,156,345,258,243
5e65fb23b6d2f,n,nspace,87,381,546,468,459
5e65fb23b6d2f,space,spacen,78,337,519,415,441
5e65fb23b6d2f,n,na,104,114,353,218,249
5e65fb23b6d2f,a,an,135,97,353,232,218
5e65fb23b6d2f,n,ng,121,172,378,293,257
5e65fb23b6d2f,g,gl,85,214,385,299,300
5e65fb23b6d2f,l,la,86,72,294,158,208
5e65fb23b6d2f,a,ae,136,182,429,318,293
5e65fb23b6d2f,e,en,111,24705,24925,24816,24814
5e65fb23b6d2f,n,ni,109,181,366,290,257
5e65fb23b6d2f,i,il,76,199,369,275,293
5e65fb23b6d2f,l,lo,94,123,294,217,200
5e65fb23b6d2f,o,ob,77,265,445,342,368
5e65fb23b6d2f,b,bn,103,403,602,506,499
5e65fb23b6d2f,n,nbksp,96,889,1087,985,991
5e65fb23b6d2f,bksp,bkspo,102,172,378,274,276
5e65fb23b6d2f,o,on,104,138,337,242,233
5e65fb23b6d2f,n,nspace,95,214,396,309,301
5e65fb23b6d2f,space,spacen,87,804,995,891,908
5e65fb23b6d2f,n,na,104,130,370,234,266
5e65fb23b6d2f,a,ag,136,398,611,534,475
5e65fb23b6d2f,g,gl,77,188,368,265,291
5e65fb23b6d2f,l,la,103,30,261,133,158
5e65fb23b6d2f,a,ae,128,199,445,327,317
5e65fb23b6d2f,e,emeta1,118,548,793,666,675
5e65fb23b6d2f,meta1,meta1@,127,444,653,571,526
5e65fb23b6d2f,@,@normal,82,172,390,254,308
5e65fb23b6d2f,normal,normaly,136,388,601,524,465
5e65fb23b6d2f,y,ya,77,140,353,217,276
5e65fb23b6d2f,a,ah,136,123,345,259,209
5e65fb23b6d2f,h,ho,86,172,344,258,258
5e65fb23b6d2f,o,oo,86,97,262,183,176
5e65fb23b6d2f,o,o.,79,238,411,317,332
5e65fb23b6d2f,.,.c,94,314,520,408,426
5e65fb23b6d2f,c,co,112,196,411,308,299
5e65fb23b6d2f,o,om,103,148,312,251,209
5e65fb23b6d2f,m,mc,61,27380,27509,27441,27448
5e65fb23b6d2f,c,ca,68,122,309,190,241
5e65fb23b6d2f,a,ap,119,122,337,241,218
5e65fb23b6d2f,p,pz,96,164,379,260,283
5e65fb23b6d2f,z,zo,119,81,293,200,174
5e65fb23b6d2f,o,oo,93,115,276,208,183
5e65fb23b6d2f,o,on,68,132,294,200,226
5e65fb23b6d2f,n,nspace,94,198,377,292,283
5e65fb23b6d2f,space,spacemeta1,85,522,727,607,642
5e65fb23b6d2f,meta1,meta1meta2,120,213,426,333,306
5e65fb23b6d2f,meta2,meta2_,93,190,387,283,294
5e65fb23b6d2f,_,_normal,104,214,428,318,324
5e65fb23b6d2f,normal,normaln,110,238,445,348,335
5e65fb23b6d2f,n,ni,97,189,363,286,266
5e65fb23b6d2f,i,imeta1,77,380,577,457,500
5e65fb23b6d2f,meta1,meta1@,120,705,919,825,799
5e65fb23b6d2f,@,@normal,94,182,429,276,335
5e65fb23b6d2f,normal,normaly,153,253,468,406,315
5e65fb23b6d2f,y,ya,62,148,330,210,268
5e65fb23b6d2f,a,ah,120,138,345,258,225
5e65fb23b6d2f,h,ho,87,180,345,267,258
5e65fb23b6d2f,o,oo,78,80,253,158,175
5e65fb23b6d2f,o,o.,95,180,370,275,275
5e65fb23b6d2f,.,.c,95,196,420,291,325
5e65fb23b6d2f,c,co,129,146,370,275,241
5e65fb23b6d2f,o,om,95,122,297,217,202
5e65fb23b6d2f,m,mn,80,29336,29527,29416,29447
5e65fb23b6d2f,n,ni,111,497,692,608,581
5e65fb23b6d2f,i,il,84,258,452,342,368
5e65fb23b6d2f,l,lo,110,173,385,283,275
5e65fb23b6d2f,o,ob,102,207,412,309,310
5e65fb23b6d2f,b,bo,103,204,410,307,307
5e65fb23b6d2f,o,on,103,147,362,250,259
5e65fb23b6d2f,n,nspace,112,1264,1478,1376,1366
5e65fb23b6d2f,space,spacen,102,405,594,507,492
5e65fb23b6d2f,n,na,87,131,345,218,258
5e65fb23b6d2f,a,an,127,97,311,224,184
5e65fb23b6d2f,n,ng,87,180,361,267,274
5e65fb23b6d2f,g,gl,94,180,385,274,291
5e65fb23b6d2f,l,la,111,56,303,167,192
5e65fb23b6d2f,a,ae,136,173,420,309,284
5e65fb23b6d2f,e,en,111,25005,25209,25116,25098
5e65fb23b6d2f,n,na,93,239,469,332,376
5e65fb23b6d2f,a,an,137,172,429,309,292
5e65fb23b6d2f,n,ng,120,247,461,367,341
5e65fb23b6d2f,g,gbksp,94,681,869,775,775
5e65fb23b6d2f,bksp,bkspbksp,94,121,294,215,200
5e65fb23b6d2f,bksp,bkspbksp,79,88,287,167,208
5e65fb23b6d2f,bksp,bkspbksp,120,105,321,225,201
5e65fb23b6d2f,bksp,bkspn,96,421,620,517,524
5e65fb23b6d2f,n,ni,103,214,403,317,300
5e65fb23b6d2f,i,il,86,231,444,317,358
5e65fb23b6d2f,l,lo,127,131,377,258,250
5e65fb23b6d2f,o,ob,119,198,420,317,301
5e65fb23b6d2f,b,bo,103,179,393,282,290
5e65fb23b6d2f,o,on,111,139,362,250,251
5e65fb23b6d2f,n,nspace,112,223,438,335,326
5e65fb23b6d2f,space,spacen,103,254,477,357,374
5e65fb23b6d2f,n,na,120,105,381,225,261
5e65fb23b6d2f,a,an,156,67,337,223,181
5e65fb23b6d2f,n,ng,114,438,639,552,525
5e65fb23b6d2f,g,gl,87,213,403,300,316
5e65fb23b6d2f,l,la,103,130,377,233,274
5e65fb23b6d2f,a,ae,144,199,470,343,326
5e65fb23b6d2f,e,en,127,25006,25234,25133,25107
5e65fb23b6d2f,n,ni,101,698,893,799,792
5e65fb23b6d2f,i,il,94,231,436,325,342
5e65fb23b6d2f,l,lo,111,138,360,249,249
5e65fb23b6d2f,o,ob,111,173,395,284,284
5e65fb23b6d2f,b,bo,111,180,393,291,282
5e65fb23b6d2f,o,on,102,131,336,233,234
5e65fb23b6d2f,n,nmeta1,103,256,537,359,434
5e65fb23b6d2f,meta1,meta1normal,178,764,1067,942,889
5e65fb23b6d2f,normal,normalspace,125,407,636,532,511
5e65fb23b6d2f,space,spacen,104,221,436,325,332
5e65fb23b6d2f,n,na,111,89,356,200,245
5e65fb23b6d2f,a,an,156,41,311,197,155
5e65fb23b6d2f,n,ng,114,190,415,304,301
5e65fb23b6d2f,g,gl,111,121,328,232,217
5e65fb23b6d2f,l,la,96,129,370,225,274
5e65fb23b6d2f,a,ae,145,198,445,343,300
5e65fb23b6d2f,e,en,102,25514,25718,25616,25616
5e65fb23b6d2f,n,ni,102,246,443,348,341
5e65fb23b6d2f,i,il,95,223,437,318,342
5e65fb23b6d2f,l,lo,119,140,369,259,250
5e65fb23b6d2f,o,ob,110,189,410,299,300
5e65fb23b6d2f,b,bo,111,196,411,307,300
5e65fb23b6d2f,o,on,104,138,362,242,258
5e65fb23b6d2f,n,nspace,120,339,629,459,509
5e65fb23b6d2f,space,spacen,170,205,494,375,324
5e65fb23b6d2f,n,na,119,107,394,226,275
5e65fb23b6d2f,a,an,168,79,392,247,224
5e65fb23b6d2f,n,ng,145,183,455,328,310
5e65fb23b6d2f,g,gl,127,130,360,257,233
5e65fb23b6d2f,l,la,103,122,344,225,241
5e65fb23b6d2f,a,ae,119,173,395,292,276
5e65fb23b6d2f,e,eb,103,24738,24942,24841,24839
5e65fb23b6d2f,b,bbksp,101,440,660,541,559
5e65fb23b6d2f,bksp,bkspn,119,189,427,308,308
5e65fb23b6d2f,n,ni,119,191,406,310,287
5e65fb23b6d2f,i,il,96,229,451,325,355
5e65fb23b6d2f,l,lo,126,122,351,248,225
5e65fb23b6d2f,o,ob,103,188,411,291,308
5e65fb23b6d2f,b,bo,120,172,396,292,276
5e65fb23b6d2f,o,on,104,113,329,217,225
5e65fb23b6d2f,n,nspace,112,255,503,367,391
5e65fb23b6d2f,space,spacen,136,246,494,382,358
5e65fb23b6d2f,n,na,112,97,377,209,265
5e65fb23b6d2f,a,an,168,71,370,239,202
5e65fb23b6d2f,n,ng,131,173,414,304,283
5e65fb23b6d2f,g,gl,110,130,360,240,250
5e65fb23b6d2f,l,la,120,80,355,200,235
5e65fb23b6d2f,a,ae,155,180,445,335,290
5e65fb23b6d2f,e,en,110,158897,159090,159007,158980
5e65fcfa36c6d,n,ni,83,217,375,300,292
5e65fcfa36c6d,i,il,75,224,407,299,332
5e65fcfa36c6d,l,lo,108,133,323,241,215
5e65fcfa36c6d,o,ob,82,242,405,324,323
5e65fcfa36c6d,b,bo,81,201,374,282,293
5e65fcfa36c6d,o,on,92,141,314,233,222
5e65fcfa36c6d,n,nspace,81,529,706,610,625
5e65fcfa36c6d,space,spacen,96,224,411,320,315
5e65fcfa36c6d,n,na,91,133,372,224,281
5e65fcfa36c6d,a,an,148,68,324,216,176
5e65fcfa36c6d,n,ng,108,160,349,268,241
5e65fcfa36c6d,g,gl,81,191,363,272,282
5e65fcfa36c6d,l,la,91,50,274,141,183
5e65fcfa36c6d,a,ae,133,208,424,341,291
5e65fcfa36c6d,e,en,83,27822,28009,27905,27926
5e65fcfa36c6d,n,ni,104,166,352,270,248
5e65fcfa36c6d,i,il,82,176,374,258,292
5e65fcfa36c6d,l,lo,116,108,314,224,198
5e65fcfa36c6d,o,ob,90,175,357,265,267
5e65fcfa36c6d,b,bo,92,166,358,258,266
5e65fcfa36c6d,o,on,100,132,316,232,216
5e65fcfa36c6d,n,nspace,84,132,324,216,240
5e65fcfa36c6d,space,spacen,108,175,391,283,283
5e65fcfa36c6d,n,na,108,108,366,216,258
5e65fcfa36c6d,a,an,150,91,358,241,208
5e65fcfa36c6d,n,ng,117,135,331,252,214
5e65fcfa36c6d,g,gl,79,184,354,263,275
5e65fcfa36c6d,l,la,91,17,250,108,159
5e65fcfa36c6d,a,ae,142,166,423,308,281
5e65fcfa36c6d,e,en,115,25724,25932,25839,25817
5e65fcfa36c6d,n,ni,93,249,425,342,332
5e65fcfa36c6d,i,il,83,216,415,299,332
5e65fcfa36c6d,l,lo,116,117,332,233,216
5e65fcfa36c6d,o,ob,99,175,374,274,275
5e65fcfa36c6d,b,bo,100,157,374,257,274
5e65fcfa36c6d,o,on,117,116,323,233,206
5e65fcfa36c6d,n,nspace,90,126,315,216,225
5e65fcfa36c6d,space,spacen,99,392,573,491,474
5e65fcfa36c6d,n,na,82,117,322,199,240
5e65fcfa36c6d,a,an,123,109,349,232,226
5e65fcfa36c6d,n,ng,117,149,343,266,226
5e65fcfa36c6d,g,gl,77,197,366,274,289
5e65fcfa36c6d,l,la,92,25,248,117,156
5e65fcfa36c6d,a,ae,131,193,422,324,291
5e65fcfa36c6d,e,en,98,24507,24689,24605,24591
5e65fcfa36c6d,n,ni,84,611,765,695,681
5e65fcfa36c6d,i,il,70,208,403,278,333
5e65fcfa36c6d,l,lo,125,116,341,241,216
5e65fcfa36c6d,o,ob,100,157,374,257,274
5e65fcfa36c6d,b,bo,117,166,385,283,268
5e65fcfa36c6d,o,on,102,138,324,240,222
5e65fcfa36c6d,n,nspace,84,174,342,258,258
5e65fcfa36c6d,space,spacen,84,457,631,541,547
5e65fcfa36c6d,n,na,90,117,332,207,242
5e65fcfa36c6d,a,an,125,74,308,199,183
5e65fcfa36c6d,n,ng,109,157,349,266,240
5e65fcfa36c6d,g,gl,83,200,382,283,299
5e65fcfa36c6d,l,la,99,33,256,132,157
5e65fcfa36c6d,a,ae,124,177,416,301,292
5e65fcfa36c6d,e,en,115,23800,24001,23915,23886
5e65fcfa36c6d,n,ni,86,175,351,261,265
5e65fcfa36c6d,i,il,90,201,407,291,317
5e65fcfa36c6d,l,lo,116,100,298,216,182
5e65fcfa36c6d,o,ob,82,350,522,432,440
5e65fcfa36c6d,b,bo,90,184,373,274,283
5e65fcfa36c6d,o,on,99,134,332,233,233
5e65fcfa36c6d,n,nspace,99,125,341,224,242
5e65fcfa36c6d,space,spacen,117,158,390,275,273
5e65fcfa36c6d,n,na,115,76,331,191,216
5e65fcfa36c6d,a,an,140,76,340,216,200
5e65fcfa36c6d,n,ng,124,149,365,273,241
5e65fcfa36c6d,g,gl,92,191,374,283,282
5e65fcfa36c6d,l,la,91,43,275,134,184
5e65fcfa36c6d,a,ae,141,132,380,273,239
5e65fcfa36c6d,e,en,107,25204,25412,25311,25305
5e65fcfa36c6d,n,ni,101,183,375,284,274
5e65fcfa36c6d,i,il,91,183,381,274,290
5e65fcfa36c6d,l,lo,107,101,307,208,200
5e65fcfa36c6d,o,ob,99,183,384,282,285
5e65fcfa36c6d,b,bo,102,164,374,266,272
5e65fcfa36c6d,o,on,108,108,324,216,216
5e65fcfa36c6d,n,nspace,108,158,365,266,257
5e65fcfa36c6d,space,spacen,99,374,573,473,474
5e65fcfa36c6d,n,na,100,125,340,225,240
5e65fcfa36c6d,a,am,115,51,274,166,159
5e65fcfa36c6d,m,mg,108,157,340,265,232
5e65fcfa36c6d,g,gl,75,208,393,283,318
5e65fcfa36c6d,l,la,110,-24,184,86,74
5e65fcfa36c6d,a,ae,98,464,652,562,554
5e65fcfa36c6d,e,ebksp,90,1054,1221,1144,1131
5e65fcfa36c6d,bksp,bkspbksp,77,108,275,185,198
5e65fcfa36c6d,bksp,bkspbksp,90,126,306,216,216
5e65fcfa36c6d,bksp,bkspbksp,90,109,315,199,225
5e65fcfa36c6d,bksp,bkspn,116,588,789,704,673
5e65fcfa36c6d,n,ng,85,366,542,451,457
5e65fcfa36c6d,g,gl,91,175,381,266,290
5e65fcfa36c6d,l,la,115,93,341,208,226
5e65fcfa36c6d,a,ae,133,166,388,299,255
5e65fcfa36c6d,e,en,89,26466,26658,26555,26569
5e65fcfa36c6d,n,ni,103,241,434,344,331
5e65fcfa36c6d,i,il,90,175,373,265,283
5e65fcfa36c6d,l,lo,108,108,298,216,190
5e65fcfa36c6d,o,ob,82,176,348,258,266
5e65fcfa36c6d,b,bo,90,175,365,265,275
5e65fcfa36c6d,o,on,100,116,316,216,216
5e65fcfa36c6d,n,nspace,100,192,381,292,281
5e65fcfa36c6d,space,spacen,89,342,540,431,451
5e65fcfa36c6d,n,na,109,107,350,216,241
5e65fcfa36c6d,a,an,134,74,324,208,190
5e65fcfa36c6d,n,ng,116,125,349,241,233
5e65fcfa36c6d,g,gl,108,199,399,307,291
5e65fcfa36c6d,l,la,92,125,342,217,250
5e65fcfa36c6d,a,ae,125,157,398,282,273
5e65fcfa36c6d,e,en,116,88379,88572,88495,88456
5e65fe0c09aaa,n,ni,77,223,350,300,273
5e65fe0c09aaa,i,il,50,250,415,300,365
5e65fe0c09aaa,l,lo,115,117,322,232,207
5e65fe0c09aaa,o,ob,90,175,381,265,291
5e65fe0c09aaa,b,bo,116,184,398,300,282
5e65fe0c09aaa,o,on,98,126,316,224,218
5e65fe0c09aaa,n,nspace,92,332,565,424,473
5e65fe0c09aaa,space,spacen,141,183,430,324,289
5e65fe0c09aaa,n,nshift,106,126,373,232,267
5e65fe0c09aaa,shift,shiftshift,141,874,1129,1015,988
5e65fe0c09aaa,shift,shifta,114,652,903,766,789
5e65fe0c09aaa,a,an,137,482,728,619,591
5e65fe0c09aaa,n,ng,109,165,374,274,265
5e65fe0c09aaa,g,gl,100,183,382,283,282
5e65fe0c09aaa,l,la,99,76,307,175,208
5e65fe0c09aaa,a,ae,132,141,389,273,257
5e65fe0c09aaa,e,en,116,26014,26206,26130,26090
5e65fe0c09aaa,n,ni,76,324,467,400,391
5e65fe0c09aaa,i,il,67,215,399,282,332
5e65fe0c09aaa,l,lo,117,133,349,250,232
5e65fe0c09aaa,o,ob,99,191,381,290,282
5e65fe0c09aaa,b,bo,91,191,382,282,291
5e65fe0c09aaa,o,on,100,150,350,250,250
5e65fe0c09aaa,n,nspace,100,702,914,802,814
5e65fe0c09aaa,space,spacen,112,198,436,310,324
5e65fe0c09aaa,n,na,126,99,392,225,266
5e65fe0c09aaa,a,an,167,140,432,307,265
5e65fe0c09aaa,n,ng,125,141,358,266,233
5e65fe0c09aaa,g,gl,92,207,373,299,281
5e65fe0c09aaa,l,la,74,109,325,183,251
5e65fe0c09aaa,a,ae,142,157,423,299,281
5e65fe0c09aaa,e,espace,124,61709,61959,61833,61835
5e65fe0c09aaa,space,spacei,126,174,400,300,274
5e65fe0c09aaa,i,il,100,158,366,258,266
5e65fe0c09aaa,l,lo,108,108,297,216,189
5e65fe0c09aaa,o,ob,81,210,390,291,309
5e65fe0c09aaa,b,bo,99,175,365,274,266
5e65fe0c09aaa,o,on,91,133,306,224,215
5e65fe0c09aaa,n,nspace,82,150,381,232,299
5e65fe0c09aaa,space,spacen,149,109,324,258,175
5e65fe0c09aaa,n,nshift,66,142,365,208,299
5e65fe0c09aaa,shift,shiftshift,157,721,988,878,831
5e65fe0c09aaa,shift,shifta,110,432,641,542,531
5e65fe0c09aaa,a,an,99,217,424,316,325
5e65fe0c09aaa,n,ng,108,191,390,299,282
5e65fe0c09aaa,g,gl,91,191,390,282,299
5e65fe0c09aaa,l,la,108,50,291,158,183
5e65fe0c09aaa,a,ae,133,141,398,274,265
5e65fe0c09aaa,e,en,124,26299,26525,26423,26401
5e65fe0c09aaa,n,ni,102,174,374,276,272
5e65fe0c09aaa,i,il,98,168,390,266,292
5e65fe0c09aaa,l,lo,124,108,340,232,216
5e65fe0c09aaa,o,ob,108,167,374,275,266
5e65fe0c09aaa,b,bo,99,183,381,282,282
5e65fe0c09aaa,o,on,99,125,314,224,215
5e65fe0c09aaa,n,nspace,90,159,381,249,291
5e65fe0c09aaa,space,spacen,132,143,383,275,251
5e65fe0c09aaa,n,na,108,124,407,232,299
5e65fe0c09aaa,a,an,175,83,373,258,198
5e65fe0c09aaa,n,ng,115,175,382,290,267
5e65fe0c09aaa,g,gl,92,207,390,299,298
5e65fe0c09aaa,l,la,91,76,308,167,217
5e65fe0c09aaa,a,ae,141,142,393,283,252
5e65fe0c09aaa,e,en,110,24483,24695,24593,24585
5e65fe0c09aaa,n,ni,102,175,359,277,257
5e65fe0c09aaa,i,il,82,175,356,257,274
5e65fe0c09aaa,l,lo,99,109,315,208,216
5e65fe0c09aaa,o,ob,107,159,372,266,265
5e65fe0c09aaa,b,bo,106,142,348,248,242
5e65fe0c09aaa,o,on,100,92,300,192,200
5e65fe0c09aaa,n,nspace,108,133,338,241,230
5e65fe0c09aaa,space,spacen,97,475,688,572,591
5e65fe0c09aaa,n,na,116,59,323,175,207
5e65fe0c09aaa,a,an,148,68,332,216,184
5e65fe0c09aaa,n,ng,116,125,340,241,224
5e65fe0c09aaa,g,gl,99,175,373,274,274
5e65fe0c09aaa,l,la,99,17,248,116,149
5e65fe0c09aaa,a,ae,132,142,373,274,241
5e65fe0c09aaa,e,en,99,24321,24512,24420,24413
5e65fe0c09aaa,n,na,92,92,299,184,207
5e65fe0c09aaa,a,an,115,68,282,183,167
5e65fe0c09aaa,n,ng,99,133,323,232,224
5e65fe0c09aaa,g,gl,91,200,400,291,309
5e65fe0c09aaa,l,la,109,2,256,111,147
5e65fe0c09aaa,a,ae,145,135,403,280,258
5e65fe0c09aaa,e,espace,123,458,647,581,524
5e65fe0c09aaa,space,spacen,66,233,382,299,316
5e65fe0c09aaa,n,na,83,91,306,174,223
5e65fe0c09aaa,a,abksp,132,753,2409,885,2277
5e65fe0c09aaa,bksp,bkspn,1524,224,1864,1748,340
5e65fe0c09aaa,n,ni,116,133,340,249,224
5e65fe0c09aaa,i,il,91,174,373,265,282
5e65fe0c09aaa,l,li,108,150,332,258,224
5e65fe0c09aaa,i,ibksp,74,1026,1187,1100,1113
5e65fe0c09aaa,bksp,bkspo,87,175,353,262,266
5e65fe0c09aaa,o,ob,91,341,531,432,440
5e65fe0c09aaa,b,bo,99,183,373,282,274
5e65fe0c09aaa,o,on,91,125,307,216,216
5e65fe0c09aaa,n,nspace,91,142,315,233,224
5e65fe0c09aaa,space,spacen,82,416,596,498,514
5e65fe0c09aaa,n,na,98,84,332,182,234
5e65fe0c09aaa,a,an,150,49,333,199,183
5e65fe0c09aaa,n,ng,134,158,391,292,257
5e65fe0c09aaa,g,ga,99,141,389,240,290
5e65fe0c09aaa,a,al,149,71,323,220,174
5e65fe0c09aaa,l,le,103,234,427,337,324
5e65fe0c09aaa,e,en,90,24446,24647,24536,24557
5e65fe0c09aaa,n,ni,111,175,376,286,265
5e65fe0c09aaa,i,il,90,208,413,298,323
5e65fe0c09aaa,l,lo,115,110,324,225,209
5e65fe0c09aaa,o,ob,99,166,389,265,290
5e65fe0c09aaa,b,bo,124,167,390,291,266
5e65fe0c09aaa,o,on,99,124,324,223,225
5e65fe0c09aaa,n,nspace,101,149,332,250,231
5e65fe0c09aaa,space,spacen,82,392,565,474,483
5e65fe0c09aaa,n,na,91,116,357,207,266
5e65fe0c09aaa,a,an,150,66,358,216,208
5e65fe0c09aaa,n,ng,142,173,407,315,265
5e65fe0c09aaa,g,gl,92,182,366,274,274
5e65fe0c09aaa,l,la,92,50,275,142,183
5e65fe0c09aaa,a,ae,133,141,356,274,223
5e65fe0c09aaa,e,en,82,32369,32554,32451,32472
5e65fe0c09aaa,n,ni,103,182,375,285,272
5e65fe0c09aaa,i,il,90,176,364,266,274
5e65fe0c09aaa,l,lo,98,101,298,199,200
5e65fe0c09aaa,o,ob,99,192,390,291,291
5e65fe0c09aaa,b,bo,99,166,355,265,256
5e65fe0c09aaa,o,on,90,109,299,199,209
5e65fe0c09aaa,n,nspace,100,183,407,283,307
5e65fe0c09aaa,space,spacen,124,341,582,465,458
5e65fe0c09aaa,n,na,117,99,349,216,232
5e65fe0c09aaa,a,an,133,91,340,224,207
5e65fe0c09aaa,n,ng,116,141,365,257,249
5e65fe0c09aaa,g,gl,108,183,390,291,282
5e65fe0c09aaa,l,la,99,67,299,166,200
5e65fe0c09aaa,a,ae,133,141,355,274,222
5e65fe0c09aaa,e,en,81,315594,315758,315675,315677
5e66004c72402,n,ni,83,234,389,317,306
5e66004c72402,i,il,72,273,463,345,391
5e66004c72402,l,lo,118,116,334,234,216
5e66004c72402,o,ob,100,836,1021,936,921
5e66004c72402,b,bo,85,175,368,260,283
5e66004c72402,o,on,108,150,340,258,232
5e66004c72402,n,nspace,82,333,531,415,449
5e66004c72402,space,spacen,116,225,450,341,334
5e66004c72402,n,na,109,123,365,232,256
5e66004c72402,a,an,133,100,341,233,208
5e66004c72402,n,ng,108,158,339,266,231
5e66004c72402,g,gl,73,209,382,282,309
5e66004c72402,l,la,100,58,257,158,157
5e66004c72402,a,ae,99,184,373,283,274
5e66004c72402,e,eb,90,25057,25213,25147,25123
5e66004c72402,b,bbksp,66,475,647,541,581
5e66004c72402,bksp,bkspn,106,201,432,307,326
5e66004c72402,n,ni,125,166,390,291,265
5e66004c72402,i,il,99,174,389,273,290
5e66004c72402,l,lo,116,92,315,208,199
5e66004c72402,o,ob,107,175,389,282,282
5e66004c72402,b,bo,107,160,374,267,267
5e66004c72402,o,on,107,116,314,223,207
5e66004c72402,n,nspace,91,208,398,299,307
5e66004c72402,space,spacen,99,646,825,745,726
5e66004c72402,n,na,80,114,335,194,255
5e66004c72402,a,an,141,67,308,208,167
5e66004c72402,n,ng,100,140,331,240,231
5e66004c72402,g,gl,91,208,390,299,299
5e66004c72402,l,la,91,101,315,192,224
5e66004c72402,a,ae,123,150,364,273,241
5e66004c72402,e,en,91,25803,25970,25894,25879
5e66004c72402,n,ni,76,216,374,292,298
5e66004c72402,i,il,82,193,381,275,299
5e66004c72402,l,lo,106,109,305,215,199
5e66004c72402,o,ob,90,209,389,299,299
5e66004c72402,b,bo,90,176,366,266,276
5e66004c72402,o,on,100,141,323,241,223
5e66004c72402,n,nn,82,715,896,797,814
5e66004c72402,n,na,99,92,323,191,224
5e66004c72402,a,an,132,93,340,225,208
5e66004c72402,n,ng,115,150,348,265,233
5e66004c72402,g,gl,83,192,374,275,291
5e66004c72402,l,la,99,91,323,190,224
5e66004c72402,a,ae,133,142,365,275,232
5e66004c72402,e,en,90,26884,27083,26974,26993
5e66004c72402,n,ni,109,175,384,284,275
5e66004c72402,i,il,100,175,390,275,290
5e66004c72402,l,lo,115,109,323,224,208
5e66004c72402,o,ob,99,175,372,274,273
5e66004c72402,b,bo,98,176,382,274,284
5e66004c72402,o,on,108,117,323,225,215
5e66004c72402,n,nspace,98,134,322,232,224
5e66004c72402,space,spacen,90,458,639,548,549
5e66004c72402,n,na,91,150,357,241,266
5e66004c72402,a,an,116,91,323,207,207
5e66004c72402,n,ng,116,142,366,258,250
5e66004c72402,g,gl,108,183,390,291,282
5e66004c72402,l,la,99,75,298,174,199
5e66004c72402,a,ae,124,142,357,266,233
5e66004c72402,e,en,91,36789,36957,36880,36866
5e66004c72402,n,ni,77,157,333,234,256
5e66004c72402,i,il,99,167,374,266,275
5e66004c72402,l,lo,108,108,307,216,199
5e66004c72402,o,ob,91,200,382,291,291
5e66004c72402,b,bo,91,183,373,274,282
5e66004c72402,o,on,99,134,315,233,216
5e66004c72402,n,nspace,82,175,347,257,265
5e66004c72402,space,spacen,90,392,581,482,491
5e66004c72402,n,na,99,100,340,199,241
5e66004c72402,a,an,141,69,317,210,176
5e66004c72402,n,ng,107,148,346,255,239
5e66004c72402,g,gl,91,175,377,266,286
5e66004c72402,l,la,111,80,315,191,204
5e66004c72402,a,ae,124,142,364,266,240
5e66004c72402,e,en,98,31138,31321,31236,31223
5e66004c72402,n,ni,85,182,358,267,273
5e66004c72402,i,il,91,184,399,275,308
5e66004c72402,l,lo,124,108,340,232,216
5e66004c72402,o,ob,108,166,373,274,265
5e66004c72402,b,bo,99,167,374,266,275
5e66004c72402,o,on,108,124,332,232,224
5e66004c72402,n,nspace,100,158,340,258,240
5e66004c72402,space,spacen,82,416,607,498,525
5e66004c72402,n,na,109,115,349,224,240
5e66004c72402,a,an,125,99,366,224,241
5e66004c72402,n,ng,142,1126,1337,1268,1195
5e66004c72402,g,gl,69,482,625,551,556
5e66004c72402,l,la,74,150,357,224,283
5e66004c72402,a,ae,133,166,398,299,265
5e66004c72402,e,en,99,31477,31677,31576,31578
5e66004c72402,n,ni,101,142,333,243,232
5e66004c72402,i,il,90,209,399,299,309
5e66004c72402,l,lo,100,83,299,183,199
5e66004c72402,o,ob,116,224,448,340,332
5e66004c72402,b,bo,108,175,391,283,283
5e66004c72402,o,on,108,116,324,224,216
5e66004c72402,n,nspace,100,174,373,274,273
5e66004c72402,space,spacen,99,587,790,686,691
5e66004c72402,n,na,104,99,345,203,241
5e66004c72402,a,an,142,57,316,199,174
5e66004c72402,n,ng,117,124,349,241,232
5e66004c72402,g,gl,108,208,423,316,315
5e66004c72402,l,la,107,134,365,241,258
5e66004c72402,a,ae,124,133,373,257,249
5e66004c72402,e,en,116,33197,33400,33313,33284
5e66004c72402,n,ni,87,166,343,253,256
5e66004c72402,i,il,90,184,382,274,292
5e66004c72402,l,lo,108,108,307,216,199
5e66004c72402,o,ob,91,216,407,307,316
5e66004c72402,b,bo,100,158,356,258,256
5e66004c72402,o,on,98,126,305,224,207
5e66004c72402,n,nmeta1,81,226,457,307,376
5e66004c72402,meta1,meta1normal,150,2469,2723,2619,2573
5e66004c72402,normal,normalspace,104,537,719,641,615
5e66004c72402,space,spacen,78,199,359,277,281
5e66004c72402,n,na,82,646,864,728,782
5e66004c72402,a,an,136,116,360,252,224
5e66004c72402,n,ng,108,142,341,250,233
5e66004c72402,g,gl,91,183,374,274,283
5e66004c72402,l,la,100,49,266,149,166
5e66004c72402,a,ae,117,149,366,266,249
5e66004c72402,e,en,100,28445,28647,28545,28547
5e66004c72402,n,ni,102,166,367,268,265
5e66004c72402,i,il,99,200,407,299,308
5e66004c72402,l,lo,108,100,324,208,216
5e66004c72402,o,ob,116,158,389,274,273
5e66004c72402,b,bo,115,167,390,282,275
5e66004c72402,o,on,108,125,323,233,215
5e66004c72402,n,nmeta1,90,167,449,257,359
5e66004c72402,meta1,meta1space,192,510,780,702,588
5e66004c72402,space,spacenormal,78,375,585,453,507
5e66004c72402,normal,normaln,132,309,532,441,400
5e66004c72402,n,na,91,619,854,710,763
5e66004c72402,a,an,144,242,501,386,357
5e66004c72402,n,ng,115,201,407,316,292
5e66004c72402,g,gl,91,208,399,299,308
5e66004c72402,l,la,100,75,316,175,216
5e66004c72402,a,ae,141,157,381,298,240
5e66004c72402,e,emeta1,83,26413,26597,26496,26514
5e66004c72402,meta1,meta1normal,101,366,583,467,482
5e66004c72402,normal,normaln,116,450,674,566,558
5e66004c72402,n,ni,108,440,622,548,514
5e66004c72402,i,il,74,217,390,291,316
5e66004c72402,l,lo,99,108,297,207,198
5e66004c72402,o,ob,90,168,348,258,258
5e66004c72402,b,bo,90,184,373,274,283
5e66004c72402,o,on,99,117,315,216,216
5e66004c72402,n,nn,99,590,790,689,691
5e66004c72402,n,na,101,249,490,350,389
5e66004c72402,a,am,140,92,365,232,225
5e66004c72402,m,mg,133,159,389,292,256
5e66004c72402,g,gl,97,192,396,289,299
5e66004c72402,l,la,107,85,324,192,217
5e66004c72402,a,ae,132,150,381,282,249
5e66004c72402,e,en,99,66748860,66749056,66748959,66748957
5e6706422bb28,n,ni,97,165,356,262,259
5e6706422bb28,i,il,94,231,427,325,333
5e6706422bb28,l,lb,102,405,593,507,491
5e6706422bb28,b,bo,86,200,377,286,291
5e6706422bb28,o,on,91,132,301,223,210
5e6706422bb28,n,nspace,78,531,695,609,617
5e6706422bb28,space,spacen,86,214,402,300,316
5e6706422bb28,n,na,102,132,360,234,258
5e6706422bb28,a,an,126,139,384,265,258
5e6706422bb28,n,ng,119,166,377,285,258
5e6706422bb28,g,gl,92,190,376,282,284
5e6706422bb28,l,la,94,89,294,183,200
5e6706422bb28,a,ae,111,174,378,285,267
5e6706422bb28,e,en,93,25113,25299,25206,25206
5e6706422bb28,n,ni,93,190,369,283,276
5e6706422bb28,i,il,86,224,428,310,342
5e6706422bb28,l,lb,118,373,584,491,466
5e6706422bb28,b,bo,93,166,351,259,258
5e6706422bb28,o,on,92,140,317,232,225
5e6706422bb28,n,nspace,85,325,485,410,400
5e6706422bb28,space,spacen,75,246,417,321,342
5e6706422bb28,n,na,96,123,338,219,242
5e6706422bb28,a,an,119,139,385,258,266
5e6706422bb28,n,ng,127,156,369,283,242
5e6706422bb28,g,gl,86,181,378,267,292
5e6706422bb28,l,la,111,89,311,200,200
5e6706422bb28,a,ae,111,140,353,251,242
5e6706422bb28,e,eb,102,24062,24258,24164,24156
5e6706422bb28,b,bbksp,94,465,669,559,575
5e6706422bb28,bksp,bkspn,110,173,394,283,284
5e6706422bb28,n,ni,111,165,369,276,258
5e6706422bb28,i,il,93,190,393,283,300
5e6706422bb28,l,lo,110,98,293,208,183
5e6706422bb28,o,ob,85,185,351,270,266
5e6706422bb28,b,bo,81,157,332,238,251
5e6706422bb28,o,on,94,147,327,241,233
5e6706422bb28,n,nmeta1,86,232,400,318,314
5e6706422bb28,meta1,meta1space,82,567,751,649,669
5e6706422bb28,space,spacenormal,102,1015,1201,1117,1099
5e6706422bb28,normal,normaln,84,1056,1226,1140,1142
5e6706422bb28,n,na,86,608,803,694,717
5e6706422bb28,a,an,109,148,359,257,250
5e6706422bb28,n,ng,102,199,386,301,284
5e6706422bb28,g,gl,85,181,352,266,267
5e6706422bb28,l,la,86,89,285,175,199
5e6706422bb28,a,ae,110,149,369,259,259
5e6706422bb28,e,en,110,26921,27133,27031,27023
5e6706422bb28,n,ni,102,199,402,301,300
5e6706422bb28,i,il,101,182,400,283,299
5e6706422bb28,l,lo,117,100,318,217,201
5e6706422bb28,o,ob,101,165,367,266,266
5e6706422bb28,b,bo,101,148,352,249,251
5e6706422bb28,o,on,103,130,327,233,224
5e6706422bb28,n,nspace,94,157,344,251,250
5e6706422bb28,space,spacen,93,207,394,300,301
5e6706422bb28,n,na,94,132,351,226,257
5e6706422bb28,a,an,125,90,325,215,200
5e6706422bb28,n,ng,110,141,343,251,233
5e6706422bb28,g,gl,92,191,384,283,292
5e6706422bb28,l,la,101,74,294,175,193
5e6706422bb28,a,ae,119,182,394,301,275
5e6706422bb28,e,en,93,24756,24949,24849,24856
5e6706422bb28,n,ni,100,308,491,408,391
5e6706422bb28,i,il,83,224,425,307,342
5e6706422bb28,l,lb,118,424,643,542,525
5e6706422bb28,b,bo,101,158,352,259,251
5e6706422bb28,o,on,93,114,310,207,217
5e6706422bb28,n,nspace,103,164,353,267,250
5e6706422bb28,space,spacen,86,472,669,558,583
5e6706422bb28,n,na,111,132,377,243,266
5e6706422bb28,a,an,134,89,343,223,209
5e6706422bb28,n,ng,120,274,468,394,348
5e6706422bb28,g,gl,74,199,384,273,310
5e6706422bb28,l,la,111,89,310,200,199
5e6706422bb28,a,ae,110,150,368,260,258
5e6706422bb28,e,en,108,23878,24091,23986,23983
5e6706422bb28,n,ni,105,207,404,312,299
5e6706422bb28,i,il,92,233,426,325,334
5e6706422bb28,l,lb,101,390,594,491,493
5e6706422bb28,b,bo,103,182,389,285,286
5e6706422bb28,o,on,104,136,343,240,239
5e6706422bb28,n,nspace,103,193,393,296,290
5e6706422bb28,space,spacen,97,282,489,379,392
5e6706422bb28,n,na,110,124,344,234,234
5e6706422bb28,a,an,110,106,343,216,233
5e6706422bb28,n,ng,127,190,410,317,283
5e6706422bb28,g,gl,93,198,393,291,300
5e6706422bb28,l,la,102,123,335,225,233
5e6706422bb28,a,ae,110,158,353,268,243
5e6706422bb28,e,en,85,24064,24266,24149,24181
5e6706422bb28,n,ni,117,170,392,287,275
5e6706422bb28,i,il,105,190,414,295,309
5e6706422bb28,l,lo,119,115,344,234,225
5e6706422bb28,o,ob,110,165,376,275,266
5e6706422bb28,b,bn,101,397,602,498,501
5e6706422bb28,n,nspace,104,139,336,243,232
5e6706422bb28,space,spacen,93,331,535,424,442
5e6706422bb28,n,na,111,124,360,235,249
5e6706422bb28,a,an,125,90,335,215,210
5e6706422bb28,n,ng,120,140,352,260,232
5e6706422bb28,g,gl,92,182,384,274,292
5e6706422bb28,l,la,110,90,301,200,191
5e6706422bb28,a,ae,101,167,344,268,243
5e6706422bb28,e,emeta1,76,23681,23839,23757,23763
5e6706422bb28,meta1,meta1normal,82,583,757,665,675
5e6706422bb28,normal,normaln,92,358,561,450,469
5e6706422bb28,n,ni,111,190,393,301,282
5e6706422bb28,i,il,92,199,401,291,309
5e6706422bb28,l,lo,110,149,372,259,262
5e6706422bb28,o,ob,113,195,410,308,297
5e6706422bb28,b,bo,102,189,402,291,300
5e6706422bb28,o,on,111,114,335,225,224
5e6706422bb28,n,nspace,110,157,351,267,241
5e6706422bb28,space,spacen,84,374,569,458,485
5e6706422bb28,n,na,111,156,377,267,266
5e6706422bb28,a,an,110,106,327,216,217
5e6706422bb28,n,ng,111,149,352,260,241
5e6706422bb28,g,gl,92,198,392,290,300
5e6706422bb28,l,la,102,73,294,175,192
5e6706422bb28,a,ae,119,157,394,276,275
5e6706422bb28,e,en,118,24252,24492,24370,24374
5e6706422bb28,n,ni,122,172,396,294,274
5e6706422bb28,i,il,102,199,427,301,325
5e6706422bb28,l,lo,126,124,360,250,234
5e6706422bb28,o,ob,110,165,388,275,278
5e6706422bb28,b,bo,113,169,385,282,272
5e6706422bb28,o,on,103,114,320,217,217
5e6706422bb28,n,nspace,103,148,335,251,232
5e6706422bb28,space,spacen,84,207,402,291,318
5e6706422bb28,n,na,111,148,369,259,258
5e6706422bb28,a,an,110,89,310,199,200
5e6706422bb28,n,ng,111,165,378,276,267
5e6706422bb28,g,gl,102,197,401,299,299
5e6706422bb28,l,la,102,106,328,208,226
5e6706422bb28,a,ae,120,140,353,260,233
5e6706422bb28,e,en,93,24335,24551,24428,24458
5e6706422bb28,n,ni,123,164,379,287,256
5e6706422bb28,i,il,92,208,417,300,325
5e6706422bb28,l,lo,117,117,342,234,225
5e6706422bb28,o,ob,108,149,368,257,260
5e6706422bb28,b,bo,111,172,392,283,281
5e6706422bb28,o,on,109,124,336,233,227
5e6706422bb28,n,nmeta1,103,256,513,359,410
5e6706422bb28,meta1,meta1normal,154,796,1093,950,939
5e6706422bb28,normal,normalspace,143,273,536,416,393
5e6706422bb28,space,spacen,120,497,703,617,583
5e6706422bb28,n,na,86,148,361,234,275
5e6706422bb28,a,an,127,97,319,224,192
5e6706422bb28,n,ng,95,131,327,226,232
5e6706422bb28,g,gl,101,206,418,307,317
5e6706422bb28,l,la,111,64,302,175,191
5e6706422bb28,a,ae,127,159,411,286,284
5e6706422bb28,e,en,125,32041590,32041788,32041715,32041663
5e67847495322,n,ni,73,226,354,299,281
5e67847495322,i,il,55,259,397,314,342
5e67847495322,l,lo,83,133,290,216,207
5e67847495322,o,ob,74,192,356,266,282
5e67847495322,b,bo,90,193,366,283,276
5e67847495322,o,on,83,140,314,223,231
5e67847495322,n,nspace,91,159,324,250,233
5e67847495322,space,spacen,74,226,398,300,324
5e67847495322,n,na,98,109,297,207,199
5e67847495322,a,an,90,126,332,216,242
5e67847495322,n,ng,116,183,373,299,257
5e67847495322,g,gl,74,209,365,283,291
5e67847495322,l,la,82,17,240,99,158
5e67847495322,a,ae,141,191,430,332,289
5e67847495322,e,en,98,24635,24826,24733,24728
5e67847495322,n,ni,93,183,375,276,282
5e67847495322,i,il,99,208,423,307,324
5e67847495322,l,lo,116,117,331,233,215
5e67847495322,o,ob,98,201,423,299,325
5e67847495322,b,bo,124,176,390,300,266
5e67847495322,o,on,90,150,340,240,250
5e67847495322,n,nspace,100,165,356,265,256
5e67847495322,space,spacen,91,176,374,267,283
5e67847495322,n,na,107,117,340,224,233
5e67847495322,a,an,116,74,331,190,215
5e67847495322,n,ng,141,142,374,283,233
5e67847495322,g,gl,91,192,390,283,299
5e67847495322,l,la,107,53,282,160,175
5e67847495322,a,ae,122,150,397,272,275
5e67847495322,e,en,125,23898,24123,24023,23998
5e67847495322,n,ni,100,175,358,275,258
5e67847495322,i,il,83,175,382,258,299
5e67847495322,l,lo,124,101,323,225,199
5e67847495322,o,ob,98,176,381,274,283
5e67847495322,b,bo,107,167,390,274,283
5e67847495322,o,on,116,133,348,249,232
5e67847495322,n,nspace,99,159,364,258,265
5e67847495322,space,spacen,106,143,365,249,259
5e67847495322,n,na,116,84,324,200,208
5e67847495322,a,an,124,91,330,215,206
5e67847495322,n,ng,115,143,349,258,234
5e67847495322,g,gl,91,200,390,291,299
5e67847495322,l,la,99,76,290,175,191
5e67847495322,a,ae,115,150,363,265,248
5e67847495322,e,en,98,23770,23961,23868,23863
5e67847495322,n,ni,93,192,367,285,274
5e67847495322,i,il,82,192,389,274,307
5e67847495322,l,lo,115,118,331,233,216
5e67847495322,o,ob,98,176,373,274,275
5e67847495322,b,bo,99,175,382,274,283
5e67847495322,o,on,108,141,348,249,240
5e67847495322,n,nspace,99,167,364,266,265
5e67847495322,space,spacen,98,152,365,250,267
5e67847495322,n,na,115,84,339,199,224
5e67847495322,a,an,140,68,315,208,175
5e67847495322,n,ng,107,150,348,257,241
5e67847495322,g,gl,91,191,382,282,291
5e67847495322,l,la,100,18,250,118,150
5e67847495322,a,ae,132,142,390,274,258
5e67847495322,e,emeta1,116,24281,24472,24397,24356
5e67847495322,meta1,meta1normal,75,384,566,459,491
5e67847495322,normal,normaln,107,441,648,548,541
5e67847495322,n,ni,100,177,356,277,256
5e67847495322,i,il,79,184,381,263,302
5e67847495322,l,lo,118,89,315,207,197
5e67847495322,o,ob,108,149,357,257,249
5e67847495322,b,bo,100,167,358,267,258
5e67847495322,o,on,91,133,331,224,240
5e67847495322,n,nspace,107,159,356,266,249
5e67847495322,space,spacen,90,184,389,274,299
5e67847495322,n,na,115,84,342,199,227
5e67847495322,a,an,143,65,316,208,173
5e67847495322,n,ng,108,132,341,240,233
5e67847495322,g,gl,101,176,374,277,273
5e67847495322,l,la,97,100,313,197,216
5e67847495322,a,ae,116,125,350,241,234
5e67847495322,e,en,109,28043,28263,28152,28154
5e67847495322,n,ni,111,150,351,261,240
5e67847495322,i,il,90,200,405,290,315
5e67847495322,l,lo,115,101,315,216,200
5e67847495322,o,ob,99,150,357,249,258
5e67847495322,b,bo,108,167,382,275,274
5e67847495322,o,on,107,125,314,232,207
5e67847495322,n,nspace,82,159,349,241,267
5e67847495322,space,spacen,108,166,390,274,282
5e67847495322,n,na,116,117,357,233,241
5e67847495322,a,an,124,75,315,199,191
5e67847495322,n,ng,116,133,340,249,224
5e67847495322,g,gl,91,167,373,258,282
5e67847495322,l,la,115,93,340,208,225
5e67847495322,a,ae,132,166,440,298,308
5e67847495322,e,en,142,24199,24453,24341,24311
5e67847495322,n,ni,112,191,393,303,281
5e67847495322,i,il,90,175,374,265,284
5e67847495322,l,lo,109,124,324,233,215
5e67847495322,o,ob,91,175,374,266,283
5e67847495322,b,bo,108,166,373,274,265
5e67847495322,o,on,99,117,324,216,225
5e67847495322,n,nspace,108,133,340,241,232
5e67847495322,space,spacen,99,175,398,274,299
5e67847495322,n,na,124,84,357,208,233
5e67847495322,a,an,149,66,331,215,182
5e67847495322,n,ng,116,142,358,258,242
5e67847495322,g,gl,100,199,389,299,289
5e67847495322,l,la,90,110,340,200,250
5e67847495322,a,ae,140,125,373,265,233
5e67847495322,e,en,108,26179,26380,26287,26272
5e67847495322,n,ni,93,142,325,235,232
5e67847495322,i,il,90,159,365,249,275
5e67847495322,l,lo,116,108,331,224,215
5e67847495322,o,ob,107,184,382,291,275
5e67847495322,b,bo,91,174,356,265,265
5e67847495322,o,on,91,117,316,208,225
5e67847495322,n,nspace,108,149,350,257,242
5e67847495322,space,spacen,93,157,358,250,265
5e67847495322,n,na,108,83,348,191,240
5e67847495322,a,an,157,50,333,207,176
5e67847495322,n,ng,126,141,366,267,240
5e67847495322,g,gl,99,191,397,290,298
5e67847495322,l,la,107,126,383,233,276
5e67847495322,a,ae,150,141,398,291,248
5e67847495322,e,en,107,22958,23169,23065,23062
5e67847495322,n,na,104,520,768,624,664
5e67847495322,a,abksp,144,490,732,634,588
5e67847495322,bksp,bkspi,98,176,355,274,257
5e67847495322,i,il,81,168,356,249,275
5e67847495322,l,lo,107,100,299,207,192
5e67847495322,o,ob,92,349,532,441,440
5e67847495322,b,bo,91,141,340,232,249
5e67847495322,o,on,108,117,315,225,207
5e67847495322,n,nspace,90,142,341,232,251
5e67847495322,space,spacen,109,149,391,258,282
5e67847495322,n,na,133,67,360,200,227
5e67847495322,a,an,160,64,356,224,196
5e67847495322,n,ng,132,969,1196,1101,1064
5e67847495322,g,gl,95,200,393,295,298
5e67847495322,l,la,98,93,348,191,250
5e67847495322,a,ae,157,134,398,291,241
5e67847495322,e,en,107,24493,24705,24600,24598
5e67847495322,n,ni,105,382,570,487,465
5e67847495322,i,il,83,158,357,241,274
5e67847495322,l,lo,116,84,290,200,174
5e67847495322,o,ob,90,134,332,224,242
5e67847495322,b,bo,108,150,357,258,249
5e67847495322,o,on,99,140,322,239,223
5e67847495322,n,nspace,83,126,316,209,233
5e67847495322,space,spacen,107,192,415,299,308
5e67847495322,n,na,116,67,350,183,234
5e67847495322,a,an,167,41,332,208,165
5e67847495322,n,ng,124,167,398,291,274
5e67847495322,g,gl,107,142,356,249,249
5e67847495322,l,la,107,76,316,183,209
5e67847495322,a,ae,133,125,389,258,256
5e67847495322,e,en,131,165177129,165177321,165177260,165177190
5e6a0ab42169b,n,ni,61,198,325,259,264
5e6a0ab42169b,i,il,66,270,400,336,334
5e6a0ab42169b,l,lo,64,128,280,192,216
5e6a0ab42169b,o,ob,88,220,387,308,299
5e6a0ab42169b,b,bo,79,183,348,262,269
5e6a0ab42169b,o,on,86,165,335,251,249
5e6a0ab42169b,n,nn,84,817,999,901,915
5e6a0ab42169b,n,na,98,140,368,238,270
5e6a0ab42169b,a,an,130,38,280,168,150
5e6a0ab42169b,n,ng,112,132,329,244,217
5e6a0ab42169b,g,gl,85,182,368,267,283
5e6a0ab42169b,l,la,101,90,301,191,200
5e6a0ab42169b,a,an,110,25933,26128,26043,26018
5e6a0ab42169b,n,ni,85,169,333,254,248
5e6a0ab42169b,i,il,79,196,332,275,253
5e6a0ab42169b,l,lb,57,472,590,529,533
5e6a0ab42169b,b,bo,61,186,327,247,266
5e6a0ab42169b,o,on,80,167,312,247,232
5e6a0ab42169b,n,nspace,65,151,316,216,251
5e6a0ab42169b,space,spacen,100,165,331,265,231
5e6a0ab42169b,n,na,66,169,303,235,237
5e6a0ab42169b,a,an,68,91,249,159,181
5e6a0ab42169b,n,ng,90,153,323,243,233
5e6a0ab42169b,g,gl,80,170,348,250,268
5e6a0ab42169b,l,la,98,72,267,170,169
5e6a0ab42169b,a,abksp,97,1218,1396,1315,1299
5e6a0ab42169b,bksp,bkspe,81,150,397,231,316
5e6a0ab42169b,e,en,166,25232,25468,25398,25302
5e6a0ab42169b,n,ni,70,165,319,235,249
5e6a0ab42169b,i,il,84,194,368,278,284
5e6a0ab42169b,l,lo,90,132,306,222,216
5e6a0ab42169b,o,ob,84,216,402,300,318
5e6a0ab42169b,b,bo,102,165,351,267,249
5e6a0ab42169b,o,on,84,148,318,232,234
5e6a0ab42169b,n,nn,86,645,820,731,734
5e6a0ab42169b,n,na,89,111,339,200,250
5e6a0ab42169b,a,an,139,35,286,174,147
5e6a0ab42169b,n,ng,112,155,347,267,235
5e6a0ab42169b,g,gl,80,172,348,252,268
5e6a0ab42169b,l,la,96,129,329,225,233
5e6a0ab42169b,a,ae,104,185,386,289,282
5e6a0ab42169b,e,en,97,26571,26765,26668,26668
5e6a0ab42169b,n,ni,97,249,399,346,302
5e6a0ab42169b,i,il,53,253,401,306,348
5e6a0ab42169b,l,lb,95,533,714,628,619
5e6a0ab42169b,b,bo,86,161,352,247,266
5e6a0ab42169b,o,on,105,131,321,236,216
5e6a0ab42169b,n,nspace,85,404,583,489,498
5e6a0ab42169b,space,spacen,94,222,396,316,302
5e6a0ab42169b,n,na,80,122,348,202,268
5e6a0ab42169b,a,an,146,57,330,203,184
5e6a0ab42169b,n,ng,127,159,374,286,247
5e6a0ab42169b,g,gl,88,185,373,273,285
5e6a0ab42169b,l,la,100,75,302,175,202
5e6a0ab42169b,a,ae,127,169,391,296,264
5e6a0ab42169b,e,eb,95,25301,25466,25396,25371
5e6a0ab42169b,b,bbksp,70,501,668,571,598
5e6a0ab42169b,bksp,bkspn,97,199,382,296,285
5e6a0ab42169b,n,ni,86,169,351,255,265
5e6a0ab42169b,i,il,96,171,377,267,281
5e6a0ab42169b,l,lb,110,409,630,519,520
5e6a0ab42169b,b,bo,111,148,363,259,252
5e6a0ab42169b,o,on,104,200,336,304,232
5e6a0ab42169b,n,nspace,32,158,297,190,265
5e6a0ab42169b,space,spacen,107,352,557,459,450
5e6a0ab42169b,n,na,98,138,386,236,288
5e6a0ab42169b,a,an,150,563,816,713,666
5e6a0ab42169b,n,ng,103,231,399,334,296
5e6a0ab42169b,g,gl,65,197,382,262,317
5e6a0ab42169b,l,la,120,91,337,211,217
5e6a0ab42169b,a,ae,126,169,375,295,249
5e6a0ab42169b,e,en,80,24569,24714,24649,24634
5e6a0ab42169b,n,ni,65,184,315,249,250
5e6a0ab42169b,i,il,66,220,384,286,318
5e6a0ab42169b,l,lb,98,430,616,528,518
5e6a0ab42169b,b,bo,88,184,354,272,266
5e6a0ab42169b,o,on,82,165,313,247,231
5e6a0ab42169b,n,nspace,66,150,319,216,253
5e6a0ab42169b,space,spacen,103,181,369,284,266
5e6a0ab42169b,n,na,85,149,368,234,283
5e6a0ab42169b,a,an,134,55,302,189,168
5e6a0ab42169b,n,ng,113,148,347,261,234
5e6a0ab42169b,g,gl,86,180,366,266,280
5e6a0ab42169b,l,la,100,52,285,152,185
5e6a0ab42169b,a,ae,133,153,417,286,284
5e6a0ab42169b,e,en,131,24723,24900,24854,24769
5e6a0ab42169b,n,ni,46,201,327,247,281
5e6a0ab42169b,i,il,80,243,396,323,316
5e6a0ab42169b,l,lb,73,460,593,533,520
5e6a0ab42169b,b,bo,60,167,308,227,248
5e6a0ab42169b,o,on,81,134,312,215,231
5e6a0ab42169b,n,nspace,97,139,336,236,239
5e6a0ab42169b,space,spacebksp,100,1991,2163,2091,2063
5e6a0ab42169b,bksp,bkspbksp,72,129,273,201,201
5e6a0ab42169b,bksp,bkspbksp,72,91,254,163,182
5e6a0ab42169b,bksp,bkspbksp,91,113,276,204,185
5e6a0ab42169b,bksp,bkspo,72,887,1022,959,950
5e6a0ab42169b,o,ob,63,386,528,449,465
5e6a0ab42169b,b,bn,79,422,581,501,502
5e6a0ab42169b,n,nspace,80,167,329,247,249
5e6a0ab42169b,space,spacen,82,300,486,382,404
5e6a0ab42169b,n,na,104,115,369,219,265
5e6a0ab42169b,a,an,150,66,329,216,179
5e6a0ab42169b,n,ng,113,158,364,271,251
5e6a0ab42169b,g,gl,93,181,361,274,268
5e6a0ab42169b,l,la,87,72,271,159,184
5e6a0ab42169b,a,ae,112,165,377,277,265
5e6a0ab42169b,e,en,100,26321,26535,26421,26435
5e6a0ab42169b,n,ni,114,171,365,285,251
5e6a0ab42169b,i,il,80,194,380,274,300
5e6a0ab42169b,l,lo,106,133,341,239,235
5e6a0ab42169b,o,ob,102,189,382,291,280
5e6a0ab42169b,b,bo,91,152,359,243,268
5e6a0ab42169b,o,on,116,146,348,262,232
5e6a0ab42169b,n,nspace,86,154,340,240,254
5e6a0ab42169b,space,spacen,100,180,398,280,298
5e6a0ab42169b,n,na,118,115,392,233,274
5e6a0ab42169b,a,an,159,60,351,219,192
5e6a0ab42169b,n,ng,132,145,381,277,249
5e6a0ab42169b,g,gl,104,166,372,270,268
5e6a0ab42169b,l,la,102,91,319,193,217
5e6a0ab42169b,a,ae,126,148,393,274,267
5e6a0ab42169b,e,en,119,24586,24754,24705,24635
5e6a0ab42169b,n,ni,49,167,299,216,250
5e6a0ab42169b,i,il,83,219,381,302,298
5e6a0ab42169b,l,lb,79,426,597,505,518
5e6a0ab42169b,b,bo,92,175,358,267,266
5e6a0ab42169b,o,on,91,167,324,258,233
5e6a0ab42169b,n,nspace,66,153,317,219,251
5e6a0ab42169b,space,spacen,98,171,383,269,285
5e6a0ab42169b,n,na,114,143,381,257,267
5e6a0ab42169b,a,an,124,54,274,178,150
5e6a0ab42169b,n,ng,96,147,345,243,249
5e6a0ab42169b,g,gl,102,163,370,265,268
5e6a0ab42169b,l,la,105,20,268,125,163
5e6a0ab42169b,a,ae,143,138,395,281,252
5e6a0ab42169b,e,en,114,24405,24602,24519,24488
5e6a0ab42169b,n,ni,83,200,362,283,279
5e6a0ab42169b,i,il,79,185,381,264,302
5e6a0ab42169b,l,lb,117,388,615,505,498
5e6a0ab42169b,b,bn,110,405,612,515,502
5e6a0ab42169b,n,nspace,97,151,364,248,267
5e6a0ab42169b,space,spacen,116,177,382,293,266
5e6a0ab42169b,n,na,89,132,356,221,267
5e6a0ab42169b,a,an,135,38,302,173,167
5e6a0ab42169b,n,ng,129,152,360,281,231
5e6a0ab42169b,g,gl,79,150,348,229,269
5e6a0ab42169b,l,la,119,77,303,196,184
5e6a0ab42169b,a,ae,107,182,375,289,268
5e6a0ab42169b,e,en,86,58388,58539,58474,58453
5e6a0bff7e21c,n,ni,65,194,343,259,278
5e6a0bff7e21c,i,io,84,389,552,473,468
5e6a0bff7e21c,o,ob,79,468,597,547,518
5e6a0bff7e21c,b,bo,50,166,315,216,265
5e6a0bff7e21c,o,on,99,152,333,251,234
5e6a0bff7e21c,n,nspace,82,244,399,326,317
5e6a0bff7e21c,space,spacen,73,165,321,238,248
5e6a0bff7e21c,n,na,83,168,369,251,286
5e6a0bff7e21c,a,an,118,90,319,208,201
5e6a0bff7e21c,n,ng,111,163,340,274,229
5e6a0bff7e21c,g,gl,66,203,350,269,284
5e6a0bff7e21c,l,la,81,72,266,153,185
5e6a0bff7e21c,a,ae,113,183,394,296,281
5e6a0bff7e21c,e,en,98,27960,28152,28058,28054
5e6a0bff7e21c,n,ni,94,155,358,249,264
5e6a0bff7e21c,i,io,109,372,577,481,468
5e6a0bff7e21c,o,ob,96,216,413,312,317
5e6a0bff7e21c,b,bo,101,168,367,269,266
5e6a0bff7e21c,o,on,98,126,313,224,215
5e6a0bff7e21c,n,nbksp,89,1152,1325,1241,1236
5e6a0bff7e21c,bksp,bkspbksp,84,133,299,217,215
5e6a0bff7e21c,bksp,bkspbksp,82,132,284,214,202
5e6a0bff7e21c,bksp,bkspbksp,70,145,305,215,235
5e6a0bff7e21c,bksp,bkspo,90,628,805,718,715
5e6a0bff7e21c,o,ob,87,344,520,431,433
5e6a0bff7e21c,b,bo,89,480,674,569,585
5e6a0bff7e21c,o,on,105,181,370,286,265
5e6a0bff7e21c,n,nspace,84,556,751,640,667
5e6a0bff7e21c,space,spacen,111,181,393,292,282
5e6a0bff7e21c,n,na,101,119,321,220,220
5e6a0bff7e21c,a,ag,101,303,499,404,398
5e6a0bff7e21c,g,gl,95,184,360,279,265
5e6a0bff7e21c,l,la,81,109,266,190,185
5e6a0bff7e21c,a,ae,76,164,341,240,265
5e6a0bff7e21c,e,ebksp,101,1029,1218,1130,1117
5e6a0bff7e21c,bksp,bkspbksp,88,117,287,205,199
5e6a0bff7e21c,bksp,bkspbksp,82,99,282,181,200
5e6a0bff7e21c,bksp,bkspbksp,101,119,337,220,236
5e6a0bff7e21c,bksp,bkspbksp,117,335,533,452,416
5e6a0bff7e21c,bksp,bkspn,81,1113,1280,1194,1199
5e6a0bff7e21c,n,ng,86,531,722,617,636
5e6a0bff7e21c,g,gl,105,233,438,338,333
5e6a0bff7e21c,l,la,100,75,333,175,233
5e6a0bff7e21c,a,ae,158,220,488,378,330
5e6a0bff7e21c,e,en,110,29141,29347,29251,29237
5e6a0bff7e21c,n,ni,96,201,377,297,281
5e6a0bff7e21c,i,il,80,389,548,469,468
5e6a0bff7e21c,l,lo,79,134,313,213,234
5e6a0bff7e21c,o,ob,100,218,417,318,317
5e6a0bff7e21c,b,bo,99,181,387,280,288
5e6a0bff7e21c,o,on,107,122,338,229,231
5e6a0bff7e21c,n,nn,109,699,911,808,802
5e6a0bff7e21c,n,na,103,128,365,231,262
5e6a0bff7e21c,a,an,134,90,320,224,186
5e6a0bff7e21c,n,ng,96,158,343,254,247
5e6a0bff7e21c,g,gl,89,185,375,274,286
5e6a0bff7e21c,l,la,101,106,316,207,215
5e6a0bff7e21c,a,ae,109,152,356,261,247
5e6a0bff7e21c,e,en,95,24455,24632,24550,24537
5e6a0bff7e21c,n,ni,82,200,383,282,301
5e6a0bff7e21c,i,io,101,403,600,504,499
5e6a0bff7e21c,o,ob,96,161,363,257,267
5e6a0bff7e21c,b,bo,106,156,373,262,267
5e6a0bff7e21c,o,on,111,125,310,236,199
5e6a0bff7e21c,n,nspace,74,145,292,219,218
5e6a0bff7e21c,space,spacen,73,432,590,505,517
5e6a0bff7e21c,n,na,85,109,335,194,250
5e6a0bff7e21c,a,an,141,76,307,217,166
5e6a0bff7e21c,n,ng,90,148,322,238,232
5e6a0bff7e21c,g,gl,84,185,351,269,267
5e6a0bff7e21c,l,la,82,93,300,175,218
5e6a0bff7e21c,a,ae,125,169,373,294,248
5e6a0bff7e21c,e,en,79,25672,25817,25751,25738
5e6a0bff7e21c,n,ni,66,733,866,799,800
5e6a0bff7e21c,i,il,67,198,365,265,298
5e6a0bff7e21c,l,lo,100,125,315,225,215
5e6a0bff7e21c,o,ob,90,202,374,292,284
5e6a0bff7e21c,b,bo,82,182,348,264,266
5e6a0bff7e21c,o,on,84,109,285,193,201
5e6a0bff7e21c,n,nspace,92,219,394,311,302
5e6a0bff7e21c,space,spacen,83,228,398,311,315
5e6a0bff7e21c,n,na,87,111,288,198,201
5e6a0bff7e21c,a,an,90,71,256,161,166
5e6a0bff7e21c,n,ng,95,168,328,263,233
5e6a0bff7e21c,g,gl,65,162,315,227,250
5e6a0bff7e21c,l,la,88,37,256,125,168
5e6a0bff7e21c,a,ae,131,130,362,261,231
5e6a0bff7e21c,e,en,101,27544,27738,27645,27637
5e6a0bff7e21c,n,ni,93,198,392,291,299
5e6a0bff7e21c,i,il,101,218,419,319,318
5e6a0bff7e21c,l,lo,100,131,316,231,216
5e6a0bff7e21c,o,ob,85,502,652,587,567
5e6a0bff7e21c,b,bo,65,164,331,229,266
5e6a0bff7e21c,o,on,102,135,300,237,198
5e6a0bff7e21c,n,nspace,63,129,282,192,219
5e6a0bff7e21c,space,spacen,90,163,340,253,250
5e6a0bff7e21c,n,na,87,77,288,164,201
5e6a0bff7e21c,a,an,124,86,324,210,200
5e6a0bff7e21c,n,ng,114,121,330,235,216
5e6a0bff7e21c,g,gl,95,184,362,279,267
5e6a0bff7e21c,l,la,83,90,284,173,201
5e6a0bff7e21c,a,ae,111,167,376,278,265
5e6a0bff7e21c,e,en,98,27535,27720,27633,27622
5e6a0bff7e21c,n,ni,87,191,366,278,279
5e6a0bff7e21c,i,il,88,184,355,272,267
5e6a0bff7e21c,l,lo,83,152,317,235,234
5e6a0bff7e21c,o,ob,82,201,365,283,283
5e6a0bff7e21c,b,bn,82,390,565,472,483
5e6a0bff7e21c,n,nbksp,93,784,928,877,835
5e6a0bff7e21c,bksp,bkspbksp,51,316,467,367,416
5e6a0bff7e21c,bksp,bkspo,100,602,782,702,682
5e6a0bff7e21c,o,on,80,231,397,311,317
5e6a0bff7e21c,n,nspace,86,266,421,352,335
5e6a0bff7e21c,space,spacen,69,466,619,535,550
5e6a0bff7e21c,n,na,84,118,319,202,235
5e6a0bff7e21c,a,an,117,89,279,206,162
5e6a0bff7e21c,n,ng,73,152,308,225,235
5e6a0bff7e21c,g,gl,83,445,617,528,534
5e6a0bff7e21c,l,la,89,93,323,182,234
5e6a0bff7e21c,a,ae,141,131,390,272,249
5e6a0bff7e21c,e,en,118,24760,24986,24878,24868
5e6a0bff7e21c,n,ni,108,201,391,309,283
5e6a0bff7e21c,i,il,82,182,385,264,303
5e6a0bff7e21c,l,lo,121,108,336,229,215
5e6a0bff7e21c,o,ob,107,183,373,290,266
5e6a0bff7e21c,b,bo,83,203,383,286,300
5e6a0bff7e21c,o,on,97,123,314,220,217
5e6a0bff7e21c,n,nmeta1,94,2806,2993,2900,2899
5e6a0bff7e21c,meta1,meta1meta2,93,235,441,328,348
5e6a0bff7e21c,meta2,meta2_,113,170,380,283,267
5e6a0bff7e21c,_,_normal,97,254,481,351,384
5e6a0bff7e21c,normal,normaln,130,535,780,665,650
5e6a0bff7e21c,n,na,115,137,399,252,284
5e6a0bff7e21c,a,an,147,35,297,182,150
5e6a0bff7e21c,n,ng,115,153,365,268,250
5e6a0bff7e21c,g,gl,97,152,363,249,266
5e6a0bff7e21c,l,la,114,35,297,149,183
5e6a0bff7e21c,a,ae,148,136,397,284,249
5e6a0bff7e21c,e,en,113,28906,29101,29019,28988
5e6a0bff7e21c,n,ni,82,201,398,283,316
5e6a0bff7e21c,i,ib,115,684,912,799,797
5e6a0bff7e21c,b,bo,113,171,398,284,285
5e6a0bff7e21c,o,ospace,114,119,346,233,232
5e6a0bff7e21c,space,spacebksp,113,904,1115,1017,1002
5e6a0bff7e21c,bksp,bkspn,98,685,865,783,767
5e6a0bff7e21c,n,nspace,82,252,431,334,349
5e6a0bff7e21c,space,spacen,97,769,964,866,867
5e6a0bff7e21c,n,na,98,220,464,318,366
5e6a0bff7e21c,a,an,146,101,345,247,199
5e6a0bff7e21c,n,ng,98,136,348,234,250
5e6a0bff7e21c,g,gl,114,137,364,251,250
5e6a0bff7e21c,l,la,113,36,265,149,152
5e6a0bff7e21c,a,ae,116,167,397,283,281
5e6a0bff7e21c,e,en,114,24458,24669,24572,24555
5e6a0bff7e21c,n,ni,97,201,397,298,300
5e6a0bff7e21c,i,il,99,201,417,300,318
5e6a0bff7e21c,l,lb,117,450,679,567,562
5e6a0bff7e21c,b,bo,112,141,367,253,255
5e6a0bff7e21c,o,on,114,125,328,239,214
5e6a0bff7e21c,n,nbksp,89,984,1141,1073,1052
5e6a0bff7e21c,bksp,bkspbksp,68,129,300,197,232
5e6a0bff7e21c,bksp,bkspbksp,103,92,303,195,200
5e6a0bff7e21c,bksp,bkspo,108,648,825,756,717
5e6a0bff7e21c,o,ob,69,431,585,500,516
5e6a0bff7e21c,b,bn,85,473,653,558,568
5e6a0bff7e21c,n,nspace,95,216,395,311,300
5e6a0bff7e21c,space,spacen,84,399,552,483,468
5e6a0bff7e21c,n,na,69,168,352,237,283
5e6a0bff7e21c,a,an,115,76,280,191,165
5e6a0bff7e21c,n,ng,89,149,322,238,233
5e6a0bff7e21c,g,gl,84,178,368,262,284
5e6a0bff7e21c,l,la,106,55,290,161,184
5e6a0bff7e21c,a,ae,129,143,395,272,266
5e6a0bff7e21c,e,en,123,49352785,49352987,49352908,49352864
5e6acdf59a953,n,ni,79,177,346,256,267
5e6acdf59a953,i,il,90,201,397,291,307
5e6acdf59a953,l,lo,106,109,304,215,198
5e6acdf59a953,o,ob,89,185,348,274,259
5e6acdf59a953,b,bo,74,167,340,241,266
5e6acdf59a953,o,on,99,125,314,224,215
5e6acdf59a953,n,nspace,90,159,323,249,233
5e6acdf59a953,space,spacen,74,416,580,490,506
5e6acdf59a953,n,na,90,85,316,175,226
5e6acdf59a953,a,an,141,33,297,174,156
5e6acdf59a953,n,ng,123,135,355,258,232
5e6acdf59a953,g,gl,97,160,363,257,266
5e6acdf59a953,l,la,106,44,265,150,159
5e6acdf59a953,a,ae,115,150,355,265,240
5e6acdf59a953,e,en,90,24481,24674,24571,24584
5e6acdf59a953,n,ni,103,175,376,278,273
5e6acdf59a953,i,il,98,192,405,290,307
5e6acdf59a953,l,lo,115,109,331,224,216
5e6acdf59a953,o,ob,107,167,389,274,282
5e6acdf59a953,b,bo,115,168,390,283,275
5e6acdf59a953,o,on,107,117,337,224,230
5e6acdf59a953,n,nspace,113,144,346,257,233
5e6acdf59a953,space,spacen,89,169,373,258,284
5e6acdf59a953,n,na,115,93,314,208,199
5e6acdf59a953,a,an,106,68,297,174,191
5e6acdf59a953,n,ng,123,142,367,265,244
5e6acdf59a953,g,gl,102,147,365,249,263
5e6acdf59a953,l,la,116,76,299,192,183
5e6acdf59a953,a,ae,107,185,388,292,281
5e6acdf59a953,e,en,96,24457,24654,24553,24558
5e6acdf59a953,n,ni,101,193,392,294,291
5e6acdf59a953,i,il,98,209,423,307,325
5e6acdf59a953,l,lo,116,100,339,216,223
5e6acdf59a953,o,ob,123,151,397,274,274
5e6acdf59a953,b,bo,123,168,405,291,282
5e6acdf59a953,o,on,114,126,356,240,242
5e6acdf59a953,n,nspace,116,141,339,257,223
5e6acdf59a953,space,spacen,82,185,383,267,301
5e6acdf59a953,n,na,116,91,330,207,214
5e6acdf59a953,a,am,123,43,298,166,175
5e6acdf59a953,m,mg,132,142,382,274,250
5e6acdf59a953,g,gl,108,150,366,258,258
5e6acdf59a953,l,la,108,25,282,133,174
5e6acdf59a953,a,ae,149,125,364,274,215
5e6acdf59a953,e,en,90,25289,25489,25379,25399
5e6acdf59a953,n,ni,110,175,375,285,265
5e6acdf59a953,i,il,90,184,397,274,307
5e6acdf59a953,l,lo,123,109,348,232,225
5e6acdf59a953,o,ob,116,150,381,266,265
5e6acdf59a953,b,bo,115,193,415,308,300
5e6acdf59a953,o,on,107,125,348,232,241
5e6acdf59a953,n,nspace,116,108,323,224,207
5e6acdf59a953,space,spacen,99,167,389,266,290
5e6acdf59a953,n,na,123,93,349,216,226
5e6acdf59a953,a,an,133,16,282,149,149
5e6acdf59a953,n,ng,133,117,366,250,233
5e6acdf59a953,g,gl,116,133,372,249,256
5e6acdf59a953,l,la,123,26,281,149,158
5e6acdf59a953,a,ae,132,142,406,274,274
5e6acdf59a953,e,en,132,23331,23572,23463,23440
5e6acdf59a953,n,ni,109,181,383,290,274
5e6acdf59a953,i,il,93,192,409,285,316
5e6acdf59a953,l,lo,124,101,340,225,216
5e6acdf59a953,o,ob,115,175,406,290,291
5e6acdf59a953,b,bo,116,166,390,282,274
5e6acdf59a953,o,on,108,117,332,225,224
5e6acdf59a953,n,nspace,107,167,363,274,256
5e6acdf59a953,space,spacen,89,186,406,275,317
5e6acdf59a953,n,na,131,84,373,215,242
5e6acdf59a953,a,ag,158,232,498,390,340
5e6acdf59a953,g,gl,108,167,381,275,273
5e6acdf59a953,l,la,106,85,323,191,217
5e6acdf59a953,a,ae,132,134,356,266,224
5e6acdf59a953,e,en,90,23306,23514,23396,23424
5e6acdf59a953,n,ni,118,175,400,293,282
5e6acdf59a953,i,il,107,167,389,274,282
5e6acdf59a953,l,lo,115,109,339,224,224
5e6acdf59a953,o,ob,115,184,398,299,283
5e6acdf59a953,b,bo,99,183,397,282,298
5e6acdf59a953,o,on,115,110,340,225,225
5e6acdf59a953,n,nspace,115,126,331,241,216
5e6acdf59a953,space,spacen,90,159,381,249,291
5e6acdf59a953,n,na,132,85,365,217,233
5e6acdf59a953,a,an,148,10,289,158,141
5e6acdf59a953,n,ng,131,134,372,265,241
5e6acdf59a953,g,gl,107,159,398,266,291
5e6acdf59a953,l,la,132,25,273,157,141
5e6acdf59a953,a,ae,116,159,374,275,258
5e6acdf59a953,e,en,99,23997,24196,24096,24097
5e6acdf59a953,n,ni,100,200,398,300,298
5e6acdf59a953,i,il,98,193,414,291,316
5e6acdf59a953,l,lo,123,118,348,241,225
5e6acdf59a953,o,ob,107,167,406,274,299
5e6acdf59a953,b,bo,132,159,406,291,274
5e6acdf59a953,o,on,115,109,330,224,215
5e6acdf59a953,n,nspace,106,110,323,216,217
5e6acdf59a953,space,spacen,107,143,381,250,274
5e6acdf59a953,n,na,131,84,364,215,233
5e6acdf59a953,a,an,149,17,298,166,149
5e6acdf59a953,n,ng,132,134,365,266,233
5e6acdf59a953,g,gl,99,158,372,257,273
5e6acdf59a953,l,la,115,26,274,141,159
5e6acdf59a953,a,ae,133,134,365,267,232
5e6acdf59a953,e,en,98,23140,23331,23238,23233
5e6acdf59a953,n,ni,93,160,343,253,250
5e6acdf59a953,i,il,90,158,355,248,265
5e6acdf59a953,l,lo,107,102,323,209,216
5e6acdf59a953,o,ob,114,176,389,290,275
5e6acdf59a953,b,bo,99,183,389,282,290
5e6acdf59a953,o,on,107,93,297,200,190
5e6acdf59a953,n,nspace,97,185,364,282,267
5e6acdf59a953,space,spacen,82,159,365,241,283
5e6acdf59a953,n,na,124,92,348,216,224
5e6acdf59a953,a,am,132,17,265,149,133
5e6acdf59a953,m,mg,116,151,357,267,241
5e6acdf59a953,g,gl,90,125,330,215,240
5e6acdf59a953,l,la,115,26,282,141,167
5e6acdf59a953,a,ae,141,125,356,266,215
5e6acdf59a953,e,en,90,23683,23876,23773,23786
5e6acdf59a953,n,ni,103,142,343,245,240
5e6acdf59a953,i,il,98,168,380,266,282
5e6acdf59a953,l,lo,114,93,313,207,199
5e6acdf59a953,o,ob,106,168,381,274,275
5e6acdf59a953,b,bo,107,159,364,266,257
5e6acdf59a953,o,on,98,101,307,199,209
5e6acdf59a953,n,nspace,108,108,324,216,216
5e6acdf59a953,space,spacen,108,133,364,241,256
5e6acdf59a953,n,na,123,85,365,208,242
5e6acdf59a953,a,an,157,17,307,174,150
5e6acdf59a953,n,ng,133,125,366,258,233
5e6acdf59a953,g,gl,108,133,364,241,256
5e6acdf59a953,l,la,123,27,282,150,159
5e6acdf59a953,a,ae,132,133,371,265,239
5e6acdf59a953,e,en,106,23147,23346,23253,23240
5e6acdf59a953,n,ni,93,167,366,260,273
5e6acdf59a953,i,il,106,160,372,266,266
5e6acdf59a953,l,lo,106,102,306,208,200
5e6acdf59a953,o,ob,98,159,364,257,266
5e6acdf59a953,b,bo,107,167,381,274,274
5e6acdf59a953,o,on,107,109,331,216,224
5e6acdf59a953,n,nspace,115,118,322,233,207
5e6acdf59a953,space,spacen,89,160,382,249,293
5e6acdf59a953,n,na,133,58,324,191,191
5e6acdf59a953,a,an,133,33,273,166,140
5e6acdf59a953,n,ng,107,134,332,241,225
5e6acdf59a953,g,gl,91,133,348,224,257
5e6acdf59a953,l,la,124,34,298,158,174
5e6acdf59a953,a,ae,140,126,381,266,241
5e6acdf59a953,e,ep,115,98575664,98575997,98575779,98575882
5e6c4ffb84dc5,p,pa,218,440,823,658,605
5e6c4ffb84dc5,a,at,165,467,851,632,686
5e6c4ffb84dc5,t,tt,219,164,545,383,326
5e6c4ffb84dc5,t,ta,162,371,710,533,548
5e6c4ffb84dc5,a,ar,177,290,626,467,449
5e6c4ffb84dc5,r,ra,159,230,527,389,368
5e6c4ffb84dc5,a,as,138,324,619,462,481
5e6c4ffb84dc5,s,si,157,384,709,541,552
5e6c4ffb84dc5,i,in,168,274,610,442,442
5e6c4ffb84dc5,n,ne,168,382,711,550,543
5e6c4ffb84dc5,e,ee,161,76,361,237,200
5e6c4ffb84dc5,e,espace,124,1530,1883,1654,1759
5e6c4ffb84dc5,space,spaceb,229,364,753,593,524
5e6c4ffb84dc5,b,bh,160,212,516,372,356
5e6c4ffb84dc5,h,ha,144,299,585,443,441
5e6c4ffb84dc5,a,at,142,341,592,483,450
5e6c4ffb84dc5,t,tt,109,98,319,207,210
5e6c4ffb84dc5,t,ta,112,289,536,401,424
5e6c4ffb84dc5,a,ar,135,240,502,375,367
5e6c4ffb84dc5,r,ra,127,240,501,367,374
5e6c4ffb84dc5,a,ak,134,542,850,676,716
5e6c4ffb84dc5,k,ko,174,218,582,392,408
5e6c4ffb84dc5,o,os,190,408,766,598,576
5e6c4ffb84dc5,s,so,168,416,743,584,575
5e6c4ffb84dc5,o,ol,159,239,651,398,492
5e6c4ffb84dc5,l,lp,253,38457,38885,38710,38632
5e6c4ffb84dc5,p,pa,175,616,944,791,769
5e6c4ffb84dc5,a,at,153,363,633,516,480
5e6c4ffb84dc5,t,tt,117,166,384,283,267
5e6c4ffb84dc5,t,ta,101,307,569,408,468
5e6c4ffb84dc5,a,ar,161,516,841,677,680
5e6c4ffb84dc5,r,ra,164,259,566,423,402
5e6c4ffb84dc5,a,as,143,291,577,434,434
5e6c4ffb84dc5,s,si,143,366,676,509,533
5e6c4ffb84dc5,i,in,167,268,600,435,433
5e6c4ffb84dc5,n,ne,165,384,657,549,492
5e6c4ffb84dc5,e,ee,108,147,341,255,233
5e6c4ffb84dc5,e,espace,86,1245,1536,1331,1450
5e6c4ffb84dc5,space,spaceb,205,458,855,663,650
5e6c4ffb84dc5,b,bh,192,191,524,383,332
5e6c4ffb84dc5,h,ha,141,325,592,466,451
5e6c4ffb84dc5,a,at,126,315,559,441,433
5e6c4ffb84dc5,t,tt,118,132,352,250,234
5e6c4ffb84dc5,t,ta,102,323,527,425,425
5e6c4ffb84dc5,a,ar,102,256,493,358,391
5e6c4ffb84dc5,r,ra,135,274,527,409,392
5e6c4ffb84dc5,a,ak,118,443,752,561,634
5e6c4ffb84dc5,k,ko,191,200,566,391,375
5e6c4ffb84dc5,o,os,175,365,674,540,499
5e6c4ffb84dc5,s,so,134,373,667,507,533
5e6c4ffb84dc5,o,ol,160,258,678,418,518
5e6c4ffb84dc5,l,lp,260,30556,31025,30816,30765
5e6c4ffb84dc5,p,pa,209,450,784,659,575
5e6c4ffb84dc5,a,at,125,324,574,449,449
5e6c4ffb84dc5,t,tt,125,140,384,265,259
5e6c4ffb84dc5,t,ta,119,281,536,400,417
5e6c4ffb84dc5,a,ar,136,257,519,393,383
5e6c4ffb84dc5,r,ra,126,249,492,375,366
5e6c4ffb84dc5,a,as,117,225,484,342,367
5e6c4ffb84dc5,s,si,142,366,675,508,533
5e6c4ffb84dc5,i,in,167,230,575,397,408
5e6c4ffb84dc5,n,ne,178,367,679,545,501
5e6c4ffb84dc5,e,ee,134,155,444,289,310
5e6c4ffb84dc5,e,espace,155,398,761,553,606
5e6c4ffb84dc5,space,spaceb,208,224,626,432,418
5e6c4ffb84dc5,b,bh,194,189,572,383,378
5e6c4ffb84dc5,h,ha,189,294,618,483,429
5e6c4ffb84dc5,a,at,135,331,577,466,442
5e6c4ffb84dc5,t,tt,111,173,410,284,299
5e6c4ffb84dc5,t,ta,126,282,527,408,401
5e6c4ffb84dc5,a,ar,119,281,576,400,457
5e6c4ffb84dc5,r,ra,176,238,560,414,384
5e6c4ffb84dc5,a,ak,146,433,768,579,622
5e6c4ffb84dc5,k,ko,189,208,576,397,387
5e6c4ffb84dc5,o,os,179,359,712,538,533
5e6c4ffb84dc5,s,so,174,397,707,571,533
5e6c4ffb84dc5,o,ol,136,259,652,395,516
5e6c4ffb84dc5,l,lp,257,32341,32771,32598,32514
5e6c4ffb84dc5,p,pa,173,518,817,691,644
5e6c4ffb84dc5,a,at,126,298,557,424,431
5e6c4ffb84dc5,t,tt,133,141,401,274,268
5e6c4ffb84dc5,t,ta,127,298,579,425,452
5e6c4ffb84dc5,a,ar,154,232,519,386,365
5e6c4ffb84dc5,r,ra,133,223,500,356,367
5e6c4ffb84dc5,a,as,144,224,493,368,349
5e6c4ffb84dc5,s,si,125,358,650,483,525
5e6c4ffb84dc5,i,in,167,216,560,383,393
5e6c4ffb84dc5,n,ne,177,357,659,534,482
5e6c4ffb84dc5,e,ee,125,140,392,265,267
5e6c4ffb84dc5,e,espace,127,332,659,459,532
5e6c4ffb84dc5,space,spaceb,200,225,613,425,413
5e6c4ffb84dc5,b,bh,188,193,559,381,371
5e6c4ffb84dc5,h,ha,178,291,612,469,434
5e6c4ffb84dc5,a,at,143,314,585,457,442
5e6c4ffb84dc5,t,tt,128,139,377,267,249
5e6c4ffb84dc5,t,ta,110,315,552,425,442
5e6c4ffb84dc5,a,ar,127,240,501,367,374
5e6c4ffb84dc5,r,ra,134,232,532,366,398
5e6c4ffb84dc5,a,ak,166,420,786,586,620
5e6c4ffb84dc5,k,ko,200,226,615,426,415
5e6c4ffb84dc5,o,os,189,322,656,511,467
5e6c4ffb84dc5,s,so,145,349,661,494,516
5e6c4ffb84dc5,o,ol,167,231,677,398,510
5e6c4ffb84dc5,l,lp,279,33841,34337,34120,34058
5e6c4ffb84dc5,p,pa,217,449,828,666,611
5e6c4ffb84dc5,a,at,162,305,584,467,422
5e6c4ffb84dc5,t,tt,117,140,367,257,250
5e6c4ffb84dc5,t,ta,110,298,552,408,442
5e6c4ffb84dc5,a,ar,144,249,552,393,408
5e6c4ffb84dc5,r,ra,159,224,538,383,379
5e6c4ffb84dc5,a,as,155,205,501,360,346
5e6c4ffb84dc5,s,si,141,407,704,548,563
5e6c4ffb84dc5,i,in,156,234,560,390,404
5e6c4ffb84dc5,n,ne,170,383,678,553,508
5e6c4ffb84dc5,e,ee,125,147,409,272,284
5e6c4ffb84dc5,e,espace,137,448,753,585,616
5e6c4ffb84dc5,space,spaceb,168,266,627,434,459
5e6c4ffb84dc5,b,bh,193,200,559,393,366
5e6c4ffb84dc5,h,ha,166,315,636,481,470
5e6c4ffb84dc5,a,at,155,302,567,457,412
5e6c4ffb84dc5,t,tt,110,140,413,250,303
5e6c4ffb84dc5,t,ta,163,285,594,448,431
5e6c4ffb84dc5,a,ar,146,231,521,377,375
5e6c4ffb84dc5,r,ra,144,231,519,375,375
5e6c4ffb84dc5,a,ak,144,466,799,610,655
5e6c4ffb84dc5,k,ko,189,200,567,389,378
5e6c4ffb84dc5,o,os,178,315,656,493,478
5e6c4ffb84dc5,s,so,163,328,660,491,497
5e6c4ffb84dc5,o,ol,169,223,586,392,417
5e6c4ffb84dc5,l,lp,194,30997,31417,31191,31223
5e6c4ffb84dc5,p,pa,226,424,843,650,617
5e6c4ffb84dc5,a,at,193,274,550,467,357
5e6c4ffb84dc5,t,tt,83,131,317,214,234
5e6c4ffb84dc5,t,ta,103,273,520,376,417
5e6c4ffb84dc5,a,ar,144,249,535,393,391
5e6c4ffb84dc5,r,ra,142,206,458,348,316
5e6c4ffb84dc5,a,as,110,242,486,352,376
5e6c4ffb84dc5,s,si,134,332,626,466,492
5e6c4ffb84dc5,i,in,160,247,569,407,409
5e6c4ffb84dc5,n,ne,162,374,636,536,474
5e6c4ffb84dc5,e,ee,100,148,403,248,303
5e6c4ffb84dc5,e,espace,155,438,810,593,655
5e6c4ffb84dc5,space,spaceb,217,232,640,449,423
5e6c4ffb84dc5,b,bh,191,197,559,388,368
5e6c4ffb84dc5,h,ha,171,317,630,488,459
5e6c4ffb84dc5,a,at,142,323,583,465,441
5e6c4ffb84dc5,t,tt,118,156,430,274,312
5e6c4ffb84dc5,t,ta,156,301,601,457,445
5e6c4ffb84dc5,a,ar,144,233,545,377,401
5e6c4ffb84dc5,r,ra,168,217,518,385,350
5e6c4ffb84dc5,a,ak,133,409,724,542,591
5e6c4ffb84dc5,k,ko,182,190,565,372,383
5e6c4ffb84dc5,o,os,193,425,774,618,581
5e6c4ffb84dc5,s,so,156,329,635,485,479
5e6c4ffb84dc5,o,ol,150,224,582,374,432
5e6c4ffb84dc5,l,lp,208,31892,32298,32100,32090
5e6c4ffb84dc5,p,pa,198,401,741,599,543
5e6c4ffb84dc5,a,at,142,274,533,416,391
5e6c4ffb84dc5,t,tt,117,123,351,240,234
5e6c4ffb84dc5,t,ta,111,256,511,367,400
5e6c4ffb84dc5,a,ar,144,241,538,385,394
5e6c4ffb84dc5,r,ra,153,196,484,349,331
5e6c4ffb84dc5,a,as,135,191,435,326,300
5e6c4ffb84dc5,s,si,109,357,625,466,516
5e6c4ffb84dc5,i,in,159,231,553,390,394
5e6c4ffb84dc5,n,ne,163,355,611,518,448
5e6c4ffb84dc5,e,ee,93,147,396,240,303
5e6c4ffb84dc5,e,espace,156,388,703,544,547
5e6c4ffb84dc5,space,spaceb,159,213,518,372,359
5e6c4ffb84dc5,b,bh,146,198,511,344,365
5e6c4ffb84dc5,h,ha,167,271,594,438,427
5e6c4ffb84dc5,a,at,156,297,563,453,407
5e6c4ffb84dc5,t,tt,110,131,342,241,232
5e6c4ffb84dc5,t,ta,101,274,531,375,430
5e6c4ffb84dc5,a,ar,156,261,573,417,417
5e6c4ffb84dc5,r,ra,156,204,515,360,359
5e6c4ffb84dc5,a,ak,155,486,831,641,676
5e6c4ffb84dc5,k,ko,190,208,552,398,362
5e6c4ffb84dc5,o,os,154,314,603,468,449
5e6c4ffb84dc5,s,so,135,406,696,541,561
5e6c4ffb84dc5,o,ol,155,223,611,378,456
5e6c4ffb84dc5,l,lp,233,31673,32106,31906,31873
5e6c4ffb84dc5,p,pa,200,574,916,774,716
5e6c4ffb84dc5,a,at,142,333,583,475,441
5e6c4ffb84dc5,t,tt,108,123,334,231,226
5e6c4ffb84dc5,t,ta,103,381,578,484,475
5e6c4ffb84dc5,a,ar,94,258,469,352,375
5e6c4ffb84dc5,r,ra,117,223,474,340,357
5e6c4ffb84dc5,a,as,134,225,502,359,368
5e6c4ffb84dc5,s,si,143,391,700,534,557
5e6c4ffb84dc5,i,in,166,258,584,424,418
5e6c4ffb84dc5,n,ne,160,358,610,518,450
5e6c4ffb84dc5,e,ee,92,147,375,239,283
5e6c4ffb84dc5,e,espace,136,515,819,651,683
5e6c4ffb84dc5,space,spaceb,168,222,584,390,416
5e6c4ffb84dc5,b,bh,194,183,554,377,360
5e6c4ffb84dc5,h,ha,177,339,659,516,482
5e6c4ffb84dc5,a,at,143,298,585,441,442
5e6c4ffb84dc5,t,tt,144,190,497,334,353
5e6c4ffb84dc5,t,ta,163,312,631,475,468
5e6c4ffb84dc5,a,ar,156,241,554,397,398
5e6c4ffb84dc5,r,ra,157,207,504,364,347
5e6c4ffb84dc5,a,ak,140,400,732,540,592
5e6c4ffb84dc5,k,ko,192,192,558,384,366
5e6c4ffb84dc5,o,os,174,317,633,491,459
5e6c4ffb84dc5,s,so,142,315,618,457,476
5e6c4ffb84dc5,o,ol,161,222,626,383,465
5e6c4ffb84dc5,l,lp,243,30390,30825,30633,30582
5e6c4ffb84dc5,p,pa,192,425,759,617,567
5e6c4ffb84dc5,a,at,142,325,592,467,450
5e6c4ffb84dc5,t,tt,125,114,367,239,242
5e6c4ffb84dc5,t,ta,128,273,543,401,415
5e6c4ffb84dc5,a,ar,142,226,519,368,377
5e6c4ffb84dc5,r,ra,151,195,475,346,324
5e6c4ffb84dc5,a,as,129,225,507,354,378
5e6c4ffb84dc5,s,si,153,355,650,508,497
5e6c4ffb84dc5,i,in,142,250,568,392,426
5e6c4ffb84dc5,n,ne,176,324,617,500,441
5e6c4ffb84dc5,e,ee,117,148,408,265,291
5e6c4ffb84dc5,e,espace,143,333,665,476,522
5e6c4ffb84dc5,space,spaceb,189,185,542,374,353
5e6c4ffb84dc5,b,bh,168,181,526,349,358
5e6c4ffb84dc5,h,ha,177,290,610,467,433
5e6c4ffb84dc5,a,at,143,307,544,450,401
5e6c4ffb84dc5,t,tt,94,139,361,233,267
5e6c4ffb84dc5,t,ta,128,264,548,392,420
5e6c4ffb84dc5,a,ar,156,216,520,372,364
5e6c4ffb84dc5,r,ra,148,206,489,354,341
5e6c4ffb84dc5,a,ak,135,408,731,543,596
5e6c4ffb84dc5,k,ko,188,187,563,375,375
5e6c4ffb84dc5,o,os,188,318,634,506,446
5e6c4ffb84dc5,s,so,128,330,628,458,500
5e6c4ffb84dc5,o,ol,170,207,612,377,442
5e6c4ffb84dc5,l,lp,235,31340,31773,31575,31538
5e6c4ffb84dc5,p,pa,198,425,777,623,579
5e6c4ffb84dc5,a,at,154,277,542,431,388
5e6c4ffb84dc5,t,tt,111,115,353,226,242
5e6c4ffb84dc5,t,ta,127,273,555,400,428
5e6c4ffb84dc5,a,ar,155,218,510,373,355
5e6c4ffb84dc5,r,ra,137,224,479,361,342
5e6c4ffb84dc5,a,as,118,192,435,310,317
5e6c4ffb84dc5,s,si,125,333,608,458,483
5e6c4ffb84dc5,i,in,150,232,537,382,387
5e6c4ffb84dc5,n,ne,155,287,568,442,413
5e6c4ffb84dc5,e,ee,126,131,376,257,250
5e6c4ffb84dc5,e,espace,119,315,611,434,492
5e6c4ffb84dc5,space,spaceb,177,208,573,385,396
5e6c4ffb84dc5,b,bh,188,161,516,349,328
5e6c4ffb84dc5,h,ha,167,274,584,441,417
5e6c4ffb84dc5,a,at,143,273,510,416,367
5e6c4ffb84dc5,t,tt,94,131,327,225,233
5e6c4ffb84dc5,t,ta,102,248,485,350,383
5e6c4ffb84dc5,a,ar,135,206,497,341,362
5e6c4ffb84dc5,r,ra,156,218,519,374,363
5e6c4ffb84dc5,a,ak,145,366,711,511,566
5e6c4ffb84dc5,k,ko,200,165,559,365,359
5e6c4ffb84dc5,o,os,194,306,661,500,467
5e6c4ffb84dc5,s,so,161,348,684,509,523
5e6c4ffb84dc5,o,ol,175,183,568,358,393
5e6c4ffb84dc5,l,ln,210,67907052890,67907053201,67907053100,67907052991
62787f7a3163b,n,ni,101,265,441,366,340
62787f7a3163b,i,il,75,216,392,291,317
62787f7a3163b,l,lo,101,184,393,285,292
62787f7a3163b,o,ob,108,307,507,415,399
62787f7a3163b,b,bo,92,190,385,282,293
62787f7a3163b,o,on,103,214,410,317,307
62787f7a3163b,n,nspace,93,516,710,609,617
62787f7a3163b,space,spacen,101,348,566,449,465
62787f7a3163b,n,na,117,176,417,293,300
62787f7a3163b,a,an,124,183,408,307,284
62787f7a3163b,n,ng,101,175,385,276,284
62787f7a3163b,g,gl,109,206,424,315,315
62787f7a3163b,l,la,109,89,327,198,218
62787f7a3163b,a,an,129,34634,34861,34763,34732
62787f7a3163b,n,ni,98,175,365,273,267
62787f7a3163b,i,il,92,183,375,275,283
62787f7a3163b,l,lo,100,132,318,232,218
62787f7a3163b,o,ob,86,314,527,400,441
62787f7a3163b,b,bo,127,230,461,357,334
62787f7a3163b,o,on,104,204,411,308,307
62787f7a3163b,n,nspace,103,641,879,744,776
62787f7a3163b,space,spacen,135,213,434,348,299
62787f7a3163b,n,na,86,1060,1269,1146,1183
62787f7a3163b,a,an,123,164,373,287,250
62787f7a3163b,n,ng,86,488,652,574,566
62787f7a3163b,g,gl,78,190,379,268,301
62787f7a3163b,l,la,111,106,369,217,258
62787f7a3163b,a,ar,152,141,368,293,216
62787f7a3163b,r,rbksp,75,1318,1491,1393,1416
62787f7a3163b,bksp,bkspe,98,509,714,607,616
62787f7a3163b,e,en,107,29095,29264,29202,29157
62787f7a3163b,n,ni,62,176,323,238,261
62787f7a3163b,i,il,85,208,358,293,273
62787f7a3163b,l,lo,65,168,307,233,242
62787f7a3163b,o,ob,74,295,456,369,382
62787f7a3163b,b,bo,87,166,347,253,260
62787f7a3163b,o,on,94,148,344,242,250
62787f7a3163b,n,nspace,102,717,944,819,842
62787f7a3163b,space,spacen,125,214,434,339,309
62787f7a3163b,n,na,95,166,403,261,308
62787f7a3163b,a,an,142,80,324,222,182
62787f7a3163b,n,ng,102,158,344,260,242
62787f7a3163b,g,gl,84,190,365,274,281
62787f7a3163b,l,la,91,44,278,135,187
62787f7a3163b,a,ae,143,157,357,300,214
62787f7a3163b,e,en,57,27529,27667,27586,27610
62787f7a3163b,n,ni,81,173,348,254,267
62787f7a3163b,i,il,94,216,410,310,316
62787f7a3163b,l,lo,100,142,342,242,242
62787f7a3163b,o,ob,100,208,401,308,301
62787f7a3163b,b,bo,93,172,351,265,258
62787f7a3163b,o,on,86,147,327,233,241
62787f7a3163b,n,nspace,94,208,412,302,318
62787f7a3163b,space,spacen,110,330,534,440,424
62787f7a3163b,n,na,94,167,368,261,274
62787f7a3163b,a,an,107,48,249,155,142
62787f7a3163b,n,ng,94,150,353,244,259
62787f7a3163b,g,gl,109,172,383,281,274
62787f7a3163b,l,la,102,12,244,114,142
62787f7a3163b,a,ae,130,183,370,313,240
62787f7a3163b,e,en,57,25571,25709,25628,25652
62787f7a3163b,n,ni,81,183,338,264,257
62787f7a3163b,i,il,74,184,350,258,276
62787f7a3163b,l,lo,92,125,308,217,216
62787f7a3163b,o,ob,91,183,375,274,284
62787f7a3163b,b,bo,101,173,360,274,259
62787f7a3163b,o,on,86,147,319,233,233
62787f7a3163b,n,nspace,86,882,1077,968,991
62787f7a3163b,space,spacen,109,148,368,257,259
62787f7a3163b,n,na,111,116,377,227,266
62787f7a3163b,a,an,150,72,325,222,175
62787f7a3163b,n,ng,103,133,328,236,225
62787f7a3163b,g,gl,92,189,384,281,292
62787f7a3163b,l,la,103,-49,193,54,90
62787f7a3163b,a,ae,139,259,456,398,317
62787f7a3163b,e,ebksp,58,1026,1160,1084,1102
62787f7a3163b,bksp,bkspa,76,197,417,273,341
62787f7a3163b,a,ae,144,114,326,258,182
62787f7a3163b,e,ec,68,26183,26357,26251,26289
62787f7a3163b,c,cbksp,106,544,760,650,654
62787f7a3163b,bksp,bkspn,110,373,583,483,473
62787f7a3163b,n,ni,100,158,341,258,241
62787f7a3163b,i,il,83,175,351,258,268
62787f7a3163b,l,lo,93,132,317,225,224
62787f7a3163b,o,ob,92,550,726,642,634
62787f7a3163b,b,bi,84,173,351,257,267
62787f7a3163b,i,in,94,156,343,250,249
62787f7a3163b,n,nbksp,93,816,1019,909,926
62787f7a3163b,bksp,bkspbksp,110,1148,1359,1258,1249
62787f7a3163b,bksp,bkspo,101,681,886,782,785
62787f7a3163b,o,on,104,155,361,259,257
62787f7a3163b,n,nspace,102,308,561,410,459
62787f7a3163b,space,spaceb,151,480,691,631,540
62787f7a3163b,b,bbksp,60,433,594,493,534
62787f7a3163b,bksp,bkspn,101,181,374,282,273
62787f7a3163b,n,na,92,151,368,243,276
62787f7a3163b,a,an,125,57,283,182,158
62787f7a3163b,n,ng,101,160,342,261,241
62787f7a3163b,g,gl,81,183,373,264,292
62787f7a3163b,l,la,109,116,379,225,270
62787f7a3163b,a,ae,154,115,326,269,172
62787f7a3163b,e,en,57,26072,26215,26129,26158
62787f7a3163b,n,ni,86,200,370,286,284
62787f7a3163b,i,il,84,217,392,301,308
62787f7a3163b,l,lo,91,176,351,267,260
62787f7a3163b,o,ob,84,248,409,332,325
62787f7a3163b,b,bo,77,180,359,257,282
62787f7a3163b,o,on,102,172,342,274,240
62787f7a3163b,n,nspace,68,325,520,393,452
62787f7a3163b,space,spacen,127,197,443,324,316
62787f7a3163b,n,na,119,199,461,318,342
62787f7a3163b,a,an,143,122,375,265,232
62787f7a3163b,n,ng,110,183,370,293,260
62787f7a3163b,g,gl,77,197,369,274,292
62787f7a3163b,l,la,95,163,400,258,305
62787f7a3163b,a,ae,142,969,1177,1111,1035
62787f7a3163b,e,en,66,26667,26833,26733,26767
62787f7a3163b,n,ni,100,197,383,297,283
62787f7a3163b,i,il,86,224,420,310,334
62787f7a3163b,l,lo,110,164,375,274,265
62787f7a3163b,o,ob,101,624,817,725,716
62787f7a3163b,b,bo,92,182,377,274,285
62787f7a3163b,o,on,103,163,368,266,265
62787f7a3163b,n,nspace,102,458,687,560,585
62787f7a3163b,space,spacen,127,105,343,232,216
62787f7a3163b,n,na,111,133,386,244,275
62787f7a3163b,a,an,142,64,317,206,175
62787f7a3163b,n,ng,111,157,366,268,255
62787f7a3163b,g,gl,98,184,377,282,279
62787f7a3163b,l,la,95,80,293,175,198
62787f7a3163b,a,ae,118,200,385,318,267
62787f7a3163b,e,en,67,27332,27492,27399,27425
62787f7a3163b,n,ni,93,164,350,257,257
62787f7a3163b,i,il,93,184,385,277,292
62787f7a3163b,l,lo,108,116,326,224,218
62787f7a3163b,o,ob,102,198,392,300,290
62787f7a3163b,b,bo,92,165,359,257,267
62787f7a3163b,o,on,102,139,343,241,241
62787f7a3163b,n,nspace,102,492,736,594,634
62787f7a3163b,space,spacen,142,198,442,340,300
62787f7a3163b,n,na,102,143,377,245,275
62787f7a3163b,a,an,132,89,324,221,192
62787f7a3163b,n,ng,103,149,353,252,250
62787f7a3163b,g,gl,101,181,392,282,291
62787f7a3163b,l,la,110,57,277,167,167
62787f7a3163b,a,ae,110,208,424,318,314
62787f7a3163b,e,en,106,26676,26908,26782,26802
62787f7a3163b,n,ni,126,183,418,309,292
62787f7a3163b,i,il,109,265,484,374,375
62787f7a3163b,l,lo,110,147,368,257,258
62787f7a3163b,o,ob,111,225,427,336,316
62787f7a3163b,b,bo,91,189,391,280,300
62787f7a3163b,o,on,111,173,395,284,284
62787f7a3163b,n,nspace,111,232,469,343,358
62787f7a3163b,space,spacen,126,205,450,331,324
62787f7a3163b,n,na,119,192,461,311,342
62787f7a3163b,a,an,150,123,391,273,241
62787f7a3163b,n,ng,118,174,385,292,267
62787f7a3163b,g,gl,93,198,409,291,316
62787f7a3163b,l,la,118,144,377,262,259
62787f7a3163b,a,ae,115,177,424,292,309
62787f7a3163b,e,en,132,635425807,635426020,635425939,635425888
628232cd66eaf,n,ni,81,200,365,281,284
628232cd66eaf,i,il,84,224,392,308,308
628232cd66eaf,l,lo,84,166,359,250,275
628232cd66eaf,o,ob,109,808,1008,917,899
628232cd66eaf,b,bo,91,182,372,273,281
628232cd66eaf,o,on,99,184,385,283,286
628232cd66eaf,n,nspace,102,857,1085,959,983
628232cd66eaf,space,spacen,126,473,692,599,566
628232cd66eaf,n,na,93,217,435,310,342
628232cd66eaf,a,an,125,73,300,198,175
628232cd66eaf,n,ng,102,149,352,251,250
628232cd66eaf,g,gl,101,164,384,265,283
628232cd66eaf,l,la,119,57,294,176,175
628232cd66eaf,a,an,118,32798,32996,32916,32878
628232cd66eaf,n,ni,80,233,396,313,316
628232cd66eaf,i,il,83,250,417,333,334
628232cd66eaf,l,lo,84,174,350,258,266
628232cd66eaf,o,ob,92,208,401,300,309
628232cd66eaf,b,bo,101,181,378,282,277
628232cd66eaf,o,on,96,173,352,269,256
628232cd66eaf,n,nspace,83,1358,1566,1441,1483
628232cd66eaf,space,spacen,125,240,458,365,333
628232cd66eaf,n,na,93,150,376,243,283
628232cd66eaf,a,an,133,69,308,202,175
628232cd66eaf,n,ng,106,167,348,273,242
628232cd66eaf,g,gl,75,182,358,257,283
628232cd66eaf,l,la,101,75,293,176,192
628232cd66eaf,a,ae,117,167,358,284,241
628232cd66eaf,e,en,74,26624,26781,26698,26707
628232cd66eaf,n,no,83,200,375,283,292
628232cd66eaf,o,obksp,92,1192,1367,1284,1275
628232cd66eaf,bksp,bkspi,83,433,608,516,525
628232cd66eaf,i,il,92,265,459,357,367
628232cd66eaf,l,lo,102,147,335,249,233
628232cd66eaf,o,ob,86,291,502,377,416
628232cd66eaf,b,bo,125,98,309,223,184
628232cd66eaf,o,on,86,165,335,251,249
628232cd66eaf,n,nspace,84,150,332,234,248
628232cd66eaf,space,spacen,98,342,540,440,442
628232cd66eaf,n,na,100,107,344,207,244
628232cd66eaf,a,an,137,53,295,190,158
628232cd66eaf,n,ng,105,158,345,263,240
628232cd66eaf,g,gl,82,183,369,265,287
628232cd66eaf,l,la,104,-34,193,70,89
628232cd66eaf,a,ae,123,200,388,323,265
628232cd66eaf,e,en,65,24769,24933,24834,24868
628232cd66eaf,n,ni,99,217,415,316,316
628232cd66eaf,i,il,99,866,1058,965,959
628232cd66eaf,l,lo,93,107,292,200,199
628232cd66eaf,o,ob,92,334,567,426,475
628232cd66eaf,b,bo,141,56,291,197,150
628232cd66eaf,o,on,94,156,352,250,258
628232cd66eaf,n,nspace,102,300,512,402,410
628232cd66eaf,space,spacen,110,372,575,482,465
628232cd66eaf,n,na,93,117,343,210,250
628232cd66eaf,a,an,133,29,267,162,134
628232cd66eaf,n,ng,105,157,347,262,242
628232cd66eaf,g,gl,85,181,377,266,292
628232cd66eaf,l,la,111,80,284,191,173
628232cd66eaf,a,an,93,26284,26476,26377,26383
628232cd66eaf,n,ni,99,209,400,308,301
628232cd66eaf,i,il,92,207,399,299,307
628232cd66eaf,l,lo,100,124,334,224,234
628232cd66eaf,o,ob,110,215,435,325,325
628232cd66eaf,b,bo,110,189,393,299,283
628232cd66eaf,o,on,94,156,351,250,257
628232cd66eaf,n,nspace,101,183,410,284,309
628232cd66eaf,space,spacen,126,173,427,299,301
628232cd66eaf,n,na,128,249,510,377,382
628232cd66eaf,a,an,133,48,299,181,166
628232cd66eaf,n,ng,118,177,386,295,268
628232cd66eaf,g,gl,91,181,374,272,283
628232cd66eaf,l,la,102,82,326,184,224
628232cd66eaf,a,ar,142,117,342,259,200
628232cd66eaf,r,rbksp,83,1143,1308,1226,1225
628232cd66eaf,bksp,bkspe,82,225,407,307,325
628232cd66eaf,e,en,100,26284,26492,26384,26392
628232cd66eaf,n,ni,108,216,415,324,307
628232cd66eaf,i,il,91,218,426,309,335
628232cd66eaf,l,lo,117,140,366,257,249
628232cd66eaf,o,ob,109,224,435,333,326
628232cd66eaf,b,bo,102,180,383,282,281
628232cd66eaf,o,on,101,149,344,250,243
628232cd66eaf,n,nspace,94,291,528,385,434
628232cd66eaf,space,spacen,143,264,517,407,374
628232cd66eaf,n,na,110,126,369,236,259
628232cd66eaf,a,an,133,47,292,180,159
628232cd66eaf,n,ng,112,164,376,276,264
628232cd66eaf,g,gl,100,175,384,275,284
628232cd66eaf,l,la,109,38,292,147,183
628232cd66eaf,a,ae,145,168,387,313,242
628232cd66eaf,e,en,74,28426,28616,28500,28542
628232cd66eaf,n,ni,116,216,431,332,315
628232cd66eaf,i,il,99,251,458,350,359
628232cd66eaf,l,lo,108,148,358,256,250
628232cd66eaf,o,ob,102,224,428,326,326
628232cd66eaf,b,bo,102,189,391,291,289
628232cd66eaf,o,on,100,158,350,258,250
628232cd66eaf,n,nspace,92,234,461,326,369
628232cd66eaf,space,spacen,135,431,668,566,533
628232cd66eaf,n,na,102,150,376,252,274
628232cd66eaf,a,an,124,49,282,173,158
628232cd66eaf,n,ng,109,150,352,259,243
628232cd66eaf,g,gl,93,211,417,304,324
628232cd66eaf,l,la,113,332,562,445,449
628232cd66eaf,a,ae,117,225,417,342,300
628232cd66eaf,e,en,75,28491,28675,28566,28600
628232cd66eaf,n,ni,109,207,409,316,300
628232cd66eaf,i,il,93,241,442,334,349
628232cd66eaf,l,lo,108,192,409,300,301
628232cd66eaf,o,ob,109,273,475,382,366
628232cd66eaf,b,bo,93,180,368,273,275
628232cd66eaf,o,on,95,165,345,260,250
628232cd66eaf,n,nspace,85,407,660,492,575
628232cd66eaf,space,spacen,168,231,509,399,341
628232cd66eaf,n,na,110,192,435,302,325
628232cd66eaf,a,an,133,81,309,214,176
628232cd66eaf,n,ng,95,165,353,260,258
628232cd66eaf,g,gl,93,164,360,257,267
628232cd66eaf,l,la,103,135,368,238,265
628232cd66eaf,a,ae,130,192,447,322,317
628232cd66eaf,e,en,125,26632,26875,26757,26750
628232cd66eaf,n,ni,118,215,417,333,299
628232cd66eaf,i,il,84,200,408,284,324
628232cd66eaf,l,lo,124,142,366,266,242
628232cd66eaf,o,ob,100,275,476,375,376
628232cd66eaf,b,bo,101,189,383,290,282
628232cd66eaf,o,on,93,132,328,225,235
628232cd66eaf,n,nspace,103,207,420,310,317
628232cd66eaf,space,spacen,110,347,559,457,449
628232cd66eaf,n,na,102,134,377,236,275
628232cd66eaf,a,an,141,64,323,205,182
628232cd66eaf,n,ng,118,151,369,269,251
628232cd66eaf,g,gl,100,364,567,464,467
628232cd66eaf,l,la,103,172,394,275,291
628232cd66eaf,a,ae,119,209,437,328,318
628232cd66eaf,e,en,109,26956,27191,27065,27082
628232cd66eaf,n,ni,126,233,450,359,324
628232cd66eaf,i,il,91,216,416,307,325
628232cd66eaf,l,lo,109,157,367,266,258
628232cd66eaf,o,ob,101,224,435,325,334
628232cd66eaf,b,bo,110,197,408,307,298
628232cd66eaf,o,on,101,149,351,250,250
628232cd66eaf,n,nspace,101,425,652,526,551
628232cd66eaf,space,spacen,126,182,415,308,289
628232cd66eaf,n,na,107,196,434,303,327
628232cd66eaf,a,an,131,100,357,231,226
628232cd66eaf,n,ng,126,208,434,334,308
628232cd66eaf,g,gl,100,198,398,298,298
628232cd66eaf,l,la,100,150,393,250,293
628232cd66eaf,a,ae,143,168,426,311,283
628232cd66eaf,e,ed,115,66531424,66531614,66531539,66531499
628337da2cd41,d,du,75,222,357,297,282
628337da2cd41,u,us,60,107,244,167,184
628337da2cd41,s,sa,77,90,261,167,184
628337da2cd41,a,ad,94,155,327,249,233
628337da2cd41,d,de,78,123,278,201,200
628337da2cd41,e,ee,77,88,244,165,167
628337da2cd41,e,ebksp,79,1033,1181,1112,1102
628337da2cd41,bksp,bkspbksp,69,71,219,140,150
628337da2cd41,bksp,bkspbksp,79,54,195,133,116
628337da2cd41,bksp,bkspbksp,62,88,212,150,150
628337da2cd41,bksp,bkspbksp,62,55,213,117,151
628337da2cd41,bksp,bkspbksp,96,71,262,167,166
628337da2cd41,bksp,bkspbksp,95,255,412,350,317
628337da2cd41,bksp,bkspshift,62,224,362,286,300
628337da2cd41,shift,shiftD,76,357,511,433,435
628337da2cd41,D,Dshift,78,473,644,551,566
628337da2cd41,shift,shiftu,93,439,611,532,518
628337da2cd41,u,us,79,188,329,267,250
628337da2cd41,s,sa,62,105,246,167,184
628337da2cd41,a,ad,79,138,279,217,200
628337da2cd41,d,de,62,119,262,181,200
628337da2cd41,e,ee,81,73,248,154,167
628337da2cd41,e,eshift,94,472,661,566,567
628337da2cd41,shift,shiftP,95,173,346,268,251
628337da2cd41,P,Pshift,78,221,394,299,316
628337da2cd41,shift,shifto,95,173,329,268,234
628337da2cd41,o,or,61,468,594,529,533
628337da2cd41,r,rn,65,124,266,189,201
628337da2cd41,n,ns,77,172,344,249,267
628337da2cd41,s,su,95,105,279,200,184
628337da2cd41,u,uk,79,108,279,187,200
628337da2cd41,k,ks,92,71,225,163,133
628337da2cd41,s,sa,62,122,245,184,183
628337da2cd41,a,an,61,89,229,150,168
628337da2cd41,n,nt,79,106,263,185,184
628337da2cd41,t,tshift,78,35222,35393,35300,35315
628337da2cd41,shift,shiftD,93,256,427,349,334
628337da2cd41,D,Dshift,78,373,561,451,483
628337da2cd41,shift,shiftu,110,240,444,350,334
628337da2cd41,u,ud,94,173,327,267,233
628337da2cd41,d,dbksp,60,357,528,417,468
628337da2cd41,bksp,bksps,111,139,328,250,217
628337da2cd41,s,sa,78,156,344,234,266
628337da2cd41,a,ad,110,406,560,516,450
628337da2cd41,d,de,44,175,278,219,234
628337da2cd41,e,ee,59,105,226,164,167
628337da2cd41,e,espace,62,223,379,285,317
628337da2cd41,space,spacep,94,456,645,550,551
628337da2cd41,p,pbksp,95,439,612,534,517
628337da2cd41,bksp,bkspshift,78,282,445,360,367
628337da2cd41,shift,shiftP,85,273,452,358,367
628337da2cd41,P,PO,94,139,311,233,217
628337da2cd41,O,Obksp,78,739,896,817,818
628337da2cd41,bksp,bkspshift,79,658,848,737,769
628337da2cd41,shift,shifto,111,220,426,331,315
628337da2cd41,o,or,95,323,494,418,399
628337da2cd41,r,rn,76,157,327,233,251
628337da2cd41,n,ns,94,139,328,233,234
628337da2cd41,s,su,95,121,278,216,183
628337da2cd41,u,uk,62,123,280,185,218
628337da2cd41,k,ks,95,71,227,166,132
628337da2cd41,s,sa,61,139,262,200,201
628337da2cd41,a,an,62,88,262,150,200
628337da2cd41,n,nt,112,73,245,185,133
628337da2cd41,t,tshift,60,26982,27134,27042,27074
628337da2cd41,shift,shiftD,92,257,427,349,335
628337da2cd41,D,Dshift,78,206,360,284,282
628337da2cd41,shift,shiftu,76,324,478,400,402
628337da2cd41,u,us,78,172,328,250,250
628337da2cd41,s,sa,78,89,261,167,183
628337da2cd41,a,ad,94,140,294,234,200
628337da2cd41,d,de,60,141,277,201,217
628337da2cd41,e,ee,76,72,226,148,150
628337da2cd41,e,espace,78,324,480,402,402
628337da2cd41,space,spaceshift,78,554,727,632,649
628337da2cd41,shift,shiftP,95,190,363,285,268
628337da2cd41,P,Pshift,78,621,744,699,666
628337da2cd41,shift,shifto,45,207,346,252,301
628337da2cd41,o,or,94,357,494,451,400
628337da2cd41,r,rn,43,190,327,233,284
628337da2cd41,n,ns,94,188,344,282,250
628337da2cd41,s,su,62,172,313,234,251
628337da2cd41,u,uk,79,122,279,201,200
628337da2cd41,k,ks,78,71,228,149,150
628337da2cd41,s,sa,79,121,262,200,183
628337da2cd41,a,an,62,122,280,184,218
628337da2cd41,n,nt,96,37,178,133,82
628337da2cd41,t,tshift,45,28968,29105,29013,29060
628337da2cd41,shift,shiftD,92,206,358,298,266
628337da2cd41,D,DU,60,191,345,251,285
628337da2cd41,U,US,94,90,260,184,166
628337da2cd41,S,SA,76,91,260,167,184
628337da2cd41,A,Abksp,93,1157,1327,1250,1234
628337da2cd41,bksp,bkspbksp,77,122,261,199,184
628337da2cd41,bksp,bkspshift,62,573,712,635,650
628337da2cd41,shift,shiftu,77,541,677,618,600
628337da2cd41,u,us,59,142,277,201,218
628337da2cd41,s,sa,76,73,259,149,183
628337da2cd41,a,ad,110,140,327,250,217
628337da2cd41,d,de,77,123,277,200,200
628337da2cd41,e,ee,77,73,244,150,167
628337da2cd41,e,espace,94,340,528,434,434
628337da2cd41,space,spaceshift,94,306,477,400,383
628337da2cd41,shift,shiftP,77,307,478,384,401
628337da2cd41,P,Pshift,94,306,494,400,400
628337da2cd41,shift,shifto,94,372,529,466,435
628337da2cd41,o,or,63,356,461,419,398
628337da2cd41,r,rn,42,175,294,217,252
628337da2cd41,n,ns,77,122,293,199,216
628337da2cd41,s,su,94,123,295,217,201
628337da2cd41,u,uk,78,106,244,184,166
628337da2cd41,k,ks,60,72,211,132,151
628337da2cd41,s,sa,79,105,279,184,200
628337da2cd41,a,an,95,88,278,183,183
628337da2cd41,n,nt,95,107,228,202,133
628337da2cd41,t,tshift,26,27317,27435,27343,27409
628337da2cd41,shift,shiftD,92,206,376,298,284
628337da2cd41,D,Dshift,78,189,361,267,283
628337da2cd41,shift,shiftu,94,356,528,450,434
628337da2cd41,u,us,78,140,278,218,200
628337da2cd41,s,sa,60,123,244,183,184
628337da2cd41,a,ad,61,156,277,217,216
628337da2cd41,d,de,60,141,278,201,218
628337da2cd41,e,ee,77,71,227,148,150
628337da2cd41,e,espace,79,224,379,303,300
628337da2cd41,space,spaceshift,76,338,493,414,417
628337da2cd41,shift,shiftP,79,173,329,252,250
628337da2cd41,P,Pshift,77,189,344,266,267
628337da2cd41,shift,shifto,78,189,345,267,267
628337da2cd41,o,or,78,424,579,502,501
628337da2cd41,r,rn,77,173,327,250,250
628337da2cd41,n,ns,77,88,260,165,183
628337da2cd41,s,su,95,105,279,200,184
628337da2cd41,u,uk,79,106,262,185,183
628337da2cd41,k,ks,77,55,211,132,134
628337da2cd41,s,sa,79,105,262,184,183
628337da2cd41,a,an,78,54,229,132,151
628337da2cd41,n,nt,97,72,230,169,133
628337da2cd41,t,tshift,61,31971,32140,32032,32079
628337da2cd41,shift,shiftD,108,323,509,431,401
628337da2cd41,D,Dshift,78,232,361,310,283
628337da2cd41,shift,shiftu,51,307,418,358,367
628337da2cd41,u,us,60,157,242,217,182
628337da2cd41,s,sa,25,142,226,167,201
628337da2cd41,a,ad,59,175,293,234,234
628337da2cd41,d,de,59,141,259,200,200
628337da2cd41,e,ee,59,107,243,166,184
628337da2cd41,e,espace,77,341,477,418,400
628337da2cd41,space,spaceshift,59,323,425,382,366
628337da2cd41,shift,shiftP,43,258,344,301,301
628337da2cd41,P,Pshift,43,239,309,282,266
628337da2cd41,shift,shifto,27,208,295,235,268
628337da2cd41,o,or,60,454,560,514,500
628337da2cd41,r,rn,46,208,331,254,285
628337da2cd41,n,ns,77,171,327,248,250
628337da2cd41,s,su,79,122,262,201,183
628337da2cd41,u,uk,61,107,261,168,200
628337da2cd41,k,ks,93,56,210,149,117
628337da2cd41,s,sa,61,122,244,183,183
628337da2cd41,a,an,61,106,263,167,202
628337da2cd41,n,nt,96,56,211,152,115
628337da2cd41,t,tshift,59,29318,29486,29377,29427
628337da2cd41,shift,shiftD,109,239,442,348,333
628337da2cd41,D,Dshift,94,408,578,502,484
628337da2cd41,shift,shiftu,76,223,376,299,300
628337da2cd41,u,us,77,141,294,218,217
628337da2cd41,s,sa,76,91,259,167,183
628337da2cd41,a,ad,92,124,309,216,217
628337da2cd41,d,de,93,108,260,201,167
628337da2cd41,e,ee,59,89,226,148,167
628337da2cd41,e,espace,78,391,545,469,467
628337da2cd41,space,spaceshift,76,476,626,552,550
628337da2cd41,shift,shiftP,74,207,358,281,284
628337da2cd41,P,Pshift,77,173,344,250,267
628337da2cd41,shift,shifto,94,139,311,233,217
628337da2cd41,o,or,78,307,444,385,366
628337da2cd41,r,rn,59,208,326,267,267
628337da2cd41,n,ns,59,223,377,282,318
628337da2cd41,s,su,95,122,295,217,200
628337da2cd41,u,uk,78,123,261,201,183
628337da2cd41,k,ks,60,73,194,133,134
628337da2cd41,s,sa,61,122,278,183,217
628337da2cd41,a,an,95,72,245,167,150
628337da2cd41,n,nt,78,73,211,151,133
628337da2cd41,t,tshift,60,25847,25982,25907,25922
628337da2cd41,shift,shiftD,75,223,359,298,284
628337da2cd41,D,Dshift,61,273,394,334,333
628337da2cd41,shift,shiftu,60,374,494,434,434
628337da2cd41,u,us,60,125,244,185,184
628337da2cd41,s,sa,59,107,242,166,183
628337da2cd41,a,ad,76,141,293,217,217
628337da2cd41,d,de,76,124,259,200,183
628337da2cd41,e,ee,59,106,227,165,168
628337da2cd41,e,espace,62,123,245,185,183
628337da2cd41,space,spaceshift,60,356,493,416,433
628337da2cd41,shift,shiftP,77,224,395,301,318
628337da2cd41,P,Pshift,94,272,444,366,350
628337da2cd41,shift,shifto,78,189,345,267,267
628337da2cd41,o,or,78,374,528,452,450
628337da2cd41,r,rn,76,158,343,234,267
628337da2cd41,n,ns,109,105,309,214,200
628337da2cd41,s,su,95,139,295,234,200
628337da2cd41,u,uk,61,123,262,184,201
628337da2cd41,k,ks,78,72,211,150,133
628337da2cd41,s,sa,61,138,278,199,217
628337da2cd41,a,an,79,89,263,168,184
628337da2cd41,n,nt,95,56,194,151,99
628337da2cd41,t,tshift,43,30235,30354,30278,30311
628337da2cd41,shift,shiftD,76,256,409,332,333
628337da2cd41,D,Dshift,77,173,361,250,284
628337da2cd41,shift,shiftu,111,257,445,368,334
628337da2cd41,u,us,77,123,277,200,200
628337da2cd41,s,sa,77,91,261,168,184
628337da2cd41,a,ad,93,140,310,233,217
628337da2cd41,d,de,77,123,277,200,200
628337da2cd41,e,ee,77,72,244,149,167
628337da2cd41,e,espace,95,89,278,184,183
628337da2cd41,space,spaceshift,94,288,461,382,367
628337da2cd41,shift,shiftP,79,224,380,303,301
628337da2cd41,P,Pshift,77,221,359,298,282
628337da2cd41,shift,shifto,61,307,446,368,385
628337da2cd41,o,or,78,273,411,351,333
628337da2cd41,r,rn,60,140,277,200,217
628337da2cd41,n,ns,77,155,311,232,234
628337da2cd41,s,su,79,88,246,167,167
628337da2cd41,u,uk,79,122,279,201,200
628337da2cd41,k,ks,78,71,194,149,116
628337da2cd41,s,sa,45,123,246,168,201
628337da2cd41,a,an,78,88,262,166,184
628337da2cd41,n,nt,96,88,211,184,115
628337da2cd41,t,tshift,27,26931,27033,26958,27006
628337da2cd41,shift,shiftD,75,240,376,315,301
628337da2cd41,D,Dshift,61,206,343,267,282
628337da2cd41,shift,shiftu,76,245,395,321,319
628337da2cd41,u,us,74,89,240,163,166
628337da2cd41,s,sa,77,106,261,183,184
628337da2cd41,a,ad,78,122,261,200,183
628337da2cd41,d,de,61,140,278,201,217
628337da2cd41,e,ee,77,105,243,182,166
628337da2cd41,e,espace,61,208,328,269,267
628337da2cd41,space,spaceshift,59,222,410,281,351
628337da2cd41,shift,shiftP,129,172,379,301,250
628337da2cd41,P,Pshift,78,172,345,250,267
628337da2cd41,shift,shifto,95,156,311,251,216
628337da2cd41,o,or,60,257,377,317,317
628337da2cd41,r,rn,60,140,278,200,218
628337da2cd41,n,ns,78,138,311,216,233
628337da2cd41,s,su,95,89,245,184,150
628337da2cd41,u,uk,61,139,261,200,200
628337da2cd41,k,ks,61,88,211,149,150
628337da2cd41,s,sa,62,105,263,167,201
628337da2cd41,a,an,96,88,262,184,166
628337da2cd41,n,nt,78,89,211,167,133
628337da2cd41,t,tn,44,2043814,2043937,2043858,2043893
628340faa6589,n,na,79,220,404,299,325
628340faa6589,a,an,105,182,356,287,251
628340faa6589,n,nn,69,99,253,168,184
628340faa6589,n,na,85,186,402,271,317
628340faa6589,a,ap,131,199,439,330,308
628340faa6589,p,pa,109,209,434,318,325
628340faa6589,a,at,116,298,498,414,382
628340faa6589,t,tspace,84,312,478,396,394
628340faa6589,space,spaces,82,201,348,283,266
628340faa6589,s,sa,65,240,415,305,350
628340faa6589,a,ai,110,250,426,360,316
628340faa6589,i,ij,66,184,322,250,256
628340faa6589,j,ja,72,243,415,315,343
628340faa6589,a,ar,100,520,699,620,599
628340faa6589,r,ro,79,337,487,416,408
628340faa6589,o,oe,71,153,307,224,236
628340faa6589,e,en,83,48,209,131,126
628340faa6589,n,nn,78,39842,39971,39920,39893
628340faa6589,n,na,51,164,263,215,212
628340faa6589,a,an,48,97,198,145,150
628340faa6589,n,nn,53,82,227,135,174
628340faa6589,n,na,92,99,309,191,217
628340faa6589,a,ap,118,107,295,225,177
628340faa6589,p,pt,70,434,576,504,506
628340faa6589,t,tspace,72,336,474,408,402
628340faa6589,space,spaces,66,184,348,250,282
628340faa6589,s,sa,98,240,432,338,334
628340faa6589,a,ai,94,612,776,706,682
628340faa6589,i,ij,70,186,304,256,234
628340faa6589,j,ja,48,287,426,335,378
628340faa6589,a,ao,91,1084,1239,1175,1148
628340faa6589,o,oe,64,125,277,189,213
628340faa6589,e,en,88,-6,150,82,62
628340faa6589,n,nn,68,1862,1977,1930,1909
628340faa6589,n,nn,47,30011,30141,30058,30094
628340faa6589,n,na,83,116,310,199,227
628340faa6589,a,an,111,47,225,158,114
628340faa6589,n,nn,67,74,230,141,163
628340faa6589,n,na,89,86,284,175,195
628340faa6589,a,ap,109,59,267,168,158
628340faa6589,p,pa,99,65,270,164,171
628340faa6589,a,at,106,155,316,261,210
628340faa6589,t,tspace,55,325,441,380,386
628340faa6589,space,spaces,61,352,478,413,417
628340faa6589,s,sa,65,165,348,230,283
628340faa6589,a,ai,118,84,275,202,157
628340faa6589,i,ij,73,126,291,199,218
628340faa6589,j,ja,92,81,284,173,192
628340faa6589,a,ar,111,358,594,469,483
628340faa6589,r,ro,125,152,350,277,225
628340faa6589,o,oe,73,49,223,122,150
628340faa6589,e,em,101,56,235,157,134
628340faa6589,m,mbksp,78,628,762,706,684
628340faa6589,bksp,bkspn,56,130,244,186,188
628340faa6589,n,nn,58,28858,28987,28916,28929
628340faa6589,n,na,71,68,254,139,183
628340faa6589,a,an,115,77,245,192,130
628340faa6589,n,nn,53,82,222,135,169
628340faa6589,n,na,87,123,337,210,250
628340faa6589,a,ap,127,57,267,184,140
628340faa6589,p,pa,83,306,481,389,398
628340faa6589,a,at,92,295,453,387,361
628340faa6589,t,tspace,66,196,335,262,269
628340faa6589,space,spaces,73,177,322,250,249
628340faa6589,s,sa,72,144,327,216,255
628340faa6589,a,ai,111,163,355,274,244
628340faa6589,i,ij,81,192,357,273,276
628340faa6589,j,ja,84,100,318,184,234
628340faa6589,a,ar,134,341,592,475,458
628340faa6589,r,ro,117,114,316,231,199
628340faa6589,o,oe,85,116,312,201,227
628340faa6589,e,en,111,29,224,140,113
628340faa6589,n,nn,84,27403,27569,27487,27485
628340faa6589,n,na,82,105,289,187,207
628340faa6589,a,an,102,77,238,179,136
628340faa6589,n,nn,59,132,274,191,215
628340faa6589,n,na,83,168,374,251,291
628340faa6589,a,ap,123,111,305,234,182
628340faa6589,p,pa,71,160,345,231,274
628340faa6589,a,at,114,211,393,325,279
628340faa6589,t,tspace,68,277,394,345,326
628340faa6589,space,spaces,49,243,373,292,324
628340faa6589,s,sa,81,175,341,256,260
628340faa6589,a,ai,85,123,283,208,198
628340faa6589,i,ij,75,154,283,229,208
628340faa6589,j,jr,54,527,653,581,599
628340faa6589,r,ro,72,195,329,267,257
628340faa6589,o,oe,62,155,291,217,229
628340faa6589,e,en,74,20,155,94,81
628340faa6589,n,nn,61,710,812,771,751
628340faa6589,n,nn,41,44736,44860,44777,44819
628340faa6589,n,na,83,104,290,187,207
628340faa6589,a,an,103,59,226,162,123
628340faa6589,n,nn,64,91,232,155,168
628340faa6589,n,na,77,63,264,140,187
628340faa6589,a,ap,124,70,253,194,129
628340faa6589,p,pa,59,115,273,174,214
628340faa6589,a,at,99,170,332,269,233
628340faa6589,t,tspace,63,428,568,491,505
628340faa6589,space,spaces,77,161,326,238,249
628340faa6589,s,si,88,334,489,422,401
628340faa6589,i,ij,67,159,292,226,225
628340faa6589,j,jr,66,589,740,655,674
628340faa6589,r,ro,85,83,235,168,150
628340faa6589,o,oe,67,51,210,118,143
628340faa6589,e,en,92,57,195,149,103
628340faa6589,n,nn,46,33182,33295,33228,33249
628340faa6589,n,nn,67,285,408,352,341
628340faa6589,n,nn,56,83,240,139,184
628340faa6589,n,np,101,225,400,326,299
628340faa6589,p,pa,74,64,245,138,171
628340faa6589,a,at,107,162,327,269,220
628340faa6589,t,tbksp,58,485,602,543,544
628340faa6589,bksp,bkspbksp,59,64,199,123,140
628340faa6589,bksp,bkspbksp,76,316,465,392,389
628340faa6589,bksp,bkspbksp,73,68,224,141,151
628340faa6589,bksp,bkspbksp,83,354,520,437,437
628340faa6589,bksp,bkspa,83,443,624,526,541
628340faa6589,a,an,98,192,337,290,239
628340faa6589,n,nn,47,99,208,146,161
628340faa6589,n,na,62,127,303,189,241
628340faa6589,a,ap,114,66,265,180,151
628340faa6589,p,pt,85,817,951,902,866
628340faa6589,t,tspace,49,193,300,242,251
628340faa6589,space,spaces,58,116,251,174,193
628340faa6589,s,sa,77,105,291,182,214
628340faa6589,a,ai,109,74,252,183,143
628340faa6589,i,ij,69,122,262,191,193
628340faa6589,j,ja,71,299,473,370,402
628340faa6589,a,ar,103,729,917,832,814
628340faa6589,r,ro,85,73,228,158,143
628340faa6589,o,oe,70,63,219,133,149
628340faa6589,e,en,86,38,192,124,106
628340faa6589,n,nn,68,30235,30389,30303,30321
628340faa6589,n,na,86,120,327,206,241
628340faa6589,a,an,121,49,237,170,116
628340faa6589,n,nn,67,117,267,184,200
628340faa6589,n,np,83,325,484,408,401
628340faa6589,p,pp,76,685,830,761,754
628340faa6589,p,pt,69,569,698,638,629
628340faa6589,t,tspace,60,179,320,239,260
628340faa6589,space,spaces,81,106,280,187,199
628340faa6589,s,sa,93,139,359,232,266
628340faa6589,a,ai,127,160,368,287,241
628340faa6589,i,ij,81,177,341,258,260
628340faa6589,j,ja,83,130,320,213,237
628340faa6589,a,ar,107,312,525,419,418
628340faa6589,r,ro,106,177,334,283,228
628340faa6589,o,oe,51,333,458,384,407
628340faa6589,e,en,74,106,242,180,168
628340faa6589,n,nn,62,26916,27060,26978,26998
628340faa6589,n,na,82,93,292,175,210
628340faa6589,a,an,117,79,257,196,140
628340faa6589,n,nn,61,129,278,190,217
628340faa6589,n,np,88,637,786,725,698
628340faa6589,p,pa,61,260,415,321,354
628340faa6589,a,at,94,172,315,266,221
628340faa6589,t,tspace,49,277,401,326,352
628340faa6589,space,spaces,75,211,367,286,292
628340faa6589,s,si,81,357,515,438,434
628340faa6589,i,ij,77,159,302,236,225
628340faa6589,j,jr,66,536,671,602,605
628340faa6589,r,ro,69,179,284,248,215
628340faa6589,o,oe,36,121,234,157,198
628340faa6589,e,en,77,10,160,87,83
628340faa6589,n,nn,73,549,646,622,573
628340faa6589,n,nbksp,24,1744,1838,1768,1814
628340faa6589,bksp,bkspbksp,70,103,225,173,155
628340faa6589,bksp,bkspbksp,52,80,207,132,155
628340faa6589,bksp,bkspbksp,75,75,229,150,154
628340faa6589,bksp,bkspbksp,79,114,261,193,182
628340faa6589,bksp,bkspbksp,68,170,273,238,205
628340faa6589,bksp,bkspi,35,572,681,607,646
628340faa6589,i,ij,74,586,699,660,625
628340faa6589,j,jr,39,643,756,682,717
628340faa6589,r,ro,74,115,291,189,217
628340faa6589,o,oe,102,277,436,379,334
628340faa6589,e,en,57,96,215,153,158
628340faa6589,n,nn,62,30220,30357,30282,30295
628340faa6589,n,na,75,137,320,212,245
628340faa6589,a,an,108,175,360,283,252
628340faa6589,n,nn,77,103,253,180,176
628340faa6589,n,na,73,274,436,347,363
628340faa6589,a,ap,89,156,316,245,227
628340faa6589,p,pa,71,177,331,248,260
628340faa6589,a,at,83,469,633,552,550
628340faa6589,t,tspace,81,269,408,350,327
628340faa6589,space,spaces,58,184,306,242,248
628340faa6589,s,sa,64,133,303,197,239
628340faa6589,a,ai,106,126,298,232,192
628340faa6589,i,ij,66,152,282,218,216
628340faa6589,j,jr,64,609,760,673,696
628340faa6589,r,ro,87,138,285,225,198
628340faa6589,o,oe,60,159,294,219,234
628340faa6589,e,en,75,108,249,183,174
628340faa6589,n,nc,66,3215631,3215787,3215697,3215721
62834f0d690a9,c,ch,90,139,288,229,198
62834f0d690a9,h,ha,59,-30,159,29,100
62834f0d690a9,a,an,130,549,748,679,618
62834f0d690a9,n,ni,69,127,285,196,216
62834f0d690a9,i,it,89,156,289,245,200
62834f0d690a9,t,ta,44,38,195,82,151
62834f0d690a9,a,abksp,113,821,1013,934,900
62834f0d690a9,bksp,bkspa,79,2139,2329,2218,2250
62834f0d690a9,a,an,111,121,311,232,200
62834f0d690a9,n,nj,79,156,295,235,216
62834f0d690a9,j,jy,60,174,277,234,217
62834f0d690a9,y,ya,43,71,260,114,217
62834f0d690a9,a,a.,146,73,279,219,133
62834f0d690a9,.,.bksp,60,456,577,516,517
62834f0d690a9,bksp,bkspbksp,61,71,194,132,133
62834f0d690a9,bksp,bkspbksp,62,36,163,98,101
62834f0d690a9,bksp,bkspbksp,65,70,181,135,116
62834f0d690a9,bksp,bkspbksp,46,322,429,368,383
62834f0d690a9,bksp,bkspi,61,606,761,667,700
62834f0d690a9,i,it,94,155,311,249,217
62834f0d690a9,t,ta,62,88,279,150,217
62834f0d690a9,a,aspace,129,857,1028,986,899
62834f0d690a9,space,spaced,42,607,743,649,701
62834f0d690a9,d,du,94,190,327,284,233
62834f0d690a9,u,ua,43,138,327,181,284
62834f0d690a9,a,an,146,54,279,200,133
62834f0d690a9,n,ng,79,190,346,269,267
62834f0d690a9,g,gy,77,171,310,248,233
62834f0d690a9,y,yi,62,138,278,200,216
62834f0d690a9,i,iw,78,108,295,186,217
62834f0d690a9,w,wa,109,172,359,281,250
62834f0d690a9,a,ac,78,32404,32556,32482,32478
62834f0d690a9,c,ch,74,173,273,247,199
62834f0d690a9,h,ha,26,54,227,80,201
62834f0d690a9,a,an,147,172,430,319,283
62834f0d690a9,n,ni,111,140,328,251,217
62834f0d690a9,i,iy,77,141,293,218,216
62834f0d690a9,y,ya,75,38,225,113,150
62834f0d690a9,a,aspace,112,106,279,218,167
62834f0d690a9,space,spaced,61,189,344,250,283
62834f0d690a9,d,du,94,374,510,468,416
62834f0d690a9,u,ua,42,140,310,182,268
62834f0d690a9,a,an,128,55,295,183,167
62834f0d690a9,n,ng,112,173,378,285,266
62834f0d690a9,g,gy,93,139,276,232,183
62834f0d690a9,y,yi,44,157,213,201,169
62834f0d690a9,i,iw,12,121,244,133,232
62834f0d690a9,w,wa,111,172,377,283,266
62834f0d690a9,a,ac,94,26900,27104,26994,27010
62834f0d690a9,c,ch,110,190,377,300,267
62834f0d690a9,h,ha,77,123,327,200,250
62834f0d690a9,a,an,127,90,311,217,184
62834f0d690a9,n,ni,94,155,327,249,233
62834f0d690a9,i,it,78,190,310,268,232
62834f0d690a9,t,ta,42,38,210,80,168
62834f0d690a9,a,aa,130,439,730,569,600
62834f0d690a9,a,aspace,161,774,1028,935,867
62834f0d690a9,space,spaced,93,474,659,567,566
62834f0d690a9,d,du,92,190,342,282,250
62834f0d690a9,u,ua,60,105,327,165,267
62834f0d690a9,a,ab,162,256,545,418,383
62834f0d690a9,b,bbksp,127,441,661,568,534
62834f0d690a9,bksp,bkspn,93,204,393,297,300
62834f0d690a9,n,ng,96,222,412,318,316
62834f0d690a9,g,gy,94,191,344,285,250
62834f0d690a9,y,yi,59,139,260,198,201
62834f0d690a9,i,iw,62,123,295,185,233
62834f0d690a9,w,wc,110,47092,47277,47202,47167
62834f0d690a9,c,ch,75,175,324,250,249
62834f0d690a9,h,ha,74,59,274,133,200
62834f0d690a9,a,an,141,539,775,680,634
62834f0d690a9,n,ni,95,189,360,284,265
62834f0d690a9,i,it,76,175,310,251,234
62834f0d690a9,t,ta,59,121,342,180,283
62834f0d690a9,a,aspace,162,106,346,268,184
62834f0d690a9,space,spaced,78,608,795,686,717
62834f0d690a9,d,du,109,208,392,317,283
62834f0d690a9,u,ua,75,138,375,213,300
62834f0d690a9,a,an,162,139,413,301,251
62834f0d690a9,n,ng,112,208,412,320,300
62834f0d690a9,g,gy,92,206,309,298,217
62834f0d690a9,y,yi,11,682,758,693,747
62834f0d690a9,i,iw,65,528,733,593,668
62834f0d690a9,w,wa,140,124,374,264,234
62834f0d690a9,a,ac,110,26938,27127,27048,27017
62834f0d690a9,c,ch,79,171,330,250,251
62834f0d690a9,h,ha,80,159,363,239,283
62834f0d690a9,a,an,124,210,374,334,250
62834f0d690a9,n,ni,40,659,757,699,717
62834f0d690a9,i,it,58,483,590,541,532
62834f0d690a9,t,ta,49,144,300,193,251
62834f0d690a9,a,aspace,107,573,758,680,651
62834f0d690a9,space,spaced,78,339,511,417,433
62834f0d690a9,d,du,94,240,394,334,300
62834f0d690a9,u,ua,60,205,427,265,367
62834f0d690a9,a,an,162,71,345,233,183
62834f0d690a9,n,ng,112,175,379,287,267
62834f0d690a9,g,gy,92,156,308,248,216
62834f0d690a9,y,yi,60,156,294,216,234
62834f0d690a9,i,iw,78,189,378,267,300
62834f0d690a9,w,wa,111,140,327,251,216
62834f0d690a9,a,ac,76,31142,31311,31218,31235
62834f0d690a9,c,ch,93,175,344,268,251
62834f0d690a9,h,ha,76,192,326,268,250
62834f0d690a9,a,an,58,438,575,496,517
62834f0d690a9,n,ni,79,158,295,237,216
62834f0d690a9,i,it,58,174,276,232,218
62834f0d690a9,t,ta,44,171,277,215,233
62834f0d690a9,a,aspace,62,305,428,367,366
62834f0d690a9,space,spaced,61,392,545,453,484
62834f0d690a9,d,du,92,256,408,348,316
62834f0d690a9,u,ua,60,188,311,248,251
62834f0d690a9,a,an,63,388,546,451,483
62834f0d690a9,n,nn,95,1438,1628,1533,1533
62834f0d690a9,n,ng,95,191,362,286,267
62834f0d690a9,g,gy,76,139,276,215,200
62834f0d690a9,y,yi,61,155,277,216,216
62834f0d690a9,i,iw,61,273,377,334,316
62834f0d690a9,w,wa,43,174,294,217,251
62834f0d690a9,a,abksp,77,2332,2469,2409,2392
62834f0d690a9,bksp,bkspbksp,60,57,210,117,150
62834f0d690a9,bksp,bkspg,93,1389,1543,1482,1450
62834f0d690a9,g,gy,61,191,311,252,250
62834f0d690a9,y,yi,59,172,292,231,233
62834f0d690a9,i,iw,61,239,378,300,317
62834f0d690a9,w,wa,78,90,245,168,167
62834f0d690a9,a,ac,77,41718,41889,41795,41812
62834f0d690a9,c,ch,94,174,343,268,249
62834f0d690a9,h,ha,75,73,292,148,217
62834f0d690a9,a,an,144,823,1044,967,900
62834f0d690a9,n,nj,77,156,294,233,217
62834f0d690a9,j,jt,61,158,295,219,234
62834f0d690a9,t,tbksp,76,1056,1143,1132,1067
62834f0d690a9,bksp,bkspn,11,721,793,732,782
62834f0d690a9,n,ni,61,142,244,203,183
62834f0d690a9,i,it,41,192,291,233,250
62834f0d690a9,t,ta,58,241,392,299,334
62834f0d690a9,a,aspace,93,307,425,400,332
62834f0d690a9,space,spaced,25,645,776,670,751
62834f0d690a9,d,du,106,290,456,396,350
62834f0d690a9,u,ua,60,206,344,266,284
62834f0d690a9,a,an,78,521,643,599,565
62834f0d690a9,n,ng,44,211,329,255,285
62834f0d690a9,g,gy,74,175,307,249,233
62834f0d690a9,y,yi,58,123,258,181,200
62834f0d690a9,i,iw,77,224,394,301,317
62834f0d690a9,w,wa,93,106,259,199,166
62834f0d690a9,a,ac,60,37477,37631,37537,37571
62834f0d690a9,c,ch,94,188,360,282,266
62834f0d690a9,h,ha,78,123,327,201,249
62834f0d690a9,a,an,126,140,360,266,234
62834f0d690a9,n,nj,94,139,294,233,200
62834f0d690a9,j,jt,61,206,310,267,249
62834f0d690a9,t,ta,43,75,244,118,201
62834f0d690a9,a,abksp,126,1158,1343,1284,1217
62834f0d690a9,bksp,bkspbksp,59,57,275,116,216
62834f0d690a9,bksp,bkspbksp,159,539,742,698,583
62834f0d690a9,bksp,bkspi,44,1074,1195,1118,1151
62834f0d690a9,i,it,77,207,360,284,283
62834f0d690a9,t,tspace,76,328,464,404,388
62834f0d690a9,space,spacea,60,1630,1801,1690,1741
62834f0d690a9,a,abksp,111,1073,1261,1184,1150
62834f0d690a9,bksp,bkspa,77,256,461,333,384
62834f0d690a9,a,aspace,128,538,728,666,600
62834f0d690a9,space,spaced,62,740,895,802,833
62834f0d690a9,d,du,93,223,393,316,300
62834f0d690a9,u,ua,77,205,360,282,283
62834f0d690a9,a,ab,78,557,712,635,634
62834f0d690a9,b,bbksp,77,422,577,499,500
62834f0d690a9,bksp,bkspn,78,156,278,234,200
62834f0d690a9,n,ng,44,206,310,250,266
62834f0d690a9,g,gy,60,207,327,267,267
62834f0d690a9,y,yu,60,139,260,199,200
62834f0d690a9,u,uw,61,256,394,317,333
62834f0d690a9,w,wa,77,105,261,182,184
62834f0d690a9,a,abksp,79,1304,1429,1383,1350
62834f0d690a9,bksp,bkspbksp,46,72,178,118,132
62834f0d690a9,bksp,bkspy,60,1023,1162,1083,1102
62834f0d690a9,y,yu,79,172,294,251,215
62834f0d690a9,u,uw,43,373,494,416,451
62834f0d690a9,w,wa,78,99,243,177,165
62834f0d690a9,a,abksp,66,1088,1218,1154,1152
62834f0d690a9,bksp,bkspbksp,64,104,196,168,132
62834f0d690a9,bksp,bkspbksp,28,390,462,418,434
62834f0d690a9,bksp,bkspi,44,539,661,583,617
62834f0d690a9,i,iw,78,722,895,800,817
62834f0d690a9,w,wa,95,71,228,166,133
62834f0d690a9,a,ac,62,29205,29365,29267,29303
62834f0d690a9,c,ch,98,191,348,289,250
62834f0d690a9,h,ha,59,223,342,282,283
62834f0d690a9,a,an,60,473,610,533,550
62834f0d690a9,n,nr,77,390,527,467,450
62834f0d690a9,r,ra,60,289,410,349,350
62834f0d690a9,a,abksp,61,757,861,818,800
62834f0d690a9,bksp,bkspbksp,43,405,543,448,500
62834f0d690a9,bksp,bkspt,95,490,679,585,584
62834f0d690a9,t,ta,94,173,327,267,233
62834f0d690a9,a,aspace,60,323,443,383,383
62834f0d690a9,space,spaced,60,574,727,634,667
62834f0d690a9,d,du,93,239,426,332,333
62834f0d690a9,u,ua,94,257,445,351,351
62834f0d690a9,a,an,94,372,577,466,483
62834f0d690a9,n,ng,111,173,394,284,283
62834f0d690a9,g,gy,110,140,310,250,200
62834f0d690a9,y,yi,60,156,294,216,234
62834f0d690a9,i,iw,78,207,361,285,283
62834f0d690a9,w,ws,76,106,259,182,183
62834f0d690a9,s,sbksp,77,706,844,783,767
62834f0d690a9,bksp,bkspa,61,555,677,616,616
62834f0d690a9,a,ac,61,40594,40765,40655,40704
62834f0d690a9,c,ch,110,189,342,299,232
62834f0d690a9,h,ha,43,241,344,284,301
62834f0d690a9,a,an,60,573,727,633,667
62834f0d690a9,n,ni,94,173,343,267,249
62834f0d690a9,i,ir,76,190,326,266,250
62834f0d690a9,r,rbksp,60,824,961,884,901
62834f0d690a9,bksp,bkspt,77,474,643,551,566
62834f0d690a9,t,ta,92,173,308,265,216
62834f0d690a9,a,aspace,43,525,644,568,601
62834f0d690a9,space,spaced,76,624,809,700,733
62834f0d690a9,d,du,109,240,426,349,317
62834f0d690a9,u,ua,77,205,360,282,283
62834f0d690a9,a,an,78,472,662,550,584
62834f0d690a9,n,ng,112,273,462,385,350
62834f0d690a9,g,gy,77,155,310,232,233
62834f0d690a9,y,yi,78,155,277,233,199
62834f0d690a9,i,iw,44,341,462,385,418
62834f0d690a9,w,wa,77,89,210,166,133
62834f0d690a9,a,an,44,21838266,21838326,21838310,21838282
6283a5e92820c,n,na,16,2599,2692,2615,2676
6283a5e92820c,a,at,77,1799,1931,1876,1854
6283a5e92820c,t,tt,55,113,219,168,164
6283a5e92820c,t,ta,51,1062,1139,1113,1088
6283a5e92820c,a,ar,26,461,535,487,509
6283a5e92820c,r,rw,48,201,300,249,252
6283a5e92820c,w,wu,51,451,527,502,476
6283a5e92820c,u,ut,25,241,297,266,272
6283a5e92820c,t,tspace,31,1437,1515,1468,1484
6283a5e92820c,space,spacea,47,4699,4814,4746,4767
6283a5e92820c,a,abksp,68,967,1118,1035,1050
6283a5e92820c,bksp,bkspn,83,452,586,535,503
6283a5e92820c,n,na,51,476,599,527,548
6283a5e92820c,a,an,72,750,891,822,819
6283a5e92820c,n,ng,69,432,569,501,500
6283a5e92820c,g,gl,68,315,434,383,366
6283a5e92820c,l,le,51,515,616,566,565
6283a5e92820c,e,ea,50,267,384,317,334
6283a5e92820c,a,an,67,98652,98751,98719,98684
6283a5e92820c,n,na,32,1100,1199,1132,1167
6283a5e92820c,a,at,67,351,451,418,384
6283a5e92820c,t,tt,33,164,219,197,186
6283a5e92820c,t,ta,22,730,819,752,797
6283a5e92820c,a,ar,67,216,335,283,268
6283a5e92820c,r,rw,52,215,334,267,282
6283a5e92820c,w,wt,67,798,935,865,868
6283a5e92820c,t,tspace,70,2098,2220,2168,2150
6283a5e92820c,space,spacen,52,517,621,569,569
6283a5e92820c,n,na,52,329,449,381,397
6283a5e92820c,a,an,68,383,483,451,415
6283a5e92820c,n,ng,32,417,500,449,468
6283a5e92820c,g,gl,51,231,308,282,257
6283a5e92820c,l,le,26,427,485,453,459
6283a5e92820c,e,ea,32,167,233,199,201
6283a5e92820c,a,an,34,64664,64753,64698,64719
6283a5e92820c,n,na,55,349,437,404,382
6283a5e92820c,a,at,33,266,351,299,318
6283a5e92820c,t,tt,52,130,285,182,233
6283a5e92820c,t,ta,103,997,1134,1100,1031
6283a5e92820c,a,ar,34,284,369,318,335
6283a5e92820c,r,rw,51,183,268,234,217
6283a5e92820c,w,wu,34,398,466,432,432
6283a5e92820c,u,ut,34,215,317,249,283
6283a5e92820c,t,tspace,68,301,453,369,385
6283a5e92820c,space,spacen,84,447,600,531,516
6283a5e92820c,n,na,69,331,468,400,399
6283a5e92820c,a,an,68,700,802,768,734
6283a5e92820c,n,ng,34,2165,2252,2199,2218
6283a5e92820c,g,gl,53,262,369,315,316
6283a5e92820c,l,le,54,382,488,436,434
6283a5e92820c,e,ea,52,163,267,215,215
6283a5e92820c,a,an,52,37051,37155,37103,37103
6283a5e92820c,n,na,52,448,551,500,499
6283a5e92820c,a,at,51,366,442,417,391
6283a5e92820c,t,tt,25,157,209,182,184
6283a5e92820c,t,ta,27,273,368,300,341
6283a5e92820c,a,ar,68,216,336,284,268
6283a5e92820c,r,rw,52,181,285,233,233
6283a5e92820c,w,wu,52,315,419,367,367
6283a5e92820c,u,ut,52,231,351,283,299
6283a5e92820c,t,tspace,68,1033,1168,1101,1100
6283a5e92820c,space,spacen,67,414,535,481,468
6283a5e92820c,n,na,54,396,487,450,433
6283a5e92820c,a,an,37,463,554,500,517
6283a5e92820c,n,ng,54,448,569,502,515
6283a5e92820c,g,gl,67,282,402,349,335
6283a5e92820c,l,le,53,632,711,685,658
6283a5e92820c,e,ea,26,238,333,264,307
6283a5e92820c,a,an,69,49254,49353,49323,49284
6283a5e92820c,n,na,30,468,564,498,534
6283a5e92820c,a,at,66,434,551,500,485
6283a5e92820c,t,tt,51,181,285,232,234
6283a5e92820c,t,ta,53,314,400,367,347
6283a5e92820c,a,ar,33,267,334,300,301
6283a5e92820c,r,rw,34,233,318,267,284
6283a5e92820c,w,wu,51,366,450,417,399
6283a5e92820c,u,ut,33,218,316,251,283
6283a5e92820c,t,tspace,65,451,599,516,534
6283a5e92820c,space,spacen,83,367,477,450,394
6283a5e92820c,n,na,27,339,416,366,389
6283a5e92820c,a,an,50,383,500,433,450
6283a5e92820c,n,ng,67,316,417,383,350
6283a5e92820c,g,gl,34,301,386,335,352
6283a5e92820c,l,le,51,565,650,616,599
6283a5e92820c,e,ea,34,265,333,299,299
6283a5e92820c,a,an,34,37253,37334,37287,37300
6283a5e92820c,n,na,47,536,615,583,568
6283a5e92820c,a,at,32,283,383,315,351
6283a5e92820c,t,tt,68,132,234,200,166
6283a5e92820c,t,ta,34,266,350,300,316
6283a5e92820c,a,ar,50,233,385,283,335
6283a5e92820c,r,rw,102,365,500,467,398
6283a5e92820c,w,wu,33,417,484,450,451
6283a5e92820c,u,ur,34,217,284,251,250
6283a5e92820c,r,rm,33,1183,1240,1216,1207
6283a5e92820c,m,mt,24,440,515,464,491
6283a5e92820c,t,tmeta1,51,3434,3534,3485,3483
6283a5e92820c,meta1,meta1space,49,2667,2802,2716,2753
6283a5e92820c,space,spacenormal,86,999,1133,1085,1047
6283a5e92820c,normal,normaln,48,702,784,750,736
6283a5e92820c,n,na,34,399,467,433,433
6283a5e92820c,a,an,34,716,783,750,749
6283a5e92820c,n,ng,33,251,335,284,302
6283a5e92820c,g,gl,51,182,284,233,233
6283a5e92820c,l,le,51,399,516,450,465
6283a5e92820c,e,ea,66,382,501,448,435
6283a5e92820c,a,an,53,41901,42023,41954,41970
6283a5e92820c,n,na,69,347,539,416,470
6283a5e92820c,a,at,123,243,433,366,310
6283a5e92820c,t,tt,67,129,267,196,200
6283a5e92820c,t,ta,71,183,306,254,235
6283a5e92820c,a,ar,52,214,318,266,266
6283a5e92820c,r,rw,52,182,301,234,249
6283a5e92820c,w,wu,67,566,719,633,652
6283a5e92820c,u,ut,86,195,317,281,231
6283a5e92820c,t,tspace,36,684,771,720,735
6283a5e92820c,space,spacen,51,348,450,399,399
6283a5e92820c,n,na,51,332,417,383,366
6283a5e92820c,a,an,34,349,437,383,403
6283a5e92820c,n,ng,54,246,335,300,281
6283a5e92820c,g,gk,35,232,317,267,282
6283a5e92820c,k,ke,50,350,434,400,384
6283a5e92820c,e,ea,34,198,267,232,233
6283a5e92820c,a,an,35,52766,52869,52801,52834
6283a5e92820c,n,na,68,652,786,720,718
6283a5e92820c,a,at,66,334,433,400,367
6283a5e92820c,t,tt,33,166,232,199,199
6283a5e92820c,t,ta,33,265,349,298,316
6283a5e92820c,a,ar,51,284,402,335,351
6283a5e92820c,r,rw,67,217,337,284,270
6283a5e92820c,w,wu,53,363,467,416,414
6283a5e92820c,u,ut,51,267,342,318,291
6283a5e92820c,t,tspace,24,292,383,316,359
6283a5e92820c,space,spaceb,67,382,483,449,416
6283a5e92820c,b,bbksp,34,600,685,634,651
6283a5e92820c,bksp,bkspa,51,664,766,715,715
6283a5e92820c,a,an,51,367,444,418,393
6283a5e92820c,n,ng,26,624,683,650,657
6283a5e92820c,g,gk,33,267,368,300,335
6283a5e92820c,k,ke,68,482,602,550,534
6283a5e92820c,e,ea,52,263,350,315,298
6283a5e92820c,a,an,35,34152,34221,34187,34186
6283a5e92820c,n,na,34,384,467,418,433
6283a5e92820c,a,at,49,402,499,451,450
6283a5e92820c,t,tt,48,165,265,213,217
6283a5e92820c,t,ta,52,232,335,284,283
6283a5e92820c,a,ar,51,329,451,380,400
6283a5e92820c,r,rw,71,232,355,303,284
6283a5e92820c,w,wu,52,315,401,367,349
6283a5e92820c,u,ut,34,232,318,266,284
6283a5e92820c,t,tspace,52,700,819,752,767
6283a5e92820c,space,spacen,67,1129,1250,1196,1183
6283a5e92820c,n,na,54,430,535,484,481
6283a5e92820c,a,an,51,466,587,517,536
6283a5e92820c,n,ng,70,348,470,418,400
6283a5e92820c,g,gl,52,214,351,266,299
6283a5e92820c,l,le,85,345,469,430,384
6283a5e92820c,e,ea,39,198,289,237,250
6283a5e92820c,a,an,52,30276,30369,30328,30317
6283a5e92820c,n,na,41,366,458,407,417
6283a5e92820c,a,at,51,315,418,366,367
6283a5e92820c,t,tt,52,145,267,197,215
6283a5e92820c,t,ta,70,198,337,268,267
6283a5e92820c,a,ar,69,182,302,251,233
6283a5e92820c,r,rw,51,200,303,251,252
6283a5e92820c,w,wu,52,499,634,551,582
6283a5e92820c,u,ut,83,230,366,313,283
6283a5e92820c,t,tspace,53,400,487,453,434
6283a5e92820c,space,spacen,34,530,599,564,565
6283a5e92820c,n,na,35,331,418,366,383
6283a5e92820c,a,an,52,382,470,434,418
6283a5e92820c,n,nl,36,682,771,718,735
6283a5e92820c,l,le,53,630,752,683,699
6283a5e92820c,e,ea,69,197,336,266,267
6283a5e92820c,a,ashift,70,16418800,16418944,16418870,16418874
6283e8254c6ae,shift,shiftA,74,143,279,217,205
6283e8254c6ae,A,AC,62,473,601,535,539
6283e8254c6ae,C,CG,66,184,311,250,245
6283e8254c6ae,G,Gbksp,61,513,664,574,603
6283e8254c6ae,bksp,bkspH,90,584,775,674,685
6283e8254c6ae,H,HA,101,291,513,392,412
6283e8254c6ae,A,AR,121,264,472,385,351
6283e8254c6ae,R,RA,87,55,252,142,165
6283e8254c6ae,A,AP,110,1139,1361,1249,1251
6283e8254c6ae,P,PH,112,307,519,419,407
6283e8254c6ae,H,HU,100,77,265,177,165
6283e8254c6ae,U,UN,88,158,321,246,233
6283e8254c6ae,N,Nspace,75,575,732,650,657
6283e8254c6ae,space,spaceP,82,227,407,309,325
6283e8254c6ae,P,PG,98,393,560,491,462
6283e8254c6ae,G,GH,69,1070,1224,1139,1155
6283e8254c6ae,H,HO,85,114,279,199,194
6283e8254c6ae,O,OH,80,1741,1901,1821,1821
6283e8254c6ae,H,HO,80,141,294,221,214
6283e8254c6ae,O,OT,73,612,762,685,689
6283e8254c6ae,T,TH,77,406,565,483,488
6283e8254c6ae,H,HI,82,153,322,235,240
6283e8254c6ae,I,IC,87,311,471,398,384
6283e8254c6ae,C,CH,73,165,344,238,271
6283e8254c6ae,H,HA,106,214,418,320,312
6283e8254c6ae,A,AI,98,260,449,358,351
6283e8254c6ae,I,Ishift,91,44609,44783,44700,44692
6283e8254c6ae,shift,shiftA,83,284,430,367,347
6283e8254c6ae,A,AC,63,413,548,476,485
6283e8254c6ae,C,CH,72,232,409,304,337
6283e8254c6ae,H,HA,105,316,503,421,398
6283e8254c6ae,A,AR,82,182,364,264,282
6283e8254c6ae,R,RA,100,147,317,247,217
6283e8254c6ae,A,AP,70,550,735,620,665
6283e8254c6ae,P,PH,115,266,467,381,352
6283e8254c6ae,H,HI,86,124,283,210,197
6283e8254c6ae,I,IN,73,163,307,236,234
6283e8254c6ae,N,Nspace,71,326,476,397,405
6283e8254c6ae,space,spacebksp,79,924,1101,1003,1022
6283e8254c6ae,bksp,bkspbksp,98,285,476,383,378
6283e8254c6ae,bksp,bkspO,93,1265,1459,1358,1366
6283e8254c6ae,O,OU,101,1424,1599,1525,1498
6283e8254c6ae,U,UN,74,139,306,213,232
6283e8254c6ae,N,Nspace,93,445,635,538,542
6283e8254c6ae,space,spaceP,97,728,912,825,815
6283e8254c6ae,P,PH,87,303,467,390,380
6283e8254c6ae,H,HO,77,163,327,240,250
6283e8254c6ae,O,OT,87,264,410,351,323
6283e8254c6ae,T,TH,59,358,480,417,421
6283e8254c6ae,H,HI,63,211,350,274,287
6283e8254c6ae,I,IC,76,962,1124,1038,1048
6283e8254c6ae,C,CH,86,553,719,639,633
6283e8254c6ae,H,HA,80,163,348,243,268
6283e8254c6ae,A,AI,105,151,353,256,248
6283e8254c6ae,I,Ishift,97,47965,48141,48062,48044
6283e8254c6ae,shift,shiftA,79,147,292,226,213
6283e8254c6ae,A,AC,66,479,618,545,552
6283e8254c6ae,C,CH,73,226,409,299,336
6283e8254c6ae,H,HA,110,276,471,386,361
6283e8254c6ae,A,AR,85,186,357,271,272
6283e8254c6ae,R,RA,86,135,297,221,211
6283e8254c6ae,A,AP,76,265,453,341,377
6283e8254c6ae,P,PH,112,237,453,349,341
6283e8254c6ae,H,HU,104,92,287,196,183
6283e8254c6ae,U,UN,91,161,339,252,248
6283e8254c6ae,N,Nspace,87,406,575,493,488
6283e8254c6ae,space,spaceP,82,1113,1296,1195,1214
6283e8254c6ae,P,PH,101,336,522,437,421
6283e8254c6ae,H,HO,85,147,339,232,254
6283e8254c6ae,O,OT,107,929,1098,1036,991
6283e8254c6ae,T,TH,62,422,590,484,528
6283e8254c6ae,H,HI,106,124,329,230,223
6283e8254c6ae,I,IC,99,354,535,453,436
6283e8254c6ae,C,CH,82,192,366,274,284
6283e8254c6ae,H,HA,92,215,370,307,278
6283e8254c6ae,A,AI,63,247,396,310,333
6283e8254c6ae,I,Ia,86,46891,47047,46977,46961
6283e8254c6ae,a,ac,70,386,538,456,468
6283e8254c6ae,c,ch,82,215,392,297,310
6283e8254c6ae,h,ha,95,220,402,315,307
6283e8254c6ae,a,ar,87,175,365,262,278
6283e8254c6ae,r,ra,103,136,311,239,208
6283e8254c6ae,a,ap,72,276,449,348,377
6283e8254c6ae,p,ph,101,203,407,304,306
6283e8254c6ae,h,hu,103,85,278,188,175
6283e8254c6ae,u,un,90,150,300,240,210
6283e8254c6ae,n,nmeta1,60,1390,1513,1450,1453
6283e8254c6ae,meta1,meta1@,63,392,552,455,489
6283e8254c6ae,@,@normal,97,1314,1483,1411,1386
6283e8254c6ae,normal,normalj,72,482,638,554,566
6283e8254c6ae,j,jh,84,1102,1236,1186,1152
6283e8254c6ae,h,ho,50,176,311,226,261
6283e8254c6ae,o,ot,85,266,408,351,323
6283e8254c6ae,t,tbksp,57,980,1122,1037,1065
6283e8254c6ae,bksp,bkspbksp,85,61,217,146,132
6283e8254c6ae,bksp,bkspbksp,71,63,236,134,165
6283e8254c6ae,bksp,bkspbksp,102,363,569,465,467
6283e8254c6ae,bksp,bksph,104,578,740,682,636
6283e8254c6ae,h,ho,58,180,320,238,262
6283e8254c6ae,o,ot,82,237,401,319,319
6283e8254c6ae,t,tm,82,1689,1866,1771,1784
6283e8254c6ae,m,ma,95,243,410,338,315
6283e8254c6ae,a,ai,72,245,411,317,339
6283e8254c6ae,i,il,94,114,306,208,212
6283e8254c6ae,l,l.,98,652,850,750,752
6283e8254c6ae,.,.c,100,252,404,352,304
6283e8254c6ae,c,co,52,181,318,233,266
6283e8254c6ae,o,om,85,103,263,188,178
6283e8254c6ae,m,ma,75,37325,37459,37400,37384
6283e8254c6ae,a,ac,59,403,551,462,492
6283e8254c6ae,c,ch,89,199,389,288,300
6283e8254c6ae,h,ha,101,250,429,351,328
6283e8254c6ae,a,ar,78,196,366,274,288
6283e8254c6ae,r,ra,92,148,308,240,216
6283e8254c6ae,a,ap,68,284,448,352,380
6283e8254c6ae,p,ph,96,220,407,316,311
6283e8254c6ae,h,hu,91,98,277,189,186
6283e8254c6ae,u,um,88,149,288,237,200
6283e8254c6ae,m,mn,51,2556,2688,2607,2637
6283e8254c6ae,n,nspace,81,119,280,200,199
6283e8254c6ae,space,spacep,80,513,693,593,613
6283e8254c6ae,p,ph,100,274,442,374,342
6283e8254c6ae,h,ho,68,191,351,259,283
6283e8254c6ae,o,ot,92,344,494,436,402
6283e8254c6ae,t,th,58,339,483,397,425
6283e8254c6ae,h,hi,86,404,588,490,502
6283e8254c6ae,i,ic,98,330,502,428,404
6283e8254c6ae,c,ch,74,184,359,258,285
6283e8254c6ae,h,ha,101,224,397,325,296
6283e8254c6ae,a,ai,72,254,405,326,333
6283e8254c6ae,i,ishift,79,36413,36598,36492,36519
6283e8254c6ae,shift,shiftA,106,102,289,208,183
6283e8254c6ae,A,AC,81,552,708,633,627
6283e8254c6ae,C,CH,75,219,388,294,313
6283e8254c6ae,H,HA,94,247,417,341,323
6283e8254c6ae,A,AR,76,184,347,260,271
6283e8254c6ae,R,RA,87,134,287,221,200
6283e8254c6ae,A,AP,66,290,450,356,384
6283e8254c6ae,P,PH,94,213,413,307,319
6283e8254c6ae,H,HU,106,100,287,206,181
6283e8254c6ae,U,UN,81,179,321,260,240
6283e8254c6ae,N,Nspace,61,323,470,384,409
6283e8254c6ae,space,spaceP,86,739,908,825,822
6283e8254c6ae,P,PH,83,367,518,450,435
6283e8254c6ae,H,HO,68,197,353,265,285
6283e8254c6ae,O,OT,88,273,418,361,330
6283e8254c6ae,T,TH,57,398,553,455,496
6283e8254c6ae,H,HI,98,345,651,443,553
6283e8254c6ae,I,IC,208,435,711,643,503
6283e8254c6ae,C,CJ,68,233,394,301,326
6283e8254c6ae,J,Jbksp,93,781,961,874,868
6283e8254c6ae,bksp,bkspH,87,1097,1269,1184,1182
6283e8254c6ae,H,HA,85,247,393,332,308
6283e8254c6ae,A,AI,61,273,436,334,375
6283e8254c6ae,I,Ishift,102,34379,34537,34481,34435
6283e8254c6ae,shift,shiftA,56,174,269,230,213
6283e8254c6ae,A,AC,39,556,666,595,627
6283e8254c6ae,C,CG,71,202,357,273,286
6283e8254c6ae,G,GA,84,1671,1850,1755,1766
6283e8254c6ae,A,AR,95,183,360,278,265
6283e8254c6ae,R,RA,82,200,364,282,282
6283e8254c6ae,A,AP,82,313,486,395,404
6283e8254c6ae,P,PH,91,242,438,333,347
6283e8254c6ae,H,HU,105,91,273,196,168
6283e8254c6ae,U,UN,77,194,330,271,253
6283e8254c6ae,N,Nspace,59,521,670,580,611
6283e8254c6ae,space,spaceP,90,2618,2808,2708,2718
6283e8254c6ae,P,PH,100,291,482,391,382
6283e8254c6ae,H,HI,91,154,330,245,239
6283e8254c6ae,I,Ibksp,85,913,1114,998,1029
6283e8254c6ae,bksp,bkspO,116,141,337,257,221
6283e8254c6ae,O,OT,80,342,478,422,398
6283e8254c6ae,T,TH,56,393,522,449,466
6283e8254c6ae,H,HI,73,166,336,239,263
6283e8254c6ae,I,IC,97,857,1005,954,908
6283e8254c6ae,C,CH,51,246,445,297,394
6283e8254c6ae,H,HA,148,262,483,410,335
6283e8254c6ae,A,AI,73,275,443,348,370
6283e8254c6ae,I,Ia,95,37585,37731,37680,37636
6283e8254c6ae,a,ac,51,416,546,467,495
6283e8254c6ae,c,ch,79,188,362,267,283
6283e8254c6ae,h,ha,95,273,446,368,351
6283e8254c6ae,a,ar,78,179,345,257,267
6283e8254c6ae,r,ra,88,156,287,244,199
6283e8254c6ae,a,ap,43,614,719,657,676
6283e8254c6ae,p,ph,62,248,375,310,313
6283e8254c6ae,h,hu,65,122,259,187,194
6283e8254c6ae,u,un,72,165,290,237,218
6283e8254c6ae,n,nspace,53,614,734,667,681
6283e8254c6ae,space,spacep,67,439,565,506,498
6283e8254c6ae,p,ph,59,285,426,344,367
6283e8254c6ae,h,ho,82,165,326,247,244
6283e8254c6ae,o,ot,79,241,370,320,291
6283e8254c6ae,t,th,50,1046,1166,1096,1116
6283e8254c6ae,h,hi,70,158,296,228,226
6283e8254c6ae,i,ic,68,281,425,349,357
6283e8254c6ae,c,ch,76,186,334,262,258
6283e8254c6ae,h,ha,72,224,375,296,303
6283e8254c6ae,a,ai,79,540,681,619,602
6283e8254c6ae,i,ia,62,30593,30707,30655,30645
6283e8254c6ae,a,ac,52,571,691,623,639
6283e8254c6ae,c,ch,68,192,337,260,269
6283e8254c6ae,h,ha,77,640,801,717,724
6283e8254c6ae,a,ar,84,275,427,359,343
6283e8254c6ae,r,ra,68,118,252,186,184
6283e8254c6ae,a,ap,66,429,568,495,502
6283e8254c6ae,p,ph,73,316,446,389,373
6283e8254c6ae,h,hu,57,143,254,200,197
6283e8254c6ae,u,um,54,232,334,286,280
6283e8254c6ae,m,mn,48,1086,1191,1134,1143
6283e8254c6ae,n,nbksp,57,1028,1150,1085,1093
6283e8254c6ae,bksp,bkspbksp,65,120,261,185,196
6283e8254c6ae,bksp,bkspn,76,603,747,679,671
6283e8254c6ae,n,nspace,68,307,434,375,366
6283e8254c6ae,space,spacep,59,685,802,744,743
6283e8254c6ae,p,ph,58,276,417,334,359
6283e8254c6ae,h,ho,83,174,347,257,264
6283e8254c6ae,o,ot,90,261,422,351,332
6283e8254c6ae,t,th,71,534,686,605,615
6283e8254c6ae,h,hi,81,212,383,293,302
6283e8254c6ae,i,ic,90,404,552,494,462
6283e8254c6ae,c,ch,58,258,378,316,320
6283e8254c6ae,h,ha,62,221,348,283,286
6283e8254c6ae,a,ai,65,244,363,309,298
6283e8254c6ae,i,ia,54,29125,29249,29179,29195
6283e8254c6ae,a,ac,70,411,550,481,480
6283e8254c6ae,c,ch,69,227,369,296,300
6283e8254c6ae,h,ha,73,254,407,327,334
6283e8254c6ae,a,at,80,191,347,271,267
6283e8254c6ae,t,ta,76,137,289,213,213
6283e8254c6ae,a,ap,76,435,583,511,507
6283e8254c6ae,p,ph,72,229,369,301,297
6283e8254c6ae,h,hu,68,130,269,198,201
6283e8254c6ae,u,un,71,174,303,245,232
6283e8254c6ae,n,nspace,58,1182,1302,1240,1244
6283e8254c6ae,space,spacep,62,246,385,308,323
6283e8254c6ae,p,ph,77,257,412,334,335
6283e8254c6ae,h,ho,78,196,346,274,268
6283e8254c6ae,o,ot,72,263,399,335,327
6283e8254c6ae,t,tj,64,353,466,417,402
6283e8254c6ae,j,jbksp,49,391,513,440,464
6283e8254c6ae,bksp,bksph,73,280,391,353,318
6283e8254c6ae,h,hi,38,871,980,909,942
6283e8254c6ae,i,ic,71,385,543,456,472
6283e8254c6ae,c,ch,87,255,425,342,338
6283e8254c6ae,h,ha,83,292,451,375,368
6283e8254c6ae,a,ai,76,348,477,424,401
6283e8254c6ae,i,ic,53,56881421,56881557,56881474,56881504
6284c81ddc106,c,ch,83,54,249,137,166
6284c81ddc106,h,ha,112,58,245,170,133
6284c81ddc106,a,an,75,75,209,150,134
6284c81ddc106,n,no,59,241,375,300,316
6284c81ddc106,o,oo,75,57,227,132,152
6284c81ddc106,o,ot,95,290,444,385,349
6284c81ddc106,t,tp,59,75,194,134,135
6284c81ddc106,p,po,60,122,259,182,199
6284c81ddc106,o,or,77,126,260,203,183
6284c81ddc106,r,rn,57,57,175,114,118
6284c81ddc106,n,nmeta1,61,44966,45082,45027,45021
6284c81ddc106,meta1,meta1normal,55,1458,2107,1513,2052
6284c81ddc106,normal,normalshift,594,742,1411,1336,817
6284c81ddc106,shift,shiftshift,75,358,509,433,434
6284c81ddc106,shift,shiftmeta1,76,255,410,331,334
6284c81ddc106,meta1,meta1normal,79,1275,1430,1354,1351
6284c81ddc106,normal,normalc,76,1592,1745,1668,1669
6284c81ddc106,c,ch,77,73,260,150,183
6284c81ddc106,h,ha,110,40,260,150,150
6284c81ddc106,a,an,110,57,261,167,151
6284c81ddc106,n,no,94,222,394,316,300
6284c81ddc106,o,oo,78,56,245,134,167
6284c81ddc106,o,ot,111,257,410,368,299
6284c81ddc106,t,tp,42,58,177,100,135
6284c81ddc106,p,po,77,106,260,183,183
6284c81ddc106,o,or,77,74,211,151,134
6284c81ddc106,r,rn,60,72,227,132,167
6284c81ddc106,n,nspace,95,924,1079,1019,984
6284c81ddc106,space,spaces,60,308,427,368,367
6284c81ddc106,s,sr,59,240,376,299,317
6284c81ddc106,r,ri,77,91,294,168,217
6284c81ddc106,i,ic,126,150,341,276,215
6284c81ddc106,c,ch,65,101,282,166,217
6284c81ddc106,h,ha,116,18,250,134,134
6284c81ddc106,a,ai,116,37,234,153,118
6284c81ddc106,i,ic,81,492217,492370,492298,492289
6284c81ddc106,c,ch,72,74,239,146,167
6284c81ddc106,h,ha,93,39,243,132,150
6284c81ddc106,a,an,111,39,227,150,116
6284c81ddc106,n,no,77,176,311,253,234
6284c81ddc106,o,oo,58,106,242,164,184
6284c81ddc106,o,ot,78,175,328,253,250
6284c81ddc106,t,tp,75,21,192,96,117
6284c81ddc106,p,po,96,89,280,185,184
6284c81ddc106,o,or,95,57,245,152,150
6284c81ddc106,r,rn,93,56,210,149,117
6284c81ddc106,n,nbksp,61,1839,2013,1900,1952
6284c81ddc106,bksp,bkspp,113,856,1080,969,967
6284c81ddc106,p,po,111,123,361,234,250
6284c81ddc106,o,or,127,256,477,383,350
6284c81ddc106,r,rn,94,73,262,167,168
6284c81ddc106,n,nspace,95,240,394,335,299
6284c81ddc106,space,spaces,59,675,826,734,767
6284c81ddc106,s,sr,92,357,526,449,434
6284c81ddc106,r,ri,77,91,245,168,168
6284c81ddc106,i,ic,77,273,427,350,350
6284c81ddc106,c,ch,77,139,311,216,234
6284c81ddc106,h,ha,95,15,211,110,116
6284c81ddc106,a,ai,101,73,252,174,151
6284c81ddc106,i,ic,78,86274,86398,86352,86320
6284c81ddc106,c,ch,46,141,280,187,234
6284c81ddc106,h,ha,93,56,227,149,134
6284c81ddc106,a,an,78,62,228,140,150
6284c81ddc106,n,no,88,373,588,461,500
6284c81ddc106,o,ot,127,157,361,284,234
6284c81ddc106,t,tp,77,89,259,166,182
6284c81ddc106,p,pp,93,107,293,200,200
6284c81ddc106,p,pr,93,91,260,184,167
6284c81ddc106,r,rn,76,56,243,132,167
6284c81ddc106,n,nbksp,111,1774,1945,1885,1834
6284c81ddc106,bksp,bkspbksp,60,73,227,133,167
6284c81ddc106,bksp,bkspbksp,94,72,245,166,151
6284c81ddc106,bksp,bkspbksp,79,71,245,150,166
6284c81ddc106,bksp,bkspbksp,95,105,278,200,183
6284c81ddc106,bksp,bkspbksp,78,90,262,168,184
6284c81ddc106,bksp,bkspn,94,823,1027,917,933
6284c81ddc106,n,no,110,222,393,332,283
6284c81ddc106,o,oo,61,106,262,167,201
6284c81ddc106,o,ot,95,105,261,200,166
6284c81ddc106,t,tp,61,73,228,134,167
6284c81ddc106,p,po,94,106,311,200,217
6284c81ddc106,o,or,111,106,311,217,200
6284c81ddc106,r,rn,94,106,278,200,184
6284c81ddc106,n,nspace,78,891,1062,969,984
6284c81ddc106,space,spaces,93,507,659,600,566
6284c81ddc106,s,sr,59,289,409,348,350
6284c81ddc106,r,ri,61,173,344,234,283
6284c81ddc106,i,ic,110,90,278,200,168
6284c81ddc106,c,ch,78,71,227,149,149
6284c81ddc106,h,ha,78,89,228,167,150
6284c81ddc106,a,ai,61,56,160,117,99
6284c81ddc106,i,ic,43,27657,27809,27700,27766
6284c81ddc106,c,ch,109,123,341,232,232
6284c81ddc106,h,hn,109,288,493,397,384
6284c81ddc106,n,np,96,241,430,337,334
6284c81ddc106,p,po,93,107,276,200,183
6284c81ddc106,o,ot,76,241,410,317,334
6284c81ddc106,t,tp,93,89,243,182,150
6284c81ddc106,p,po,61,156,278,217,217
6284c81ddc106,o,obksp,61,469,645,530,584
6284c81ddc106,bksp,bkspbksp,115,77,281,192,166
6284c81ddc106,bksp,bkspbksp,89,52,223,141,134
6284c81ddc106,bksp,bkspbksp,82,72,265,154,183
6284c81ddc106,bksp,bkspbksp,111,1574,1812,1685,1701
6284c81ddc106,bksp,bkspbksp,127,205,461,332,334
6284c81ddc106,bksp,bkspn,129,767,992,896,863
6284c81ddc106,n,no,96,272,466,368,370
6284c81ddc106,o,oo,98,939,1148,1037,1050
6284c81ddc106,o,ot,111,373,527,484,416
6284c81ddc106,t,tp,43,406,577,449,534
6284c81ddc106,p,po,128,290,478,418,350
6284c81ddc106,o,os,60,224,377,284,317
6284c81ddc106,s,sn,93,256,444,349,351
6284c81ddc106,n,nbksp,95,389,578,484,483
6284c81ddc106,bksp,bkspbksp,94,289,527,383,433
6284c81ddc106,bksp,bkspr,144,290,527,434,383
6284c81ddc106,r,rn,93,272,460,365,367
6284c81ddc106,n,nspace,95,842,1029,937,934
6284c81ddc106,space,spaces,92,424,610,516,518
6284c81ddc106,s,sr,94,222,410,316,316
6284c81ddc106,r,ri,94,141,362,235,268
6284c81ddc106,i,ic,127,139,361,266,234
6284c81ddc106,c,ch,95,122,311,217,216
6284c81ddc106,h,ha,94,74,261,168,167
6284c81ddc106,a,ai,93,72,260,165,167
6284c81ddc106,i,ic,95,27720,27926,27815,27831
6284c81ddc106,c,ch,111,257,493,368,382
6284c81ddc106,h,hn,125,759,959,884,834
6284c81ddc106,n,no,75,575,792,650,717
6284c81ddc106,o,oo,142,240,526,382,384
6284c81ddc106,o,ot,144,224,461,368,317
6284c81ddc106,t,tp,93,257,459,350,366
6284c81ddc106,p,po,109,1790,2010,1899,1901
6284c81ddc106,o,or,111,1075,1277,1186,1166
6284c81ddc106,r,rn,91,157,342,248,251
6284c81ddc106,n,nspace,94,857,1061,951,967
6284c81ddc106,space,spaces,110,491,710,601,600
6284c81ddc106,s,sr,109,256,475,365,366
6284c81ddc106,r,ri,110,242,477,352,367
6284c81ddc106,i,ic,125,140,375,265,250
6284c81ddc106,c,ch,110,190,411,300,301
6284c81ddc106,h,ha,111,57,294,168,183
6284c81ddc106,a,ai,126,122,326,248,200
6284c81ddc106,i,ic,78,42658,42811,42736,42733
6284c81ddc106,c,ch,75,174,341,249,266
6284c81ddc106,h,ha,92,142,359,234,267
6284c81ddc106,a,an,125,107,342,232,217
6284c81ddc106,n,no,110,791,1010,901,900
6284c81ddc106,o,oo,109,107,324,216,215
6284c81ddc106,o,ot,108,3129,3311,3237,3203
6284c81ddc106,t,tp,74,175,358,249,284
6284c81ddc106,p,po,109,139,342,248,233
6284c81ddc106,o,or,94,141,328,235,234
6284c81ddc106,r,rn,93,72,276,165,183
6284c81ddc106,n,nspace,111,1042,1263,1153,1152
6284c81ddc106,space,spaces,110,290,493,400,383
6284c81ddc106,s,sr,93,156,343,249,250
6284c81ddc106,r,ri,94,207,427,301,333
6284c81ddc106,i,ic,126,123,327,249,201
6284c81ddc106,c,ch,78,155,344,233,266
6284c81ddc106,h,ha,111,90,312,201,201
6284c81ddc106,a,ai,111,39,227,150,116
6284c81ddc106,i,ic,77,91999,92171,92076,92094
6284c81ddc106,c,ch,95,70,280,165,185
6284c81ddc106,h,ha,115,90,299,205,184
6284c81ddc106,a,an,94,56,244,150,150
6284c81ddc106,n,no,94,240,411,334,317
6284c81ddc106,o,oo,77,122,327,199,250
6284c81ddc106,o,ot,128,191,395,319,267
6284c81ddc106,t,tp,76,107,276,183,200
6284c81ddc106,p,po,93,122,310,215,217
6284c81ddc106,o,on,95,173,362,268,267
6284c81ddc106,n,nr,94,73,244,167,150
6284c81ddc106,r,rbksp,77,391,577,468,500
6284c81ddc106,bksp,bkspbksp,109,90,293,199,184
6284c81ddc106,bksp,bkspn,94,188,344,282,250
6284c81ddc106,n,nr,62,973,1113,1035,1051
6284c81ddc106,r,rn,78,140,296,218,218
6284c81ddc106,n,nspace,78,1109,1294,1187,1216
6284c81ddc106,space,spaces,107,291,491,398,384
6284c81ddc106,s,sr,93,222,426,315,333
6284c81ddc106,r,ri,111,74,311,185,200
6284c81ddc106,i,ic,126,190,410,316,284
6284c81ddc106,c,ch,94,139,327,233,233
6284c81ddc106,h,ha,94,38,245,132,151
6284c81ddc106,a,ai,113,55,229,168,116
6284c81ddc106,i,ic,61,62969,63092,63030,63031
6284c81ddc106,c,ch,62,142,296,204,234
6284c81ddc106,h,ha,92,74,292,166,200
6284c81ddc106,a,an,126,56,276,182,150
6284c81ddc106,n,no,94,857,1028,951,934
6284c81ddc106,o,oo,77,105,293,182,216
6284c81ddc106,o,ot,111,124,311,235,200
6284c81ddc106,t,tp,76,107,276,183,200
6284c81ddc106,p,po,93,139,344,232,251
6284c81ddc106,o,or,112,123,328,235,216
6284c81ddc106,r,rn,93,189,377,282,284
6284c81ddc106,n,nspace,95,658,862,753,767
6284c81ddc106,space,spaces,109,305,506,414,397
6284c81ddc106,s,sr,92,223,429,315,337
6284c81ddc106,r,ri,114,123,362,237,248
6284c81ddc106,i,ic,125,125,344,250,219
6284c81ddc106,c,ch,94,104,309,198,215
6284c81ddc106,h,ha,111,73,278,184,167
6284c81ddc106,a,ai,94,56,244,150,150
6284c81ddc106,i,ic,94,27728,27932,27822,27838
6284c81ddc106,c,ch,110,157,377,267,267
6284c81ddc106,h,ha,110,108,343,218,233
6284c81ddc106,a,an,125,125,376,250,251
6284c81ddc106,n,no,126,292,512,418,386
6284c81ddc106,o,oo,94,105,327,199,233
6284c81ddc106,o,ot,128,57,278,185,150
6284c81ddc106,t,tp,93,109,295,202,202
6284c81ddc106,p,po,93,139,343,232,250
6284c81ddc106,o,or,111,108,311,219,200
6284c81ddc106,r,rn,92,174,343,266,251
6284c81ddc106,n,nspace,77,492,679,569,602
6284c81ddc106,space,spaces,110,209,412,319,302
6284c81ddc106,s,sr,93,222,410,315,317
6284c81ddc106,r,ri,95,141,362,236,267
6284c81ddc106,i,ic,126,157,378,283,252
6284c81ddc106,c,ch,95,156,345,251,250
6284c81ddc106,h,ha,94,139,344,233,250
6284c81ddc106,a,ai,111,37,244,148,133
6284c81ddc106,i,is,96,62636322,62636518,62636418,62636422
6285c0a0686b8,s,sR,100,621,833,721,733
6285c0a0686b8,R,Rbksp,112,1738,1960,1850,1848
6285c0a0686b8,bksp,bkspA,110,1139,1375,1249,1265
6285c0a0686b8,A,Abksp,126,1221,1442,1347,1316
6285c0a0686b8,bksp,bkspbksp,95,137,394,232,299
6285c0a0686b8,bksp,bkspshift,162,306,595,468,433
6285c0a0686b8,shift,shiftshift,127,1488,1742,1615,1615
6285c0a0686b8,shift,shiftshift,127,687,960,814,833
6285c0a0686b8,shift,shiftshift,146,487,812,633,666
6285c0a0686b8,shift,shiftshift,179,687,1044,866,865
6285c0a0686b8,shift,shifts,178,471,745,649,567
6285c0a0686b8,s,sa,96,139,396,235,300
6285c0a0686b8,a,ar,161,1041,1326,1202,1165
6285c0a0686b8,r,ri,124,322,540,446,416
6285c0a0686b8,i,in,94,838,1043,932,949
6285c0a0686b8,n,ny,111,472,660,583,549
6285c0a0686b8,y,ya,77,604,826,681,749
6285c0a0686b8,a,aspace,145,2604,2859,2749,2714
6285c0a0686b8,space,spacespace,110,1869,2124,1979,2014
6285c0a0686b8,space,spacec,145,1171,1410,1316,1265
6285c0a0686b8,c,cbksp,94,1242,1460,1336,1366
6285c0a0686b8,bksp,bkspbksp,124,288,539,412,415
6285c0a0686b8,bksp,bkspc,127,821,1043,948,916
6285c0a0686b8,c,ch,95,1588,1760,1683,1665
6285c0a0686b8,h,ha,77,637,792,714,715
6285c0a0686b8,a,ai,78,504,678,582,600
6285c0a0686b8,i,il,96,1987,2226,2083,2130
6285c0a0686b8,l,la,143,454,659,597,516
6285c0a0686b8,a,an,62,705,895,767,833
6285c0a0686b8,n,ng,128,289,494,417,366
6285c0a0686b8,g,gk,77,506,693,583,616
6285c0a0686b8,k,ka,110,454,627,564,517
6285c0a0686b8,a,as,63,51622,51938,51685,51875
6285c0a0686b8,s,sa,253,306,685,559,432
6285c0a0686b8,a,ar,126,773,1025,899,899
6285c0a0686b8,r,ri,126,289,526,415,400
6285c0a0686b8,i,in,111,871,1110,982,999
6285c0a0686b8,n,ny,128,423,610,551,482
6285c0a0686b8,y,ya,59,155,359,214,300
6285c0a0686b8,a,aspace,145,1190,1427,1335,1282
6285c0a0686b8,space,spacec,92,555,775,647,683
6285c0a0686b8,c,ch,128,1022,1227,1150,1099
6285c0a0686b8,h,ha,77,204,410,281,333
6285c0a0686b8,a,ai,129,120,345,249,216
6285c0a0686b8,i,il,96,522,644,618,548
6285c0a0686b8,l,ll,26,721,792,747,766
6285c0a0686b8,l,lbksp,45,889,1045,934,1000
6285c0a0686b8,bksp,bkspa,111,437,710,548,599
6285c0a0686b8,a,an,162,321,595,483,433
6285c0a0686b8,n,ng,112,339,562,451,450
6285c0a0686b8,g,gk,111,672,860,783,749
6285c0a0686b8,k,ka,77,271,476,348,399
6285c0a0686b8,a,as,128,50134,50404,50262,50276
6285c0a0686b8,s,sa,142,173,458,315,316
6285c0a0686b8,a,ar,143,340,626,483,483
6285c0a0686b8,r,ri,143,905,1158,1048,1015
6285c0a0686b8,i,in,110,323,560,433,450
6285c0a0686b8,n,ny,127,439,643,566,516
6285c0a0686b8,y,ya,77,187,426,264,349
6285c0a0686b8,a,aspace,162,1155,1461,1317,1299
6285c0a0686b8,space,spacec,144,256,527,400,383
6285c0a0686b8,c,ch,127,656,893,783,766
6285c0a0686b8,h,ha,110,187,442,297,332
6285c0a0686b8,a,ai,145,271,444,416,299
6285c0a0686b8,i,il,28,2938,3076,2966,3048
6285c0a0686b8,l,la,110,171,460,281,350
6285c0a0686b8,a,an,179,237,528,416,349
6285c0a0686b8,n,ng,112,505,712,617,600
6285c0a0686b8,g,gk,95,538,744,633,649
6285c0a0686b8,k,ka,111,88,361,199,250
6285c0a0686b8,a,as,162,44627,44932,44789,44770
6285c0a0686b8,s,si,143,921,1141,1064,998
6285c0a0686b8,i,in,77,273,460,350,383
6285c0a0686b8,n,nbksp,110,1088,1309,1198,1199
6285c0a0686b8,bksp,bkspbksp,111,121,327,232,216
6285c0a0686b8,bksp,bkspbksp,95,105,312,200,217
6285c0a0686b8,bksp,bkspr,112,797,1045,909,933
6285c0a0686b8,r,ri,136,353,601,489,465
6285c0a0686b8,i,in,112,271,445,383,333
6285c0a0686b8,n,ny,62,1573,1744,1635,1682
6285c0a0686b8,y,ya,109,139,392,248,283
6285c0a0686b8,a,aspace,144,872,1159,1016,1015
6285c0a0686b8,space,spacec,143,339,593,482,450
6285c0a0686b8,c,ch,111,307,494,418,383
6285c0a0686b8,h,ha,76,221,459,297,383
6285c0a0686b8,a,ai,162,154,412,316,250
6285c0a0686b8,i,il,96,838,1044,934,948
6285c0a0686b8,l,la,110,188,460,298,350
6285c0a0686b8,a,an,162,537,811,699,649
6285c0a0686b8,n,ng,112,355,562,467,450
6285c0a0686b8,g,gk,95,388,578,483,483
6285c0a0686b8,k,ka,95,154,394,249,299
6285c0a0686b8,a,as,145,42892,43162,43037,43017
6285c0a0686b8,s,sa,125,189,475,314,350
6285c0a0686b8,a,ar,161,255,560,416,399
6285c0a0686b8,r,ri,144,123,344,267,200
6285c0a0686b8,i,in,77,289,460,366,383
6285c0a0686b8,n,ny,94,256,393,350,299
6285c0a0686b8,y,ya,43,371,593,414,550
6285c0a0686b8,a,aspace,179,658,928,837,749
6285c0a0686b8,space,spacec,91,290,507,381,416
6285c0a0686b8,c,ch,126,391,593,517,467
6285c0a0686b8,h,hi,76,519,675,595,599
6285c0a0686b8,i,il,80,475,663,555,583
6285c0a0686b8,l,la,108,304,541,412,433
6285c0a0686b8,a,an,129,170,412,299,283
6285c0a0686b8,n,ng,113,439,662,552,549
6285c0a0686b8,g,gk,110,239,426,349,316
6285c0a0686b8,k,ka,77,138,344,215,267
6285c0a0686b8,a,as,129,36285,36540,36414,36411
6285c0a0686b8,s,si,126,982,1173,1108,1047
6285c0a0686b8,i,in,65,257,416,322,351
6285c0a0686b8,n,nbksp,94,971,1176,1065,1082
6285c0a0686b8,bksp,bkspbksp,111,87,328,198,217
6285c0a0686b8,bksp,bkspr,130,871,1128,1001,998
6285c0a0686b8,r,ri,127,438,676,565,549
6285c0a0686b8,i,in,111,255,461,366,350
6285c0a0686b8,n,ny,95,739,894,834,799
6285c0a0686b8,y,ya,60,207,410,267,350
6285c0a0686b8,a,aspace,143,1088,1342,1231,1199
6285c0a0686b8,space,spacec,111,338,577,449,466
6285c0a0686b8,c,ch,128,872,1077,1000,949
6285c0a0686b8,h,ha,77,304,543,381,466
6285c0a0686b8,a,ai,162,188,412,350,250
6285c0a0686b8,i,il,62,422,561,484,499
6285c0a0686b8,l,la,77,256,477,333,400
6285c0a0686b8,a,an,144,936,1193,1080,1049
6285c0a0686b8,n,ng,113,471,662,584,549
6285c0a0686b8,g,gk,78,638,794,716,716
6285c0a0686b8,k,ka,78,155,378,233,300
6285c0a0686b8,a,as,145,44524,44795,44669,44650
6285c0a0686b8,s,sa,126,189,508,315,382
6285c0a0686b8,a,ar,193,390,692,583,499
6285c0a0686b8,r,ri,109,256,459,365,350
6285c0a0686b8,i,in,94,389,560,483,466
6285c0a0686b8,n,ny,77,2087,2258,2164,2181
6285c0a0686b8,y,ya,94,188,444,282,350
6285c0a0686b8,a,aspace,162,438,694,600,532
6285c0a0686b8,space,spacec,94,356,577,450,483
6285c0a0686b8,c,ch,127,423,643,550,516
6285c0a0686b8,h,ha,93,304,543,397,450
6285c0a0686b8,a,ai,146,204,445,350,299
6285c0a0686b8,i,il,95,423,611,518,516
6285c0a0686b8,l,la,93,221,476,314,383
6285c0a0686b8,a,an,162,388,645,550,483
6285c0a0686b8,n,ng,95,589,794,684,699
6285c0a0686b8,g,gk,110,389,593,499,483
6285c0a0686b8,k,ka,94,171,377,265,283
6285c0a0686b8,a,as,112,42572,42794,42684,42682
6285c0a0686b8,s,sa,110,155,376,265,266
6285c0a0686b8,a,ar,111,272,460,383,349
6285c0a0686b8,r,ri,77,755,926,832,849
6285c0a0686b8,i,in,94,306,543,400,449
6285c0a0686b8,n,ny,143,323,559,466,416
6285c0a0686b8,y,ya,93,305,509,398,416
6285c0a0686b8,a,aspace,111,889,1012,1000,901
6285c0a0686b8,space,spacespace,12,486,610,498,598
6285c0a0686b8,space,spacec,112,1173,1393,1285,1281
6285c0a0686b8,c,ch,108,539,757,647,649
6285c0a0686b8,h,ha,110,388,593,498,483
6285c0a0686b8,a,ai,95,454,678,549,583
6285c0a0686b8,i,il,129,789,1061,918,932
6285c0a0686b8,l,la,143,653,875,796,732
6285c0a0686b8,a,an,79,1054,1261,1133,1182
6285c0a0686b8,n,ng,128,356,611,484,483
6285c0a0686b8,g,gk,127,423,677,550,550
6285c0a0686b8,k,ka,127,454,692,581,565
6285c0a0686b8,a,as,111,36595,36832,36706,36721
6285c0a0686b8,s,sa,126,189,425,315,299
6285c0a0686b8,a,ar,110,439,643,549,533
6285c0a0686b8,r,ri,94,5865,6069,5959,5975
6285c0a0686b8,i,in,110,439,676,549,566
6285c0a0686b8,n,ny,127,855,1109,982,982
6285c0a0686b8,y,ya,127,5630,5836,5757,5709
6285c0a0686b8,a,aspace,79,905,1111,984,1032
6285c0a0686b8,space,spacec,127,772,993,899,866
6285c0a0686b8,c,ch,94,273,476,367,382
6285c0a0686b8,h,ha,109,389,576,498,467
6285c0a0686b8,a,ai,78,953,1143,1031,1065
6285c0a0686b8,i,il,112,822,1061,934,949
6285c0a0686b8,l,la,127,487,692,614,565
6285c0a0686b8,a,an,78,754,961,832,883
6285c0a0686b8,n,ng,129,372,578,501,449
6285c0a0686b8,g,gk,77,356,543,433,466
6285c0a0686b8,k,ka,110,491,676,601,566
6285c0a0686b8,a,as,75,112605,112803,112680,112728
6285c2f892a99,s,sa,123,189,472,312,349
6285c2f892a99,a,ar,160,372,695,532,535
6285c2f892a99,r,ri,163,121,377,284,214
6285c2f892a99,i,in,93,272,476,365,383
6285c2f892a99,n,ny,111,2458,2624,2569,2513
6285c2f892a99,y,ya,55,272,505,327,450
6285c2f892a99,a,aspace,178,622,911,800,733
6285c2f892a99,space,spacec,111,273,494,384,383
6285c2f892a99,c,ch,110,272,459,382,349
6285c2f892a99,h,ha,77,255,493,332,416
6285c2f892a99,a,ai,161,188,444,349,283
6285c2f892a99,i,il,95,373,578,468,483
6285c2f892a99,l,la,110,288,560,398,450
6285c2f892a99,a,an,162,171,461,333,299
6285c2f892a99,n,ng,128,523,728,651,600
6285c2f892a99,g,gk,77,455,626,532,549
6285c2f892a99,k,ka,94,188,444,282,350
6285c2f892a99,a,as,162,39774,40063,39936,39901
6285c2f892a99,s,sa,127,1471,1741,1598,1614
6285c2f892a99,a,ar,143,306,609,449,466
6285c2f892a99,r,ri,160,157,426,317,266
6285c2f892a99,i,in,109,223,459,332,350
6285c2f892a99,n,ny,127,323,510,450,383
6285c2f892a99,y,ya,60,205,410,265,350
6285c2f892a99,a,aspace,145,755,1010,900,865
6285c2f892a99,space,spacec,110,323,527,433,417
6285c2f892a99,c,ch,94,456,626,550,532
6285c2f892a99,h,ha,76,205,442,281,366
6285c2f892a99,a,ai,161,122,361,283,200
6285c2f892a99,i,il,78,523,711,601,633
6285c2f892a99,l,la,110,238,509,348,399
6285c2f892a99,a,an,161,521,777,682,616
6285c2f892a99,n,ng,95,473,661,568,566
6285c2f892a99,g,gk,93,306,459,399,366
6285c2f892a99,k,ka,60,221,426,281,366
6285c2f892a99,a,as,145,38823,39112,38968,38967
6285c2f892a99,s,sa,144,206,477,350,333
6285c2f892a99,a,ai,127,1204,1441,1331,1314
6285c2f892a99,i,in,110,256,476,366,366
6285c2f892a99,n,ny,110,406,627,516,517
6285c2f892a99,y,ya,111,370,576,481,465
6285c2f892a99,a,aspace,95,1338,1543,1433,1448
6285c2f892a99,space,spacec,110,939,1143,1049,1033
6285c2f892a99,c,ch,94,805,1009,899,915
6285c2f892a99,h,ha,110,488,709,598,599
6285c2f892a99,a,ai,111,504,710,615,599
6285c2f892a99,i,il,95,374,561,469,466
6285c2f892a99,l,la,92,688,874,780,782
6285c2f892a99,a,an,94,637,827,731,733
6285c2f892a99,n,ng,96,506,695,602,599
6285c2f892a99,g,gk,93,389,576,482,483
6285c2f892a99,k,ka,94,520,709,614,615
6285c2f892a99,a,as,95,38945,39148,39040,39053
6285c2f892a99,s,sa,108,189,407,297,299
6285c2f892a99,a,ar,110,206,409,316,299
6285c2f892a99,r,ri,93,856,1059,949,966
6285c2f892a99,i,in,110,239,493,349,383
6285c2f892a99,n,ny,144,390,626,534,482
6285c2f892a99,y,ya,92,321,475,413,383
6285c2f892a99,a,aspace,62,839,994,901,932
6285c2f892a99,space,spacec,93,290,510,383,417
6285c2f892a99,c,ch,127,390,643,517,516
6285c2f892a99,h,ha,126,370,592,496,466
6285c2f892a99,a,ai,96,371,562,467,466
6285c2f892a99,i,il,95,639,877,734,782
6285c2f892a99,l,la,143,438,693,581,550
6285c2f892a99,a,an,112,554,794,666,682
6285c2f892a99,n,ng,128,573,777,701,649
6285c2f892a99,g,gk,76,223,426,299,350
6285c2f892a99,k,ka,127,387,593,514,466
6285c2f892a99,a,as,79,34715,34887,34794,34808
6285c2f892a99,s,sa,93,188,358,281,265
6285c2f892a99,a,ar,77,240,394,317,317
6285c2f892a99,r,ri,77,405,576,482,499
6285c2f892a99,i,in,94,239,477,333,383
6285c2f892a99,n,ny,144,473,726,617,582
6285c2f892a99,y,ya,109,288,492,397,383
6285c2f892a99,a,aspace,95,838,1027,933,932
6285c2f892a99,space,spacec,94,373,560,467,466
6285c2f892a99,c,ch,93,241,460,334,367
6285c2f892a99,h,ha,126,303,525,429,399
6285c2f892a99,a,ai,96,404,596,500,500
6285c2f892a99,i,il,96,721,978,817,882
6285c2f892a99,l,la,161,520,777,681,616
6285c2f892a99,a,an,96,620,845,716,749
6285c2f892a99,n,ng,129,322,545,451,416
6285c2f892a99,g,gk,94,322,543,416,449
6285c2f892a99,k,ka,127,405,576,532,449
6285c2f892a99,a,as,44,35880,36017,35924,35973
6285c2f892a99,s,sa,93,156,342,249,249
6285c2f892a99,a,ar,93,173,360,266,267
6285c2f892a99,r,ri,94,788,976,882,882
6285c2f892a99,i,in,94,306,443,400,349
6285c2f892a99,n,ny,43,622,691,665,648
6285c2f892a99,y,ya,26,1055,1192,1081,1166
6285c2f892a99,a,aspace,111,1271,1493,1382,1382
6285c2f892a99,space,spacec,111,272,510,383,399
6285c2f892a99,c,ch,127,257,494,384,367
6285c2f892a99,h,ha,110,388,575,498,465
6285c2f892a99,a,ai,77,438,593,515,516
6285c2f892a99,i,il,78,756,977,834,899
6285c2f892a99,l,la,143,488,743,631,600
6285c2f892a99,a,an,112,621,844,733,732
6285c2f892a99,n,nh,111,221,427,332,316
6285c2f892a99,h,hbksp,95,755,994,850,899
6285c2f892a99,bksp,bkspg,144,290,494,434,350
6285c2f892a99,g,gk,60,339,476,399,416
6285c2f892a99,k,ka,77,387,543,464,466
6285c2f892a99,a,as,79,33563,33734,33642,33655
6285c2f892a99,s,sa,92,189,358,281,266
6285c2f892a99,a,ar,77,755,909,832,832
6285c2f892a99,r,ri,77,422,626,499,549
6285c2f892a99,i,in,127,373,643,500,516
6285c2f892a99,n,ny,143,290,543,433,400
6285c2f892a99,y,ya,110,388,576,498,466
6285c2f892a99,a,aspace,78,1787,1925,1865,1847
6285c2f892a99,space,spacec,60,822,992,882,932
6285c2f892a99,c,ch,110,389,610,499,500
6285c2f892a99,h,ha,111,337,560,448,449
6285c2f892a99,a,ai,112,454,661,566,549
6285c2f892a99,i,il,95,440,645,535,550
6285c2f892a99,l,la,110,488,692,598,582
6285c2f892a99,a,an,94,887,1110,981,1016
6285c2f892a99,n,ng,129,471,678,600,549
6285c2f892a99,g,gk,78,439,610,517,532
6285c2f892a99,k,ka,93,404,559,497,466
6285c2f892a99,a,as,62,33130,33302,33192,33240
6285c2f892a99,s,sa,110,172,393,282,283
6285c2f892a99,a,ar,111,289,476,400,365
6285c2f892a99,r,ri,76,622,809,698,733
6285c2f892a99,i,in,111,273,510,384,399
6285c2f892a99,n,ny,126,322,525,448,399
6285c2f892a99,y,ya,77,322,494,399,417
6285c2f892a99,a,aspace,95,1237,1443,1332,1348
6285c2f892a99,space,spacec,111,206,460,317,349
6285c2f892a99,c,ch,143,507,743,650,600
6285c2f892a99,h,ha,93,304,475,397,382
6285c2f892a99,a,ai,78,421,595,499,517
6285c2f892a99,i,il,96,373,595,469,499
6285c2f892a99,l,la,126,404,625,530,499
6285c2f892a99,a,an,95,570,777,665,682
6285c2f892a99,n,ng,112,572,745,684,633
6285c2f892a99,g,gk,61,1554,1758,1615,1697
6285c2f892a99,k,ka,143,422,675,565,532
6285c2f892a99,a,as,110,34993,35195,35103,35085
6285c2f892a99,s,sa,92,223,458,315,366
6285c2f892a99,a,ar,143,273,542,416,399
6285c2f892a99,r,ri,126,489,709,615,583
6285c2f892a99,i,in,94,256,476,350,382
6285c2f892a99,n,ny,126,439,626,565,500
6285c2f892a99,y,ya,61,154,344,215,283
6285c2f892a99,a,aspace,129,872,1144,1001,1015
6285c2f892a99,space,spacec,143,240,493,383,350
6285c2f892a99,c,ch,110,206,409,316,299
6285c2f892a99,h,ha,93,188,443,281,350
6285c2f892a99,a,ai,162,88,329,250,167
6285c2f892a99,i,il,79,388,561,467,482
6285c2f892a99,l,la,94,238,477,332,383
6285c2f892a99,a,an,145,188,444,333,299
6285c2f892a99,n,ng,111,508,694,619,583
6285c2f892a99,g,gk,75,423,591,498,516
6285c2f892a99,k,ka,93,105,343,198,250
6285c2f892a99,a,as,145,36522,36798,36667,36653
6285c2f892a99,s,sa,131,156,447,287,316
6285c2f892a99,a,ar,160,306,592,466,432
6285c2f892a99,r,ri,126,123,343,249,217
6285c2f892a99,i,in,94,239,443,333,349
6285c2f892a99,n,ny,110,307,494,417,384
6285c2f892a99,y,ya,77,188,409,265,332
6285c2f892a99,a,aspace,144,905,1193,1049,1049
6285c2f892a99,space,spacec,144,223,510,367,366
6285c2f892a99,c,ch,143,140,393,283,250
6285c2f892a99,h,ha,110,171,426,281,316
6285c2f892a99,a,ai,145,71,328,216,183
6285c2f892a99,i,il,112,673,895,785,783
6285c2f892a99,l,la,110,287,609,397,499
6285c2f892a99,a,an,212,221,578,433,366
6285c2f892a99,n,ng,145,307,545,452,400
6285c2f892a99,g,gk,93,273,459,366,366
6285c2f892a99,k,ka,93,89,326,182,233
6285c2f892a99,a,ashift,144,18193788,18194002,18193932,18193858
62860bac1feef,shift,shiftT,70,406,554,476,484
62860bac1feef,T,TH,78,92,261,170,183
62860bac1feef,H,HI,91,142,325,233,234
62860bac1feef,I,IT,92,38,208,130,116
62860bac1feef,T,TI,78,40,195,118,117
62860bac1feef,I,IP,77,140,310,217,233
62860bac1feef,P,PO,93,107,277,200,184
62860bac1feef,O,OR,77,608,793,685,716
62860bac1feef,R,RN,108,94,258,202,150
62860bac1feef,N,Nspace,56,692,856,748,800
62860bac1feef,space,spaceK,108,527,708,635,600
62860bac1feef,K,KH,73,173,323,246,250
62860bac1feef,H,HU,77,128,277,205,200
62860bac1feef,U,UN,72,174,323,246,251
62860bac1feef,N,NL,77,156,293,233,216
62860bac1feef,L,LO,60,124,293,184,233
62860bac1feef,O,OR,109,157,343,266,234
62860bac1feef,R,RN,77,108,260,185,183
62860bac1feef,N,NS,75,188,375,263,300
62860bac1feef,S,SI,112,89,312,201,200
62860bac1feef,I,IR,111,91,295,202,184
62860bac1feef,R,RI,93,20,209,113,116
62860bac1feef,I,It,96,40261,40432,40357,40336
62860bac1feef,t,th,75,74,225,149,150
62860bac1feef,h,hi,76,157,326,233,250
62860bac1feef,i,it,93,90,260,183,167
62860bac1feef,t,ti,77,37,177,114,100
62860bac1feef,i,ip,63,222,363,285,300
62860bac1feef,p,po,78,139,311,217,233
62860bac1feef,o,or,94,123,294,217,200
62860bac1feef,r,rn,77,91,244,168,167
62860bac1feef,n,nspace,76,393,576,469,500
62860bac1feef,space,spacek,107,858,1040,965,933
62860bac1feef,k,kh,75,188,311,263,236
62860bac1feef,h,hu,48,137,245,185,197
62860bac1feef,u,un,60,322,460,382,400
62860bac1feef,n,nk,78,255,428,333,350
62860bac1feef,k,ko,95,173,395,268,300
62860bac1feef,o,or,127,273,477,400,350
62860bac1feef,r,rn,77,155,328,232,251
62860bac1feef,n,ns,96,173,379,269,283
62860bac1feef,s,sr,110,423,626,533,516
62860bac1feef,r,rbksp,93,882,1085,975,992
62860bac1feef,bksp,bkspi,110,539,744,649,634
62860bac1feef,i,ir,95,73,261,168,166
62860bac1feef,r,ri,93,38,210,131,117
62860bac1feef,i,it,79,36830,37015,36909,36936
62860bac1feef,t,th,106,60,256,166,150
62860bac1feef,h,hi,90,141,339,231,249
62860bac1feef,i,it,108,139,291,247,183
62860bac1feef,t,ti,44,91,178,135,134
62860bac1feef,i,ip,43,208,360,251,317
62860bac1feef,p,po,109,76,292,185,183
62860bac1feef,o,or,107,573,757,680,650
62860bac1feef,r,rn,77,160,311,237,234
62860bac1feef,n,nspace,74,193,374,267,300
62860bac1feef,space,spacek,107,370,573,477,466
62860bac1feef,k,kh,96,225,413,321,317
62860bac1feef,h,hu,92,142,342,234,250
62860bac1feef,u,un,108,138,341,246,233
62860bac1feef,n,nk,95,171,362,266,267
62860bac1feef,k,ko,96,138,346,234,250
62860bac1feef,o,or,112,140,328,252,216
62860bac1feef,r,rn,76,139,310,215,234
62860bac1feef,n,ns,95,173,362,268,267
62860bac1feef,s,si,94,87,277,181,183
62860bac1feef,i,ir,96,71,263,167,167
62860bac1feef,r,ri,96,11,213,107,117
62860bac1feef,i,it,106,33029,33224,33135,33118
62860bac1feef,t,th,89,57,206,146,117
62860bac1feef,h,hi,60,124,293,184,233
62860bac1feef,i,it,109,41,259,150,150
62860bac1feef,t,ti,109,19,210,128,101
62860bac1feef,i,ip,82,156,331,238,249
62860bac1feef,p,po,93,106,293,199,200
62860bac1feef,o,or,94,76,278,170,184
62860bac1feef,r,rn,108,122,324,230,216
62860bac1feef,n,nspace,94,794,994,888,900
62860bac1feef,space,spacek,106,292,490,398,384
62860bac1feef,k,kh,92,157,342,249,250
62860bac1feef,h,hu,93,160,376,253,283
62860bac1feef,u,un,123,157,356,280,233
62860bac1feef,n,nk,76,222,376,298,300
62860bac1feef,k,ko,78,189,362,267,284
62860bac1feef,o,or,95,154,345,249,250
62860bac1feef,r,rn,96,106,312,202,216
62860bac1feef,n,ns,110,192,410,302,300
62860bac1feef,s,si,108,71,292,179,184
62860bac1feef,i,ir,113,55,279,168,166
62860bac1feef,r,ri,111,20,245,131,134
62860bac1feef,i,it,114,28368,28574,28482,28460
62860bac1feef,t,th,92,59,225,151,133
62860bac1feef,h,hi,74,140,291,214,217
62860bac1feef,i,it,77,88,244,165,167
62860bac1feef,t,ti,79,19,162,98,83
62860bac1feef,i,ip,64,158,331,222,267
62860bac1feef,p,po,109,124,342,233,233
62860bac1feef,o,or,109,142,376,251,267
62860bac1feef,r,rn,125,125,291,250,166
62860bac1feef,n,nspace,41,461,625,502,584
62860bac1feef,space,spacebksp,123,1575,1757,1698,1634
62860bac1feef,bksp,bkspbksp,59,57,208,116,149
62860bac1feef,bksp,bkspbksp,92,55,242,147,150
62860bac1feef,bksp,bkspbksp,95,155,345,250,250
62860bac1feef,bksp,bkspbksp,95,123,329,218,234
62860bac1feef,bksp,bkspi,111,641,861,752,750
62860bac1feef,i,ip,109,1106,1309,1215,1200
62860bac1feef,p,po,94,139,344,233,250
62860bac1feef,o,ot,111,123,311,234,200
62860bac1feef,t,tr,77,804,976,881,899
62860bac1feef,r,rn,95,55,246,150,151
62860bac1feef,n,nr,96,822,1029,918,933
62860bac1feef,r,rn,111,255,461,366,350
62860bac1feef,n,nspace,95,341,512,436,417
62860bac1feef,space,spacek,76,1023,1209,1099,1133
62860bac1feef,k,kh,110,122,327,232,217
62860bac1feef,h,hu,95,123,311,218,216
62860bac1feef,u,un,93,138,327,231,234
62860bac1feef,n,nk,96,140,329,236,233
62860bac1feef,k,ko,93,121,326,214,233
62860bac1feef,o,or,112,124,312,236,200
62860bac1feef,r,rn,76,108,293,184,217
62860bac1feef,n,ns,109,140,342,249,233
62860bac1feef,s,si,93,40,244,133,151
62860bac1feef,i,ir,111,272,460,383,349
62860bac1feef,r,ri,77,40,211,117,134
62860bac1feef,i,it,94,27895,28063,27989,27969
62860bac1feef,t,th,74,123,273,197,199
62860bac1feef,h,hi,76,161,326,237,250
62860bac1feef,i,it,89,105,289,194,200
62860bac1feef,t,ti,95,73,229,168,134
62860bac1feef,i,ip,61,191,344,252,283
62860bac1feef,p,po,92,142,342,234,250
62860bac1feef,o,or,108,74,291,182,183
62860bac1feef,r,rn,109,90,293,199,184
62860bac1feef,n,nspace,94,1071,1277,1165,1183
62860bac1feef,space,spacek,112,523,730,635,618
62860bac1feef,k,kh,95,205,394,300,299
62860bac1feef,h,hu,94,257,444,351,350
62860bac1feef,u,un,93,188,360,281,267
62860bac1feef,n,nk,79,154,329,233,250
62860bac1feef,k,ko,96,125,345,221,249
62860bac1feef,o,or,124,172,358,296,234
62860bac1feef,r,rn,62,355,512,417,450
62860bac1feef,n,ns,95,109,312,204,217
62860bac1feef,s,si,108,54,274,162,166
62860bac1feef,i,ir,112,72,246,184,134
62860bac1feef,r,ri,62,73,228,135,166
62860bac1feef,i,it,93,26595,26762,26688,26669
62860bac1feef,t,th,74,93,257,167,183
62860bac1feef,h,hi,90,158,356,248,266
62860bac1feef,i,it,108,57,292,165,184
62860bac1feef,t,ti,127,41,210,168,83
62860bac1feef,i,ip,42,208,342,250,300
62860bac1feef,p,po,92,139,326,231,234
62860bac1feef,o,or,95,123,311,218,216
62860bac1feef,r,rn,93,43,260,136,167
62860bac1feef,n,nspace,124,177,391,301,267
62860bac1feef,space,spacek,90,356,540,446,450
62860bac1feef,k,kh,94,188,394,282,300
62860bac1feef,h,hu,112,558,778,670,666
62860bac1feef,u,un,108,158,375,266,267
62860bac1feef,n,nk,109,188,392,297,283
62860bac1feef,k,ko,95,155,345,250,250
62860bac1feef,o,or,95,139,312,234,217
62860bac1feef,r,rn,78,122,312,200,234
62860bac1feef,n,ns,112,158,378,270,266
62860bac1feef,s,si,108,356,592,464,484
62860bac1feef,i,ir,128,89,327,217,199
62860bac1feef,r,ri,110,90,327,200,217
62860bac1feef,i,it,127,30896,31113,31023,30986
62860bac1feef,t,th,90,91,273,181,183
62860bac1feef,h,hi,92,190,392,282,300
62860bac1feef,i,it,110,123,360,233,250
62860bac1feef,t,ti,127,71,277,198,150
62860bac1feef,i,ip,79,191,362,270,283
62860bac1feef,p,po,92,123,342,215,250
62860bac1feef,o,or,127,106,327,233,200
62860bac1feef,r,rn,94,91,328,185,234
62860bac1feef,n,nspace,143,293,493,436,350
62860bac1feef,space,spacek,57,1123,1290,1180,1233
62860bac1feef,k,kh,110,173,360,283,250
62860bac1feef,h,hu,77,107,293,184,216
62860bac1feef,u,un,109,255,476,364,367
62860bac1feef,n,nk,112,260,479,372,367
62860bac1feef,k,ko,107,156,390,263,283
62860bac1feef,o,or,127,140,394,267,267
62860bac1feef,r,rn,127,105,344,232,217
62860bac1feef,n,ns,112,257,495,369,383
62860bac1feef,s,si,126,71,309,197,183
62860bac1feef,i,ir,112,90,312,202,200
62860bac1feef,r,ri,110,88,294,198,184
62860bac1feef,i,it,96,30176,30380,30272,30284
62860bac1feef,t,th,108,43,274,151,166
62860bac1feef,h,hi,123,138,373,261,250
62860bac1feef,i,it,112,73,262,185,150
62860bac1feef,t,ti,77,89,260,166,183
62860bac1feef,i,ip,94,241,444,335,350
62860bac1feef,p,po,109,140,359,249,250
62860bac1feef,o,or,110,109,309,219,199
62860bac1feef,r,rn,90,107,307,197,217
62860bac1feef,n,nspace,110,1606,1842,1716,1732
62860bac1feef,space,spacek,126,473,692,599,566
62860bac1feef,k,kh,93,172,360,265,267
62860bac1feef,h,hu,95,157,362,252,267
62860bac1feef,u,un,110,188,409,298,299
62860bac1feef,n,nk,111,208,428,319,317
62860bac1feef,k,ko,109,156,375,265,266
62860bac1feef,o,or,110,193,377,303,267
62860bac1feef,r,rn,74,188,374,262,300
62860bac1feef,n,ns,112,226,478,338,366
62860bac1feef,s,si,140,57,341,197,201
62860bac1feef,i,ir,144,39,277,183,133
62860bac1feef,r,ri,94,123,360,217,266
62860bac1feef,i,it,143,40320,40556,40463,40413
62860bac1feef,t,th,93,89,259,182,166
62860bac1feef,h,hi,77,144,327,221,250
62860bac1feef,i,it,106,89,290,195,184
62860bac1feef,t,ti,95,38,195,133,100
62860bac1feef,i,ip,62,208,362,270,300
62860bac1feef,p,po,92,139,292,231,200
62860bac1feef,o,or,61,75,261,136,200
62860bac1feef,r,rn,125,38,258,163,133
62860bac1feef,n,nspace,95,591,795,686,700
62860bac1feef,space,spacek,109,342,542,451,433
62860bac1feef,k,kh,91,157,325,248,234
62860bac1feef,h,hu,77,110,277,187,200
62860bac1feef,u,un,90,171,340,261,250
62860bac1feef,n,nk,79,154,329,233,250
62860bac1feef,k,ko,96,154,346,250,250
62860bac1feef,o,or,96,122,312,218,216
62860bac1feef,r,rn,94,123,328,217,234
62860bac1feef,n,ns,111,156,361,267,250
62860bac1feef,s,si,94,54,261,148,167
62860bac1feef,i,ir,113,90,313,203,200
62860bac1feef,r,ri,110,73,293,183,183
62860bac1feef,i,imeta1,110,13699072,13699233,13699182,13699123
6286428fd32f8,meta1,meta1normal,51,687,811,738,760
6286428fd32f8,normal,normals,73,921,1077,994,1004
6286428fd32f8,s,sa,83,219,392,302,309
6286428fd32f8,a,as,90,150,324,240,234
6286428fd32f8,s,si,84,511,678,595,594
6286428fd32f8,i,in,83,210,357,293,274
6286428fd32f8,n,nspace,64,152,282,216,218
6286428fd32f8,space,spaces,66,243,376,309,310
6286428fd32f8,s,sa,67,166,300,233,233
6286428fd32f8,a,an,67,869,1003,936,936
6286428fd32f8,n,ng,67,311,443,378,376
6286428fd32f8,g,gk,65,193,332,258,267
6286428fd32f8,k,ka,74,268,409,342,335
6286428fd32f8,a,ap,67,352,501,419,434
6286428fd32f8,p,pi,82,200,341,282,259
6286428fd32f8,i,it,59,227,361,286,302
6286428fd32f8,t,ta,75,192,324,267,249
6286428fd32f8,a,ak,57,309,417,366,360
6286428fd32f8,k,ks,51,44625,44751,44676,44700
6286428fd32f8,s,sa,75,148,308,223,233
6286428fd32f8,a,as,85,157,310,242,225
6286428fd32f8,s,si,68,268,410,336,342
6286428fd32f8,i,in,74,167,350,241,276
6286428fd32f8,n,nspace,109,139,326,248,217
6286428fd32f8,space,spaces,78,259,405,337,327
6286428fd32f8,s,sa,68,105,252,173,184
6286428fd32f8,a,an,79,266,403,345,324
6286428fd32f8,n,ng,58,170,317,228,259
6286428fd32f8,g,gk,89,143,308,232,219
6286428fd32f8,k,ka,76,224,377,300,301
6286428fd32f8,a,ap,77,267,411,344,334
6286428fd32f8,p,pi,67,149,275,216,208
6286428fd32f8,i,it,59,176,309,235,250
6286428fd32f8,t,ta,74,158,308,232,234
6286428fd32f8,a,aj,76,285,410,361,334
6286428fd32f8,j,jbksp,49,712,834,761,785
6286428fd32f8,bksp,bkspk,73,184,324,257,251
6286428fd32f8,k,ks,67,30112,30252,30179,30185
6286428fd32f8,s,sa,73,168,316,241,243
6286428fd32f8,a,as,75,174,317,249,242
6286428fd32f8,s,si,68,269,419,337,351
6286428fd32f8,i,in,82,271,359,353,277
6286428fd32f8,n,nspace,6,208,271,214,265
6286428fd32f8,space,spaces,57,233,358,290,301
6286428fd32f8,s,sa,68,141,286,209,218
6286428fd32f8,a,an,77,517,670,594,593
6286428fd32f8,n,ng,76,193,344,269,268
6286428fd32f8,g,gk,75,217,349,292,274
6286428fd32f8,k,ka,57,267,392,324,335
6286428fd32f8,a,ap,68,268,411,336,343
6286428fd32f8,p,pi,75,157,300,232,225
6286428fd32f8,i,it,68,193,318,261,250
6286428fd32f8,t,ta,57,193,333,250,276
6286428fd32f8,a,ak,83,258,401,341,318
6286428fd32f8,k,ks,60,28520,28649,28580,28589
6286428fd32f8,s,sa,69,152,309,221,240
6286428fd32f8,a,as,88,140,303,228,215
6286428fd32f8,s,si,75,261,418,336,343
6286428fd32f8,i,in,82,176,333,258,251
6286428fd32f8,n,ns,75,659,810,734,735
6286428fd32f8,s,sa,76,131,285,207,209
6286428fd32f8,a,an,78,333,478,411,400
6286428fd32f8,n,ng,67,176,334,243,267
6286428fd32f8,g,gk,91,237,393,328,302
6286428fd32f8,k,ka,65,283,415,348,350
6286428fd32f8,a,ap,67,260,409,327,342
6286428fd32f8,p,pi,82,174,308,256,226
6286428fd32f8,i,it,52,194,312,246,260
6286428fd32f8,t,ta,66,166,307,232,241
6286428fd32f8,a,ak,75,293,427,368,352
6286428fd32f8,k,ks,59,27337,27485,27396,27426
6286428fd32f8,s,sa,89,143,329,232,240
6286428fd32f8,a,as,97,151,331,248,234
6286428fd32f8,s,si,83,260,418,343,335
6286428fd32f8,i,in,75,210,367,285,292
6286428fd32f8,n,nspace,82,244,392,326,310
6286428fd32f8,space,spaces,66,601,744,667,678
6286428fd32f8,s,sa,77,129,285,206,208
6286428fd32f8,a,an,79,299,446,378,367
6286428fd32f8,n,ng,68,190,336,258,268
6286428fd32f8,g,gk,78,197,336,275,258
6286428fd32f8,k,ka,61,242,387,303,326
6286428fd32f8,a,ap,84,268,426,352,342
6286428fd32f8,p,pi,74,174,316,248,242
6286428fd32f8,i,it,68,177,327,245,259
6286428fd32f8,t,ta,82,159,316,241,234
6286428fd32f8,a,ak,75,292,401,367,326
6286428fd32f8,k,ks,34,29598,29715,29632,29681
6286428fd32f8,s,sa,83,191,359,274,276
6286428fd32f8,a,as,85,140,301,225,216
6286428fd32f8,s,si,76,301,451,377,375
6286428fd32f8,i,in,74,217,358,291,284
6286428fd32f8,n,nspace,67,179,307,246,240
6286428fd32f8,space,spaces,61,228,356,289,295
6286428fd32f8,s,sn,67,688,828,755,761
6286428fd32f8,n,ng,73,192,356,265,283
6286428fd32f8,g,gk,91,219,374,310,283
6286428fd32f8,k,ka,64,293,424,357,360
6286428fd32f8,a,ap,67,402,543,469,476
6286428fd32f8,p,pi,74,226,367,300,293
6286428fd32f8,i,it,67,202,334,269,267
6286428fd32f8,t,ta,65,184,316,249,251
6286428fd32f8,a,ak,67,284,401,351,334
6286428fd32f8,k,ks,50,34770,34924,34820,34874
6286428fd32f8,s,sa,104,148,341,252,237
6286428fd32f8,a,as,89,141,306,230,217
6286428fd32f8,s,si,76,284,436,360,360
6286428fd32f8,i,in,76,233,384,309,308
6286428fd32f8,n,nspace,75,184,316,259,241
6286428fd32f8,space,spaces,57,331,425,388,368
6286428fd32f8,s,sa,37,151,254,188,217
6286428fd32f8,a,an,66,510,660,576,594
6286428fd32f8,n,ng,84,202,360,286,276
6286428fd32f8,g,gk,74,193,350,267,276
6286428fd32f8,k,ka,83,284,425,367,342
6286428fd32f8,a,ap,58,293,426,351,368
6286428fd32f8,p,pi,75,174,316,249,241
6286428fd32f8,i,it,67,202,335,269,268
6286428fd32f8,t,ta,66,201,333,267,267
6286428fd32f8,a,ak,66,309,426,375,360
6286428fd32f8,k,ks,51,36457,36573,36508,36522
6286428fd32f8,s,sa,65,176,325,241,260
6286428fd32f8,a,as,84,141,292,225,208
6286428fd32f8,s,si,67,252,402,319,335
6286428fd32f8,i,in,83,159,316,242,233
6286428fd32f8,n,ns,74,690,835,764,761
6286428fd32f8,s,sa,71,158,295,229,224
6286428fd32f8,a,an,66,284,417,350,351
6286428fd32f8,n,ng,67,177,318,244,251
6286428fd32f8,g,gk,74,185,324,259,250
6286428fd32f8,k,ka,65,258,391,323,326
6286428fd32f8,a,ap,68,268,402,336,334
6286428fd32f8,p,pi,66,176,300,242,234
6286428fd32f8,i,it,58,194,325,252,267
6286428fd32f8,t,ta,73,167,325,240,252
6286428fd32f8,a,ak,85,258,410,343,325
6286428fd32f8,k,ks,67,27736,27867,27803,27800
6286428fd32f8,s,sa,64,149,289,213,225
6286428fd32f8,a,as,76,151,285,227,209
6286428fd32f8,s,si,58,254,383,312,325
6286428fd32f8,i,in,71,199,348,270,277
6286428fd32f8,n,nspace,78,161,302,239,224
6286428fd32f8,space,spaces,63,218,348,281,285
6286428fd32f8,s,sn,67,651,793,718,726
6286428fd32f8,n,ng,75,157,319,232,244
6286428fd32f8,g,gk,87,176,337,263,250
6286428fd32f8,k,ka,74,250,407,324,333
6286428fd32f8,a,ap,83,236,392,319,309
6286428fd32f8,p,pi,73,159,308,232,235
6286428fd32f8,i,it,76,176,319,252,243
6286428fd32f8,t,ta,67,174,326,241,259
6286428fd32f8,a,ak,85,250,401,335,316
6286428fd32f8,k,ks,66,27052,27191,27118,27125
6286428fd32f8,s,sa,73,143,299,216,226
6286428fd32f8,a,as,83,132,293,215,210
6286428fd32f8,s,si,78,234,385,312,307
6286428fd32f8,i,in,73,202,357,275,284
6286428fd32f8,n,nspace,82,186,323,268,241
6286428fd32f8,space,spaces,55,427,548,482,493
6286428fd32f8,s,sa,66,151,293,217,227
6286428fd32f8,a,an,76,241,393,317,317
6286428fd32f8,n,ng,76,186,326,262,250
6286428fd32f8,g,gk,64,171,306,235,242
6286428fd32f8,k,ka,71,250,401,321,330
6286428fd32f8,a,ap,80,240,410,320,330
6286428fd32f8,p,pi,90,168,333,258,243
6286428fd32f8,i,it,75,168,327,243,252
6286428fd32f8,t,ta,84,157,317,241,233
6286428fd32f8,a,ak,76,241,393,317,317
6286428fd32f8,k,kspace,76,7710476,7711298,7710552,7711222
6286620c76e34,space,spaceshift,746,7464,8306,8210,7560
6286620c76e34,shift,shiftshift,96,1071,1261,1167,1165
6286620c76e34,shift,shiftw,94,4444,4618,4538,4524
6286620c76e34,w,wi,80,264,440,344,360
6286620c76e34,i,it,96,462,620,558,524
6286620c76e34,t,tt,62,112,253,174,191
6286620c76e34,t,ta,79,131,288,210,209
6286620c76e34,a,ak,78,396,595,474,517
6286620c76e34,k,ka,121,87,295,208,174
6286620c76e34,a,ar,87,489,646,576,559
6286620c76e34,r,rn,70,255,419,325,349
6286620c76e34,n,nspace,94,1647,1819,1741,1725
6286620c76e34,space,spacek,78,629,803,707,725
6286620c76e34,k,ke,96,280,447,376,351
6286620c76e34,e,ee,71,95,229,166,158
6286620c76e34,e,er,63,304,446,367,383
6286620c76e34,r,ra,79,87,270,166,191
6286620c76e34,a,at,104,321,488,425,384
6286620c76e34,t,ti,63,228,388,291,325
6286620c76e34,i,ic,97,638,814,735,717
6286620c76e34,c,ch,79,171,338,250,259
6286620c76e34,h,ha,88,85,246,173,158
6286620c76e34,a,ay,73,163,298,236,225
6286620c76e34,y,ya,62,69,211,131,149
6286620c76e34,a,ak,80,279,438,359,358
6286620c76e34,k,ko,79,163,330,242,251
6286620c76e34,o,or,88,736,903,824,815
6286620c76e34,r,rn,79,46,205,125,126
6286620c76e34,n,nw,80,40359,40532,40439,40452
6286620c76e34,w,wi,93,275,451,368,358
6286620c76e34,i,it,83,407,566,490,483
6286620c76e34,t,tt,76,72,227,148,151
6286620c76e34,t,ta,79,106,277,185,198
6286620c76e34,a,ak,92,231,417,323,325
6286620c76e34,k,ka,94,45,236,139,142
6286620c76e34,a,ar,97,274,488,371,391
6286620c76e34,r,rn,117,542,759,659,642
6286620c76e34,n,nmeta1,100,714,874,814,774
6286620c76e34,meta1,meta1.,60,326,460,386,400
6286620c76e34,.,.normal,74,143,316,217,242
6286620c76e34,normal,normalbksp,99,609,816,708,717
6286620c76e34,bksp,bkspspace,108,352,551,460,443
6286620c76e34,space,spaceshift,91,1226,1405,1317,1314
6286620c76e34,shift,shiftshift,88,310,471,398,383
6286620c76e34,shift,shiftk,73,258,423,331,350
6286620c76e34,k,ke,92,318,493,410,401
6286620c76e34,e,ee,83,96,250,179,167
6286620c76e34,e,er,71,282,421,353,350
6286620c76e34,r,ra,68,61,218,129,150
6286620c76e34,a,at,89,165,330,254,241
6286620c76e34,t,ti,76,266,427,342,351
6286620c76e34,i,ic,85,550,701,635,616
6286620c76e34,c,ch,66,192,340,258,274
6286620c76e34,h,ha,82,96,258,178,176
6286620c76e34,a,ay,80,242,430,322,350
6286620c76e34,y,ya,108,55,249,163,141
6286620c76e34,a,ak,86,409,587,495,501
6286620c76e34,k,ko,92,150,333,242,241
6286620c76e34,o,or,91,357,533,448,442
6286620c76e34,r,rn,85,357,518,442,433
6286620c76e34,n,nw,76,32112,32251,32188,32175
6286620c76e34,w,wi,63,226,356,289,293
6286620c76e34,i,it,67,358,508,425,441
6286620c76e34,t,tt,83,89,250,172,167
6286620c76e34,t,ta,78,90,260,168,182
6286620c76e34,a,ak,92,175,360,267,268
6286620c76e34,k,ka,93,63,243,156,150
6286620c76e34,a,ar,87,382,528,469,441
6286620c76e34,r,rn,59,291,433,350,374
6286620c76e34,n,nmeta1,83,351,524,434,441
6286620c76e34,meta1,meta1.,90,321,508,411,418
6286620c76e34,.,.normal,97,150,338,247,241
6286620c76e34,normal,normale,91,334,533,425,442
6286620c76e34,e,ex,108,167,408,275,300
6286620c76e34,x,xp,133,141,391,274,258
6286620c76e34,p,pe,117,190,452,307,335
6286620c76e34,e,er,145,115,395,260,250
6286620c76e34,r,rt,135,122,376,257,241
6286620c76e34,t,tmeta1,119,864,1066,983,947
6286620c76e34,meta1,meta1@,83,719,903,802,820
6286620c76e34,@,@normal,101,231,406,332,305
6286620c76e34,normal,normalg,74,535,701,609,627
6286620c76e34,g,gm,92,316,551,408,459
6286620c76e34,m,ma,143,273,485,416,342
6286620c76e34,a,ai,69,181,326,250,257
6286620c76e34,i,il,76,142,326,218,250
6286620c76e34,l,l.,108,275,493,383,385
6286620c76e34,.,.c,110,306,509,416,399
6286620c76e34,c,co,93,158,326,251,233
6286620c76e34,o,om,75,148,317,223,242
6286620c76e34,m,mw,94,36705,36893,36799,36799
6286620c76e34,w,wi,94,409,578,503,484
6286620c76e34,i,it,75,666,816,741,741
6286620c76e34,t,tt,75,99,259,174,184
6286620c76e34,t,ta,85,99,276,184,191
6286620c76e34,a,ak,92,141,351,233,259
6286620c76e34,k,ka,118,56,268,174,150
6286620c76e34,a,ar,94,358,535,452,441
6286620c76e34,r,rn,83,224,383,307,300
6286620c76e34,n,nspace,76,242,434,318,358
6286620c76e34,space,spacek,116,780,1009,896,893
6286620c76e34,k,ke,113,232,413,345,300
6286620c76e34,e,ee,68,71,226,139,158
6286620c76e34,e,er,87,281,454,368,367
6286620c76e34,r,ra,86,54,227,140,141
6286620c76e34,a,at,87,155,329,242,242
6286620c76e34,t,ti,87,247,445,334,358
6286620c76e34,i,ic,111,533,727,644,616
6286620c76e34,c,ch,83,175,342,258,259
6286620c76e34,h,ha,84,89,250,173,166
6286620c76e34,a,ay,77,350,502,427,425
6286620c76e34,y,ya,75,114,291,189,216
6286620c76e34,a,ak,102,390,585,492,483
6286620c76e34,k,ko,93,167,359,260,266
6286620c76e34,o,or,99,292,467,391,368
6286620c76e34,r,rn,76,181,342,257,266
6286620c76e34,n,nw,85,31777,31944,31862,31859
6286620c76e34,w,wi,82,716,856,798,774
6286620c76e34,i,it,58,433,584,491,526
6286620c76e34,t,tt,93,88,259,181,166
6286620c76e34,t,ta,78,99,254,177,176
6286620c76e34,a,ak,77,298,509,375,432
6286620c76e34,k,ka,134,65,294,199,160
6286620c76e34,a,ar,95,398,602,493,507
6286620c76e34,r,rn,109,282,475,391,366
6286620c76e34,n,nspace,84,409,577,493,493
6286620c76e34,space,spacek,84,414,592,498,508
6286620c76e34,k,ke,94,257,410,351,316
6286620c76e34,e,ee,59,98,226,157,167
6286620c76e34,e,er,69,323,451,392,382
6286620c76e34,r,ra,59,75,217,134,158
6286620c76e34,a,at,83,149,334,232,251
6286620c76e34,t,ti,102,240,452,342,350
6286620c76e34,i,ic,110,434,634,544,524
6286620c76e34,c,ch,90,193,382,283,292
6286620c76e34,h,ha,99,90,249,189,150
6286620c76e34,a,ay,60,367,510,427,450
6286620c76e34,y,ya,83,81,251,164,168
6286620c76e34,a,ak,87,239,436,326,349
6286620c76e34,k,ko,110,133,360,243,250
6286620c76e34,o,or,117,282,484,399,367
6286620c76e34,r,rn,85,148,318,233,233
6286620c76e34,n,nw,85,34511,34702,34596,34617
6286620c76e34,w,wi,106,286,481,392,375
6286620c76e34,i,it,89,583,755,672,666
6286620c76e34,t,tt,83,97,267,180,184
6286620c76e34,t,ta,87,131,303,218,216
6286620c76e34,a,ak,85,291,493,376,408
6286620c76e34,k,ka,117,48,259,165,142
6286620c76e34,a,ar,94,349,544,443,450
6286620c76e34,r,rn,101,241,426,342,325
6286620c76e34,n,nspace,84,525,718,609,634
6286620c76e34,space,spacek,109,605,816,714,707
6286620c76e34,k,ke,102,274,452,376,350
6286620c76e34,e,ee,76,89,233,165,157
6286620c76e34,e,er,68,241,394,309,326
6286620c76e34,r,ra,85,57,260,142,175
6286620c76e34,a,at,118,123,334,241,216
6286620c76e34,t,ti,93,257,460,350,367
6286620c76e34,i,ic,110,593,784,703,674
6286620c76e34,c,ch,81,176,356,257,275
6286620c76e34,h,ha,99,66,259,165,160
6286620c76e34,a,ay,94,242,410,336,316
6286620c76e34,y,ya,74,63,257,137,183
6286620c76e34,a,ak,120,324,554,444,434
6286620c76e34,k,ko,110,141,351,251,241
6286620c76e34,o,or,100,282,476,382,376
6286620c76e34,r,rn,94,139,327,233,233
6286620c76e34,n,nw,94,36216,36426,36310,36332
6286620c76e34,w,wi,116,174,416,290,300
6286620c76e34,i,it,126,1026,1200,1152,1074
6286620c76e34,t,tt,48,91,199,139,151
6286620c76e34,t,ta,60,116,243,176,183
6286620c76e34,a,ak,67,175,335,242,268
6286620c76e34,k,ka,93,64,259,157,166
6286620c76e34,a,ar,102,300,486,402,384
6286620c76e34,r,rn,84,191,375,275,291
6286620c76e34,n,nk,100,867,1042,967,942
6286620c76e34,k,ke,75,174,316,249,241
6286620c76e34,e,ee,67,73,233,140,166
6286620c76e34,e,er,93,249,420,342,327
6286620c76e34,r,ra,78,113,261,191,183
6286620c76e34,a,at,70,247,376,317,306
6286620c76e34,t,ti,59,300,461,359,402
6286620c76e34,i,ic,102,599,775,701,673
6286620c76e34,c,ch,74,159,324,233,250
6286620c76e34,h,ha,91,64,241,155,150
6286620c76e34,a,ay,86,135,287,221,201
6286620c76e34,y,ya,66,96,249,162,183
6286620c76e34,a,ak,87,1940,2104,2027,2017
6286620c76e34,k,ko,77,174,345,251,268
6286620c76e34,o,or,94,254,452,348,358
6286620c76e34,r,rn,104,128,320,232,216
6286620c76e34,n,nw,88,39417,39605,39505,39517
6286620c76e34,w,wi,100,290,508,390,408
6286620c76e34,i,it,118,690,909,808,791
6286620c76e34,t,tt,101,89,259,190,158
6286620c76e34,t,ta,69,83,236,152,167
6286620c76e34,a,ak,84,220,392,304,308
6286620c76e34,k,ka,88,26,230,114,142
6286620c76e34,a,ar,116,332,541,448,425
6286620c76e34,r,rn,93,215,401,308,308
6286620c76e34,n,nspace,93,1110,1285,1203,1192
6286620c76e34,space,spacek,82,474,648,556,566
6286620c76e34,k,ke,92,266,417,358,325
6286620c76e34,e,ee,59,81,226,140,167
6286620c76e34,e,er,86,258,410,344,324
6286620c76e34,r,ra,66,81,224,147,158
6286620c76e34,a,at,77,190,344,267,267
6286620c76e34,t,ti,77,235,401,312,324
6286620c76e34,i,ic,89,535,708,624,619
6286620c76e34,c,ch,84,191,358,275,274
6286620c76e34,h,ha,83,89,259,172,176
6286620c76e34,a,ay,87,131,293,218,206
6286620c76e34,y,ya,75,55,210,130,135
6286620c76e34,a,ak,80,172,346,252,266
6286620c76e34,k,ko,94,134,318,228,224
6286620c76e34,o,or,90,307,466,397,376
6286620c76e34,r,rn,69,198,293,267,224
6286620c76e34,n,nw,26,29054,29143,29080,29117
6286620c76e34,w,wi,63,282,463,345,400
6286620c76e34,i,it,118,516,693,634,575
6286620c76e34,t,tt,59,89,227,148,168
6286620c76e34,t,ta,79,115,270,194,191
6286620c76e34,a,ak,76,217,409,293,333
6286620c76e34,k,ka,116,28,233,144,117
6286620c76e34,a,ar,89,373,556,462,467
6286620c76e34,r,rn,94,223,411,317,317
6286620c76e34,n,nspace,94,741,893,835,799
6286620c76e34,space,spacek,58,264,417,322,359
6286620c76e34,k,ke,95,198,360,293,265
6286620c76e34,e,ee,67,74,209,141,142
6286620c76e34,e,er,68,277,409,345,341
6286620c76e34,r,ra,64,56,207,120,143
6286620c76e34,a,at,87,664,820,751,733
6286620c76e34,t,ti,69,173,336,242,267
6286620c76e34,i,ic,94,325,510,419,416
6286620c76e34,c,ch,91,100,292,191,201
6286620c76e34,h,ha,101,264,468,365,367
6286620c76e34,a,ay,103,340,535,443,432
6286620c76e34,y,ya,92,40,225,132,133
6286620c76e34,a,ak,93,282,476,375,383
6286620c76e34,k,ko,101,159,368,260,267
6286620c76e34,o,or,108,415,608,523,500
6286620c76e34,r,rn,85,174,351,259,266
6286620c76e34,n,nw,92,28651,28827,28743,28735
6286620c76e34,w,wi,84,180,408,264,324
6286620c76e34,i,it,144,509,709,653,565
6286620c76e34,t,tt,56,107,216,163,160
6286620c76e34,t,ta,53,107,218,160,165
6286620c76e34,a,ak,58,575,760,633,702
6286620c76e34,k,ka,127,222,435,349,308
6286620c76e34,a,ar,86,358,552,444,466
6286620c76e34,r,rn,108,258,484,366,376
6286620c76e34,n,n.,118,616,843,734,725
6286620c76e34,.,.x,109,574,792,683,683
6286620c76e34,x,xp,109,166,384,275,275
6286620c76e34,p,pe,109,216,442,325,333
6286620c76e34,e,er,117,189,409,306,292
6286620c76e34,r,rt,103,138,362,241,259
6286620c76e34,t,tmeta1,121,2127,2284,2248,2163
6286620c76e34,meta1,meta1@,36,469,612,505,576
6286620c76e34,@,@normal,107,97,289,204,182
6286620c76e34,normal,normalg,85,768,920,853,835
6286620c76e34,g,gm,67,333,525,400,458
6286620c76e34,m,ma,125,113,326,238,201
6286620c76e34,a,ai,88,129,288,217,200
6286620c76e34,i,il,71,121,296,192,225
6286620c76e34,l,l.,104,373,587,477,483
6286620c76e34,.,.c,110,249,418,359,308
6286620c76e34,c,co,59,141,284,200,225
6286620c76e34,o,om,84,157,334,241,250
6286620c76e34,m,ms,93,54466120,54466285,54466213,54466192
628738751e222,s,su,72,690,846,762,774
628738751e222,u,up,84,216,391,300,307
628738751e222,p,ps,91,104,300,195,209
628738751e222,s,sw,105,88,287,193,182
628738751e222,w,wa,94,142,319,236,225
628738751e222,a,an,83,105,267,188,184
628738751e222,n,nspace,79,896,1052,975,973
628738751e222,space,spaceh,77,492,626,569,549
628738751e222,h,ho,57,193,324,250,267
628738751e222,o,om,74,499,656,573,582
628738751e222,m,ms,83,257,425,340,342
628738751e222,s,so,85,165,325,250,240
628738751e222,o,om,75,232,383,307,308
628738751e222,m,mb,76,1008,1176,1084,1100
628738751e222,b,bu,92,390,565,482,473
628738751e222,u,ut,83,134,285,217,202
628738751e222,t,ts,68,30107,30257,30175,30189
628738751e222,s,su,82,174,332,256,250
628738751e222,u,up,76,173,342,249,266
628738751e222,p,pa,93,206,385,299,292
628738751e222,a,aw,86,164,317,250,231
628738751e222,w,wa,67,148,292,215,225
628738751e222,a,an,77,407,551,484,474
628738751e222,n,nspace,67,908,1066,975,999
628738751e222,space,spaceh,91,325,490,416,399
628738751e222,h,ho,74,143,308,217,234
628738751e222,o,om,91,183,365,274,274
628738751e222,m,ms,91,354,523,445,432
628738751e222,s,so,78,158,337,236,259
628738751e222,o,om,101,173,375,274,274
628738751e222,m,mb,101,1075,1266,1176,1165
628738751e222,b,bu,90,249,424,339,334
628738751e222,u,ut,85,266,426,351,341
628738751e222,t,ts,75,37748,37897,37823,37822
628738751e222,s,su,74,575,725,649,651
628738751e222,u,up,76,215,375,291,299
628738751e222,p,pw,84,141,308,225,224
628738751e222,w,wa,83,166,334,249,251
628738751e222,a,an,85,456,607,541,522
628738751e222,n,na,66,2064,2215,2130,2149
628738751e222,a,aw,85,639,792,724,707
628738751e222,w,wa,68,382,534,450,466
628738751e222,a,an,84,174,334,258,250
628738751e222,n,nspace,76,158,325,234,249
628738751e222,space,spaceh,91,233,416,324,325
628738751e222,h,ho,92,168,342,260,250
628738751e222,o,om,82,183,348,265,266
628738751e222,m,ms,83,606,765,689,682
628738751e222,s,sm,76,498,667,574,591
628738751e222,m,mb,93,1049,1225,1142,1132
628738751e222,b,bu,83,215,374,298,291
628738751e222,u,ut,76,150,302,226,226
628738751e222,t,tbksp,76,1290,1449,1366,1373
628738751e222,bksp,bkspbksp,83,97,258,180,175
628738751e222,bksp,bkspbksp,78,96,261,174,183
628738751e222,bksp,bkspbksp,87,81,255,168,168
628738751e222,bksp,bkspbksp,87,103,261,190,174
628738751e222,bksp,bkspo,71,531,678,602,607
628738751e222,o,om,76,756,917,832,841
628738751e222,m,mb,85,1223,1400,1308,1315
628738751e222,b,bu,92,224,400,316,308
628738751e222,u,ur,84,292,427,376,343
628738751e222,r,rbksp,51,630,791,681,740
628738751e222,bksp,bkspt,110,190,376,300,266
628738751e222,t,tshift,76,34505,34689,34581,34613
628738751e222,shift,shifts,108,265,458,373,350
628738751e222,s,su,85,332,508,417,423
628738751e222,u,up,91,242,425,333,334
628738751e222,p,pa,92,449,599,541,507
628738751e222,a,aw,58,258,391,316,333
628738751e222,w,wa,75,248,391,323,316
628738751e222,a,an,68,291,418,359,350
628738751e222,n,nh,59,2064,2197,2123,2138
628738751e222,h,ho,74,219,367,293,293
628738751e222,o,om,74,233,380,307,306
628738751e222,m,ms,73,408,557,481,484
628738751e222,s,so,76,174,351,250,275
628738751e222,o,om,101,199,376,300,275
628738751e222,m,mb,76,957,1100,1033,1024
628738751e222,b,bu,67,215,349,282,282
628738751e222,u,ut,67,500,625,567,558
628738751e222,t,ts,58,28269,28400,28327,28342
628738751e222,s,su,73,600,749,673,676
628738751e222,u,up,76,290,453,366,377
628738751e222,p,pa,87,421,591,508,504
628738751e222,a,aw,83,267,440,350,357
628738751e222,w,wa,90,191,376,281,286
628738751e222,a,an,95,180,342,275,247
628738751e222,n,nspace,67,708,858,775,791
628738751e222,space,spaceh,83,283,424,366,341
628738751e222,h,ho,58,285,424,343,366
628738751e222,o,om,81,292,440,373,359
628738751e222,m,ms,67,339,492,406,425
628738751e222,s,so,86,139,294,225,208
628738751e222,o,om,69,248,402,317,333
628738751e222,m,mb,85,965,1142,1050,1057
628738751e222,b,bu,92,256,416,348,324
628738751e222,u,ut,68,175,310,243,242
628738751e222,t,tshift,67,27944,28092,28011,28025
628738751e222,shift,shiftshift,81,259,440,340,359
628738751e222,shift,shifts,100,250,425,350,325
628738751e222,s,su,75,259,401,334,326
628738751e222,u,up,67,223,375,290,308
628738751e222,p,pa,85,165,350,250,265
628738751e222,a,aw,100,114,291,214,191
628738751e222,w,wa,77,150,310,227,233
628738751e222,a,an,83,391,550,474,467
628738751e222,n,nspace,76,467,625,543,549
628738751e222,space,spaceh,82,98,249,180,167
628738751e222,h,ho,69,174,325,243,256
628738751e222,o,om,82,250,400,332,318
628738751e222,m,ms,68,465,625,533,557
628738751e222,s,so,92,157,333,249,241
628738751e222,o,om,84,208,351,292,267
628738751e222,m,mb,59,790,940,849,881
628738751e222,b,bu,91,183,342,274,251
628738751e222,u,ut,68,133,276,201,208
628738751e222,t,ts,75,26488,26646,26563,26571
628738751e222,s,su,83,348,508,431,425
628738751e222,u,up,77,239,385,316,308
628738751e222,p,pa,69,356,516,425,447
628738751e222,a,aw,91,142,316,233,225
628738751e222,w,wa,83,156,333,239,250
628738751e222,a,an,94,114,285,208,191
628738751e222,n,nspace,77,325,485,402,408
628738751e222,space,spaceh,83,807,958,890,875
628738751e222,h,ho,68,192,333,260,265
628738751e222,o,om,73,218,357,291,284
628738751e222,m,ms,66,589,731,655,665
628738751e222,s,so,76,141,309,217,233
628738751e222,o,om,92,232,409,324,317
628738751e222,m,mb,85,965,1134,1050,1049
628738751e222,b,bu,84,274,416,358,332
628738751e222,u,ut,58,132,274,190,216
628738751e222,t,ts,84,26555,26722,26639,26638
628738751e222,s,su,83,332,473,415,390
628738751e222,u,up,58,274,407,332,349
628738751e222,p,pa,75,133,325,208,250
628738751e222,a,aw,117,115,318,232,201
628738751e222,w,wa,86,139,310,225,224
628738751e222,a,an,85,183,342,268,257
628738751e222,n,nh,74,184,315,258,241
628738751e222,h,hmeta1,57,375,506,432,449
628738751e222,meta1,meta10,74,160,324,234,250
628738751e222,0,09,90,107,274,197,184
628738751e222,9,9@,77,175,335,252,258
628738751e222,@,@g,83,833,990,916,907
628738751e222,g,gm,74,316,475,390,401
628738751e222,m,ma,85,198,384,283,299
628738751e222,a,ai,101,149,326,250,225
628738751e222,i,il,76,223,392,299,316
628738751e222,l,l.,93,216,393,309,300
628738751e222,.,.c,84,191,359,275,275
628738751e222,c,co,84,63,217,147,133
628738751e222,o,om,70,331,468,401,398
628738751e222,m,mshift,67,27137,27294,27204,27227
628738751e222,shift,shiftshift,90,217,398,307,308
628738751e222,shift,shifts,91,242,400,333,309
628738751e222,s,si,67,249,407,316,340
628738751e222,i,ip,91,250,424,341,333
628738751e222,p,pbksp,83,1215,1382,1298,1299
628738751e222,bksp,bkspbksp,84,96,259,180,175
628738751e222,bksp,bkspbksp,79,71,238,150,159
628738751e222,bksp,bkspbksp,88,70,254,158,166
628738751e222,bksp,bkspbksp,96,257,446,353,350
628738751e222,bksp,bkspu,93,491,658,584,565
628738751e222,u,up,74,259,407,333,333
628738751e222,p,pa,74,147,324,221,250
628738751e222,a,aw,103,110,287,213,184
628738751e222,w,wa,74,128,288,202,214
628738751e222,a,an,86,1708,1893,1794,1807
628738751e222,n,nspace,99,1025,1215,1124,1116
628738751e222,space,spaceh,91,359,516,450,425
628738751e222,h,ho,66,199,349,265,283
628738751e222,o,om,84,216,376,300,292
628738751e222,m,ms,76,255,416,331,340
628738751e222,s,so,85,206,385,291,300
628738751e222,o,om,94,265,436,359,342
628738751e222,m,mb,77,724,876,801,799
628738751e222,b,bu,75,339,483,414,408
628738751e222,u,ut,69,148,284,217,215
628738751e222,t,ts,67,26821,26970,26888,26903
628738751e222,s,su,82,324,490,406,408
628738751e222,u,up,84,216,382,300,298
628738751e222,p,pa,82,151,324,233,242
628738751e222,a,aw,91,123,283,214,192
628738751e222,w,wa,69,130,286,199,217
628738751e222,a,an,87,165,328,252,241
628738751e222,n,nspace,76,208,367,284,291
628738751e222,space,spaceh,83,199,357,282,274
628738751e222,h,ho,75,184,333,259,258
628738751e222,o,om,74,200,349,274,275
628738751e222,m,ms,75,265,416,340,341
628738751e222,s,so,76,165,310,241,234
628738751e222,o,om,69,181,336,250,267
628738751e222,m,md,86,390,500,476,414
628738751e222,d,dbksp,24,450,558,474,534
628738751e222,bksp,bkspb,84,790,949,874,865
628738751e222,b,bu,75,348,491,423,416
628738751e222,u,ut,68,150,276,218,208
628738751e222,t,tn,58,530900829,530900981,530900887,530900923
628f53a3a04f9,n,ni,94,207,402,301,308
628f53a3a04f9,i,il,101,165,375,266,274
628f53a3a04f9,l,lo,109,116,310,225,201
628f53a3a04f9,o,ob,85,207,385,292,300
628f53a3a04f9,b,bo,93,164,359,257,266
628f53a3a04f9,o,on,102,165,352,267,250
628f53a3a04f9,n,nspace,85,1266,1460,1351,1375
628f53a3a04f9,space,spacen,109,423,633,532,524
628f53a3a04f9,n,na,101,134,378,235,277
628f53a3a04f9,a,an,143,46,292,189,149
628f53a3a04f9,n,ng,103,159,344,262,241
628f53a3a04f9,g,gl,82,166,366,248,284
628f53a3a04f9,l,la,118,30,292,148,174
628f53a3a04f9,a,ae,144,158,370,302,226
628f53a3a04f9,e,en,68,29147,29300,29215,29232
628f53a3a04f9,n,ni,85,182,351,267,266
628f53a3a04f9,i,il,84,150,334,234,250
628f53a3a04f9,l,lo,100,99,292,199,192
628f53a3a04f9,o,ob,93,207,394,300,301
628f53a3a04f9,b,bo,94,171,359,265,265
628f53a3a04f9,o,on,94,323,494,417,400
628f53a3a04f9,n,nspace,77,183,360,260,283
628f53a3a04f9,space,spacen,100,196,398,296,298
628f53a3a04f9,n,na,102,87,312,189,210
628f53a3a04f9,a,an,123,90,315,213,192
628f53a3a04f9,n,ng,102,167,352,269,250
628f53a3a04f9,g,gl,83,174,350,257,267
628f53a3a04f9,l,la,93,107,318,200,225
628f53a3a04f9,a,ae,118,141,335,259,217
628f53a3a04f9,e,en,76,25864,26024,25940,25948
628f53a3a04f9,n,ni,84,200,368,284,284
628f53a3a04f9,i,il,84,184,358,268,274
628f53a3a04f9,l,lo,90,108,290,198,200
628f53a3a04f9,o,ob,92,225,410,317,318
628f53a3a04f9,b,bo,93,164,341,257,248
628f53a3a04f9,o,on,84,116,293,200,209
628f53a3a04f9,n,nspace,93,626,818,719,725
628f53a3a04f9,space,spacen,99,165,357,264,258
628f53a3a04f9,n,na,93,134,351,227,258
628f53a3a04f9,a,an,124,49,267,173,143
628f53a3a04f9,n,ng,94,166,335,260,241
628f53a3a04f9,g,gl,75,166,334,241,259
628f53a3a04f9,l,la,93,98,327,191,234
628f53a3a04f9,a,ae,136,162,366,298,230
628f53a3a04f9,e,en,68,24518,24695,24586,24627
628f53a3a04f9,n,ni,109,181,383,290,274
628f53a3a04f9,i,il,93,184,368,277,275
628f53a3a04f9,l,lo,91,116,299,207,208
628f53a3a04f9,o,ob,92,191,375,283,283
628f53a3a04f9,b,bo,92,166,351,258,259
628f53a3a04f9,o,on,93,131,325,224,232
628f53a3a04f9,n,nspace,101,209,410,310,309
628f53a3a04f9,space,spacen,100,241,442,341,342
628f53a3a04f9,n,nn,101,338,543,439,442
628f53a3a04f9,n,ng,104,149,337,253,233
628f53a3a04f9,g,ga,84,216,417,300,333
628f53a3a04f9,a,al,117,165,400,282,283
628f53a3a04f9,l,le,118,274,459,392,341
628f53a3a04f9,e,en,67,25814,25967,25881,25900
628f53a3a04f9,n,ni,86,199,362,285,276
628f53a3a04f9,i,il,77,182,350,259,273
628f53a3a04f9,l,lo,91,99,284,190,193
628f53a3a04f9,o,ob,94,215,402,309,308
628f53a3a04f9,b,bo,93,173,351,266,258
628f53a3a04f9,o,on,85,115,301,200,216
628f53a3a04f9,n,nspace,101,208,411,309,310
628f53a3a04f9,space,spacen,102,1064,1251,1166,1149
628f53a3a04f9,n,na,85,209,435,294,350
628f53a3a04f9,a,an,141,173,415,314,274
628f53a3a04f9,n,ng,101,175,357,276,256
628f53a3a04f9,g,gl,81,196,376,277,295
628f53a3a04f9,l,la,99,90,331,189,232
628f53a3a04f9,a,ae,142,142,350,284,208
628f53a3a04f9,e,en,66,24117,24275,24183,24209
628f53a3a04f9,n,ni,92,191,365,283,273
628f53a3a04f9,i,il,82,152,325,234,243
628f53a3a04f9,l,lo,91,117,300,208,209
628f53a3a04f9,o,ob,92,173,358,265,266
628f53a3a04f9,b,bo,93,157,351,250,258
628f53a3a04f9,o,on,101,124,318,225,217
628f53a3a04f9,n,nspace,93,158,351,251,258
628f53a3a04f9,space,spacen,100,382,600,482,500
628f53a3a04f9,n,na,118,126,359,244,241
628f53a3a04f9,a,an,115,116,341,231,226
628f53a3a04f9,n,ng,110,142,343,252,233
628f53a3a04f9,g,gl,91,264,449,355,358
628f53a3a04f9,l,la,94,166,395,260,301
628f53a3a04f9,a,ae,135,190,391,325,256
628f53a3a04f9,e,en,66,26267,26425,26333,26359
628f53a3a04f9,n,ni,92,182,358,274,266
628f53a3a04f9,i,il,84,167,351,251,267
628f53a3a04f9,l,lo,100,100,300,200,200
628f53a3a04f9,o,ob,100,259,450,359,350
628f53a3a04f9,b,bo,91,615,808,706,717
628f53a3a04f9,o,on,102,231,426,333,324
628f53a3a04f9,n,nspace,93,342,552,435,459
628f53a3a04f9,space,spacen,117,323,550,440,433
628f53a3a04f9,n,na,110,125,359,235,249
628f53a3a04f9,a,an,124,91,317,215,193
628f53a3a04f9,n,ng,102,157,352,259,250
628f53a3a04f9,g,gl,93,175,367,268,274
628f53a3a04f9,l,la,99,166,384,265,285
628f53a3a04f9,a,ae,119,182,376,301,257
628f53a3a04f9,e,en,75,23733,23892,23808,23817
628f53a3a04f9,n,ni,84,222,391,306,307
628f53a3a04f9,i,il,85,191,369,276,284
628f53a3a04f9,l,lo,93,115,317,208,224
628f53a3a04f9,o,ob,109,242,460,351,351
628f53a3a04f9,b,bn,109,339,534,448,425
628f53a3a04f9,n,nspace,86,141,327,227,241
628f53a3a04f9,space,spacen,100,182,392,282,292
628f53a3a04f9,n,na,110,141,359,251,249
628f53a3a04f9,a,an,108,241,467,349,359
628f53a3a04f9,n,ng,118,1558,1751,1676,1633
628f53a3a04f9,g,gl,75,682,842,757,767
628f53a3a04f9,l,la,85,132,359,217,274
628f53a3a04f9,a,ae,142,109,309,251,167
628f53a3a04f9,e,eb,58,31307,31412,31365,31354
628f53a3a04f9,b,bbksp,47,553,701,600,654
628f53a3a04f9,bksp,bkspn,101,215,399,316,298
628f53a3a04f9,n,ni,83,166,341,249,258
628f53a3a04f9,i,il,92,176,352,268,260
628f53a3a04f9,l,lo,84,107,275,191,191
628f53a3a04f9,o,ob,84,616,825,700,741
628f53a3a04f9,b,bo,125,141,334,266,209
628f53a3a04f9,o,on,68,148,293,216,225
628f53a3a04f9,n,nspace,77,167,344,244,267
628f53a3a04f9,space,spacen,100,523,733,623,633
628f53a3a04f9,n,na,110,295,534,405,424
628f53a3a04f9,a,an,129,133,354,262,225
628f53a3a04f9,n,ng,92,150,318,242,226
628f53a3a04f9,g,gl,76,165,351,241,275
628f53a3a04f9,l,la,110,90,342,200,232
628f53a3a04f9,a,ae,142,134,315,276,173
628f53a3a04f9,e,en,39,25673,25799,25712,25760
628f53a3a04f9,n,ni,87,199,378,286,291
628f53a3a04f9,i,il,92,192,384,284,292
628f53a3a04f9,l,lo,100,108,292,208,192
628f53a3a04f9,o,ob,84,175,351,259,267
628f53a3a04f9,b,bo,92,173,342,265,250
628f53a3a04f9,o,on,77,131,285,208,208
628f53a3a04f9,n,nspace,77,157,344,234,267
628f53a3a04f9,space,spacen,110,440,642,550,532
628f53a3a04f9,n,na,92,143,350,235,258
628f53a3a04f9,a,an,115,65,274,180,159
628f53a3a04f9,n,ng,94,150,320,244,226
628f53a3a04f9,g,gl,76,155,326,231,250
628f53a3a04f9,l,la,95,106,336,201,241
628f53a3a04f9,a,ac,135,56790337,56790554,56790472,56790419
62903a289da17,shift,shiftC,55,293,440,348,385
62903a289da17,C,CH,92,158,326,250,234
62903a289da17,H,HA,76,73,243,149,167
62903a289da17,A,AN,94,140,327,234,233
62903a289da17,N,NO,93,208,377,301,284
62903a289da17,O,OO,76,123,309,199,233
62903a289da17,O,OT,110,58,261,168,151
62903a289da17,T,TP,93,57,244,150,151
62903a289da17,P,PO,94,122,293,216,199
62903a289da17,O,OR,77,74,227,151,150
62903a289da17,R,RN,76,73,226,149,150
62903a289da17,N,NS,77,1210,1345,1287,1268
62903a289da17,S,SR,58,223,359,281,301
62903a289da17,R,RI,78,124,278,202,200
62903a289da17,I,IC,76,273,410,349,334
62903a289da17,C,CH,61,123,294,184,233
62903a289da17,H,HA,110,57,244,167,134
62903a289da17,A,AI,77,54,210,131,133
62903a289da17,I,Ic,79,39469,39639,39548,39560
62903a289da17,c,ch,91,241,424,332,333
62903a289da17,h,ha,92,175,375,267,283
62903a289da17,a,an,108,191,375,299,267
62903a289da17,n,no,76,291,443,367,367
62903a289da17,o,oo,76,140,326,216,250
62903a289da17,o,ot,110,124,327,234,217
62903a289da17,t,tp,93,108,294,201,201
62903a289da17,p,po,93,123,309,216,216
62903a289da17,o,or,93,794,977,887,884
62903a289da17,r,rn,90,123,307,213,217
62903a289da17,n,nspace,94,358,528,452,434
62903a289da17,space,spaces,76,425,576,501,500
62903a289da17,s,sr,75,273,426,348,351
62903a289da17,r,ri,78,157,328,235,250
62903a289da17,i,ic,93,173,359,266,266
62903a289da17,c,ch,93,141,328,234,235
62903a289da17,h,ha,94,122,294,216,200
62903a289da17,a,ai,78,123,261,201,183
62903a289da17,i,ic,60,24496,24646,24556,24586
62903a289da17,c,ch,90,174,357,264,267
62903a289da17,h,ha,93,91,292,184,199
62903a289da17,a,an,108,107,309,215,201
62903a289da17,n,no,94,224,395,318,301
62903a289da17,o,oo,77,106,294,183,217
62903a289da17,o,op,111,255,477,366,366
62903a289da17,p,po,111,140,329,251,218
62903a289da17,o,op,78,1157,1330,1235,1252
62903a289da17,p,po,95,135,327,230,232
62903a289da17,o,or,97,175,348,272,251
62903a289da17,r,rn,76,140,310,216,234
62903a289da17,n,nspace,94,775,961,869,867
62903a289da17,space,spaces,92,274,459,366,367
62903a289da17,s,sr,93,190,359,283,266
62903a289da17,r,ri,76,192,377,268,301
62903a289da17,i,ic,109,140,326,249,217
62903a289da17,c,ch,77,173,344,250,267
62903a289da17,h,hi,94,356,511,450,417
62903a289da17,i,ic,61,38792,38946,38853,38885
62903a289da17,c,ch,93,208,426,301,333
62903a289da17,h,ha,125,174,408,299,283
62903a289da17,a,an,109,225,410,334,301
62903a289da17,n,no,76,225,426,301,350
62903a289da17,o,oo,125,424,642,549,517
62903a289da17,o,ot,93,192,377,285,284
62903a289da17,t,tp,92,124,342,216,250
62903a289da17,p,po,126,123,361,249,235
62903a289da17,o,or,112,726,912,838,800
62903a289da17,r,rn,74,190,374,264,300
62903a289da17,n,nspace,110,408,594,518,484
62903a289da17,space,spaces,76,393,526,469,450
62903a289da17,s,sr,57,257,374,314,317
62903a289da17,r,ri,60,226,378,286,318
62903a289da17,i,ic,92,140,292,232,200
62903a289da17,c,ch,60,191,344,251,284
62903a289da17,h,hi,93,339,476,432,383
62903a289da17,i,ia,44,1826,1964,1870,1920
62903a289da17,a,ai,94,157,310,251,216
62903a289da17,i,ic,59,30263,30430,30322,30371
62903a289da17,c,ch,108,190,408,298,300
62903a289da17,h,hn,110,608,793,718,683
62903a289da17,n,no,75,742,892,817,817
62903a289da17,o,oo,75,207,376,282,301
62903a289da17,o,ot,94,224,394,318,300
62903a289da17,t,tp,76,108,292,184,216
62903a289da17,p,po,108,141,342,249,234
62903a289da17,o,or,93,108,277,201,184
62903a289da17,r,rn,76,157,309,233,233
62903a289da17,n,nspace,76,274,409,350,333
62903a289da17,space,spaces,59,710,844,769,785
62903a289da17,s,sr,75,206,375,281,300
62903a289da17,r,ri,94,174,394,268,300
62903a289da17,i,ic,126,156,359,282,233
62903a289da17,c,ch,77,140,311,217,234
62903a289da17,h,ha,94,141,327,235,233
62903a289da17,a,ai,92,141,292,233,200
62903a289da17,i,ic,59,31050,31216,31109,31157
62903a289da17,c,ch,107,156,373,263,266
62903a289da17,h,ha,110,157,376,267,266
62903a289da17,a,an,109,171,393,280,284
62903a289da17,n,no,113,241,413,354,300
62903a289da17,o,oo,59,123,276,182,217
62903a289da17,o,ot,94,241,461,335,367
62903a289da17,t,ts,126,191,410,317,284
62903a289da17,s,smeta1,93,575,760,668,667
62903a289da17,meta1,meta1@,92,459,659,551,567
62903a289da17,@,@normal,108,175,375,283,267
62903a289da17,normal,normalg,92,408,575,500,483
62903a289da17,g,gm,75,342,559,417,484
62903a289da17,m,mi,142,237,493,379,351
62903a289da17,i,il,114,208,380,322,266
62903a289da17,l,lbksp,58,1559,1692,1617,1634
62903a289da17,bksp,bkspbksp,75,73,226,148,151
62903a289da17,bksp,bkspbksp,78,72,211,150,133
62903a289da17,bksp,bkspbksp,61,56,228,117,167
62903a289da17,bksp,bkspbksp,111,55,277,166,166
62903a289da17,bksp,bkspp,111,742,945,853,834
62903a289da17,p,pr,92,359,560,451,468
62903a289da17,r,rn,109,123,307,232,198
62903a289da17,n,nbksp,75,824,978,899,903
62903a289da17,bksp,bkspbksp,79,123,278,202,199
62903a289da17,bksp,bkspbksp,76,169,343,245,267
62903a289da17,bksp,bkspo,98,457,649,555,551
62903a289da17,o,or,94,239,428,333,334
62903a289da17,r,rn,95,139,312,234,217
62903a289da17,n,nspace,78,274,428,352,350
62903a289da17,space,spaces,76,624,794,700,718
62903a289da17,s,sr,94,205,394,299,300
62903a289da17,r,ri,95,156,361,251,266
62903a289da17,i,ic,110,140,361,250,251
62903a289da17,c,ch,111,156,361,267,250
62903a289da17,h,hi,94,356,545,450,451
62903a289da17,i,ic,95,31403,31587,31498,31492
62903a289da17,c,ch,89,242,407,331,318
62903a289da17,h,hn,76,441,610,517,534
62903a289da17,n,no,93,692,860,785,767
62903a289da17,o,oo,75,140,293,215,218
62903a289da17,o,ot,78,391,561,469,483
62903a289da17,t,tp,92,859,1059,951,967
62903a289da17,p,po,108,141,342,249,234
62903a289da17,o,or,93,157,326,250,233
62903a289da17,r,rn,76,174,360,250,284
62903a289da17,n,nspace,110,809,994,919,884
62903a289da17,space,spaces,75,642,775,717,700
62903a289da17,s,sr,58,374,509,432,451
62903a289da17,r,ri,77,141,310,218,233
62903a289da17,i,ic,92,224,393,316,301
62903a289da17,c,ch,77,156,294,233,217
62903a289da17,h,ha,61,124,277,185,216
62903a289da17,a,ai,92,106,258,198,166
62903a289da17,i,ic,60,29004,29155,29064,29095
62903a289da17,c,ch,91,141,341,232,250
62903a289da17,h,hn,109,424,610,533,501
62903a289da17,n,no,77,741,876,818,799
62903a289da17,o,oo,58,107,276,165,218
62903a289da17,o,ot,111,525,745,636,634
62903a289da17,t,tp,109,641,859,750,750
62903a289da17,p,po,109,107,310,216,201
62903a289da17,o,or,94,141,310,235,216
62903a289da17,r,rn,75,108,259,183,184
62903a289da17,n,nspace,76,175,343,251,267
62903a289da17,space,spaces,92,225,393,317,301
62903a289da17,s,sr,76,206,376,282,300
62903a289da17,r,ri,94,392,595,486,501
62903a289da17,i,ic,109,190,342,299,233
62903a289da17,c,ch,43,157,311,200,268
62903a289da17,h,hi,111,723,895,834,784
62903a289da17,i,ibksp,61,842,979,903,918
62903a289da17,bksp,bkspa,76,107,259,183,183
62903a289da17,a,abksp,76,540,744,616,668
62903a289da17,bksp,bkspa,128,1040,1228,1168,1100
62903a289da17,a,ai,60,90,210,150,150
62903a289da17,i,ic,60,28100,28270,28160,28210
62903a289da17,c,ch,110,175,394,285,284
62903a289da17,h,hn,109,491,710,600,601
62903a289da17,n,no,110,274,460,384,350
62903a289da17,o,oo,76,123,293,199,217
62903a289da17,o,ot,94,175,361,269,267
62903a289da17,t,tp,92,92,292,184,200
62903a289da17,p,po,108,123,325,231,217
62903a289da17,o,or,94,442,628,536,534
62903a289da17,r,rn,92,107,276,199,184
62903a289da17,n,nspace,77,340,478,417,401
62903a289da17,space,spaces,61,407,492,468,431
62903a289da17,s,sr,24,292,393,316,369
62903a289da17,r,ri,77,109,310,186,233
62903a289da17,i,ic,124,241,424,365,300
62903a289da17,c,ch,59,157,294,216,235
62903a289da17,h,hi,78,340,460,418,382
62903a289da17,i,ibksp,42,927,1061,969,1019
62903a289da17,bksp,bkspa,92,674,842,766,750
62903a289da17,a,ai,76,90,243,166,167
62903a289da17,i,ic,77,24025,24227,24102,24150
62903a289da17,c,ch,125,258,492,383,367
62903a289da17,h,ha,109,341,576,450,467
62903a289da17,a,an,126,275,526,401,400
62903a289da17,n,no,125,375,626,500,501
62903a289da17,o,oo,126,156,393,282,267
62903a289da17,o,ot,111,191,411,302,300
62903a289da17,t,tp,109,191,409,300,300
62903a289da17,p,po,109,123,376,232,267
62903a289da17,o,or,144,175,412,319,268
62903a289da17,r,rn,93,139,360,232,267
62903a289da17,n,nspace,128,324,511,452,383
62903a289da17,space,spaces,59,509,660,568,601
62903a289da17,s,sr,92,256,425,348,333
62903a289da17,r,ri,77,192,378,269,301
62903a289da17,i,ic,109,139,359,248,250
62903a289da17,c,ch,111,139,344,250,233
62903a289da17,h,ha,94,123,328,217,234
62903a289da17,a,ai,111,107,278,218,167
62903a289da17,i,ishift,60,771688,771835,771748,771775
62903e8a125c5,shift,shiftA,87,704,924,791,837
62903e8a125c5,A,AN,133,55,299,188,166
62903e8a125c5,N,NY,111,202,411,313,300
62903e8a125c5,Y,YA,98,150,365,248,267
62903e8a125c5,A,Aspace,117,385,583,502,466
62903e8a125c5,space,spaceS,81,143,332,224,251
62903e8a125c5,S,SI,108,152,349,260,241
62903e8a125c5,I,IR,89,252,414,341,325
62903e8a125c5,R,RA,73,210,409,283,336
62903e8a125c5,A,AA,126,583,799,709,673
62903e8a125c5,A,AN,90,143,358,233,268
62903e8a125c5,N,,125,37,291,162,166
62903e8a125c5,A,AN,129,108,338,237,209
62903e8a125c5,N,NK,101,377,576,478,475
62903e8a125c5,K,KU,98,227,415,325,317
62903e8a125c5,U,UL,90,185,356,275,266
62903e8a125c5,L,Lshift,81,37961,38163,38042,38082
62903e8a125c5,shift,shiftA,121,168,406,289,285
62903e8a125c5,A,AN,117,243,459,360,342
62903e8a125c5,N,NY,99,193,400,292,301
62903e8a125c5,Y,YA,108,99,340,207,232
62903e8a125c5,A,Aspace,133,85,325,218,192
62903e8a125c5,space,spaceS,107,152,373,259,266
62903e8a125c5,S,SI,114,141,356,255,242
62903e8a125c5,I,IR,101,252,459,353,358
62903e8a125c5,R,RA,106,91,323,197,217
62903e8a125c5,A,AA,126,851,1110,977,984
62903e8a125c5,A,AN,133,301,542,434,409
62903e8a125c5,N,,108,242,466,350,358
62903e8a125c5,A,AN,116,326,542,442,426
62903e8a125c5,N,NK,100,936,1159,1036,1059
62903e8a125c5,K,KU,123,185,389,308,266
62903e8a125c5,U,UL,81,186,356,267,275
62903e8a125c5,L,Lshift,89,28354,28592,28443,28503
62903e8a125c5,shift,shiftA,149,235,517,384,368
62903e8a125c5,A,AN,133,110,341,243,208
62903e8a125c5,N,NY,98,210,404,308,306
62903e8a125c5,Y,YA,96,72,305,168,209
62903e8a125c5,A,Aspace,137,147,396,284,259
62903e8a125c5,space,spaceshift,112,214,436,326,324
62903e8a125c5,shift,shiftshift,110,206,428,316,318
62903e8a125c5,shift,shiftS,112,795,980,907,868
62903e8a125c5,S,SI,73,161,332,234,259
62903e8a125c5,I,IR,98,819,1015,917,917
62903e8a125c5,R,RA,98,167,416,265,318
62903e8a125c5,A,AA,151,533,792,684,641
62903e8a125c5,A,AN,108,82,301,190,193
62903e8a125c5,N,,111,47,260,158,149
62903e8a125c5,A,AN,102,73,253,175,151
62903e8a125c5,N,NK,78,452,611,530,533
62903e8a125c5,K,KU,81,236,390,317,309
62903e8a125c5,U,UL,73,160,339,233,266
62903e8a125c5,L,Lshift,106,37185,37378,37291,37272
62903e8a125c5,shift,shiftA,87,563,766,650,679
62903e8a125c5,A,AN,116,485,664,601,548
62903e8a125c5,N,NY,63,336,490,399,427
62903e8a125c5,Y,YA,91,82,308,173,217
62903e8a125c5,A,Aspace,135,20,276,155,141
62903e8a125c5,space,spaceS,121,176,413,297,292
62903e8a125c5,S,SI,116,102,299,218,183
62903e8a125c5,I,IR,81,277,439,358,358
62903e8a125c5,R,RA,81,110,315,191,234
62903e8a125c5,A,AA,124,667,899,791,775
62903e8a125c5,A,AN,108,90,291,198,183
62903e8a125c5,N,,93,693,962,786,869
62903e8a125c5,A,AN,176,182,458,358,282
62903e8a125c5,N,NK,100,185,367,285,267
62903e8a125c5,K,KU,82,478,632,560,550
62903e8a125c5,U,UL,72,178,322,250,250
62903e8a125c5,L,Lshift,72,25653,25848,25725,25776
62903e8a125c5,shift,shiftA,123,284,531,407,408
62903e8a125c5,A,AN,124,76,307,200,183
62903e8a125c5,N,NY,107,176,374,283,267
62903e8a125c5,Y,YA,91,84,300,175,209
62903e8a125c5,A,Aspace,125,109,334,234,209
62903e8a125c5,space,spaceS,100,150,366,250,266
62903e8a125c5,S,SI,116,109,316,225,200
62903e8a125c5,I,IR,91,218,400,309,309
62903e8a125c5,R,RA,91,67,274,158,183
62903e8a125c5,A,AN,116,291,507,407,391
62903e8a125c5,N,,100,47,259,147,159
62903e8a125c5,A,AN,112,642,837,754,725
62903e8a125c5,N,NK,83,494,658,577,575
62903e8a125c5,K,KU,81,195,365,276,284
62903e8a125c5,U,UL,89,152,314,241,225
62903e8a125c5,L,Lshift,73,43623,43759,43696,43686
62903e8a125c5,shift,shiftA,63,228,399,291,336
62903e8a125c5,A,AN,108,435,641,543,533
62903e8a125c5,N,NY,98,343,573,441,475
62903e8a125c5,Y,YA,132,116,375,248,243
62903e8a125c5,A,Aspace,127,92,342,219,215
62903e8a125c5,space,spaceS,123,177,441,300,318
62903e8a125c5,S,SI,141,102,339,243,198
62903e8a125c5,I,IR,96,354,564,450,468
62903e8a125c5,R,RA,114,144,356,258,242
62903e8a125c5,A,AN,98,669,848,767,750
62903e8a125c5,N,Nbksp,81,336,498,417,417
62903e8a125c5,bksp,bkspA,81,493,699,574,618
62903e8a125c5,A,AN,125,81,317,206,192
62903e8a125c5,N,,111,275,493,386,382
62903e8a125c5,A,AN,107,560,775,667,668
62903e8a125c5,N,NK,108,236,450,344,342
62903e8a125c5,K,KU,106,185,423,291,317
62903e8a125c5,U,UL,132,133,366,265,234
62903e8a125c5,L,Lshift,101,36138,36356,36239,36255
62903e8a125c5,shift,shiftA,117,198,441,315,324
62903e8a125c5,A,AN,126,126,360,252,234
62903e8a125c5,N,NY,108,184,375,292,267
62903e8a125c5,Y,YA,83,108,324,191,241
62903e8a125c5,A,Aspace,133,-10,223,123,90
62903e8a125c5,space,spaceS,100,203,419,303,319
62903e8a125c5,S,SI,116,126,340,242,224
62903e8a125c5,I,IR,98,244,423,342,325
62903e8a125c5,R,RA,81,77,307,158,226
62903e8a125c5,A,AA,149,275,548,424,399
62903e8a125c5,A,AN,124,90,333,214,209
62903e8a125c5,N,,119,28,278,147,159
62903e8a125c5,A,AN,131,38,247,169,116
62903e8a125c5,N,NK,78,535,728,613,650
62903e8a125c5,K,KU,115,203,390,318,275
62903e8a125c5,U,UL,72,177,330,249,258
62903e8a125c5,L,Lshift,81,30339,30517,30420,30436
62903e8a125c5,shift,shiftA,97,198,416,295,319
62903e8a125c5,A,AN,121,129,345,250,224
62903e8a125c5,N,NY,95,188,370,283,275
62903e8a125c5,Y,YA,87,70,244,157,157
62903e8a125c5,A,Aspace,87,257,456,344,369
62903e8a125c5,space,spaceS,112,234,437,346,325
62903e8a125c5,S,SI,91,142,316,233,225
62903e8a125c5,I,IR,83,260,450,343,367
62903e8a125c5,R,RA,107,119,339,226,232
62903e8a125c5,A,AA,113,377,590,490,477
62903e8a125c5,A,AN,100,131,342,231,242
62903e8a125c5,N,,111,74,303,185,192
62903e8a125c5,A,AN,118,89,301,207,183
62903e8a125c5,N,NK,94,186,369,280,275
62903e8a125c5,K,KY,89,218,389,307,300
62903e8a125c5,Y,Ybksp,82,628,800,710,718
62903e8a125c5,bksp,bkspU,90,202,382,292,292
62903e8a125c5,U,UL,90,243,389,333,299
62903e8a125c5,L,Lshift,56,23375,23547,23431,23491
62903e8a125c5,shift,shiftA,116,159,409,275,293
62903e8a125c5,A,AN,134,93,332,227,198
62903e8a125c5,N,NY,105,545,774,650,669
62903e8a125c5,Y,YA,124,29,282,153,158
62903e8a125c5,A,Aspace,129,85,322,214,193
62903e8a125c5,space,spaceS,108,142,373,250,265
62903e8a125c5,S,SI,123,102,306,225,183
62903e8a125c5,I,IR,81,236,440,317,359
62903e8a125c5,R,RA,123,57,298,180,175
62903e8a125c5,A,AA,118,392,602,510,484
62903e8a125c5,A,AN,92,82,276,174,184
62903e8a125c5,N,,102,81,276,183,174
62903e8a125c5,A,AN,93,48,208,141,115
62903e8a125c5,N,NK,67,471,644,538,577
62903e8a125c5,K,KU,106,161,374,267,268
62903e8a125c5,U,UL,107,125,323,232,216
62903e8a125c5,L,Lshift,91,23500,23709,23591,23618
62903e8a125c5,shift,shiftA,118,141,360,259,242
62903e8a125c5,A,AN,101,134,348,235,247
62903e8a125c5,N,NY,113,170,390,283,277
62903e8a125c5,Y,YA,107,57,291,164,184
62903e8a125c5,A,Aspace,127,49,283,176,156
62903e8a125c5,space,spaceS,107,86,300,193,193
62903e8a125c5,S,SI,107,127,306,234,199
62903e8a125c5,I,IR,72,203,356,275,284
62903e8a125c5,R,RA,81,75,265,156,184
62903e8a125c5,A,AA,109,284,492,393,383
62903e8a125c5,A,AN,99,56,258,155,159
62903e8a125c5,N,,103,64,270,167,167
62903e8a125c5,A,AN,103,73,253,176,150
62903e8a125c5,N,NK,77,185,351,262,274
62903e8a125c5,K,KU,89,144,323,233,234
62903e8a125c5,U,UL,90,134,316,224,226
62903e8a125c5,L,Lw,92,6480891,6481094,6480983,6481002
6291e02a8f936,j,ji,89,74,255,163,166
6291e02a8f936,i,in,92,1108,1291,1200,1199
6291e02a8f936,n,nt,91,224,408,315,317
6291e02a8f936,t,ta,93,190,359,283,266
6291e02a8f936,a,an,76,606,776,682,700
6291e02a8f936,n,na,94,239,427,333,333
6291e02a8f936,a,aspace,94,424,594,518,500
6291e02a8f936,space,spacek,76,272,426,348,350
6291e02a8f936,k,kh,78,474,611,552,533
6291e02a8f936,h,ha,59,240,393,299,334
6291e02a8f936,a,aw,94,156,326,250,232
6291e02a8f936,w,ws,76,208,360,284,284
6291e02a8f936,s,si,76,322,492,398,416
6291e02a8f936,i,it,94,356,510,450,416
6291e02a8f936,t,ti,60,207,360,267,300
6291e02a8f936,i,iw,93,473,643,566,550
6291e02a8f936,w,wo,77,259,461,336,384
6291e02a8f936,o,on,125,205,491,330,366
6291e02a8f936,n,ng,161,190,444,351,283
6291e02a8f936,g,gj,93,37325,37526,37418,37433
6291e02a8f936,j,ji,108,91,274,199,166
6291e02a8f936,i,in,75,158,325,233,250
6291e02a8f936,n,nt,92,208,375,300,283
6291e02a8f936,t,ta,75,191,342,266,267
6291e02a8f936,a,an,76,222,409,298,333
6291e02a8f936,n,na,111,272,427,383,316
6291e02a8f936,a,aspace,44,342,478,386,434
6291e02a8f936,space,spacek,92,540,725,632,633
6291e02a8f936,k,kh,93,242,443,335,350
6291e02a8f936,h,ha,108,239,457,347,349
6291e02a8f936,a,aw,110,158,344,268,234
6291e02a8f936,w,ws,76,124,309,200,233
6291e02a8f936,s,si,109,222,425,331,316
6291e02a8f936,i,it,94,223,394,317,300
6291e02a8f936,t,ti,77,173,344,250,267
6291e02a8f936,i,iw,94,222,427,316,333
6291e02a8f936,w,wo,111,241,461,352,350
6291e02a8f936,o,on,109,206,442,315,333
6291e02a8f936,n,ng,127,407,627,534,500
6291e02a8f936,g,gj,93,32129,32312,32222,32219
6291e02a8f936,j,ji,90,107,273,197,183
6291e02a8f936,i,in,76,171,325,247,249
6291e02a8f936,n,nt,78,192,346,270,268
6291e02a8f936,t,ta,76,190,359,266,283
6291e02a8f936,a,an,93,239,426,332,333
6291e02a8f936,n,na,94,256,411,350,317
6291e02a8f936,a,aspace,61,1574,1726,1635,1665
6291e02a8f936,space,spacek,91,208,375,299,284
6291e02a8f936,k,kh,76,325,476,401,400
6291e02a8f936,h,ha,75,239,408,314,333
6291e02a8f936,a,aw,94,190,360,284,266
6291e02a8f936,w,ws,76,175,343,251,267
6291e02a8f936,s,si,92,239,425,331,333
6291e02a8f936,i,it,94,406,595,500,501
6291e02a8f936,t,ti,95,156,360,251,265
6291e02a8f936,i,iw,109,273,459,382,350
6291e02a8f936,w,wo,77,258,444,335,367
6291e02a8f936,o,on,109,255,475,364,366
6291e02a8f936,n,ng,111,173,361,284,250
6291e02a8f936,g,gj,77,36825,36976,36902,36899
6291e02a8f936,j,ji,74,124,257,198,183
6291e02a8f936,i,in,59,591,742,650,683
6291e02a8f936,n,nt,92,207,375,299,283
6291e02a8f936,t,ta,76,191,343,267,267
6291e02a8f936,a,an,76,256,426,332,350
6291e02a8f936,n,na,94,256,410,350,316
6291e02a8f936,a,aspace,60,792,927,852,867
6291e02a8f936,space,spacek,75,341,491,416,416
6291e02a8f936,k,kh,75,193,359,268,284
6291e02a8f936,h,ha,91,272,440,363,349
6291e02a8f936,a,aw,77,174,327,251,250
6291e02a8f936,w,ws,76,157,343,233,267
6291e02a8f936,s,si,110,322,509,432,399
6291e02a8f936,i,it,77,240,377,317,300
6291e02a8f936,t,ti,60,174,327,234,267
6291e02a8f936,i,iw,93,256,443,349,350
6291e02a8f936,w,wo,94,240,427,334,333
6291e02a8f936,o,on,93,206,409,299,316
6291e02a8f936,n,ng,110,191,360,301,250
6291e02a8f936,g,gj,59,34160,34311,34219,34252
6291e02a8f936,j,ji,92,91,259,183,167
6291e02a8f936,i,in,76,172,324,248,248
6291e02a8f936,n,nt,76,223,360,299,284
6291e02a8f936,t,ta,61,206,361,267,300
6291e02a8f936,a,an,94,256,460,350,366
6291e02a8f936,n,na,110,240,443,350,333
6291e02a8f936,a,aspace,93,1657,1843,1750,1750
6291e02a8f936,space,spacek,93,223,392,316,299
6291e02a8f936,k,kh,76,308,443,384,367
6291e02a8f936,h,ha,59,239,392,298,333
6291e02a8f936,a,aw,94,473,661,567,567
6291e02a8f936,w,ws,94,174,343,268,249
6291e02a8f936,s,si,75,406,575,481,500
6291e02a8f936,i,it,94,222,410,316,316
6291e02a8f936,t,ti,94,189,377,283,283
6291e02a8f936,i,iw,94,273,461,367,367
6291e02a8f936,w,wo,94,273,477,367,383
6291e02a8f936,o,on,110,206,426,316,316
6291e02a8f936,n,ng,110,224,427,334,317
6291e02a8f936,g,gj,93,31262,31429,31355,31336
6291e02a8f936,j,ji,74,91,241,165,167
6291e02a8f936,i,in,76,140,309,216,233
6291e02a8f936,n,nt,93,241,393,334,300
6291e02a8f936,t,ta,59,190,326,249,267
6291e02a8f936,a,an,77,289,460,366,383
6291e02a8f936,n,na,94,257,427,351,333
6291e02a8f936,a,aspace,76,223,392,299,316
6291e02a8f936,space,spacek,93,373,560,466,467
6291e02a8f936,k,kh,94,242,427,336,333
6291e02a8f936,h,ha,91,239,407,330,316
6291e02a8f936,a,aw,77,158,310,235,233
6291e02a8f936,w,ws,75,157,325,232,250
6291e02a8f936,s,so,93,275,443,368,350
6291e02a8f936,o,ot,75,206,376,281,301
6291e02a8f936,t,ti,95,138,327,233,232
6291e02a8f936,i,iw,94,256,444,350,350
6291e02a8f936,w,wo,94,223,427,317,333
6291e02a8f936,o,on,110,173,393,283,283
6291e02a8f936,n,ng,110,141,344,251,234
6291e02a8f936,g,gj,93,26280,26464,26373,26371
6291e02a8f936,j,ji,91,89,258,180,167
6291e02a8f936,i,in,78,155,326,233,248
6291e02a8f936,n,nt,93,191,360,284,267
6291e02a8f936,t,ta,76,173,343,249,267
6291e02a8f936,a,an,94,239,427,333,333
6291e02a8f936,n,na,94,271,443,365,349
6291e02a8f936,a,aspace,78,457,595,535,517
6291e02a8f936,space,spacek,60,206,360,266,300
6291e02a8f936,k,kh,94,273,427,367,333
6291e02a8f936,h,ha,60,256,393,316,333
6291e02a8f936,a,aw,77,156,310,233,233
6291e02a8f936,w,ws,77,174,327,251,250
6291e02a8f936,s,so,76,257,426,333,350
6291e02a8f936,o,ot,93,222,393,315,300
6291e02a8f936,t,ti,78,172,344,250,266
6291e02a8f936,i,iw,94,273,461,367,367
6291e02a8f936,w,wo,94,223,411,317,317
6291e02a8f936,o,on,94,188,377,282,283
6291e02a8f936,n,ng,95,156,328,251,233
6291e02a8f936,g,gj,77,30962,31131,31039,31054
6291e02a8f936,j,ji,92,90,258,182,166
6291e02a8f936,i,in,76,141,309,217,233
6291e02a8f936,n,nt,92,206,358,298,266
6291e02a8f936,t,ta,60,191,327,251,267
6291e02a8f936,a,an,76,272,442,348,366
6291e02a8f936,n,na,94,223,411,317,317
6291e02a8f936,a,aspace,94,241,411,335,317
6291e02a8f936,space,spacek,76,589,758,665,682
6291e02a8f936,k,kh,93,376,543,469,450
6291e02a8f936,h,ha,74,240,424,314,350
6291e02a8f936,a,aw,110,140,327,250,217
6291e02a8f936,w,ws,77,225,377,302,300
6291e02a8f936,s,si,75,339,491,414,416
6291e02a8f936,i,it,77,206,377,283,300
6291e02a8f936,t,ti,94,190,394,284,300
6291e02a8f936,i,iw,110,289,493,399,383
6291e02a8f936,w,wo,94,257,444,351,350
6291e02a8f936,o,on,93,239,426,332,333
6291e02a8f936,n,ng,94,157,344,251,250
6291e02a8f936,g,gj,93,27330,27482,27423,27389
6291e02a8f936,j,ji,59,125,259,184,200
6291e02a8f936,i,in,75,190,325,265,250
6291e02a8f936,n,nt,60,190,327,250,267
6291e02a8f936,t,ta,77,140,311,217,234
6291e02a8f936,a,an,94,238,443,332,349
6291e02a8f936,n,na,111,204,394,315,283
6291e02a8f936,a,aspace,79,224,395,303,316
6291e02a8f936,space,spacek,92,407,592,499,500
6291e02a8f936,k,kh,93,374,543,467,450
6291e02a8f936,h,ha,76,223,393,299,317
6291e02a8f936,a,aw,94,139,327,233,233
6291e02a8f936,w,ws,94,974,1160,1068,1066
6291e02a8f936,s,si,92,239,409,331,317
6291e02a8f936,i,it,78,205,361,283,283
6291e02a8f936,t,ti,78,189,378,267,300
6291e02a8f936,i,iw,111,238,444,349,333
6291e02a8f936,w,wo,95,257,461,352,366
6291e02a8f936,o,on,109,205,426,314,317
6291e02a8f936,n,ng,112,140,345,252,233
6291e02a8f936,g,gj,93,25534,25702,25627,25609
6291e02a8f936,j,ji,75,107,274,182,199
6291e02a8f936,i,in,92,157,342,249,250
6291e02a8f936,n,nt,93,190,344,283,251
6291e02a8f936,t,ta,61,206,343,267,282
6291e02a8f936,a,an,76,273,443,349,367
6291e02a8f936,n,na,94,272,427,366,333
6291e02a8f936,a,aspace,61,491,627,552,566
6291e02a8f936,space,spacek,75,291,459,366,384
6291e02a8f936,k,kh,93,190,359,283,266
6291e02a8f936,h,ha,76,290,460,366,384
6291e02a8f936,a,aw,94,156,344,250,250
6291e02a8f936,w,ws,94,156,327,250,233
6291e02a8f936,s,si,77,690,860,767,783
6291e02a8f936,i,it,93,222,410,315,317
6291e02a8f936,t,ti,95,189,394,284,299
6291e02a8f936,i,iw,110,290,494,400,384
6291e02a8f936,w,wo,94,274,477,368,383
6291e02a8f936,o,on,109,222,425,331,316
6291e02a8f936,n,ng,94,190,378,284,284
6291e02a8f936,g,g,94,-1653727638304,-1653727638210,-1653727638210,-1653727638304
