id,single_alphabet,di-graph,Dwell_time,Interval_time,Latency_time,Flight_time,Uptoup_time
5e3640413a40c,meta1,meta10,75,460,623,535,548
5e3640413a40c,0,08,88,695,874,783,786
5e3640413a40c,8,86,91,377,556,468,465
5e3640413a40c,6,66,88,193,370,281,282
5e3640413a40c,6,67,89,180,340,269,251
5e3640413a40c,7,70,71,293,455,364,384
5e3640413a40c,0,01,91,527,690,618,599
5e3640413a40c,1,16,72,395,525,467,453
5e3640413a40c,6,60,58,348,519,406,461
5e3640413a40c,0,06,113,392,583,505,470
5e3640413a40c,6,6bksp,78,926,1094,1004,1016
5e3640413a40c,bksp,bksp7,90,445,625,535,535
5e3640413a40c,7,7meta1,90,36649,36800,36739,36710
5e3640413a40c,meta1,meta10,61,452,606,513,545
5e3640413a40c,0,08,93,558,741,651,648
5e3640413a40c,8,86,90,328,506,418,416
5e3640413a40c,6,66,88,243,387,331,299
5e3640413a40c,6,67,56,194,320,250,264
5e3640413a40c,7,70,70,312,474,382,404
5e3640413a40c,0,01,92,476,659,568,567
5e3640413a40c,1,16,91,490,639,581,548
5e3640413a40c,6,60,58,261,459,319,401
5e3640413a40c,0,07,140,278,490,418,350
5e3640413a40c,7,70,72,36017,36174,36089,36102
5e3640413a40c,0,08,85,866,1019,951,934
5e3640413a40c,8,86,68,462,603,530,535
5e3640413a40c,6,66,73,208,354,281,281
5e3640413a40c,6,67,73,178,321,251,248
5e3640413a40c,7,70,70,566,725,636,655
5e3640413a40c,0,01,89,474,658,563,569
5e3640413a40c,1,16,95,587,757,682,662
5e3640413a40c,6,67,75,179,341,254,266
5e3640413a40c,7,70,87,378,571,465,484
5e3640413a40c,0,0bksp,106,4162,4373,4268,4267
5e3640413a40c,bksp,bkspbksp,105,226,420,331,315
5e3640413a40c,bksp,bksp0,89,580,774,669,685
5e3640413a40c,0,07,105,362,575,467,470
5e3640413a40c,7,7meta1,108,40679,40872,40787,40764
5e3640413a40c,meta1,meta10,85,563,736,648,651
5e3640413a40c,0,08,88,463,606,551,518
5e3640413a40c,8,86,55,376,539,431,484
5e3640413a40c,6,66,108,260,439,368,331
5e3640413a40c,6,67,71,448,608,519,537
5e3640413a40c,7,70,89,274,469,363,380
5e3640413a40c,0,01,106,598,775,704,669
5e3640413a40c,1,16,71,1460,1622,1531,1551
5e3640413a40c,6,67,91,1042,1223,1133,1132
5e3640413a40c,7,7meta1,90,38117,38277,38207,38187
5e3640413a40c,meta1,meta10,70,474,670,544,600
5e3640413a40c,0,08,126,343,558,469,432
5e3640413a40c,8,86,89,379,572,468,483
5e3640413a40c,6,66,104,177,369,281,265
5e3640413a40c,6,67,88,195,354,283,266
5e3640413a40c,7,70,71,496,658,567,587
5e3640413a40c,0,0bksp,91,597,775,688,684
5e3640413a40c,bksp,bksp0,87,3793,3988,3880,3901
5e3640413a40c,0,01,108,525,692,633,584
5e3640413a40c,1,16,59,392,523,451,464
5e3640413a40c,6,60,72,413,590,485,518
5e3640413a40c,0,07,105,346,536,451,431
5e3640413a40c,7,7meta1,85,33798,33971,33883,33886
5e3640413a40c,meta1,meta10,88,398,589,486,501
5e3640413a40c,0,08,103,447,617,550,514
5e3640413a40c,8,86,67,315,471,382,404
5e3640413a40c,6,66,89,210,368,299,279
5e3640413a40c,6,67,69,182,336,251,267
5e3640413a40c,7,70,85,278,489,363,404
5e3640413a40c,0,01,126,443,643,569,517
5e3640413a40c,1,16,74,357,471,431,397
5e3640413a40c,6,60,40,289,458,329,418
5e3640413a40c,0,07,129,360,562,489,433
5e3640413a40c,7,7meta1,73,32030,32191,32103,32118
5e3640413a40c,meta1,meta10,88,442,637,530,549
5e3640413a40c,0,08,107,848,1046,955,939
5e3640413a40c,8,86,91,276,454,367,363
5e3640413a40c,6,66,87,195,352,282,265
5e3640413a40c,6,67,70,282,423,352,353
5e3640413a40c,7,70,71,328,485,399,414
5e3640413a40c,0,01,86,546,704,632,618
5e3640413a40c,1,16,72,427,556,499,484
5e3640413a40c,6,60,57,329,507,386,450
5e3640413a40c,0,07,121,261,470,382,349
5e3640413a40c,7,70,88,30633,30822,30721,30734
5e3640413a40c,0,08,101,398,569,499,468
5e3640413a40c,8,86,70,376,518,446,448
5e3640413a40c,6,66,72,231,372,303,300
5e3640413a40c,6,67,69,216,336,285,267
5e3640413a40c,7,70,51,497,671,548,620
5e3640413a40c,0,01,123,459,639,582,516
5e3640413a40c,1,16,57,411,541,468,484
5e3640413a40c,6,67,73,844,989,917,916
5e3640413a40c,7,7meta1,72,37746,37891,37818,37819
5e3640413a40c,meta1,meta10,73,662,839,735,766
5e3640413a40c,0,08,104,447,638,551,534
5e3640413a40c,8,86,87,344,490,431,403
5e3640413a40c,6,66,59,290,424,349,365
5e3640413a40c,6,66,75,2533,2673,2608,2598
5e3640413a40c,6,67,65,215,315,280,250
5e3640413a40c,7,70,35,263,401,298,366
5e3640413a40c,0,01,103,430,591,533,488
5e3640413a40c,1,10,58,360,509,418,451
5e3640413a40c,0,06,91,5073,5239,5164,5148
5e3640413a40c,6,60,75,274,456,349,381
5e3640413a40c,0,07,107,330,490,437,383
5e3640413a40c,7,7meta1,53,40199,40322,40252,40269
5e3640413a40c,meta1,meta10,70,475,654,545,584
5e3640413a40c,0,08,109,1659,1861,1768,1752
5e3640413a40c,8,86,93,337,506,430,413
5e3640413a40c,6,66,76,180,343,256,267
5e3640413a40c,6,67,87,482,637,569,550
5e3640413a40c,7,70,68,280,436,348,368
5e3640413a40c,0,01,88,896,1057,984,969
5e3640413a40c,1,16,73,644,755,717,682
5e3640413a40c,6,60,38,316,469,354,431
5e3640413a40c,0,07,115,321,519,436,404
5e3640413a40c,7,7meta1,83,84146,84315,84229,84232
5e36422296180,meta1,meta10,86,863,1037,949,951
5e36422296180,0,08,88,312,489,400,401
5e36422296180,8,86,89,295,454,384,365
5e36422296180,6,66,70,177,321,247,251
5e36422296180,6,67,74,262,390,336,316
5e36422296180,7,70,54,311,455,365,401
5e36422296180,0,01,90,262,440,352,350
5e36422296180,1,16,88,311,471,399,383
5e36422296180,6,60,72,244,407,316,335
5e36422296180,0,07,91,343,489,434,398
5e36422296180,7,7meta1,55,29875,30011,29930,29956
5e36422296180,meta1,meta10,81,377,546,458,465
5e36422296180,0,08,88,512,672,600,584
5e36422296180,8,86,72,295,455,367,383
5e36422296180,6,66,88,176,323,264,235
5e36422296180,6,67,59,175,291,234,232
5e36422296180,7,70,57,227,391,284,334
5e36422296180,0,01,107,261,474,368,367
5e36422296180,1,16,106,626,842,732,736
5e36422296180,6,60,110,206,423,316,313
5e36422296180,0,07,107,277,458,384,351
5e36422296180,7,7meta1,74,48668,48828,48742,48754
5e36422296180,meta1,meta10,86,496,672,582,586
5e36422296180,0,08,90,763,923,853,833
5e36422296180,8,86,70,278,421,348,351
5e36422296180,6,66,73,189,337,262,264
5e36422296180,6,67,75,212,359,287,284
5e36422296180,7,70,72,311,489,383,417
5e36422296180,0,01,106,379,590,485,484
5e36422296180,1,16,105,360,554,465,449
5e36422296180,6,60,89,1211,1407,1300,1318
5e36422296180,0,07,107,610,790,717,683
5e36422296180,7,7meta1,73,31817,31943,31890,31870
5e36422296180,meta1,meta10,53,439,603,492,550
5e36422296180,0,08,111,379,595,490,484
5e36422296180,8,86,105,262,439,367,334
5e36422296180,6,66,72,191,338,263,266
5e36422296180,6,67,75,177,324,252,249
5e36422296180,7,70,72,262,425,334,353
5e36422296180,0,01,91,561,707,652,616
5e36422296180,1,16,55,427,553,482,498
5e36422296180,6,67,71,1312,1439,1383,1368
5e36422296180,7,7meta1,56,31517,31642,31573,31586
5e36422296180,meta1,meta18,69,894,1036,963,967
5e36422296180,8,86,73,313,441,386,368
5e36422296180,6,66,55,210,323,265,268
5e36422296180,6,67,58,243,357,301,299
5e36422296180,7,70,56,378,556,434,500
5e36422296180,0,01,122,495,689,617,567
5e36422296180,1,16,72,443,589,515,517
5e36422296180,6,60,74,293,473,367,399
5e36422296180,0,07,106,661,856,767,750
5e36422296180,7,7meta1,89,33517,33713,33606,33624
5e36422296180,meta1,meta10,107,359,555,466,448
5e36422296180,0,08,89,295,471,384,382
5e36422296180,8,86,87,313,471,400,384
5e36422296180,6,66,71,294,438,365,367
5e36422296180,6,67,73,177,322,250,249
5e36422296180,7,70,72,245,423,317,351
5e36422296180,0,01,106,395,572,501,466
5e36422296180,1,16,71,361,488,432,417
5e36422296180,6,60,56,261,423,317,367
5e36422296180,0,07,106,278,454,384,348
5e36422296180,7,7meta1,70,32286,32442,32356,32372
5e36422296180,meta1,meta10,86,529,703,615,617
5e36422296180,0,08,88,346,539,434,451
5e36422296180,8,86,105,328,521,433,416
5e36422296180,6,66,88,210,390,298,302
5e36422296180,6,67,92,477,640,569,548
5e36422296180,7,70,71,311,489,382,418
5e36422296180,0,01,107,478,658,585,551
5e36422296180,1,16,73,393,555,466,482
5e36422296180,6,60,89,293,506,382,417
5e36422296180,0,07,124,294,507,418,383
5e36422296180,7,7meta1,89,31000,31209,31089,31120
5e36422296180,meta1,meta18,120,1046,1239,1166,1119
5e36422296180,8,86,73,461,605,534,532
5e36422296180,6,66,71,227,372,298,301
5e36422296180,6,67,74,260,408,334,334
5e36422296180,7,70,74,287,455,361,381
5e36422296180,0,01,94,421,577,515,483
5e36422296180,1,16,62,612,746,674,684
5e36422296180,6,60,72,312,507,384,435
5e36422296180,0,07,123,322,505,445,382
5e36422296180,7,7meta1,60,32851,32997,32911,32937
5e36422296180,meta1,meta10,86,523,703,609,617
5e36422296180,0,08,94,273,462,367,368
5e36422296180,8,86,95,278,480,373,385
5e36422296180,6,66,107,258,439,365,332
5e36422296180,6,67,74,210,356,284,282
5e36422296180,7,70,72,311,490,383,418
5e36422296180,0,01,107,361,556,468,449
5e36422296180,1,16,88,710,889,798,801
5e36422296180,6,60,91,277,442,368,351
5e36422296180,0,07,74,359,489,433,415
5e36422296180,7,7meta1,56,30401,30560,30457,30504
5e36422296180,meta1,meta10,103,1211,1386,1314,1283
5e36422296180,0,08,72,313,472,385,400
5e36422296180,8,86,87,946,1104,1033,1017
5e36422296180,6,66,71,245,373,316,302
5e36422296180,6,67,57,243,326,300,269
5e36422296180,7,70,26,348,474,374,448
5e36422296180,0,01,100,378,532,478,432
5e36422296180,1,16,54,795,921,849,867
5e36422296180,6,60,72,278,439,350,367
5e36422296180,0,07,89,254,421,343,332
5e36422296180,7,7meta1,78,182233409,182233597,182233487,182233519
5e390b60a5cd0,meta1,meta10,110,335,508,445,398
5e390b60a5cd0,0,06,63,520,634,583,571
5e390b60a5cd0,6,62,51,597,735,648,684
5e390b60a5cd0,2,20,87,394,555,481,468
5e390b60a5cd0,0,06,74,376,523,450,449
5e390b60a5cd0,6,63,73,210,352,283,279
5e390b60a5cd0,3,36,69,417,591,486,522
5e390b60a5cd0,6,60,105,126,300,231,195
5e390b60a5cd0,0,06,69,39,187,108,118
5e390b60a5cd0,6,60,79,91,212,170,133
5e390b60a5cd0,0,0meta1,42,70855,70997,70897,70955
5e390b60a5cd0,meta1,meta10,100,697,883,797,783
5e390b60a5cd0,0,06,86,605,773,691,687
5e390b60a5cd0,6,62,82,163,363,245,281
5e390b60a5cd0,2,20,118,244,449,362,331
5e390b60a5cd0,0,06,87,145,305,232,218
5e390b60a5cd0,6,63,73,278,473,351,400
5e390b60a5cd0,3,36,122,314,522,436,400
5e390b60a5cd0,6,60,86,96,251,182,165
5e390b60a5cd0,0,06,69,81,203,150,134
5e390b60a5cd0,6,60,53,38,153,91,100
5e390b60a5cd0,0,00,62,564,683,626,621
5e390b60a5cd0,0,0meta1,57,44682,44853,44739,44796
5e390b60a5cd0,meta1,meta10,114,253,464,367,350
5e390b60a5cd0,0,06,97,451,634,548,537
5e390b60a5cd0,6,62,86,281,468,367,382
5e390b60a5cd0,2,20,101,180,368,281,267
5e390b60a5cd0,0,06,87,313,471,400,384
5e390b60a5cd0,6,63,71,298,457,369,386
5e390b60a5cd0,3,36,88,344,520,432,432
5e390b60a5cd0,6,60,88,93,235,181,147
5e390b60a5cd0,0,06,54,40,171,94,117
5e390b60a5cd0,6,60,77,41,194,118,117
5e390b60a5cd0,0,0bksp,76,1170,1292,1246,1216
5e390b60a5cd0,bksp,bksp6,46,633,764,679,718
5e390b60a5cd0,6,60,85,210,367,295,282
5e390b60a5cd0,0,0meta1,72,52023,52178,52095,52106
5e390b60a5cd0,meta1,meta10,83,264,414,347,331
5e390b60a5cd0,0,06,67,416,551,483,484
5e390b60a5cd0,6,62,68,182,333,250,265
5e390b60a5cd0,2,20,83,230,383,313,300
5e390b60a5cd0,0,06,70,348,490,418,420
5e390b60a5cd0,6,63,72,298,457,370,385
5e390b60a5cd0,3,36,87,311,504,398,417
5e390b60a5cd0,6,60,106,112,304,218,198
5e390b60a5cd0,0,06,86,19,239,105,153
5e390b60a5cd0,6,60,134,2,195,136,61
5e390b60a5cd0,0,0meta1,59,61548,61685,61607,61626
5e390b60a5cd0,meta1,meta10,78,258,440,336,362
5e390b60a5cd0,0,06,104,665,823,769,719
5e390b60a5cd0,6,62,54,196,336,250,282
5e390b60a5cd0,2,20,86,247,440,333,354
5e390b60a5cd0,0,06,107,309,524,416,417
5e390b60a5cd0,6,63,108,211,437,319,329
5e390b60a5cd0,3,30,118,519,720,637,602
5e390b60a5cd0,0,06,83,34,197,117,114
5e390b60a5cd0,6,60,80,53,214,133,134
5e390b60a5cd0,0,0bksp,81,1763,1916,1844,1835
5e390b60a5cd0,bksp,bkspbksp,72,110,237,182,165
5e390b60a5cd0,bksp,bkspbksp,55,104,237,159,182
5e390b60a5cd0,bksp,bkspbksp,78,499,613,577,535
5e390b60a5cd0,bksp,bksp3,36,1395,1536,1431,1500
5e390b60a5cd0,3,36,105,328,524,433,419
5e390b60a5cd0,6,60,91,71,240,162,149
5e390b60a5cd0,0,06,78,71,225,149,147
5e390b60a5cd0,6,60,76,55,194,131,118
5e390b60a5cd0,0,0meta1,63,53498,53635,53561,53572
5e390b60a5cd0,meta1,meta10,74,311,457,385,383
5e390b60a5cd0,0,06,72,497,625,569,553
5e390b60a5cd0,6,62,56,176,321,232,265
5e390b60a5cd0,2,20,89,378,570,467,481
5e390b60a5cd0,0,06,103,463,603,566,500
5e390b60a5cd0,6,63,37,130,220,167,183
5e390b60a5cd0,3,36,53,697,835,750,782
5e390b60a5cd0,6,60,85,95,269,180,184
5e390b60a5cd0,0,06,89,36,206,125,117
5e390b60a5cd0,6,60,81,52,214,133,133
5e390b60a5cd0,0,0meta1,81,38951,39102,39032,39021
5e390b60a5cd0,meta1,meta10,70,361,504,431,434
5e390b60a5cd0,0,06,73,345,487,418,414
5e390b60a5cd0,6,63,69,399,570,468,501
5e390b60a5cd0,3,3bksp,102,280,454,382,352
5e390b60a5cd0,bksp,bksp2,72,35,187,107,115
5e390b60a5cd0,2,20,80,694,863,774,783
5e390b60a5cd0,0,06,89,317,474,406,385
5e390b60a5cd0,6,63,68,208,365,276,297
5e390b60a5cd0,3,30,89,1760,1955,1849,1866
5e390b60a5cd0,0,06,106,387,624,493,518
5e390b60a5cd0,6,6bksp,131,932,1133,1063,1002
5e390b60a5cd0,bksp,bkspbksp,70,106,252,176,182
5e390b60a5cd0,bksp,bksp6,76,1642,1827,1718,1751
5e390b60a5cd0,6,60,109,55,240,164,131
5e390b60a5cd0,0,06,76,97,276,173,200
5e390b60a5cd0,6,60,103,58,236,161,133
5e390b60a5cd0,0,0meta1,75,61917,62130,61992,62055
5e390b60a5cd0,meta1,meta10,138,262,474,400,336
5e390b60a5cd0,0,06,74,640,788,714,714
5e390b60a5cd0,6,62,74,262,423,336,349
5e390b60a5cd0,2,20,87,199,405,286,318
5e390b60a5cd0,0,06,119,226,417,345,298
5e390b60a5cd0,6,63,72,247,423,319,351
5e390b60a5cd0,3,36,104,177,386,281,282
5e390b60a5cd0,6,60,105,59,241,164,136
5e390b60a5cd0,0,06,77,53,207,130,130
5e390b60a5cd0,6,60,77,38,195,115,118
5e390b60a5cd0,0,0meta1,80,62076,62242,62156,62162
5e390b60a5cd0,meta1,meta10,86,248,436,334,350
5e390b60a5cd0,0,06,102,362,533,464,431
5e390b60a5cd0,6,62,69,200,369,269,300
5e390b60a5cd0,2,20,100,218,434,318,334
5e390b60a5cd0,0,06,116,279,483,395,367
5e390b60a5cd0,6,63,88,167,290,255,202
5e390b60a5cd0,3,36,35,259,384,294,349
5e390b60a5cd0,6,60,90,129,291,219,201
5e390b60a5cd0,0,06,72,97,219,169,147
5e390b60a5cd0,6,60,50,113,235,163,185
5e390b60a5cd0,0,0meta1,72,49883,50045,49955,49973
5e390b60a5cd0,meta1,meta10,90,281,406,371,316
5e390b60a5cd0,0,06,35,517,619,552,584
5e390b60a5cd0,6,62,67,145,298,212,231
5e390b60a5cd0,2,20,86,200,371,286,285
5e390b60a5cd0,0,06,85,261,419,346,334
5e390b60a5cd0,6,63,73,145,305,218,232
5e390b60a5cd0,3,36,87,231,405,318,318
5e390b60a5cd0,6,60,87,95,252,182,165
5e390b60a5cd0,0,06,70,41,187,111,117
5e390b60a5cd0,6,60,76,54,211,130,135
5e390b60a5cd0,0,0meta1,81,-512097,-511929,-512016,-512010
5e390b84833af,meta1,meta10,87,562,737,649,650
5e390b84833af,0,08,88,441,622,529,534
5e390b84833af,8,84,93,724,912,817,819
5e390b84833af,4,43,95,285,471,380,376
5e390b84833af,3,39,91,448,596,539,505
5e390b84833af,9,92,57,407,537,464,480
5e390b84833af,2,21,73,312,475,385,402
5e390b84833af,1,16,90,498,660,588,570
5e390b84833af,6,68,72,376,521,448,449
5e390b84833af,8,84,73,427,574,500,501
5e390b84833af,4,4meta1,74,56747,56925,56821,56851
5e390b84833af,meta1,meta10,104,346,540,450,436
5e390b84833af,0,08,90,460,625,550,535
5e390b84833af,8,84,75,543,688,618,613
5e390b84833af,4,43,70,300,467,370,397
5e390b84833af,3,39,97,396,581,493,484
5e390b84833af,9,92,88,312,490,400,402
5e390b84833af,2,21,90,348,523,438,433
5e390b84833af,1,16,85,427,584,512,499
5e390b84833af,6,68,72,428,574,500,502
5e390b84833af,8,84,74,462,607,536,533
5e390b84833af,4,4meta1,71,41242,41375,41313,41304
5e390b84833af,meta1,meta10,62,342,492,404,430
5e390b84833af,0,08,88,465,608,553,520
5e390b84833af,8,84,55,579,718,634,663
5e390b84833af,4,43,84,285,451,369,367
5e390b84833af,3,39,82,391,500,473,418
5e390b84833af,9,92,27,348,461,375,434
5e390b84833af,2,21,86,465,604,551,518
5e390b84833af,1,16,53,410,521,463,468
5e390b84833af,6,68,58,509,623,567,565
5e390b84833af,8,84,56,317,470,373,414
5e390b84833af,4,4meta1,97,35490,35665,35587,35568
5e390b84833af,meta1,meta10,78,582,765,660,687
5e390b84833af,0,08,105,290,470,395,365
5e390b84833af,8,84,75,225,392,300,317
5e390b84833af,4,43,92,195,376,287,284
5e390b84833af,3,39,89,492,641,581,552
5e390b84833af,9,92,60,277,426,337,366
5e390b84833af,2,21,89,243,421,332,332
5e390b84833af,1,16,89,312,472,401,383
5e390b84833af,6,68,71,309,455,380,384
5e390b84833af,8,84,75,271,442,346,367
5e390b84833af,4,4meta1,96,36097,36281,36193,36185
5e390b84833af,meta1,meta10,88,329,541,417,453
5e390b84833af,0,08,124,308,521,432,397
5e390b84833af,8,84,89,243,420,332,331
5e390b84833af,4,43,88,248,457,336,369
5e390b84833af,3,39,121,311,504,432,383
5e390b84833af,9,92,72,328,489,400,417
5e390b84833af,2,21,89,246,440,335,351
5e390b84833af,1,18,105,721,902,826,797
5e390b84833af,8,84,76,290,445,366,369
5e390b84833af,4,4meta1,79,40384,40533,40463,40454
5e390b84833af,meta1,meta10,70,328,500,398,430
5e390b84833af,0,08,102,315,487,417,385
5e390b84833af,8,84,70,245,385,315,315
5e390b84833af,4,43,70,298,423,368,353
5e390b84833af,3,39,55,345,485,400,430
5e390b84833af,9,92,85,310,520,395,435
5e390b84833af,2,21,125,344,576,469,451
5e390b84833af,1,16,107,310,491,417,384
5e390b84833af,6,68,74,344,489,418,415
5e390b84833af,8,84,71,253,421,324,350
5e390b84833af,4,4meta1,97,38313,38500,38410,38403
5e390b84833af,meta1,meta10,90,296,473,386,383
5e390b84833af,0,08,87,358,505,445,418
5e390b84833af,8,84,60,477,628,537,568
5e390b84833af,4,43,91,230,418,321,327
5e390b84833af,3,39,97,221,418,318,321
5e390b84833af,9,92,100,305,501,405,401
5e390b84833af,2,21,96,310,496,406,400
5e390b84833af,1,16,90,278,424,368,334
5e390b84833af,6,68,56,375,502,431,446
5e390b84833af,8,84,71,210,374,281,303
5e390b84833af,4,4meta1,93,45542,45712,45635,45619
5e390b84833af,meta1,meta10,77,311,493,388,416
5e390b84833af,0,08,105,363,537,468,432
5e390b84833af,8,84,69,730,888,799,819
5e390b84833af,4,43,89,311,503,400,414
5e390b84833af,3,39,103,565,737,668,634
5e390b84833af,9,92,69,381,521,450,452
5e390b84833af,2,21,71,360,538,431,467
5e390b84833af,1,16,107,443,624,550,517
5e390b84833af,6,68,74,458,624,532,550
5e390b84833af,8,84,92,434,609,526,517
5e390b84833af,4,4meta1,83,34661,34817,34744,34734
5e390b84833af,meta1,meta10,73,302,488,375,415
5e390b84833af,0,08,113,248,447,361,334
5e390b84833af,8,84,86,265,419,351,333
5e390b84833af,4,43,68,232,386,300,318
5e390b84833af,3,39,86,345,505,431,419
5e390b84833af,9,92,74,330,501,404,427
5e390b84833af,2,21,97,272,486,369,389
5e390b84833af,1,16,117,383,582,500,465
5e390b84833af,6,68,82,362,515,444,433
5e390b84833af,8,84,71,429,538,500,467
5e390b84833af,4,4meta1,38,35298,35379,35336,35341
5e390b84833af,meta1,meta10,43,305,454,348,411
5e390b84833af,0,08,106,330,545,436,439
5e390b84833af,8,84,109,224,420,333,311
5e390b84833af,4,43,87,194,369,281,282
5e390b84833af,3,39,88,175,338,263,250
5e390b84833af,9,92,75,394,541,469,466
5e390b84833af,2,21,72,246,409,318,337
5e390b84833af,1,16,91,359,507,450,416
5e390b84833af,6,68,57,374,506,431,449
5e390b84833af,8,84,75,412,546,487,471
5e390b84833af,4,4meta1,59,-390629,-390514,-390570,-390573
5e390b90d6e7f,meta1,meta10,56,2381,2536,2437,2480
5e390b90d6e7f,0,09,99,232,384,331,285
5e390b90d6e7f,9,90,53,145,252,198,199
5e390b90d6e7f,0,03,54,599,755,653,701
5e390b90d6e7f,3,36,102,228,359,330,257
5e390b90d6e7f,6,68,29,321,405,350,376
5e390b90d6e7f,8,82,55,728,855,783,800
5e390b90d6e7f,2,29,72,362,490,434,418
5e390b90d6e7f,9,93,56,477,622,533,566
5e390b90d6e7f,3,34,89,87,254,176,165
5e390b90d6e7f,4,4meta1,78,80418,80584,80496,80506
5e390b90d6e7f,meta1,meta10,88,343,505,431,417
5e390b90d6e7f,0,09,74,144,288,218,214
5e390b90d6e7f,9,90,70,129,239,199,169
5e390b90d6e7f,0,03,40,830,974,870,934
5e390b90d6e7f,3,36,104,55,235,159,131
5e390b90d6e7f,6,68,76,165,294,241,218
5e390b90d6e7f,8,82,53,506,670,559,617
5e390b90d6e7f,2,29,111,119,308,230,197
5e390b90d6e7f,9,93,78,474,597,552,519
5e390b90d6e7f,3,34,45,100,225,145,180
5e390b90d6e7f,4,4meta1,80,52109,52270,52189,52190
5e390b90d6e7f,meta1,meta10,81,416,531,497,450
5e390b90d6e7f,0,00,34,182,267,216,233
5e390b90d6e7f,0,0bksp,51,1299,1435,1350,1384
5e390b90d6e7f,bksp,bksp9,85,514,653,599,568
5e390b90d6e7f,9,90,54,104,221,158,167
5e390b90d6e7f,0,03,63,543,710,606,647
5e390b90d6e7f,3,36,104,146,323,250,219
5e390b90d6e7f,6,68,73,209,337,282,264
5e390b90d6e7f,8,82,55,581,707,636,652
5e390b90d6e7f,2,29,71,192,319,263,248
5e390b90d6e7f,9,93,56,430,558,486,502
5e390b90d6e7f,3,34,72,148,272,220,200
5e390b90d6e7f,4,4meta1,52,45327,45488,45379,45436
5e390b90d6e7f,meta1,meta10,109,263,461,372,352
5e390b90d6e7f,0,09,89,129,272,218,183
5e390b90d6e7f,9,90,54,109,217,163,163
5e390b90d6e7f,0,03,54,566,673,620,619
5e390b90d6e7f,3,36,53,209,289,262,236
5e390b90d6e7f,6,68,27,209,323,236,296
5e390b90d6e7f,8,82,87,564,755,651,668
5e390b90d6e7f,2,29,104,144,335,248,231
5e390b90d6e7f,9,93,87,264,438,351,351
5e390b90d6e7f,3,34,87,114,269,201,182
5e390b90d6e7f,4,4meta1,68,39019,39162,39087,39094
5e390b90d6e7f,meta1,meta10,75,221,403,296,328
5e390b90d6e7f,0,09,107,129,291,236,184
5e390b90d6e7f,9,90,55,102,220,157,165
5e390b90d6e7f,0,03,63,549,714,612,651
5e390b90d6e7f,3,36,102,129,302,231,200
5e390b90d6e7f,6,68,71,215,340,286,269
5e390b90d6e7f,8,82,54,493,637,547,583
5e390b90d6e7f,2,29,90,142,304,232,214
5e390b90d6e7f,9,93,72,331,508,403,436
5e390b90d6e7f,3,34,105,73,252,178,147
5e390b90d6e7f,4,4meta1,74,36117,36283,36191,36209
5e390b90d6e7f,meta1,meta10,92,214,408,306,316
5e390b90d6e7f,0,09,102,156,332,258,230
5e390b90d6e7f,9,90,74,129,244,203,170
5e390b90d6e7f,0,03,41,546,691,587,650
5e390b90d6e7f,3,36,104,127,320,231,216
5e390b90d6e7f,6,68,89,180,322,269,233
5e390b90d6e7f,8,82,53,479,606,532,553
5e390b90d6e7f,2,29,74,143,286,217,212
5e390b90d6e7f,9,93,69,378,536,447,467
5e390b90d6e7f,3,34,89,101,240,190,151
5e390b90d6e7f,4,4meta1,50,38680,38792,38730,38742
5e390b90d6e7f,meta1,meta10,62,237,390,299,328
5e390b90d6e7f,0,09,91,146,291,237,200
5e390b90d6e7f,9,90,54,103,221,157,167
5e390b90d6e7f,0,03,64,529,696,593,632
5e390b90d6e7f,3,36,103,111,303,214,200
5e390b90d6e7f,6,68,89,196,374,285,285
5e390b90d6e7f,8,82,89,500,704,589,615
5e390b90d6e7f,2,29,115,205,400,320,285
5e390b90d6e7f,9,93,80,412,582,492,502
5e390b90d6e7f,3,34,90,113,270,203,180
5e390b90d6e7f,4,4meta1,67,31688,31817,31755,31750
5e390b90d6e7f,meta1,meta10,62,213,363,275,301
5e390b90d6e7f,0,09,88,148,290,236,202
5e390b90d6e7f,9,90,54,105,204,159,150
5e390b90d6e7f,0,03,45,542,696,587,651
5e390b90d6e7f,3,36,109,162,306,271,197
5e390b90d6e7f,6,68,35,129,237,164,202
5e390b90d6e7f,8,82,73,465,605,538,532
5e390b90d6e7f,2,29,67,263,416,330,349
5e390b90d6e7f,9,93,86,314,474,400,388
5e390b90d6e7f,3,34,74,109,239,183,165
5e390b90d6e7f,4,4meta1,56,45404,45541,45460,45485
5e390b90d6e7f,meta1,meta10,81,279,431,360,350
5e390b90d6e7f,0,09,71,147,271,218,200
5e390b90d6e7f,9,90,53,103,220,156,167
5e390b90d6e7f,0,03,64,536,748,600,684
5e390b90d6e7f,3,36,148,110,349,258,201
5e390b90d6e7f,6,68,91,195,339,286,248
5e390b90d6e7f,8,8bksp,53,2329,2425,2382,2372
5e390b90d6e7f,bksp,bksp8,43,1875,1973,1918,1930
5e390b90d6e7f,8,82,55,377,540,432,485
5e390b90d6e7f,2,29,108,109,322,217,214
5e390b90d6e7f,9,93,105,295,487,400,382
5e390b90d6e7f,3,34,87,128,256,215,169
5e390b90d6e7f,4,4meta1,41,37269,37361,37310,37320
5e390b90d6e7f,meta1,meta10,51,157,315,208,264
5e390b90d6e7f,0,09,107,113,290,220,183
5e390b90d6e7f,9,90,70,111,238,181,168
5e390b90d6e7f,0,03,57,730,875,787,818
5e390b90d6e7f,3,36,88,114,253,202,165
5e390b90d6e7f,6,68,51,183,314,234,263
5e390b90d6e7f,8,82,80,584,754,664,674
5e390b90d6e7f,2,29,90,109,254,199,164
5e390b90d6e7f,9,93,55,308,438,363,383
5e390b90d6e7f,3,34,75,130,258,205,183
5e390b90d6e7f,4,4meta1,53,-440407,-440295,-440354,-440348
5e390ba17d9fd,meta1,meta10,59,711,869,770,810
5e390ba17d9fd,0,09,99,129,314,228,215
5e390ba17d9fd,9,98,86,108,271,194,185
5e390ba17d9fd,8,82,77,164,309,241,232
5e390ba17d9fd,2,21,68,107,287,175,219
5e390ba17d9fd,1,16,112,159,328,271,216
5e390ba17d9fd,6,65,57,162,257,219,200
5e390ba17d9fd,5,55,38,51,170,89,132
5e390ba17d9fd,5,52,81,311,446,392,365
5e390ba17d9fd,2,2bksp,54,3828,3972,3882,3918
5e390ba17d9fd,bksp,bkspbksp,90,682,878,772,788
5e390ba17d9fd,bksp,bksp5,106,1039,1235,1145,1129
5e390ba17d9fd,5,52,90,429,589,519,499
5e390ba17d9fd,2,2meta1,70,55104,55229,55174,55159
5e390ba17d9fd,meta1,meta10,55,356,503,411,448
5e390ba17d9fd,0,09,92,145,289,237,197
5e390ba17d9fd,9,98,52,165,285,217,233
5e390ba17d9fd,8,82,68,114,271,182,203
5e390ba17d9fd,2,21,89,106,290,195,201
5e390ba17d9fd,1,16,95,161,340,256,245
5e390ba17d9fd,6,65,84,784,935,868,851
5e390ba17d9fd,5,55,67,75,201,142,134
5e390ba17d9fd,5,51,59,116,228,175,169
5e390ba17d9fd,1,12,53,211,336,264,283
5e390ba17d9fd,2,2meta1,72,65162,65307,65234,65235
5e390ba17d9fd,meta1,meta10,73,350,523,423,450
5e390ba17d9fd,0,09,100,182,352,282,252
5e390ba17d9fd,9,98,70,180,336,250,266
5e390ba17d9fd,8,82,86,274,452,360,366
5e390ba17d9fd,2,21,92,161,327,253,235
5e390ba17d9fd,1,16,74,194,356,268,282
5e390ba17d9fd,6,65,88,162,320,250,232
5e390ba17d9fd,5,55,70,58,205,128,135
5e390ba17d9fd,5,51,77,111,277,188,200
5e390ba17d9fd,1,12,89,263,425,352,336
5e390ba17d9fd,2,2meta1,73,38713,38843,38786,38770
5e390ba17d9fd,meta1,meta1normal,57,560,704,617,647
5e390ba17d9fd,normal,normalmeta1,87,579,737,666,650
5e390ba17d9fd,meta1,meta10,71,330,488,401,417
5e390ba17d9fd,0,09,87,176,336,263,249
5e390ba17d9fd,9,98,73,159,323,232,250
5e390ba17d9fd,8,82,91,214,343,305,252
5e390ba17d9fd,2,21,38,146,252,184,214
5e390ba17d9fd,1,16,68,161,318,229,250
5e390ba17d9fd,6,65,89,199,354,288,265
5e390ba17d9fd,5,55,66,69,215,135,149
5e390ba17d9fd,5,51,80,85,248,165,168
5e390ba17d9fd,1,12,83,201,382,284,299
5e390ba17d9fd,2,2meta1,98,37914,38105,38012,38007
5e390ba17d9fd,meta1,meta10,93,238,406,331,313
5e390ba17d9fd,0,09,75,181,311,256,236
5e390ba17d9fd,9,98,55,163,286,218,231
5e390ba17d9fd,8,82,68,196,318,264,250
5e390ba17d9fd,2,21,54,131,275,185,221
5e390ba17d9fd,1,16,90,179,322,269,232
5e390ba17d9fd,6,65,53,229,350,282,297
5e390ba17d9fd,5,55,68,56,203,124,135
5e390ba17d9fd,5,52,79,514,647,593,568
5e390ba17d9fd,2,2meta1,54,36850,36963,36904,36909
5e390ba17d9fd,meta1,meta10,59,290,420,349,361
5e390ba17d9fd,0,09,71,173,318,244,247
5e390ba17d9fd,9,98,74,94,259,168,185
5e390ba17d9fd,8,82,91,110,257,201,166
5e390ba17d9fd,2,21,56,131,275,187,219
5e390ba17d9fd,1,16,88,522,670,610,582
5e390ba17d9fd,6,65,60,161,260,221,200
5e390ba17d9fd,5,55,39,109,188,148,149
5e390ba17d9fd,5,51,40,70,191,110,151
5e390ba17d9fd,1,12,81,378,532,459,451
5e390ba17d9fd,2,2meta1,73,46662,46810,46735,46737
5e390ba17d9fd,meta1,meta10,75,312,473,387,398
5e390ba17d9fd,0,09,86,213,385,299,299
5e390ba17d9fd,9,98,86,189,352,275,266
5e390ba17d9fd,8,82,77,248,413,325,336
5e390ba17d9fd,2,21,88,163,338,251,250
5e390ba17d9fd,1,16,87,231,405,318,318
5e390ba17d9fd,6,65,87,263,435,350,348
5e390ba17d9fd,5,55,85,145,318,230,233
5e390ba17d9fd,5,51,88,162,322,250,234
5e390ba17d9fd,1,12,72,228,353,300,281
5e390ba17d9fd,2,2meta1,53,42780,42908,42833,42855
5e390ba17d9fd,meta1,meta10,75,310,457,385,382
5e390ba17d9fd,0,09,72,230,368,302,296
5e390ba17d9fd,9,98,66,183,319,249,253
5e390ba17d9fd,8,82,70,194,335,264,265
5e390ba17d9fd,2,21,71,164,305,235,234
5e390ba17d9fd,1,16,70,762,903,832,833
5e390ba17d9fd,6,65,71,218,369,289,298
5e390ba17d9fd,5,55,80,86,230,166,150
5e390ba17d9fd,5,51,64,171,302,235,238
5e390ba17d9fd,1,12,67,310,448,377,381
5e390ba17d9fd,2,2meta1,71,34506,34656,34577,34585
5e390ba17d9fd,meta1,meta10,79,216,409,295,330
5e390ba17d9fd,0,09,114,154,349,268,235
5e390ba17d9fd,9,98,81,151,314,232,233
5e390ba17d9fd,8,82,82,135,297,217,215
5e390ba17d9fd,2,21,80,120,302,200,222
5e390ba17d9fd,1,16,102,393,569,495,467
5e390ba17d9fd,6,65,74,245,390,319,316
5e390ba17d9fd,5,55,71,97,234,168,163
5e390ba17d9fd,5,51,66,101,248,167,182
5e390ba17d9fd,1,12,81,286,465,367,384
5e390ba17d9fd,2,2meta1,98,34930,35105,35028,35007
5e390ba17d9fd,meta1,meta10,77,393,542,470,465
5e390ba17d9fd,0,09,72,247,390,319,318
5e390ba17d9fd,9,98,71,246,392,317,321
5e390ba17d9fd,8,82,75,107,269,182,194
5e390ba17d9fd,2,21,87,144,338,231,251
5e390ba17d9fd,1,16,107,462,643,569,536
5e390ba17d9fd,6,65,74,227,388,301,314
5e390ba17d9fd,5,55,87,74,254,161,167
5e390ba17d9fd,5,51,93,126,275,219,182
5e390ba17d9fd,1,12,56,249,376,305,320
5e390ba17d9fd,2,2meta1,71,-400582,-400426,-400511,-400497
5e390bc710e3f,meta1,meta10,85,498,668,583,583
5e390bc710e3f,0,08,85,513,653,598,568
5e390bc710e3f,8,82,55,413,574,468,519
5e390bc710e3f,2,27,106,294,503,400,397
5e390bc710e3f,7,72,103,311,506,414,403
5e390bc710e3f,2,25,92,308,473,400,381
5e390bc710e3f,5,53,73,513,643,586,570
5e390bc710e3f,3,38,57,256,404,313,347
5e390bc710e3f,8,80,91,528,709,619,618
5e390bc710e3f,0,05,90,410,557,500,467
5e390bc710e3f,5,5meta1,57,43365,43474,43422,43417
5e390bc710e3f,meta1,meta10,52,2411,2570,2463,2518
5e390bc710e3f,0,08,107,379,573,486,466
5e390bc710e3f,8,82,87,245,463,332,376
5e390bc710e3f,2,27,131,277,503,408,372
5e390bc710e3f,7,72,95,145,345,240,250
5e390bc710e3f,2,25,105,246,440,351,335
5e390bc710e3f,5,53,89,311,527,400,438
5e390bc710e3f,3,38,127,308,508,435,381
5e390bc710e3f,8,80,73,1319,1487,1392,1414
5e390bc710e3f,0,05,95,428,629,523,534
5e390bc710e3f,5,5meta1,106,34446,34625,34552,34519
5e390bc710e3f,meta1,meta10,73,515,656,588,583
5e390bc710e3f,0,08,68,644,819,712,751
5e390bc710e3f,8,82,107,229,440,336,333
5e390bc710e3f,2,27,104,246,436,350,332
5e390bc710e3f,7,72,86,131,319,217,233
5e390bc710e3f,2,25,102,244,404,346,302
5e390bc710e3f,5,53,58,298,442,356,384
5e390bc710e3f,3,38,86,208,366,294,280
5e390bc710e3f,8,80,72,142,306,214,234
5e390bc710e3f,0,05,92,462,627,554,535
5e390bc710e3f,5,5meta1,73,34317,34443,34390,34370
5e390bc710e3f,meta1,meta10,53,378,535,431,482
5e390bc710e3f,0,08,104,645,856,749,752
5e390bc710e3f,8,82,107,244,471,351,364
5e390bc710e3f,2,27,120,197,386,317,266
5e390bc710e3f,7,72,69,176,372,245,303
5e390bc710e3f,2,25,127,379,562,506,435
5e390bc710e3f,5,53,56,393,572,449,516
5e390bc710e3f,3,38,123,258,469,381,346
5e390bc710e3f,8,80,88,182,356,270,268
5e390bc710e3f,0,05,86,294,452,380,366
5e390bc710e3f,5,5meta1,72,34082,34238,34154,34166
5e390bc710e3f,meta1,meta10,84,357,555,441,471
5e390bc710e3f,0,08,114,244,445,358,331
5e390bc710e3f,8,82,87,213,423,300,336
5e390bc710e3f,2,27,123,126,337,249,214
5e390bc710e3f,7,72,88,144,376,232,288
5e390bc710e3f,2,25,144,375,608,519,464
5e390bc710e3f,5,53,89,328,522,417,433
5e390bc710e3f,3,38,105,245,422,350,317
5e390bc710e3f,8,80,72,160,355,232,283
5e390bc710e3f,0,05,123,495,724,618,601
5e390bc710e3f,5,5meta1,106,33247,33441,33353,33335
5e390bc710e3f,meta1,meta10,88,361,555,449,467
5e390bc710e3f,0,08,106,230,421,336,315
5e390bc710e3f,8,82,85,279,508,364,423
5e390bc710e3f,2,27,144,424,657,568,513
5e390bc710e3f,7,72,89,160,388,249,299
5e390bc710e3f,2,25,139,262,488,401,349
5e390bc710e3f,5,53,87,231,444,318,357
5e390bc710e3f,3,38,126,121,335,247,209
5e390bc710e3f,8,80,88,165,356,253,268
5e390bc710e3f,0,05,103,479,691,582,588
5e390bc710e3f,5,5meta1,109,37843,38023,37952,37914
5e390bc710e3f,meta1,meta10,71,497,675,568,604
5e390bc710e3f,0,08,107,261,474,368,367
5e390bc710e3f,8,82,106,189,421,295,315
5e390bc710e3f,2,27,126,161,373,287,247
5e390bc710e3f,7,72,86,131,302,217,216
5e390bc710e3f,2,25,85,298,472,383,387
5e390bc710e3f,5,53,89,224,437,313,348
5e390bc710e3f,3,38,124,212,406,336,282
5e390bc710e3f,8,80,70,149,305,219,235
5e390bc710e3f,0,05,86,477,638,563,552
5e390bc710e3f,5,5meta1,75,34328,34491,34403,34416
5e390bc710e3f,meta1,meta10,88,311,524,399,436
5e390bc710e3f,0,08,125,230,423,355,298
5e390bc710e3f,8,82,68,196,385,264,317
5e390bc710e3f,2,27,121,92,302,213,181
5e390bc710e3f,7,72,89,178,392,267,303
5e390bc710e3f,2,25,125,326,507,451,382
5e390bc710e3f,5,53,56,281,457,337,401
5e390bc710e3f,3,38,120,179,370,299,250
5e390bc710e3f,8,80,71,146,304,217,233
5e390bc710e3f,0,05,87,316,485,403,398
5e390bc710e3f,5,5meta1,82,29035,29217,29117,29135
5e390bc710e3f,meta1,meta10,100,515,718,615,618
5e390bc710e3f,0,08,103,284,484,387,381
5e390bc710e3f,8,82,97,223,450,320,353
5e390bc710e3f,2,27,130,363,566,493,436
5e390bc710e3f,7,72,73,158,321,231,248
5e390bc710e3f,2,25,90,328,492,418,402
5e390bc710e3f,5,53,74,440,605,514,531
5e390bc710e3f,3,38,91,227,424,318,333
5e390bc710e3f,8,80,106,225,440,331,334
5e390bc710e3f,0,05,109,459,661,568,552
5e390bc710e3f,5,5meta1,93,32559,32704,32652,32611
5e390bc710e3f,meta1,meta18,52,1053,1191,1105,1139
5e390bc710e3f,8,82,86,178,388,264,302
5e390bc710e3f,2,27,124,293,522,417,398
5e390bc710e3f,7,72,105,195,423,300,318
5e390bc710e3f,2,25,123,229,437,352,314
5e390bc710e3f,5,53,85,263,455,348,370
5e390bc710e3f,3,38,107,175,372,282,265
5e390bc710e3f,8,80,90,179,356,269,266
5e390bc710e3f,0,05,87,614,804,701,717
5e390bc710e3f,5,5meta1,103,-329454,-329261,-329351,-329364
5e390bd4ac264,meta1,meta10,90,808,989,898,899
5e390bd4ac264,0,08,91,446,593,537,502
5e390bd4ac264,8,83,56,412,571,468,515
5e390bd4ac264,3,30,103,460,669,563,566
5e390bd4ac264,0,03,106,247,441,353,335
5e390bd4ac264,3,37,88,356,537,444,449
5e390bd4ac264,7,71,93,265,460,358,367
5e390bd4ac264,1,18,102,475,670,577,568
5e390bd4ac264,8,83,93,244,410,337,317
5e390bd4ac264,3,32,73,259,388,332,315
5e390bd4ac264,2,2meta1,56,55233,55362,55289,55306
5e390bd4ac264,meta1,meta10,73,526,704,599,631
5e390bd4ac264,0,08,105,332,522,437,417
5e390bd4ac264,8,83,85,278,434,363,349
5e390bd4ac264,3,30,71,315,508,386,437
5e390bd4ac264,0,03,122,173,369,295,247
5e390bd4ac264,3,37,74,345,512,419,438
5e390bd4ac264,7,71,93,307,490,400,397
5e390bd4ac264,1,18,90,295,473,385,383
5e390bd4ac264,8,83,88,226,385,314,297
5e390bd4ac264,3,32,71,192,323,263,252
5e390bd4ac264,2,2meta1,60,41362,41513,41422,41453
5e390bd4ac264,meta1,meta10,91,414,607,505,516
5e390bd4ac264,0,08,102,362,573,464,471
5e390bd4ac264,8,83,109,259,438,368,329
5e390bd4ac264,3,30,70,479,654,549,584
5e390bd4ac264,0,03,105,163,370,268,265
5e390bd4ac264,3,37,102,363,571,465,469
5e390bd4ac264,7,71,106,262,408,368,302
5e390bd4ac264,1,18,40,341,489,381,449
5e390bd4ac264,8,83,108,242,440,350,332
5e390bd4ac264,3,32,90,156,369,246,279
5e390bd4ac264,2,2meta1,123,37770,37995,37893,37872
5e390bd4ac264,meta1,meta10,102,360,571,462,469
5e390bd4ac264,0,08,109,278,490,387,381
5e390bd4ac264,8,83,103,260,452,363,349
5e390bd4ac264,3,30,89,215,406,304,317
5e390bd4ac264,0,03,102,144,337,246,235
5e390bd4ac264,3,37,91,278,439,369,348
5e390bd4ac264,7,71,70,197,370,267,300
5e390bd4ac264,1,18,103,397,605,500,502
5e390bd4ac264,8,83,105,183,401,288,296
5e390bd4ac264,3,32,113,154,332,267,219
5e390bd4ac264,2,20,65,32634,32802,32699,32737
5e390bd4ac264,0,08,103,313,487,416,384
5e390bd4ac264,8,83,71,179,337,250,266
5e390bd4ac264,3,30,87,294,508,381,421
5e390bd4ac264,0,03,127,123,340,250,213
5e390bd4ac264,3,37,90,279,438,369,348
5e390bd4ac264,7,71,69,195,352,264,283
5e390bd4ac264,1,18,88,229,422,317,334
5e390bd4ac264,8,83,105,195,372,300,267
5e390bd4ac264,3,32,72,179,306,251,234
5e390bd4ac264,2,2meta1,55,38351,38476,38406,38421
5e390bd4ac264,meta1,meta10,70,461,635,531,565
5e390bd4ac264,0,08,104,346,522,450,418
5e390bd4ac264,8,83,72,360,521,432,449
5e390bd4ac264,3,30,89,342,539,431,450
5e390bd4ac264,0,03,108,196,344,304,236
5e390bd4ac264,3,37,40,271,371,311,331
5e390bd4ac264,7,71,60,194,344,254,284
5e390bd4ac264,1,18,90,310,489,400,399
5e390bd4ac264,8,83,89,229,403,318,314
5e390bd4ac264,3,32,85,165,336,250,251
5e390bd4ac264,2,2meta1,86,37417,37556,37503,37470
5e390bd4ac264,meta1,meta10,53,377,504,430,451
5e390bd4ac264,0,08,74,340,511,414,437
5e390bd4ac264,8,83,97,239,427,336,330
5e390bd4ac264,3,30,91,227,406,318,315
5e390bd4ac264,0,03,88,280,407,368,319
5e390bd4ac264,3,37,39,244,356,283,317
5e390bd4ac264,7,71,73,262,392,335,319
5e390bd4ac264,1,18,57,493,642,550,585
5e390bd4ac264,8,83,92,704,870,796,778
5e390bd4ac264,3,32,74,178,341,252,267
5e390bd4ac264,2,2meta1,89,34115,34288,34204,34199
5e390bd4ac264,meta1,meta10,84,361,540,445,456
5e390bd4ac264,0,08,95,342,510,437,415
5e390bd4ac264,8,83,73,347,487,420,414
5e390bd4ac264,3,30,67,231,368,298,301
5e390bd4ac264,0,03,70,193,337,263,267
5e390bd4ac264,3,37,74,195,378,269,304
5e390bd4ac264,7,71,109,242,421,351,312
5e390bd4ac264,1,18,70,298,437,368,367
5e390bd4ac264,8,83,69,197,368,266,299
5e390bd4ac264,3,32,102,163,336,265,234
5e390bd4ac264,2,2meta1,71,42309,42472,42380,42401
5e390bd4ac264,meta1,meta10,92,329,511,421,419
5e390bd4ac264,0,08,90,297,494,387,404
5e390bd4ac264,8,83,107,226,418,333,311
5e390bd4ac264,3,30,85,277,472,362,387
5e390bd4ac264,0,03,110,194,373,304,263
5e390bd4ac264,3,37,69,314,489,383,420
5e390bd4ac264,7,71,106,204,385,310,279
5e390bd4ac264,1,18,75,282,428,357,353
5e390bd4ac264,8,83,71,175,320,246,249
5e390bd4ac264,3,32,74,168,324,242,250
5e390bd4ac264,2,2meta1,82,32277,32433,32359,32351
5e390bd4ac264,meta1,meta10,74,413,576,487,502
5e390bd4ac264,0,08,89,297,472,386,383
5e390bd4ac264,8,83,86,214,386,300,300
5e390bd4ac264,3,30,86,245,421,331,335
5e390bd4ac264,0,03,90,174,339,264,249
5e390bd4ac264,3,37,75,362,509,437,434
5e390bd4ac264,7,71,72,228,370,300,298
5e390bd4ac264,1,18,70,329,492,399,422
5e390bd4ac264,8,83,93,257,422,350,329
5e390bd4ac264,3,32,72,229,371,301,299
5e390bd4ac264,2,2meta1,70,-384457,-384311,-384387,-384381
5e390bddcfeff,meta1,meta10,76,1656,1823,1732,1747
5e390bddcfeff,0,08,91,705,907,796,816
5e390bddcfeff,8,85,111,663,882,774,771
5e390bddcfeff,5,50,108,208,441,316,333
5e390bddcfeff,0,06,125,644,889,769,764
5e390bddcfeff,6,63,120,611,824,731,704
5e390bddcfeff,3,34,93,608,809,701,716
5e390bddcfeff,4,42,108,323,491,431,383
5e390bddcfeff,2,27,60,508,645,568,585
5e390bddcfeff,7,75,77,341,492,418,415
5e390bddcfeff,5,5meta1,74,57378,57509,57452,57435
5e390bddcfeff,meta1,meta10,57,429,578,486,521
5e390bddcfeff,0,08,92,458,622,550,530
5e390bddcfeff,8,86,72,444,604,516,532
5e390bddcfeff,6,6bksp,88,1040,1225,1128,1137
5e390bddcfeff,bksp,bksp5,97,440,642,537,545
5e390bddcfeff,5,50,105,264,457,369,352
5e390bddcfeff,0,06,88,692,871,780,783
5e390bddcfeff,6,63,91,695,858,786,767
5e390bddcfeff,3,34,72,225,405,297,333
5e390bddcfeff,4,42,108,294,459,402,351
5e390bddcfeff,2,27,57,494,662,551,605
5e390bddcfeff,7,75,111,371,542,482,431
5e390bddcfeff,5,5meta1,60,49930,50092,49990,50032
5e390bddcfeff,meta1,meta10,102,492,690,594,588
5e390bddcfeff,0,08,96,355,509,451,413
5e390bddcfeff,8,85,58,327,476,385,418
5e390bddcfeff,5,56,91,991,1172,1082,1081
5e390bddcfeff,6,63,90,430,631,520,541
5e390bddcfeff,3,34,111,77,321,188,210
5e390bddcfeff,4,42,133,173,382,306,249
5e390bddcfeff,2,27,76,510,660,586,584
5e390bddcfeff,7,75,74,260,407,334,333
5e390bddcfeff,5,5meta1,73,46531,46675,46604,46602
5e390bddcfeff,meta1,meta10,71,395,553,466,482
5e390bddcfeff,0,08,87,497,674,584,587
5e390bddcfeff,8,85,90,709,868,799,778
5e390bddcfeff,5,50,69,286,472,355,403
5e390bddcfeff,0,06,117,728,918,845,801
5e390bddcfeff,6,63,73,759,942,832,869
5e390bddcfeff,3,34,110,90,343,200,233
5e390bddcfeff,4,42,143,171,405,314,262
5e390bddcfeff,2,27,91,445,659,536,568
5e390bddcfeff,7,75,123,277,474,400,351
5e390bddcfeff,5,5meta1,74,50778,50904,50852,50830
5e390bddcfeff,meta1,meta10,52,448,595,500,543
5e390bddcfeff,0,08,95,558,762,653,667
5e390bddcfeff,8,85,109,506,705,615,596
5e390bddcfeff,5,50,90,277,457,367,367
5e390bddcfeff,0,06,90,1078,1239,1168,1149
5e390bddcfeff,6,63,71,472,636,543,565
5e390bddcfeff,3,34,93,647,828,740,735
5e390bddcfeff,4,42,88,279,438,367,350
5e390bddcfeff,2,27,71,407,587,478,516
5e390bddcfeff,7,75,109,284,493,393,384
5e390bddcfeff,5,5meta1,100,55715,55886,55815,55786
5e390bddcfeff,meta1,meta10,71,445,622,516,551
5e390bddcfeff,0,08,106,327,545,433,439
5e390bddcfeff,8,85,112,538,743,650,631
5e390bddcfeff,5,50,93,238,440,331,347
5e390bddcfeff,0,07,109,328,526,437,417
5e390bddcfeff,7,7bksp,89,1424,1619,1513,1530
5e390bddcfeff,bksp,bksp6,106,963,1159,1069,1053
5e390bddcfeff,6,63,90,778,977,868,887
5e390bddcfeff,3,34,109,173,387,282,278
5e390bddcfeff,4,42,105,181,391,286,286
5e390bddcfeff,2,27,105,577,771,682,666
5e390bddcfeff,7,75,89,361,540,450,451
5e390bddcfeff,5,5meta1,90,45963,46142,46053,46052
5e390bddcfeff,meta1,meta10,89,609,789,698,700
5e390bddcfeff,0,08,91,359,542,450,451
5e390bddcfeff,8,85,92,558,724,650,632
5e390bddcfeff,5,50,74,325,507,399,433
5e390bddcfeff,0,06,108,511,708,619,600
5e390bddcfeff,6,63,89,611,809,700,720
5e390bddcfeff,3,34,109,173,406,282,297
5e390bddcfeff,4,42,124,194,390,318,266
5e390bddcfeff,2,27,72,546,691,618,619
5e390bddcfeff,7,75,73,309,455,382,382
5e390bddcfeff,5,5meta1,73,43346,43492,43419,43419
5e390bddcfeff,meta1,meta10,73,495,637,568,564
5e390bddcfeff,0,08,69,431,605,500,536
5e390bddcfeff,8,85,105,527,723,632,618
5e390bddcfeff,5,50,91,240,437,331,346
5e390bddcfeff,0,06,106,330,492,436,386
5e390bddcfeff,6,63,56,727,857,783,801
5e390bddcfeff,3,34,74,344,523,418,449
5e390bddcfeff,4,42,105,209,370,314,265
5e390bddcfeff,2,27,56,462,628,518,572
5e390bddcfeff,7,75,110,289,440,399,330
5e390bddcfeff,5,5meta1,41,41811,41943,41852,41902
5e390bddcfeff,meta1,meta10,91,454,623,545,532
5e390bddcfeff,0,08,78,263,430,341,352
5e390bddcfeff,8,85,89,610,787,699,698
5e390bddcfeff,5,50,88,195,391,283,303
5e390bddcfeff,0,06,108,224,422,332,314
5e390bddcfeff,6,63,90,660,824,750,734
5e390bddcfeff,3,34,74,144,322,218,248
5e390bddcfeff,4,42,104,146,320,250,216
5e390bddcfeff,2,27,70,445,603,515,533
5e390bddcfeff,7,75,88,246,425,334,337
5e390bddcfeff,5,5meta1,91,48662,48807,48753,48716
5e390bddcfeff,meta1,meta10,54,431,589,485,535
5e390bddcfeff,0,08,104,330,519,434,415
5e390bddcfeff,8,85,85,513,672,598,587
5e390bddcfeff,5,50,74,226,390,300,316
5e390bddcfeff,0,06,90,628,825,718,735
5e390bddcfeff,6,63,107,844,1037,951,930
5e390bddcfeff,3,34,86,164,282,250,196
5e390bddcfeff,4,42,32,1413,1506,1445,1474
5e390bddcfeff,2,27,61,493,642,554,581
5e390bddcfeff,7,75,88,311,493,399,405
5e390bddcfeff,5,5meta1,94,-109615,-109454,-109521,-109548
5e390d77af5fb,meta1,meta10,67,456,613,523,546
5e390d77af5fb,0,08,90,139,307,229,217
5e390d77af5fb,8,8bksp,78,980,1145,1058,1067
5e390d77af5fb,bksp,bksp9,87,308,483,395,396
5e390d77af5fb,9,96,88,349,508,437,420
5e390d77af5fb,6,60,71,246,386,317,315
5e390d77af5fb,0,09,69,126,269,195,200
5e390d77af5fb,9,91,74,813,929,887,855
5e390d77af5fb,1,17,42,427,539,469,497
5e390d77af5fb,7,76,70,125,267,195,197
5e390d77af5fb,6,68,72,345,492,417,420
5e390d77af5fb,8,85,75,276,426,351,351
5e390d77af5fb,5,5meta1,75,39687,39808,39762,39733
5e390d77af5fb,meta1,meta10,46,369,514,415,468
5e390d77af5fb,0,09,99,194,383,293,284
5e390d77af5fb,9,96,90,229,405,319,315
5e390d77af5fb,6,60,86,326,520,412,434
5e390d77af5fb,0,09,108,194,373,302,265
5e390d77af5fb,9,97,71,965,1124,1036,1053
5e390d77af5fb,7,76,88,92,252,180,164
5e390d77af5fb,6,68,72,342,507,414,435
5e390d77af5fb,8,85,93,330,479,423,386
5e390d77af5fb,5,5meta1,56,34260,34388,34316,34332
5e390d77af5fb,meta1,meta10,72,332,508,404,436
5e390d77af5fb,0,09,104,128,318,232,214
5e390d77af5fb,9,96,86,213,369,299,283
5e390d77af5fb,6,60,70,262,438,332,368
5e390d77af5fb,0,09,106,153,337,259,231
5e390d77af5fb,9,97,78,1263,1431,1341,1353
5e390d77af5fb,7,76,90,71,240,161,150
5e390d77af5fb,6,68,79,311,462,390,383
5e390d77af5fb,8,85,72,245,405,317,333
5e390d77af5fb,5,5meta1,88,29942,30106,30030,30018
5e390d77af5fb,meta1,meta10,76,345,510,421,434
5e390d77af5fb,0,09,89,130,288,219,199
5e390d77af5fb,9,96,69,214,353,283,284
5e390d77af5fb,6,60,70,242,387,312,317
5e390d77af5fb,0,09,75,110,256,185,181
5e390d77af5fb,9,91,71,151,305,222,234
5e390d77af5fb,1,17,83,397,550,480,467
5e390d77af5fb,7,76,70,129,239,199,169
5e390d77af5fb,6,68,40,456,571,496,531
5e390d77af5fb,8,85,75,280,445,355,370
5e390d77af5fb,5,5meta1,90,38594,38773,38684,38683
5e390d77af5fb,meta1,meta10,89,246,424,335,335
5e390d77af5fb,0,09,89,161,338,250,249
5e390d77af5fb,9,96,88,231,387,319,299
5e390d77af5fb,6,60,68,248,419,316,351
5e390d77af5fb,0,09,103,112,303,215,200
5e390d77af5fb,9,91,88,183,354,271,266
5e390d77af5fb,1,17,83,615,768,698,685
5e390d77af5fb,7,76,70,111,251,181,181
5e390d77af5fb,6,68,70,430,558,500,488
5e390d77af5fb,8,85,58,338,439,396,381
5e390d77af5fb,5,5meta1,43,30760,30874,30803,30831
5e390d77af5fb,meta1,meta10,71,508,656,579,585
5e390d77af5fb,0,09,77,130,291,207,214
5e390d77af5fb,9,96,84,199,351,283,267
5e390d77af5fb,6,60,68,235,401,303,333
5e390d77af5fb,0,09,98,86,282,184,184
5e390d77af5fb,9,91,98,172,348,270,250
5e390d77af5fb,1,17,78,314,464,392,386
5e390d77af5fb,7,76,72,101,255,173,183
5e390d77af5fb,6,68,82,364,501,446,419
5e390d77af5fb,8,85,55,276,388,331,333
5e390d77af5fb,5,5meta1,57,38912,39038,38969,38981
5e390d77af5fb,meta1,meta10,69,246,387,315,318
5e390d77af5fb,0,09,72,164,305,236,233
5e390d77af5fb,9,96,69,212,370,281,301
5e390d77af5fb,6,60,89,229,406,318,317
5e390d77af5fb,0,09,88,111,270,199,182
5e390d77af5fb,9,91,71,180,340,251,269
5e390d77af5fb,1,17,89,393,570,482,481
5e390d77af5fb,7,76,88,112,271,200,183
5e390d77af5fb,6,68,71,330,456,401,385
5e390d77af5fb,8,85,55,244,354,299,299
5e390d77af5fb,5,5meta1,55,29466,29575,29521,29520
5e390d77af5fb,meta1,meta10,54,258,404,312,350
5e390d77af5fb,0,09,92,294,477,386,385
5e390d77af5fb,9,96,91,244,404,335,313
5e390d77af5fb,6,60,69,496,669,565,600
5e390d77af5fb,0,09,104,130,303,234,199
5e390d77af5fb,9,91,69,179,357,248,288
5e390d77af5fb,1,17,109,295,474,404,365
5e390d77af5fb,7,76,70,144,251,214,181
5e390d77af5fb,6,68,37,395,504,432,467
5e390d77af5fb,8,85,72,332,460,404,388
5e390d77af5fb,5,5meta1,56,31628,31787,31684,31731
5e390d77af5fb,meta1,meta10,103,229,405,332,302
5e390d77af5fb,0,09,73,577,741,650,668
5e390d77af5fb,9,96,91,246,404,337,313
5e390d77af5fb,6,60,67,196,370,263,303
5e390d77af5fb,0,09,107,92,271,199,164
5e390d77af5fb,9,91,72,129,308,201,236
5e390d77af5fb,1,17,107,526,705,633,598
5e390d77af5fb,7,76,72,94,239,166,167
5e390d77af5fb,6,68,73,277,422,350,349
5e390d77af5fb,8,85,72,279,407,351,335
5e390d77af5fb,5,5meta1,56,31881,32007,31937,31951
5e390d77af5fb,meta1,meta10,70,331,486,401,416
5e390d77af5fb,0,09,85,108,268,193,183
5e390d77af5fb,9,96,75,213,342,288,267
5e390d77af5fb,6,60,54,196,304,250,250
5e390d77af5fb,0,09,54,114,237,168,183
5e390d77af5fb,9,91,69,163,305,232,236
5e390d77af5fb,1,17,73,359,506,432,433
5e390d77af5fb,7,76,74,130,258,204,184
5e390d77af5fb,6,68,54,360,485,414,431
5e390d77af5fb,8,85,71,298,441,369,370
5e390d77af5fb,5,5meta1,72,-302592,-302438,-302520,-302510
5e390d88e0d6d,meta1,meta10,82,461,632,543,550
5e390d88e0d6d,0,09,89,171,371,260,282
5e390d88e0d6d,9,93,111,447,664,558,553
5e390d88e0d6d,3,34,106,312,506,418,400
5e390d88e0d6d,4,41,88,394,577,482,489
5e390d88e0d6d,1,12,95,287,489,382,394
5e390d88e0d6d,2,20,107,602,788,709,681
5e390d88e0d6d,0,09,79,297,466,376,387
5e390d88e0d6d,9,91,90,310,522,400,432
5e390d88e0d6d,1,17,122,225,436,347,314
5e390d88e0d6d,7,7meta1,89,50700,50868,50789,50779
5e390d88e0d6d,meta1,meta10,79,357,522,436,443
5e390d88e0d6d,0,09,86,309,501,395,415
5e390d88e0d6d,9,93,106,732,957,838,851
5e390d88e0d6d,3,35,119,211,418,330,299
5e390d88e0d6d,5,51,88,444,657,532,569
5e390d88e0d6d,1,1bksp,125,775,974,900,849
5e390d88e0d6d,bksp,bkspbksp,74,111,291,185,217
5e390d88e0d6d,bksp,bksp4,106,909,1156,1015,1050
5e390d88e0d6d,4,41,141,344,575,485,434
5e390d88e0d6d,1,12,90,230,403,320,313
5e390d88e0d6d,2,20,83,580,768,663,685
5e390d88e0d6d,0,09,105,281,473,386,368
5e390d88e0d6d,9,91,87,145,337,232,250
5e390d88e0d6d,1,17,105,195,389,300,284
5e390d88e0d6d,7,7meta1,89,49782,49974,49871,49885
5e390d88e0d6d,meta1,meta10,103,278,455,381,352
5e390d88e0d6d,0,09,74,194,356,268,282
5e390d88e0d6d,9,93,88,425,638,513,550
5e390d88e0d6d,3,34,125,200,392,325,267
5e390d88e0d6d,4,41,67,209,400,276,333
5e390d88e0d6d,1,12,124,194,478,318,354
5e390d88e0d6d,2,20,160,290,541,450,381
5e390d88e0d6d,0,09,91,327,524,418,433
5e390d88e0d6d,9,91,106,76,324,182,218
5e390d88e0d6d,1,17,142,177,441,319,299
5e390d88e0d6d,7,7meta1,122,52349,52543,52471,52421
5e390d88e0d6d,meta1,meta10,72,428,589,500,517
5e390d88e0d6d,0,09,89,245,420,334,331
5e390d88e0d6d,9,93,86,461,675,547,589
5e390d88e0d6d,3,34,128,203,458,331,330
5e390d88e0d6d,4,41,127,278,528,405,401
5e390d88e0d6d,1,12,123,260,509,383,386
5e390d88e0d6d,2,20,126,334,552,460,426
5e390d88e0d6d,0,09,92,861,1045,953,953
5e390d88e0d6d,9,91,92,233,440,325,348
5e390d88e0d6d,1,17,115,246,448,361,333
5e390d88e0d6d,7,7meta1,87,52552,52759,52639,52672
5e390d88e0d6d,meta1,meta10,120,192,418,312,298
5e390d88e0d6d,0,09,106,227,424,333,318
5e390d88e0d6d,9,93,91,513,709,604,618
5e390d88e0d6d,3,34,105,194,368,299,263
5e390d88e0d6d,4,41,69,277,439,346,370
5e390d88e0d6d,1,12,93,317,525,410,432
5e390d88e0d6d,2,20,115,211,414,326,299
5e390d88e0d6d,0,09,88,162,373,250,285
5e390d88e0d6d,9,91,123,90,294,213,171
5e390d88e0d6d,1,17,81,220,393,301,312
5e390d88e0d6d,7,7meta1,92,46996,47175,47088,47083
5e390d88e0d6d,meta1,meta10,87,249,422,336,335
5e390d88e0d6d,0,09,86,128,321,214,235
5e390d88e0d6d,9,93,107,433,656,540,549
5e390d88e0d6d,3,34,116,256,505,372,389
5e390d88e0d6d,4,41,133,275,512,408,379
5e390d88e0d6d,1,13,104,262,453,366,349
5e390d88e0d6d,3,3bksp,87,1163,1358,1250,1271
5e390d88e0d6d,bksp,bksp2,108,990,1239,1098,1131
5e390d88e0d6d,2,20,141,325,556,466,415
5e390d88e0d6d,0,09,90,309,524,399,434
5e390d88e0d6d,9,91,125,75,334,200,209
5e390d88e0d6d,1,17,134,199,440,333,306
5e390d88e0d6d,7,7meta1,107,43933,44160,44040,44053
5e390d88e0d6d,meta1,meta10,120,195,406,315,286
5e390d88e0d6d,0,09,91,178,373,269,282
5e390d88e0d6d,9,93,104,878,1069,982,965
5e390d88e0d6d,3,34,87,177,370,264,283
5e390d88e0d6d,4,41,106,180,465,286,359
5e390d88e0d6d,1,12,179,153,436,332,257
5e390d88e0d6d,2,20,104,281,489,385,385
5e390d88e0d6d,0,09,104,228,386,332,282
5e390d88e0d6d,9,91,54,878,1057,932,1003
5e390d88e0d6d,1,17,125,512,724,637,599
5e390d88e0d6d,7,7meta1,87,46130,46319,46217,46232
5e390d88e0d6d,meta1,meta10,102,432,623,534,521
5e390d88e0d6d,0,09,89,201,405,290,316
5e390d88e0d6d,9,93,115,359,609,474,494
5e390d88e0d6d,3,34,135,163,407,298,272
5e390d88e0d6d,4,41,109,214,428,323,319
5e390d88e0d6d,1,12,105,245,452,350,347
5e390d88e0d6d,2,20,102,281,471,383,369
5e390d88e0d6d,0,09,88,244,454,332,366
5e390d88e0d6d,9,91,122,78,309,200,187
5e390d88e0d6d,1,17,109,241,438,350,329
5e390d88e0d6d,7,7meta1,88,45815,46022,45903,45934
5e390d88e0d6d,meta1,meta10,119,298,527,417,408
5e390d88e0d6d,0,09,110,421,606,531,496
5e390d88e0d6d,9,93,75,562,759,637,684
5e390d88e0d6d,3,34,122,128,353,250,231
5e390d88e0d6d,4,41,103,228,453,331,350
5e390d88e0d6d,1,12,122,164,407,286,285
5e390d88e0d6d,2,20,121,478,687,599,566
5e390d88e0d6d,0,09,88,428,593,516,505
5e390d88e0d6d,9,91,77,203,392,280,315
5e390d88e0d6d,1,17,112,121,309,233,197
5e390d88e0d6d,7,7meta1,76,49999,50161,50075,50085
5e390d88e0d6d,meta1,meta10,86,320,503,406,417
5e390d88e0d6d,0,09,97,229,429,326,332
5e390d88e0d6d,9,93,103,533,740,636,637
5e390d88e0d6d,3,35,104,178,384,282,280
5e390d88e0d6d,5,51,102,222,436,324,334
5e390d88e0d6d,1,12,112,195,395,307,283
5e390d88e0d6d,2,20,88,184,305,272,217
5e390d88e0d6d,0,09,33,183,332,216,299
5e390d88e0d6d,9,91,116,52,266,168,150
5e390d88e0d6d,1,17,98,179,365,277,267
5e390d88e0d6d,7,7meta1,88,-483827,-483617,-483739,-483705
5e390daa6d5a4,meta1,meta10,122,264,491,386,369
5e390daa6d5a4,0,09,105,177,370,282,265
5e390daa6d5a4,9,99,88,90,288,178,200
5e390daa6d5a4,9,90,110,194,393,304,283
5e390daa6d5a4,0,09,89,146,339,235,250
5e390daa6d5a4,9,96,104,411,591,515,487
5e390daa6d5a4,6,65,76,192,324,268,248
5e390daa6d5a4,5,54,56,652,801,708,745
5e390daa6d5a4,4,41,93,349,634,442,541
5e390daa6d5a4,1,15,192,248,489,440,297
5e390daa6d5a4,5,5meta1,49,26455,26601,26504,26552
5e390daa6d5a4,meta1,meta10,97,278,481,375,384
5e390daa6d5a4,0,09,106,163,355,269,249
5e390daa6d5a4,9,99,86,72,269,158,183
5e390daa6d5a4,9,90,111,143,344,254,233
5e390daa6d5a4,0,09,90,147,339,237,249
5e390daa6d5a4,9,96,102,380,586,482,484
5e390daa6d5a4,6,65,104,146,339,250,235
5e390daa6d5a4,5,54,89,195,354,284,265
5e390daa6d5a4,4,41,70,160,375,230,305
5e390daa6d5a4,1,15,145,85,290,230,145
5e390daa6d5a4,5,5meta1,60,33048,33211,33108,33151
5e390daa6d5a4,meta1,meta10,103,296,523,399,420
5e390daa6d5a4,0,09,124,177,405,301,281
5e390daa6d5a4,9,99,104,90,288,194,184
5e390daa6d5a4,9,90,94,161,362,255,268
5e390daa6d5a4,0,09,107,129,324,236,217
5e390daa6d5a4,9,96,88,263,453,351,365
5e390daa6d5a4,6,65,102,162,354,264,252
5e390daa6d5a4,5,54,90,345,504,435,414
5e390daa6d5a4,4,41,69,145,341,214,272
5e390daa6d5a4,1,15,127,873,1073,1000,946
5e390daa6d5a4,5,5meta1,73,30157,30358,30230,30285
5e390daa6d5a4,meta1,meta10,128,312,531,440,403
5e390daa6d5a4,0,09,91,160,356,251,265
5e390daa6d5a4,9,99,105,52,270,157,165
5e390daa6d5a4,9,90,113,163,396,276,283
5e390daa6d5a4,0,09,120,127,336,247,216
5e390daa6d5a4,9,96,89,498,659,587,570
5e390daa6d5a4,6,65,72,192,352,264,280
5e390daa6d5a4,5,54,88,166,324,254,236
5e390daa6d5a4,4,41,70,129,320,199,250
5e390daa6d5a4,1,15,121,115,262,236,141
5e390daa6d5a4,5,5meta1,26,30682,30818,30708,30792
5e390daa6d5a4,meta1,meta10,110,254,462,364,352
5e390daa6d5a4,0,09,98,185,393,283,295
5e390daa6d5a4,9,99,110,69,294,179,184
5e390daa6d5a4,9,90,115,139,353,254,238
5e390daa6d5a4,0,09,99,118,332,217,233
5e390daa6d5a4,9,96,115,263,463,378,348
5e390daa6d5a4,6,65,85,194,352,279,267
5e390daa6d5a4,5,54,73,127,290,200,217
5e390daa6d5a4,4,41,90,177,374,267,284
5e390daa6d5a4,1,15,107,75,240,182,133
5e390daa6d5a4,5,5meta1,58,30943,31126,31001,31068
5e390daa6d5a4,meta1,meta10,125,280,510,405,385
5e390daa6d5a4,0,09,105,145,319,250,214
5e390daa6d5a4,9,99,69,72,253,141,184
5e390daa6d5a4,9,90,112,129,330,241,218
5e390daa6d5a4,0,09,89,120,306,209,217
5e390daa6d5a4,9,96,97,256,428,353,331
5e390daa6d5a4,6,65,75,163,294,238,219
5e390daa6d5a4,5,54,56,214,355,270,299
5e390daa6d5a4,4,41,85,181,404,266,319
5e390daa6d5a4,1,15,138,87,285,225,147
5e390daa6d5a4,5,5meta1,60,25605,25745,25665,25685
5e390daa6d5a4,meta1,meta10,80,231,416,311,336
5e390daa6d5a4,0,09,105,196,403,301,298
5e390daa6d5a4,9,99,102,99,285,201,183
5e390daa6d5a4,9,90,84,159,335,243,251
5e390daa6d5a4,0,09,92,144,344,236,252
5e390daa6d5a4,9,96,108,325,524,433,416
5e390daa6d5a4,6,65,91,159,322,250,231
5e390daa6d5a4,5,54,72,198,339,270,267
5e390daa6d5a4,4,41,69,179,388,248,319
5e390daa6d5a4,1,15,140,51,238,191,98
5e390daa6d5a4,5,5meta1,47,32632,32751,32679,32704
5e390daa6d5a4,meta1,meta10,72,341,505,413,433
5e390daa6d5a4,0,09,92,248,424,340,332
5e390daa6d5a4,9,99,84,70,252,154,168
5e390daa6d5a4,9,90,98,158,332,256,234
5e390daa6d5a4,0,09,76,311,476,387,400
5e390daa6d5a4,9,96,89,529,671,618,582
5e390daa6d5a4,6,65,53,228,354,281,301
5e390daa6d5a4,5,54,73,392,575,465,502
5e390daa6d5a4,4,41,110,138,408,248,298
5e390daa6d5a4,1,15,160,39,292,199,132
5e390daa6d5a4,5,5meta1,93,29380,29581,29473,29488
5e390daa6d5a4,meta1,meta10,108,225,422,333,314
5e390daa6d5a4,0,09,89,164,340,253,251
5e390daa6d5a4,9,99,87,52,253,139,166
5e390daa6d5a4,9,90,114,147,346,261,232
5e390daa6d5a4,0,09,85,163,351,248,266
5e390daa6d5a4,9,96,103,330,524,433,421
5e390daa6d5a4,6,65,91,159,338,250,247
5e390daa6d5a4,5,54,88,280,471,368,383
5e390daa6d5a4,4,41,103,129,372,232,269
5e390daa6d5a4,1,15,140,51,222,191,82
5e390daa6d5a4,5,5meta1,31,37216,37333,37247,37302
5e390daa6d5a4,meta1,meta10,86,195,368,281,282
5e390daa6d5a4,0,09,87,175,355,262,268
5e390daa6d5a4,9,99,93,90,276,183,183
5e390daa6d5a4,9,90,93,239,413,332,320
5e390daa6d5a4,0,09,81,180,359,261,278
5e390daa6d5a4,9,96,98,323,556,421,458
5e390daa6d5a4,6,65,135,193,395,328,260
5e390daa6d5a4,5,54,67,182,353,249,286
5e390daa6d5a4,4,41,104,110,318,214,214
5e390daa6d5a4,1,15,104,54,205,158,101
5e390daa6d5a4,5,5meta1,47,-259123,-259017,-259076,-259064
5e390df46a144,meta1,meta10,55,580,672,635,617
5e390df46a144,0,09,37,228,303,265,266
5e390df46a144,9,97,38,211,303,249,265
5e390df46a144,7,79,54,2417,2527,2471,2473
5e390df46a144,9,93,56,641,752,697,696
5e390df46a144,3,3bksp,55,977,1071,1032,1016
5e390df46a144,bksp,bksp2,39,397,490,436,451
5e390df46a144,2,23,54,127,220,181,166
5e390df46a144,3,36,39,714,785,753,746
5e390df46a144,6,65,32,135,218,167,186
5e390df46a144,5,52,51,397,518,448,467
5e390df46a144,2,24,70,181,303,251,233
5e390df46a144,4,4meta1,52,33532,33639,33584,33587
5e390df46a144,meta1,meta10,55,395,487,450,432
5e390df46a144,0,09,37,112,186,149,149
5e390df46a144,9,97,37,162,238,199,201
5e390df46a144,7,79,39,102,187,141,148
5e390df46a144,9,92,46,332,419,378,373
5e390df46a144,2,23,41,90,169,131,128
5e390df46a144,3,36,38,199,275,237,237
5e390df46a144,6,65,38,83,166,121,128
5e390df46a144,5,52,45,192,295,237,250
5e390df46a144,2,24,58,116,199,174,141
5e390df46a144,4,4meta1,25,43644,43760,43669,43735
5e390df46a144,meta1,meta10,91,475,606,566,515
5e390df46a144,0,09,40,111,204,151,164
5e390df46a144,9,97,53,163,270,216,217
5e390df46a144,7,79,54,105,204,159,150
5e390df46a144,9,92,45,298,433,343,388
5e390df46a144,2,23,90,87,235,177,145
5e390df46a144,3,36,58,197,293,255,235
5e390df46a144,6,65,38,88,185,126,147
5e390df46a144,5,52,59,164,277,223,218
5e390df46a144,2,24,54,133,212,187,158
5e390df46a144,4,4meta1,25,23534,23595,23559,23570
5e390df46a144,meta1,meta19,36,737,813,773,777
5e390df46a144,9,9bksp,40,729,824,769,784
5e390df46a144,bksp,bksp0,55,196,286,251,231
5e390df46a144,0,09,35,144,235,179,200
5e390df46a144,9,97,56,145,254,201,198
5e390df46a144,7,79,53,105,205,158,152
5e390df46a144,9,92,47,300,413,347,366
5e390df46a144,2,23,66,85,200,151,134
5e390df46a144,3,36,49,164,249,213,200
5e390df46a144,6,65,36,118,216,154,180
5e390df46a144,5,52,62,154,281,216,219
5e390df46a144,2,24,65,104,215,169,150
5e390df46a144,4,4meta1,46,25518,25615,25564,25569
5e390df46a144,meta1,meta10,51,364,452,415,401
5e390df46a144,0,09,37,116,187,153,150
5e390df46a144,9,97,34,145,231,179,197
5e390df46a144,7,79,52,109,203,161,151
5e390df46a144,9,92,42,276,394,318,352
5e390df46a144,2,23,76,70,192,146,116
5e390df46a144,3,36,46,179,262,225,216
5e390df46a144,6,65,37,86,185,123,148
5e390df46a144,5,52,62,164,280,226,218
5e390df46a144,2,24,54,113,193,167,139
5e390df46a144,4,4meta1,26,30001,30087,30027,30061
5e390df46a144,meta1,meta10,60,416,512,476,452
5e390df46a144,0,09,36,115,187,151,151
5e390df46a144,9,97,36,145,234,181,198
5e390df46a144,7,79,53,109,205,162,152
5e390df46a144,9,92,43,264,362,307,319
5e390df46a144,2,23,55,105,203,160,148
5e390df46a144,3,36,43,178,260,221,217
5e390df46a144,6,65,39,119,171,158,132
5e390df46a144,5,52,13,168,246,181,233
5e390df46a144,2,24,65,104,217,169,152
5e390df46a144,4,4meta1,48,30486,30584,30534,30536
5e390df46a144,meta1,meta10,50,347,453,397,403
5e390df46a144,0,09,56,106,216,162,160
5e390df46a144,9,97,54,143,254,197,200
5e390df46a144,7,79,57,92,206,149,149
5e390df46a144,9,92,57,265,378,322,321
5e390df46a144,2,23,56,89,189,145,133
5e390df46a144,3,36,44,183,258,227,214
5e390df46a144,6,65,31,102,164,133,133
5e390df46a144,5,52,31,174,265,205,234
5e390df46a144,2,24,60,111,211,171,151
5e390df46a144,4,4space,40,579,2040,619,2000
5e390df46a144,space,spacebksp,1421,579,2070,2000,649
5e390df46a144,bksp,bkspmeta1,70,28350,28477,28420,28407
5e390df46a144,meta1,meta10,57,373,471,430,414
5e390df46a144,0,09,41,148,215,189,174
5e390df46a144,9,97,26,136,216,162,190
5e390df46a144,7,79,54,114,206,168,152
5e390df46a144,9,92,38,263,374,301,336
5e390df46a144,2,23,73,90,203,163,130
5e390df46a144,3,36,40,178,257,218,217
5e390df46a144,6,65,39,71,170,110,131
5e390df46a144,5,52,60,166,279,226,219
5e390df46a144,2,24,53,108,203,161,150
5e390df46a144,4,4meta1,42,26445,26527,26487,26485
5e390df46a144,meta1,meta10,40,344,425,384,385
5e390df46a144,0,09,41,110,207,151,166
5e390df46a144,9,97,56,164,271,220,215
5e390df46a144,7,79,51,104,217,155,166
5e390df46a144,9,92,62,300,431,362,369
5e390df46a144,2,23,69,81,201,150,132
5e390df46a144,3,36,51,212,316,263,265
5e390df46a144,6,65,53,92,210,145,157
5e390df46a144,5,52,65,128,272,193,207
5e390df46a144,2,24,79,87,231,166,152
5e390df46a144,4,4meta1,65,29932,30053,29997,29988
5e390df46a144,meta1,meta10,56,331,441,387,385
5e390df46a144,0,09,54,117,250,171,196
5e390df46a144,9,97,79,102,229,181,150
5e390df46a144,7,79,48,118,213,166,165
5e390df46a144,9,92,47,527,638,574,591
5e390df46a144,2,23,64,162,261,226,197
5e390df46a144,3,36,35,428,503,463,468
5e390df46a144,6,65,40,110,188,150,148
5e390df46a144,5,52,38,180,287,218,249
5e390df46a144,2,24,69,113,234,182,165
5e390df46a144,4,4meta1,52,-259416,-259304,-259364,-259356
5e390e2b5a066,meta1,meta10,60,2905,3091,2965,3031
5e390e2b5a066,0,06,126,1708,1940,1834,1814
5e390e2b5a066,6,62,106,509,724,615,618
5e390e2b5a066,2,25,109,859,1089,968,980
5e390e2b5a066,5,53,121,252,506,373,385
5e390e2b5a066,3,36,133,2076,2317,2209,2184
5e390e2b5a066,6,64,108,695,909,803,801
5e390e2b5a066,4,44,106,292,503,398,397
5e390e2b5a066,4,47,105,831,1040,936,935
5e390e2b5a066,7,7meta1,104,49864,50036,49968,49932
5e390e2b5a066,meta1,meta10,68,1877,2073,1945,2005
5e390e2b5a066,0,06,128,1145,1377,1273,1249
5e390e2b5a066,6,62,104,1761,1987,1865,1883
5e390e2b5a066,2,25,122,727,977,849,855
5e390e2b5a066,5,53,128,241,475,369,347
5e390e2b5a066,3,31,106,193,372,299,266
5e390e2b5a066,1,16,73,358,542,431,469
5e390e2b5a066,6,64,111,226,424,337,313
5e390e2b5a066,4,44,87,88,269,175,182
5e390e2b5a066,4,47,94,695,880,789,786
5e390e2b5a066,7,7meta1,91,49073,49205,49164,49114
5e390e2b5a066,meta1,meta10,41,632,715,673,674
5e390e2b5a066,0,06,42,776,860,818,818
5e390e2b5a066,6,62,42,522,622,564,580
5e390e2b5a066,2,25,58,661,793,719,735
5e390e2b5a066,5,53,74,275,406,349,332
5e390e2b5a066,3,31,57,293,408,350,351
5e390e2b5a066,1,16,58,493,607,551,549
5e390e2b5a066,6,64,56,326,440,382,384
5e390e2b5a066,4,44,58,121,238,179,180
5e390e2b5a066,4,47,59,479,597,538,538
5e390e2b5a066,7,7meta1,59,45925,46091,45984,46032
5e390e2b5a066,meta1,meta10,107,778,977,885,870
5e390e2b5a066,0,06,92,1291,1457,1383,1365
5e390e2b5a066,6,62,74,643,774,717,700
5e390e2b5a066,2,23,57,811,972,868,915
5e390e2b5a066,3,31,104,245,455,349,351
5e390e2b5a066,1,1bksp,106,1294,1471,1400,1365
5e390e2b5a066,bksp,bkspbksp,71,107,272,178,201
5e390e2b5a066,bksp,bkspbksp,94,88,295,182,201
5e390e2b5a066,bksp,bksp5,113,761,979,874,866
5e390e2b5a066,5,53,105,576,768,681,663
5e390e2b5a066,3,31,87,432,630,519,543
5e390e2b5a066,1,16,111,738,939,849,828
5e390e2b5a066,6,64,90,510,709,600,619
5e390e2b5a066,4,44,109,191,423,300,314
5e390e2b5a066,4,47,123,459,642,582,519
5e390e2b5a066,7,7meta1,60,47301,47443,47361,47383
5e390e2b5a066,meta1,meta10,82,1045,1249,1127,1167
5e390e2b5a066,0,06,122,328,558,450,436
5e390e2b5a066,6,62,108,473,654,581,546
5e390e2b5a066,2,25,73,478,677,551,604
5e390e2b5a066,5,53,126,1055,1288,1181,1162
5e390e2b5a066,3,36,107,1180,1393,1287,1286
5e390e2b5a066,6,64,106,526,757,632,651
5e390e2b5a066,4,44,125,174,424,299,299
5e390e2b5a066,4,47,125,493,728,618,603
5e390e2b5a066,7,7meta1,110,45292,45476,45402,45366
5e390e2b5a066,meta1,meta10,74,926,1091,1000,1017
5e390e2b5a066,0,06,91,859,1076,950,985
5e390e2b5a066,6,62,126,524,759,650,633
5e390e2b5a066,2,25,109,541,776,650,667
5e390e2b5a066,5,53,126,306,541,432,415
5e390e2b5a066,3,36,109,1027,1243,1136,1134
5e390e2b5a066,6,64,107,661,857,768,750
5e390e2b5a066,4,44,89,106,270,195,181
5e390e2b5a066,4,47,75,429,595,504,520
5e390e2b5a066,7,7meta1,91,67152,67317,67243,67226
5e390e2b5a066,meta1,meta10,74,776,974,850,900
5e390e2b5a066,0,05,124,2061,2291,2185,2167
5e390e2b5a066,5,53,106,326,541,432,435
5e390e2b5a066,3,31,109,208,406,317,297
5e390e2b5a066,1,16,89,594,791,683,702
5e390e2b5a066,6,64,108,224,457,332,349
5e390e2b5a066,4,44,125,110,306,235,181
5e390e2b5a066,4,47,71,430,607,501,536
5e390e2b5a066,7,7meta1,106,42692,42875,42798,42769
5e390e2b5a066,meta1,meta10,77,1009,1226,1086,1149
5e390e2b5a066,0,06,140,1045,1310,1185,1170
5e390e2b5a066,6,62,125,508,722,633,597
5e390e2b5a066,2,25,89,579,807,668,718
5e390e2b5a066,5,53,139,443,722,582,583
5e390e2b5a066,3,31,140,377,631,517,491
5e390e2b5a066,1,16,114,767,1023,881,909
5e390e2b5a066,6,64,142,449,782,591,640
5e390e2b5a066,4,44,191,320,637,511,446
5e390e2b5a066,4,4meta1,126,48493,48708,48619,48582
5e390e2b5a066,meta1,meta10,89,878,1108,967,1019
5e390e2b5a066,0,06,141,523,788,664,647
5e390e2b5a066,6,62,124,763,975,887,851
5e390e2b5a066,2,25,88,644,823,732,735
5e390e2b5a066,5,53,91,609,774,700,683
5e390e2b5a066,3,36,74,1292,1492,1366,1418
5e390e2b5a066,6,64,126,575,807,701,681
5e390e2b5a066,4,44,106,226,471,332,365
5e390e2b5a066,4,47,139,511,777,650,638
5e390e2b5a066,7,7meta1,127,41007,41210,41134,41083
5e390e2b5a066,meta1,meta10,76,577,793,653,717
5e390e2b5a066,0,06,140,692,955,832,815
5e390e2b5a066,6,62,123,528,774,651,651
5e390e2b5a066,2,25,123,626,876,749,753
5e390e2b5a066,5,51,127,908,1124,1035,997
5e390e2b5a066,1,16,89,1938,2138,2027,2049
5e390e2b5a066,6,64,111,213,461,324,350
5e390e2b5a066,4,44,137,95,338,232,201
5e390e2b5a066,4,4meta1,106,-305934,-305772,-305828,-305878
5e390f0800cfd,meta1,meta10,56,848,958,904,902
5e390f0800cfd,0,06,54,361,470,415,416
5e390f0800cfd,6,62,55,412,520,467,465
5e390f0800cfd,2,29,53,1592,1704,1645,1651
5e390f0800cfd,9,95,59,378,493,437,434
5e390f0800cfd,5,51,56,293,422,349,366
5e390f0800cfd,1,15,73,363,507,436,434
5e390f0800cfd,5,54,71,144,285,215,214
5e390f0800cfd,4,46,70,216,339,286,269
5e390f0800cfd,6,61,53,245,368,298,315
5e390f0800cfd,1,1meta1,70,26780,26891,26850,26821
5e390f0800cfd,meta1,meta10,41,462,573,503,532
5e390f0800cfd,0,06,70,644,789,714,719
5e390f0800cfd,6,62,75,279,421,354,346
5e390f0800cfd,2,29,67,797,920,864,853
5e390f0800cfd,9,95,56,329,440,385,384
5e390f0800cfd,5,51,55,260,389,315,334
5e390f0800cfd,1,15,74,225,371,299,297
5e390f0800cfd,5,54,72,179,322,251,250
5e390f0800cfd,4,46,71,246,387,317,316
5e390f0800cfd,6,61,70,262,406,332,336
5e390f0800cfd,1,1meta1,74,28803,28959,28877,28885
5e390f0800cfd,meta1,meta10,82,761,882,843,800
5e390f0800cfd,0,06,39,411,506,450,467
5e390f0800cfd,6,62,56,408,536,464,480
5e390f0800cfd,2,29,72,696,826,768,754
5e390f0800cfd,9,95,58,360,490,418,432
5e390f0800cfd,5,51,72,245,406,317,334
5e390f0800cfd,1,15,89,243,403,332,314
5e390f0800cfd,5,54,71,137,288,208,217
5e390f0800cfd,4,46,80,163,297,243,217
5e390f0800cfd,6,61,54,245,370,299,316
5e390f0800cfd,1,1meta1,71,25259,25378,25330,25307
5e390f0800cfd,meta1,meta10,48,461,549,509,501
5e390f0800cfd,0,06,40,605,737,645,697
5e390f0800cfd,6,62,92,326,474,418,382
5e390f0800cfd,2,29,56,2697,2806,2753,2750
5e390f0800cfd,9,95,53,463,585,516,532
5e390f0800cfd,5,51,69,212,372,281,303
5e390f0800cfd,1,15,91,227,373,318,282
5e390f0800cfd,5,54,55,127,270,182,215
5e390f0800cfd,4,46,88,161,321,249,233
5e390f0800cfd,6,61,72,214,355,286,283
5e390f0800cfd,1,1meta1,69,25043,25186,25112,25117
5e390f0800cfd,meta1,meta10,74,630,762,704,688
5e390f0800cfd,0,06,58,310,441,368,383
5e390f0800cfd,6,62,73,327,456,400,383
5e390f0800cfd,2,29,56,545,672,601,616
5e390f0800cfd,9,95,71,328,472,399,401
5e390f0800cfd,5,51,73,246,389,319,316
5e390f0800cfd,1,15,70,211,352,281,282
5e390f0800cfd,5,56,71,431,537,502,466
5e390f0800cfd,6,6bksp,35,1163,1256,1198,1221
5e390f0800cfd,bksp,bkspbksp,58,85,204,143,146
5e390f0800cfd,bksp,bksp4,61,685,858,746,797
5e390f0800cfd,4,46,112,507,701,619,589
5e390f0800cfd,6,61,82,279,431,361,349
5e390f0800cfd,1,1bksp,70,30285,30413,30355,30343
5e390f0800cfd,bksp,bkspmeta1,58,306,449,364,391
5e390f0800cfd,meta1,meta10,85,660,788,745,703
5e390f0800cfd,0,05,43,327,409,370,366
5e390f0800cfd,5,56,39,1328,1455,1367,1416
5e390f0800cfd,6,62,88,312,471,400,383
5e390f0800cfd,2,29,71,1042,1186,1113,1115
5e390f0800cfd,9,95,73,263,425,336,352
5e390f0800cfd,5,51,89,293,473,382,384
5e390f0800cfd,1,15,91,609,791,700,700
5e390f0800cfd,5,54,91,146,322,237,231
5e390f0800cfd,4,46,85,165,318,250,233
5e390f0800cfd,6,61,68,294,438,362,370
5e390f0800cfd,1,1meta1,76,28665,28800,28741,28724
5e390f0800cfd,meta1,meta10,59,492,605,551,546
5e390f0800cfd,0,06,54,407,519,461,465
5e390f0800cfd,6,62,58,329,442,387,384
5e390f0800cfd,2,29,55,912,1020,967,965
5e390f0800cfd,9,95,53,511,638,564,585
5e390f0800cfd,5,51,74,259,441,333,367
5e390f0800cfd,1,15,108,227,421,335,313
5e390f0800cfd,5,54,86,178,290,264,204
5e390f0800cfd,4,46,26,328,407,354,381
5e390f0800cfd,6,61,53,328,455,381,402
5e390f0800cfd,1,1meta1,74,27616,27747,27690,27673
5e390f0800cfd,meta1,meta10,57,468,600,525,543
5e390f0800cfd,0,06,75,379,525,454,450
5e390f0800cfd,6,62,71,381,505,452,434
5e390f0800cfd,2,29,53,615,737,668,684
5e390f0800cfd,9,95,69,431,567,500,498
5e390f0800cfd,5,51,67,332,484,399,417
5e390f0800cfd,1,15,85,297,454,382,369
5e390f0800cfd,5,54,72,146,287,218,215
5e390f0800cfd,4,46,69,170,303,239,234
5e390f0800cfd,6,61,64,310,465,374,401
5e390f0800cfd,1,1meta1,91,26412,26558,26503,26467
5e390f0800cfd,meta1,meta10,55,545,656,600,601
5e390f0800cfd,0,06,56,462,556,518,500
5e390f0800cfd,6,62,38,544,671,582,633
5e390f0800cfd,2,29,89,897,1024,986,935
5e390f0800cfd,9,95,38,307,435,345,397
5e390f0800cfd,5,51,90,228,408,318,318
5e390f0800cfd,1,15,90,278,424,368,334
5e390f0800cfd,5,54,56,151,302,207,246
5e390f0800cfd,4,46,95,230,397,325,302
5e390f0800cfd,6,61,72,246,391,318,319
5e390f0800cfd,1,1meta1,73,28279,28423,28352,28350
5e390f0800cfd,meta1,meta10,71,479,605,550,534
5e390f0800cfd,0,06,55,395,538,450,483
5e390f0800cfd,6,62,88,293,456,381,368
5e390f0800cfd,2,29,75,877,1008,952,933
5e390f0800cfd,9,95,56,281,421,337,365
5e390f0800cfd,5,51,84,231,401,315,317
5e390f0800cfd,1,15,86,260,421,346,335
5e390f0800cfd,5,54,75,144,290,219,215
5e390f0800cfd,4,46,71,310,454,381,383
5e390f0800cfd,6,61,73,273,439,346,366
5e390f0800cfd,1,1meta1,93,-125170,-124976,-125077,-125069
5e390fb4ec193,meta1,meta10,75,760,954,835,879
5e390fb4ec193,0,08,119,163,353,282,234
5e390fb4ec193,8,89,71,111,287,182,216
5e390fb4ec193,9,98,105,127,338,232,233
5e390fb4ec193,8,81,106,417,588,523,482
5e390fb4ec193,1,11,65,169,299,234,234
5e390fb4ec193,1,12,65,409,566,474,501
5e390fb4ec193,2,22,92,126,275,218,183
5e390fb4ec193,2,23,57,250,390,307,333
5e390fb4ec193,3,35,83,315,469,398,386
5e390fb4ec193,5,5meta1,71,40431,40573,40502,40502
5e390fb4ec193,meta1,meta10,71,392,589,463,518
5e390fb4ec193,0,08,126,210,439,336,313
5e390fb4ec193,8,89,103,116,353,219,250
5e390fb4ec193,9,98,134,166,370,300,236
5e390fb4ec193,8,81,70,393,576,463,506
5e390fb4ec193,1,11,113,154,359,267,246
5e390fb4ec193,1,12,92,320,524,412,432
5e390fb4ec193,2,22,112,195,379,307,267
5e390fb4ec193,2,23,72,275,434,347,362
5e390fb4ec193,3,35,87,380,540,467,453
5e390fb4ec193,5,5meta1,73,45166,45308,45239,45235
5e390fb4ec193,meta1,meta10,69,530,692,599,623
5e390fb4ec193,0,08,93,225,404,318,311
5e390fb4ec193,8,89,86,146,337,232,251
5e390fb4ec193,9,98,105,326,520,431,415
5e390fb4ec193,8,81,89,482,679,571,590
5e390fb4ec193,1,11,108,208,401,316,293
5e390fb4ec193,1,12,85,434,604,519,519
5e390fb4ec193,2,22,85,145,316,230,231
5e390fb4ec193,2,23,86,583,740,669,654
5e390fb4ec193,3,35,71,343,500,414,429
5e390fb4ec193,5,5meta1,86,39985,40158,40071,40072
5e390fb4ec193,meta1,meta10,87,361,553,448,466
5e390fb4ec193,0,08,105,205,403,310,298
5e390fb4ec193,8,89,93,102,324,195,231
5e390fb4ec193,9,98,129,205,416,334,287
5e390fb4ec193,8,81,82,579,735,661,653
5e390fb4ec193,1,11,74,176,324,250,250
5e390fb4ec193,1,12,74,362,522,436,448
5e390fb4ec193,2,22,86,129,285,215,199
5e390fb4ec193,2,23,70,272,453,342,383
5e390fb4ec193,3,35,111,382,550,493,439
5e390fb4ec193,5,5meta1,57,37316,37434,37373,37377
5e390fb4ec193,meta1,meta10,61,532,699,593,638
5e390fb4ec193,0,08,106,212,422,318,316
5e390fb4ec193,8,89,104,128,319,232,215
5e390fb4ec193,9,98,87,280,441,367,354
5e390fb4ec193,8,81,74,509,690,583,616
5e390fb4ec193,1,11,107,210,388,317,281
5e390fb4ec193,1,12,71,380,560,451,489
5e390fb4ec193,2,22,109,141,319,250,210
5e390fb4ec193,2,23,69,331,488,400,419
5e390fb4ec193,3,35,88,316,503,404,415
5e390fb4ec193,5,5meta1,99,38148,38337,38247,38238
5e390fb4ec193,meta1,meta10,90,428,622,518,532
5e390fb4ec193,0,08,104,246,404,350,300
5e390fb4ec193,8,89,54,109,255,163,201
5e390fb4ec193,9,98,92,158,340,250,248
5e390fb4ec193,8,81,90,447,624,537,534
5e390fb4ec193,1,11,87,126,290,213,203
5e390fb4ec193,1,12,77,342,493,419,416
5e390fb4ec193,2,22,74,86,259,160,185
5e390fb4ec193,2,23,99,228,378,327,279
5e390fb4ec193,3,35,51,347,501,398,450
5e390fb4ec193,5,5meta1,103,33933,34123,34036,34020
5e390fb4ec193,meta1,meta10,87,329,520,416,433
5e390fb4ec193,0,08,104,228,422,332,318
5e390fb4ec193,8,89,90,121,305,211,215
5e390fb4ec193,9,98,94,150,343,244,249
5e390fb4ec193,8,81,99,538,737,637,638
5e390fb4ec193,1,11,100,157,333,257,233
5e390fb4ec193,1,12,76,463,624,539,548
5e390fb4ec193,2,22,85,127,301,212,216
5e390fb4ec193,2,23,89,279,458,368,369
5e390fb4ec193,3,35,90,429,590,519,500
5e390fb4ec193,5,5meta1,71,35512,35672,35583,35601
5e390fb4ec193,meta1,meta10,89,446,639,535,550
5e390fb4ec193,0,08,104,228,419,332,315
5e390fb4ec193,8,89,87,146,321,233,234
5e390fb4ec193,9,98,88,411,591,499,503
5e390fb4ec193,8,81,92,409,592,501,500
5e390fb4ec193,1,11,91,142,303,233,212
5e390fb4ec193,1,12,70,433,593,503,523
5e390fb4ec193,2,22,90,141,316,231,226
5e390fb4ec193,2,23,85,386,569,471,484
5e390fb4ec193,3,35,98,432,599,530,501
5e390fb4ec193,5,5meta1,69,37065,37190,37134,37121
5e390fb4ec193,meta1,meta10,56,393,539,449,483
5e390fb4ec193,0,08,90,278,441,368,351
5e390fb4ec193,8,89,73,108,307,181,234
5e390fb4ec193,9,98,126,192,422,318,296
5e390fb4ec193,8,81,104,478,675,582,571
5e390fb4ec193,1,11,93,156,325,249,232
5e390fb4ec193,1,12,76,407,575,483,499
5e390fb4ec193,2,22,92,108,291,200,199
5e390fb4ec193,2,23,91,196,374,287,283
5e390fb4ec193,3,35,87,307,475,394,388
5e390fb4ec193,5,5meta1,81,38614,38811,38695,38730
5e390fb4ec193,meta1,meta10,116,446,651,562,535
5e390fb4ec193,0,08,89,257,439,346,350
5e390fb4ec193,8,89,93,162,329,255,236
5e390fb4ec193,9,98,74,311,475,385,401
5e390fb4ec193,8,81,90,424,605,514,515
5e390fb4ec193,1,11,91,177,323,268,232
5e390fb4ec193,1,12,55,564,722,619,667
5e390fb4ec193,2,22,103,110,320,213,217
5e390fb4ec193,2,23,107,243,439,350,332
5e390fb4ec193,3,35,89,343,474,432,385
5e390fb4ec193,5,5meta1,42,-314011,-313900,-313969,-313942
5e3910082bc81,meta1,meta10,69,562,703,631,634
5e3910082bc81,0,08,72,248,387,320,315
5e3910082bc81,8,81,67,163,319,230,252
5e3910082bc81,1,19,89,163,320,252,231
5e3910082bc81,9,90,68,148,285,216,217
5e3910082bc81,0,02,69,432,602,501,533
5e3910082bc81,2,27,101,281,455,382,354
5e3910082bc81,7,77,73,70,222,143,149
5e3910082bc81,7,73,79,990,1130,1069,1051
5e3910082bc81,3,36,61,5258,5378,5319,5317
5e3910082bc81,6,63,59,561,675,620,616
5e3910082bc81,3,3meta1,55,53615,53758,53670,53703
5e3910082bc81,meta1,meta10,88,411,587,499,499
5e3910082bc81,0,08,88,412,575,500,487
5e3910082bc81,8,81,75,204,370,279,295
5e3910082bc81,1,19,91,148,327,239,236
5e3910082bc81,9,90,88,143,318,231,230
5e3910082bc81,0,02,87,366,522,453,435
5e3910082bc81,2,27,69,479,605,548,536
5e3910082bc81,7,77,57,98,205,155,148
5e3910082bc81,7,76,50,445,568,495,518
5e3910082bc81,6,63,73,335,487,408,414
5e3910082bc81,3,3meta1,79,40316,40466,40395,40387
5e3910082bc81,meta1,meta10,71,496,657,567,586
5e3910082bc81,0,08,90,196,371,286,281
5e3910082bc81,8,89,85,374,534,459,449
5e3910082bc81,9,90,75,224,393,299,318
5e3910082bc81,0,02,94,162,359,256,265
5e3910082bc81,2,27,103,397,556,500,453
5e3910082bc81,7,77,56,88,206,144,150
5e3910082bc81,7,76,62,217,340,279,278
5e3910082bc81,6,63,61,339,499,400,438
5e3910082bc81,3,3meta1,99,46598,46752,46697,46653
5e3910082bc81,meta1,meta10,55,294,422,349,367
5e3910082bc81,0,08,73,296,438,369,365
5e3910082bc81,8,81,69,180,336,249,267
5e3910082bc81,1,19,87,113,268,200,181
5e3910082bc81,9,90,68,111,271,179,203
5e3910082bc81,0,02,92,180,357,272,265
5e3910082bc81,2,27,85,516,670,601,585
5e3910082bc81,7,77,69,72,218,141,149
5e3910082bc81,7,76,77,162,293,239,216
5e3910082bc81,6,63,54,296,406,350,352
5e3910082bc81,3,3meta1,56,40366,40471,40422,40415
5e3910082bc81,meta1,meta10,49,467,602,516,553
5e3910082bc81,0,08,86,196,337,282,251
5e3910082bc81,8,89,55,349,470,404,415
5e3910082bc81,9,92,66,370,536,436,470
5e3910082bc81,2,20,100,255,446,355,346
5e3910082bc81,0,0bksp,91,902,1072,993,981
5e3910082bc81,bksp,bkspbksp,79,87,215,166,136
5e3910082bc81,bksp,bksp9,49,549,683,598,634
5e3910082bc81,9,90,85,180,336,265,251
5e3910082bc81,0,02,71,248,388,319,317
5e3910082bc81,2,27,69,463,622,532,553
5e3910082bc81,7,77,90,52,237,142,147
5e3910082bc81,7,76,95,195,361,290,266
5e3910082bc81,6,63,71,278,422,349,351
5e3910082bc81,3,3meta1,73,46397,46526,46470,46453
5e3910082bc81,meta1,meta10,56,594,737,650,681
5e3910082bc81,0,08,87,182,337,269,250
5e3910082bc81,8,81,68,164,353,232,285
5e3910082bc81,1,19,121,147,334,268,213
5e3910082bc81,9,90,66,633,819,699,753
5e3910082bc81,0,02,120,699,902,819,782
5e3910082bc81,2,27,83,599,751,682,668
5e3910082bc81,7,77,69,87,218,156,149
5e3910082bc81,7,76,62,234,362,296,300
5e3910082bc81,6,63,66,482,617,548,551
5e3910082bc81,3,3meta1,69,29702,29854,29771,29785
5e3910082bc81,meta1,meta10,83,414,566,497,483
5e3910082bc81,0,08,69,332,469,401,400
5e3910082bc81,8,81,68,133,267,201,199
5e3910082bc81,1,19,66,533,684,599,618
5e3910082bc81,9,90,85,128,284,213,199
5e3910082bc81,0,02,71,261,458,332,387
5e3910082bc81,2,27,126,329,523,455,397
5e3910082bc81,7,77,68,56,183,124,115
5e3910082bc81,7,76,59,185,296,244,237
5e3910082bc81,6,63,52,300,413,352,361
5e3910082bc81,3,3meta1,61,-155512,-155343,-155451,-155404
5e391073413f5,meta1,meta10,108,444,660,552,552
5e391073413f5,0,08,108,676,854,784,746
5e391073413f5,8,86,70,681,838,751,768
5e391073413f5,6,65,87,429,587,516,500
5e391073413f5,5,53,71,743,905,814,834
5e391073413f5,3,35,91,477,660,568,569
5e391073413f5,5,59,92,479,655,571,563
5e391073413f5,9,99,84,309,467,393,383
5e391073413f5,9,95,74,612,778,686,704
5e391073413f5,5,53,92,359,523,451,431
5e391073413f5,3,3meta1,72,67016,67177,67088,67105
5e391073413f5,meta1,meta10,89,1542,1753,1631,1664
5e391073413f5,0,08,122,742,941,864,819
5e391073413f5,8,86,77,559,707,636,630
5e391073413f5,6,65,71,429,574,500,503
5e391073413f5,5,53,74,645,789,719,715
5e391073413f5,3,35,70,511,670,581,600
5e391073413f5,5,59,89,444,622,533,533
5e391073413f5,9,99,89,277,438,366,349
5e391073413f5,9,95,72,561,722,633,650
5e391073413f5,5,53,89,361,540,450,451
5e391073413f5,3,3meta1,90,48379,48544,48469,48454
5e391073413f5,meta1,meta10,75,382,540,457,465
5e391073413f5,0,08,83,356,517,439,434
5e391073413f5,8,86,78,751,910,829,832
5e391073413f5,6,65,81,277,431,358,350
5e391073413f5,5,53,73,580,746,653,673
5e391073413f5,3,35,93,457,641,550,548
5e391073413f5,5,59,91,483,654,574,563
5e391073413f5,9,99,80,210,381,290,301
5e391073413f5,9,95,91,559,740,650,649
5e391073413f5,5,53,90,245,423,335,333
5e391073413f5,3,3meta1,88,47397,47574,47485,47486
5e391073413f5,meta1,meta18,89,930,1107,1019,1018
5e391073413f5,8,86,88,593,752,681,664
5e391073413f5,6,65,71,229,357,300,286
5e391073413f5,5,53,57,392,523,449,466
5e391073413f5,3,35,74,344,490,418,416
5e391073413f5,5,59,72,428,592,500,520
5e391073413f5,9,99,92,208,373,300,281
5e391073413f5,9,93,73,1276,1438,1349,1365
5e391073413f5,3,3meta1,89,46997,47149,47086,47060
5e391073413f5,meta1,meta10,63,1190,1322,1253,1259
5e391073413f5,0,08,69,662,819,731,750
5e391073413f5,8,86,88,495,658,583,570
5e391073413f5,6,65,75,242,406,317,331
5e391073413f5,5,53,89,444,606,533,517
5e391073413f5,3,35,73,426,590,499,517
5e391073413f5,5,59,91,395,559,486,468
5e391073413f5,9,99,73,191,372,264,299
5e391073413f5,9,95,108,760,943,868,835
5e391073413f5,5,53,75,342,457,417,382
5e391073413f5,3,38,40,42514,42623,42554,42583
5e391073413f5,8,86,69,521,670,590,601
5e391073413f5,6,65,80,261,432,341,352
5e391073413f5,5,53,91,459,625,550,534
5e391073413f5,3,35,75,356,505,431,430
5e391073413f5,5,59,74,395,561,469,487
5e391073413f5,9,99,92,125,246,217,154
5e391073413f5,9,95,29,453,555,482,526
5e391073413f5,5,53,73,245,378,318,305
5e391073413f5,3,3meta1,60,40879,41014,40939,40954
5e391073413f5,meta1,meta10,75,326,473,401,398
5e391073413f5,0,08,72,178,320,250,248
5e391073413f5,8,86,70,463,622,533,552
5e391073413f5,6,65,89,180,339,269,250
5e391073413f5,5,53,70,329,470,399,400
5e391073413f5,3,35,71,261,404,332,333
5e391073413f5,5,59,72,311,492,383,420
5e391073413f5,9,99,109,75,274,184,165
5e391073413f5,9,95,90,393,573,483,483
5e391073413f5,5,53,90,210,371,300,281
5e391073413f5,3,3p,71,55188,55361,55259,55290
5e391073413f5,p,pmeta1,102,1161,1351,1263,1249
5e391073413f5,meta1,meta10,88,311,471,399,383
5e391073413f5,0,08,72,347,490,419,418
5e391073413f5,8,86,71,643,787,714,716
5e391073413f5,6,65,73,276,425,349,352
5e391073413f5,5,53,76,409,556,485,480
5e391073413f5,3,35,71,329,473,400,402
5e391073413f5,5,59,73,343,488,416,415
5e391073413f5,9,99,72,77,221,149,149
5e391073413f5,9,95,72,478,644,550,572
5e391073413f5,5,53,94,206,390,300,296
5e391073413f5,3,3meta1,90,38480,38627,38570,38537
5e391073413f5,meta1,meta10,57,260,407,317,350
5e391073413f5,0,08,90,244,362,334,272
5e391073413f5,8,85,28,639,724,667,696
5e391073413f5,5,56,57,792,924,849,867
5e391073413f5,6,65,75,158,304,233,229
5e391073413f5,5,53,71,464,608,535,537
5e391073413f5,3,35,73,200,355,273,282
5e391073413f5,5,59,82,360,549,442,467
5e391073413f5,9,99,107,160,338,267,231
5e391073413f5,9,95,71,429,575,500,504
5e391073413f5,5,53,75,258,404,333,329
5e391073413f5,3,3bksp,71,2696,2840,2767,2769
5e391073413f5,bksp,bkspbksp,73,71,221,144,148
5e391073413f5,bksp,bkspbksp,77,71,211,148,134
5e391073413f5,bksp,bkspbksp,63,77,195,140,132
5e391073413f5,bksp,bkspbksp,55,74,189,129,134
5e391073413f5,bksp,bkspbksp,60,53,195,113,135
5e391073413f5,bksp,bkspbksp,82,69,213,151,131
5e391073413f5,bksp,bkspbksp,62,70,194,132,132
5e391073413f5,bksp,bksp6,62,1494,1650,1556,1588
5e391073413f5,6,65,94,193,359,287,265
5e391073413f5,5,53,72,379,543,451,471
5e391073413f5,3,35,92,389,589,481,497
5e391073413f5,5,59,108,360,544,468,436
5e391073413f5,9,99,76,88,238,164,162
5e391073413f5,9,95,74,612,758,686,684
5e391073413f5,5,53,72,292,424,364,352
5e391073413f5,3,3meta1,60,42660,42796,42720,42736
5e391073413f5,meta1,meta10,76,242,407,318,331
5e391073413f5,0,08,89,197,323,286,234
5e391073413f5,8,86,37,895,989,932,952
5e391073413f5,6,65,57,211,336,268,279
5e391073413f5,5,53,68,414,557,482,489
5e391073413f5,3,35,75,291,424,366,349
5e391073413f5,5,59,58,393,539,451,481
5e391073413f5,9,99,88,76,236,164,148
5e391073413f5,9,95,72,496,641,568,569
5e391073413f5,5,53,73,245,387,318,314
5e391073413f5,3,3s,69,-464384,-464244,-464315,-464313
5e3911c5d4a5e,meta1,meta10,59,277,420,336,361
5e3911c5d4a5e,0,08,84,167,334,251,250
5e3911c5d4a5e,8,81,83,152,349,235,266
5e3911c5d4a5e,1,19,114,70,265,184,151
5e3911c5d4a5e,9,90,81,122,284,203,203
5e3911c5d4a5e,0,02,81,310,463,391,382
5e3911c5d4a5e,2,27,72,397,539,469,467
5e3911c5d4a5e,7,77,70,56,201,126,131
5e3911c5d4a5e,7,76,75,148,275,223,200
5e3911c5d4a5e,6,63,52,398,507,450,455
5e3911c5d4a5e,3,3meta1,57,31748,31856,31805,31799
5e3911c5d4a5e,meta1,meta10,51,581,702,632,651
5e3911c5d4a5e,0,08,70,582,718,652,648
5e3911c5d4a5e,8,81,66,218,399,284,333
5e3911c5d4a5e,1,19,115,124,298,239,183
5e3911c5d4a5e,9,90,59,154,293,213,234
5e3911c5d4a5e,0,02,80,125,312,205,232
5e3911c5d4a5e,2,27,107,232,410,339,303
5e3911c5d4a5e,7,77,71,56,201,127,130
5e3911c5d4a5e,7,76,74,250,390,324,316
5e3911c5d4a5e,6,63,66,265,419,331,353
5e3911c5d4a5e,3,3meta1,88,37683,37840,37771,37752
5e3911c5d4a5e,meta1,meta10,69,461,618,530,549
5e3911c5d4a5e,0,08,88,217,389,305,301
5e3911c5d4a5e,8,81,84,179,369,263,285
5e3911c5d4a5e,1,19,106,70,271,176,165
5e3911c5d4a5e,9,90,95,164,327,259,232
5e3911c5d4a5e,0,02,68,216,369,284,301
5e3911c5d4a5e,2,27,85,246,388,331,303
5e3911c5d4a5e,7,77,57,85,221,142,164
5e3911c5d4a5e,7,76,79,141,278,220,199
5e3911c5d4a5e,6,63,58,400,496,458,438
5e3911c5d4a5e,3,3meta1,38,39764,39869,39802,39831
5e3911c5d4a5e,meta1,meta10,67,367,535,434,468
5e3911c5d4a5e,0,08,101,281,449,382,348
5e3911c5d4a5e,8,81,67,184,317,251,250
5e3911c5d4a5e,1,19,66,134,250,200,184
5e3911c5d4a5e,9,90,50,125,252,175,202
5e3911c5d4a5e,0,02,77,187,361,264,284
5e3911c5d4a5e,2,27,97,313,449,410,352
5e3911c5d4a5e,7,77,39,72,168,111,129
5e3911c5d4a5e,7,76,57,175,290,232,233
5e3911c5d4a5e,6,63,58,318,429,376,371
5e3911c5d4a5e,3,3meta1,53,35948,36086,36001,36033
5e3911c5d4a5e,meta1,meta10,85,248,419,333,334
5e3911c5d4a5e,0,09,86,280,454,366,368
5e3911c5d4a5e,9,9bksp,88,544,705,632,617
5e3911c5d4a5e,bksp,bksp8,73,259,404,332,331
5e3911c5d4a5e,8,81,72,191,391,263,319
5e3911c5d4a5e,1,19,128,113,324,241,196
5e3911c5d4a5e,9,90,83,148,300,231,217
5e3911c5d4a5e,0,02,69,150,322,219,253
5e3911c5d4a5e,2,27,103,230,399,333,296
5e3911c5d4a5e,7,77,66,72,217,138,151
5e3911c5d4a5e,7,76,79,164,312,243,233
5e3911c5d4a5e,6,63,69,331,488,400,419
5e3911c5d4a5e,3,3meta1,88,35182,35357,35270,35269
5e3911c5d4a5e,meta1,meta10,87,398,553,485,466
5e3911c5d4a5e,0,08,68,264,389,332,321
5e3911c5d4a5e,8,81,57,162,333,219,276
5e3911c5d4a5e,1,19,114,103,281,217,167
5e3911c5d4a5e,9,90,64,175,334,239,270
5e3911c5d4a5e,0,02,95,276,441,371,346
5e3911c5d4a5e,2,27,70,1129,1242,1199,1172
5e3911c5d4a5e,7,77,43,112,206,155,163
5e3911c5d4a5e,7,76,51,182,285,233,234
5e3911c5d4a5e,6,63,52,275,385,327,333
5e3911c5d4a5e,3,3meta1,58,37804,37928,37862,37870
5e3911c5d4a5e,meta1,meta10,66,563,734,629,668
5e3911c5d4a5e,0,08,105,214,403,319,298
5e3911c5d4a5e,8,81,84,108,305,192,221
5e3911c5d4a5e,1,19,113,87,273,200,160
5e3911c5d4a5e,9,90,73,180,323,253,250
5e3911c5d4a5e,0,02,70,866,1039,936,969
5e3911c5d4a5e,2,27,103,216,370,319,267
5e3911c5d4a5e,7,77,51,71,202,122,151
5e3911c5d4a5e,7,76,80,157,295,237,215
5e3911c5d4a5e,6,63,58,328,457,386,399
5e3911c5d4a5e,3,3meta1,71,35685,35825,35756,35754
5e3911c5d4a5e,meta1,meta10,69,598,735,667,666
5e3911c5d4a5e,0,08,68,284,420,352,352
5e3911c5d4a5e,8,81,68,182,333,250,265
5e3911c5d4a5e,1,19,83,130,300,213,217
5e3911c5d4a5e,9,90,87,130,321,217,234
5e3911c5d4a5e,0,02,104,147,337,251,233
5e3911c5d4a5e,2,27,86,282,421,368,335
5e3911c5d4a5e,7,77,53,72,199,125,146
5e3911c5d4a5e,7,76,74,265,395,339,321
5e3911c5d4a5e,6,63,56,312,425,368,369
5e3911c5d4a5e,3,3meta1,57,40233,40343,40290,40286
5e3911c5d4a5e,meta1,meta10,53,293,417,346,364
5e3911c5d4a5e,0,08,71,313,438,384,367
5e3911c5d4a5e,8,81,54,127,285,181,231
5e3911c5d4a5e,1,19,104,41,205,145,101
5e3911c5d4a5e,9,90,60,144,276,204,216
5e3911c5d4a5e,0,02,72,167,305,239,233
5e3911c5d4a5e,2,27,66,198,331,264,265
5e3911c5d4a5e,7,77,67,78,203,145,136
5e3911c5d4a5e,7,76,58,145,249,203,191
5e3911c5d4a5e,6,63,46,341,423,387,377
5e3911c5d4a5e,3,3meta1,36,34511,34636,34547,34600
5e3911c5d4a5e,meta1,meta10,89,332,490,421,401
5e3911c5d4a5e,0,08,69,345,469,414,400
5e3911c5d4a5e,8,81,55,345,489,400,434
5e3911c5d4a5e,1,19,89,180,320,269,231
5e3911c5d4a5e,9,90,51,148,283,199,232
5e3911c5d4a5e,0,02,84,287,422,371,338
5e3911c5d4a5e,2,27,51,297,403,348,352
5e3911c5d4a5e,7,77,55,68,201,123,146
5e3911c5d4a5e,7,76,78,295,442,373,364
5e3911c5d4a5e,6,63,69,334,442,403,373
5e3911c5d4a5e,3,3meta1,39,-217959,-217857,-217920,-217896
5e39124ae3571,meta1,meta10,63,516,671,579,608
5e39124ae3571,0,08,92,372,560,464,468
5e39124ae3571,8,86,96,655,839,751,743
5e39124ae3571,6,64,88,730,889,818,801
5e39124ae3571,4,41,71,55,219,126,148
5e39124ae3571,1,13,93,81,260,174,167
5e39124ae3571,3,39,86,663,840,749,754
5e39124ae3571,9,94,91,1110,1288,1201,1197
5e39124ae3571,4,41,87,38,185,125,98
5e39124ae3571,1,15,60,38,181,98,121
5e39124ae3571,5,55,83,792,949,875,866
5e39124ae3571,5,5meta1,74,44417,44548,44491,44474
5e39124ae3571,meta1,meta10,57,433,568,490,511
5e39124ae3571,0,08,78,322,479,400,401
5e39124ae3571,8,86,79,184,309,263,230
5e39124ae3571,6,64,46,749,831,795,785
5e39124ae3571,4,41,36,37,150,73,114
5e39124ae3571,1,13,77,71,260,148,183
5e39124ae3571,3,31,112,873,1099,985,987
5e39124ae3571,1,11,114,707,880,821,766
5e39124ae3571,1,13,59,577,706,636,647
5e39124ae3571,3,39,70,567,728,637,658
5e39124ae3571,9,94,91,758,940,849,849
5e39124ae3571,4,41,91,123,325,214,234
5e39124ae3571,1,15,111,172,374,283,263
5e39124ae3571,5,5meta1,91,33425,33591,33516,33500
5e39124ae3571,meta1,meta10,75,446,646,521,571
5e39124ae3571,0,08,125,307,544,432,419
5e39124ae3571,8,86,112,356,542,468,430
5e39124ae3571,6,64,74,427,574,501,500
5e39124ae3571,4,41,73,54,188,127,115
5e39124ae3571,1,14,61,88,264,149,203
5e39124ae3571,4,4bksp,115,833,1052,948,937
5e39124ae3571,bksp,bksp3,104,10,164,114,60
5e39124ae3571,3,38,50,579,700,629,650
5e39124ae3571,8,84,71,629,772,700,701
5e39124ae3571,4,41,72,52,204,124,132
5e39124ae3571,1,15,80,40,213,120,133
5e39124ae3571,5,5bksp,93,1495,1681,1588,1588
5e39124ae3571,bksp,bkspbksp,93,84,257,177,164
5e39124ae3571,bksp,bkspbksp,80,75,212,155,132
5e39124ae3571,bksp,bkspbksp,57,160,272,217,215
5e39124ae3571,bksp,bksp9,55,715,858,770,803
5e39124ae3571,9,94,88,775,955,863,867
5e39124ae3571,4,41,92,75,223,167,131
5e39124ae3571,1,15,56,55,192,111,136
5e39124ae3571,5,5meta1,81,44894,45033,44975,44952
5e39124ae3571,meta1,meta10,58,427,558,485,500
5e39124ae3571,0,08,73,277,424,350,351
5e39124ae3571,8,86,74,277,422,351,348
5e39124ae3571,6,64,71,646,773,717,702
5e39124ae3571,4,41,56,86,219,142,163
5e39124ae3571,1,13,77,145,366,222,289
5e39124ae3571,3,39,144,606,877,750,733
5e39124ae3571,9,94,127,526,740,653,613
5e39124ae3571,4,41,87,78,272,165,185
5e39124ae3571,1,15,107,51,273,158,166
5e39124ae3571,5,5meta1,115,32010,32181,32125,32066
5e39124ae3571,meta1,meta10,56,398,595,454,539
5e39124ae3571,0,08,141,259,485,400,344
5e39124ae3571,8,86,85,229,368,314,283
5e39124ae3571,6,64,54,664,789,718,735
5e39124ae3571,4,41,71,56,189,127,118
5e39124ae3571,1,13,62,162,315,224,253
5e39124ae3571,3,39,91,558,740,649,649
5e39124ae3571,9,94,91,659,821,750,730
5e39124ae3571,4,41,71,79,190,150,119
5e39124ae3571,1,15,40,121,238,161,198
5e39124ae3571,5,5meta1,77,42914,43063,42991,42986
5e39124ae3571,meta1,meta10,72,446,607,518,535
5e39124ae3571,0,08,89,275,454,364,365
5e39124ae3571,8,86,90,160,324,250,234
5e39124ae3571,6,64,74,262,423,336,349
5e39124ae3571,4,41,87,20,186,107,99
5e39124ae3571,1,13,79,112,280,191,201
5e39124ae3571,3,39,89,544,740,633,651
5e39124ae3571,9,94,107,511,709,618,602
5e39124ae3571,4,41,91,21,222,112,131
5e39124ae3571,1,15,110,69,242,179,132
5e39124ae3571,5,5meta1,63,51239,51365,51302,51302
5e39124ae3571,meta1,meta10,63,369,531,432,468
5e39124ae3571,0,08,99,224,382,323,283
5e39124ae3571,8,86,59,214,343,273,284
5e39124ae3571,6,64,70,680,808,750,738
5e39124ae3571,4,41,58,142,271,200,213
5e39124ae3571,1,13,71,211,356,282,285
5e39124ae3571,3,39,74,657,837,731,763
5e39124ae3571,9,94,106,1030,1230,1136,1124
5e39124ae3571,4,41,94,173,339,267,245
5e39124ae3571,1,15,72,234,369,306,297
5e39124ae3571,5,5meta1,63,44467,44601,44530,44538
5e39124ae3571,meta1,meta10,71,546,720,617,649
5e39124ae3571,0,08,103,200,370,303,267
5e39124ae3571,8,86,67,212,352,279,285
5e39124ae3571,6,64,73,645,775,718,702
5e39124ae3571,4,41,57,91,239,148,182
5e39124ae3571,1,13,91,111,290,202,199
5e39124ae3571,3,39,88,630,810,718,722
5e39124ae3571,9,94,92,949,1133,1041,1041
5e39124ae3571,4,41,92,119,275,211,183
5e39124ae3571,1,15,64,36,166,100,102
5e39124ae3571,5,5meta1,66,36469,36600,36535,36534
5e39124ae3571,meta1,meta10,65,374,517,439,452
5e39124ae3571,0,08,78,248,396,326,318
5e39124ae3571,8,86,70,180,320,250,250
5e39124ae3571,6,64,70,562,740,632,670
5e39124ae3571,4,41,108,92,272,200,164
5e39124ae3571,1,13,72,128,272,200,200
5e39124ae3571,3,39,72,696,855,768,783
5e39124ae3571,9,94,87,812,990,899,903
5e39124ae3571,4,41,91,108,225,199,134
5e39124ae3571,1,15,26,276,372,302,346
5e39124ae3571,5,5meta1,70,37813,37938,37883,37868
5e39124ae3571,meta1,meta10,55,626,788,681,733
5e39124ae3571,0,08,107,316,496,423,389
5e39124ae3571,8,86,73,509,653,582,580
5e39124ae3571,6,64,71,529,709,600,638
5e39124ae3571,4,41,109,241,420,350,311
5e39124ae3571,1,13,70,263,405,333,335
5e39124ae3571,3,39,72,1358,1522,1430,1450
5e39124ae3571,9,94,92,845,1024,937,932
5e39124ae3571,4,4-,87,81,222,168,135
5e39124ae3571,-,-5,54,88,219,142,165
5e39124ae3571,5,5bksp,77,1295,1476,1372,1399
5e39124ae3571,bksp,bksp1,104,527,707,631,603
5e39124ae3571,1,15,76,793,926,869,850
5e39124ae3571,5,5meta1,57,-318880,-318763,-318823,-318820
5e3912b6596a4,meta1,meta10,60,389,504,449,444
5e3912b6596a4,0,08,55,511,655,566,600
5e3912b6596a4,8,84,89,209,387,298,298
5e3912b6596a4,4,41,89,193,376,282,287
5e3912b6596a4,1,12,94,174,377,268,283
5e3912b6596a4,2,23,109,223,405,332,296
5e3912b6596a4,3,38,73,296,426,369,353
5e3912b6596a4,8,82,57,297,438,354,381
5e3912b6596a4,2,21,84,230,387,314,303
5e3912b6596a4,1,11,73,175,320,248,247
5e3912b6596a4,1,1meta1,72,33013,33143,33085,33071
5e3912b6596a4,meta1,meta10,58,377,505,435,447
5e3912b6596a4,0,08,70,249,405,319,335
5e3912b6596a4,8,84,86,363,521,449,435
5e3912b6596a4,4,41,72,189,353,261,281
5e3912b6596a4,1,12,92,130,310,222,218
5e3912b6596a4,2,23,88,105,269,193,181
5e3912b6596a4,3,38,76,347,511,423,435
5e3912b6596a4,8,82,88,88,270,176,182
5e3912b6596a4,2,21,94,312,466,406,372
5e3912b6596a4,1,11,60,82,222,142,162
5e3912b6596a4,1,1meta1,80,30676,30848,30756,30768
5e3912b6596a4,meta1,meta10,92,293,476,385,384
5e3912b6596a4,0,08,91,665,823,756,732
5e3912b6596a4,8,84,67,333,484,400,417
5e3912b6596a4,4,41,84,161,337,245,253
5e3912b6596a4,1,12,92,144,323,236,231
5e3912b6596a4,2,23,87,129,287,216,200
5e3912b6596a4,3,38,71,348,472,419,401
5e3912b6596a4,8,82,53,105,218,158,165
5e3912b6596a4,2,21,60,127,263,187,203
5e3912b6596a4,1,11,76,86,223,162,147
5e3912b6596a4,1,1meta1,61,34754,34899,34815,34838
5e3912b6596a4,meta1,meta10,84,309,487,393,403
5e3912b6596a4,0,08,94,225,424,319,330
5e3912b6596a4,8,84,105,264,454,369,349
5e3912b6596a4,4,41,85,177,352,262,267
5e3912b6596a4,1,12,90,442,640,532,550
5e3912b6596a4,2,23,108,128,323,236,215
5e3912b6596a4,3,38,87,214,356,301,269
5e3912b6596a4,8,82,55,211,336,266,281
5e3912b6596a4,2,21,70,211,337,281,267
5e3912b6596a4,1,11,56,111,239,167,183
5e3912b6596a4,1,1meta1,72,30083,30214,30155,30142
5e3912b6596a4,meta1,meta10,59,354,502,413,443
5e3912b6596a4,0,08,89,248,426,337,337
5e3912b6596a4,8,84,89,209,385,298,296
5e3912b6596a4,4,41,87,198,369,285,282
5e3912b6596a4,1,12,84,181,369,265,285
5e3912b6596a4,2,23,104,147,306,251,202
5e3912b6596a4,3,38,55,138,269,193,214
5e3912b6596a4,8,82,76,112,280,188,204
5e3912b6596a4,2,21,92,158,343,250,251
5e3912b6596a4,1,11,93,108,272,201,179
5e3912b6596a4,1,1meta1,71,24491,24639,24562,24568
5e3912b6596a4,meta1,meta10,77,361,512,438,435
5e3912b6596a4,0,08,74,246,388,320,314
5e3912b6596a4,8,84,68,230,385,298,317
5e3912b6596a4,4,41,87,180,388,267,301
5e3912b6596a4,1,12,121,162,387,283,266
5e3912b6596a4,2,23,104,113,289,217,185
5e3912b6596a4,3,38,72,177,304,249,232
5e3912b6596a4,8,82,55,162,322,217,267
5e3912b6596a4,2,21,105,143,338,248,233
5e3912b6596a4,1,11,90,110,274,200,184
5e3912b6596a4,1,1meta1,74,28586,28741,28660,28667
5e3912b6596a4,meta1,meta10,81,279,451,360,370
5e3912b6596a4,0,08,91,259,438,350,347
5e3912b6596a4,8,84,88,212,388,300,300
5e3912b6596a4,4,41,88,214,405,302,317
5e3912b6596a4,1,12,103,227,402,330,299
5e3912b6596a4,2,23,72,114,272,186,200
5e3912b6596a4,3,38,86,178,336,264,250
5e3912b6596a4,8,82,72,127,306,199,234
5e3912b6596a4,2,21,107,143,341,250,234
5e3912b6596a4,1,11,91,111,291,202,200
5e3912b6596a4,1,1meta1,89,31311,31489,31400,31400
5e3912b6596a4,meta1,meta10,89,297,442,386,353
5e3912b6596a4,0,08,56,226,372,282,316
5e3912b6596a4,8,84,90,178,374,268,284
5e3912b6596a4,4,41,106,193,404,299,298
5e3912b6596a4,1,12,105,178,371,283,266
5e3912b6596a4,2,23,88,128,287,216,199
5e3912b6596a4,3,38,71,162,291,233,220
5e3912b6596a4,8,82,58,104,258,162,200
5e3912b6596a4,2,21,96,142,328,238,232
5e3912b6596a4,1,11,90,88,257,178,167
5e3912b6596a4,1,1meta1,79,32585,32763,32664,32684
5e3912b6596a4,meta1,meta10,99,279,450,378,351
5e3912b6596a4,0,08,72,227,387,299,315
5e3912b6596a4,8,84,88,196,372,284,284
5e3912b6596a4,4,41,88,179,372,267,284
5e3912b6596a4,1,12,105,145,356,250,251
5e3912b6596a4,2,23,106,129,321,235,215
5e3912b6596a4,3,38,86,112,269,198,183
5e3912b6596a4,8,82,71,145,290,216,219
5e3912b6596a4,2,21,74,160,304,234,230
5e3912b6596a4,1,11,70,91,223,161,153
5e3912b6596a4,1,1meta1,62,26262,26414,26324,26352
5e3912b6596a4,meta1,meta10,90,279,459,369,369
5e3912b6596a4,0,08,90,209,387,299,297
5e3912b6596a4,8,84,88,176,353,264,265
5e3912b6596a4,4,42,89,246,425,335,336
5e3912b6596a4,2,22,90,275,456,365,366
5e3912b6596a4,2,2bksp,91,1109,1275,1200,1184
5e3912b6596a4,bksp,bkspbksp,75,84,239,159,164
5e3912b6596a4,bksp,bksp1,80,211,381,291,301
5e3912b6596a4,1,12,90,259,441,349,351
5e3912b6596a4,2,23,92,141,340,233,248
5e3912b6596a4,3,38,107,257,441,364,334
5e3912b6596a4,8,82,77,85,276,162,199
5e3912b6596a4,2,21,114,137,348,251,234
5e3912b6596a4,1,11,97,103,283,200,186
5e3912b6596a4,1,1meta1,83,-298985,-298844,-298902,-298927
5e3913730ec46,t,th,71,179,274,250,203
5e3913730ec46,h,ha,24,137,235,161,211
5e3913730ec46,a,an,74,129,275,203,201
5e3913730ec46,n,na,72,54,205,126,133
5e3913730ec46,a,aw,79,228,361,307,282
5e3913730ec46,w,wa,54,147,291,201,237
5e3913730ec46,a,at,90,86,254,176,164
5e3913730ec46,t,tspace,78,196,345,274,267
5e3913730ec46,space,spacey,71,648,776,719,705
5e3913730ec46,y,yt,57,1442,1537,1499,1480
5e3913730ec46,t,th,38,344,420,382,382
5e3913730ec46,h,hn,38,271,389,309,351
5e3913730ec46,n,na,80,71,228,151,148
5e3913730ec46,a,ap,77,182,344,259,267
5e3913730ec46,p,po,85,173,335,258,250
5e3913730ec46,o,on,77,181,346,258,269
5e3913730ec46,n,np,88,177,341,265,253
5e3913730ec46,p,pi,76,375,556,451,480
5e3913730ec46,i,ib,105,531,721,636,616
5e3913730ec46,b,bo,85,290,436,375,351
5e3913730ec46,o,on,61,227,342,288,281
5e3913730ec46,n,nbksp,54,2619,2792,2673,2738
5e3913730ec46,bksp,bkspbksp,119,244,465,363,346
5e3913730ec46,bksp,bkspbksp,102,198,403,300,301
5e3913730ec46,bksp,bkspa,103,1181,1371,1284,1268
5e3913730ec46,a,ai,87,326,503,413,416
5e3913730ec46,i,ib,90,409,605,499,515
5e3913730ec46,b,bo,106,94,289,200,183
5e3913730ec46,o,oo,89,75,259,164,170
5e3913730ec46,o,on,95,229,360,324,265
5e3913730ec46,n,nmeta1,36,99480,99582,99516,99546
5e3913730ec46,meta1,meta10,66,497,633,563,567
5e3913730ec46,0,08,70,379,573,449,503
5e3913730ec46,8,88,124,93,320,217,196
5e3913730ec46,8,88,103,547,724,650,621
5e3913730ec46,8,87,74,141,301,215,227
5e3913730ec46,7,73,86,986,1156,1072,1070
5e3913730ec46,3,35,84,315,467,399,383
5e3913730ec46,5,55,68,132,283,200,215
5e3913730ec46,5,59,83,150,318,233,235
5e3913730ec46,9,90,85,87,285,172,200
5e3913730ec46,0,0meta1,113,40617,40816,40730,40703
5e3913730ec46,meta1,meta10,86,445,618,531,532
5e3913730ec46,0,08,87,495,686,582,599
5e3913730ec46,8,88,104,200,372,304,268
5e3913730ec46,8,88,68,813,953,881,885
5e3913730ec46,8,87,72,193,336,265,264
5e3913730ec46,7,73,71,415,559,486,488
5e3913730ec46,3,35,73,217,371,290,298
5e3913730ec46,5,55,81,103,263,184,182
5e3913730ec46,5,59,79,347,480,426,401
5e3913730ec46,9,90,54,163,285,217,231
5e3913730ec46,0,0meta1,68,37237,37389,37305,37321
5e3913730ec46,meta1,meta10,84,514,701,598,617
5e3913730ec46,0,08,103,312,520,415,417
5e3913730ec46,8,88,105,129,303,234,198
5e3913730ec46,8,88,69,649,786,718,717
5e3913730ec46,8,87,68,350,486,418,418
5e3913730ec46,7,73,68,296,452,364,384
5e3913730ec46,3,35,88,194,352,282,264
5e3913730ec46,5,55,70,116,237,186,167
5e3913730ec46,5,59,51,232,350,283,299
5e3913730ec46,9,90,67,110,269,177,202
5e3913730ec46,0,0meta1,92,57615,57777,57707,57685
5e3913730ec46,meta1,meta10,70,334,487,404,417
5e3913730ec46,0,08,83,349,552,432,469
5e3913730ec46,8,88,120,160,387,280,267
5e3913730ec46,8,88,107,256,454,363,347
5e3913730ec46,8,87,91,166,324,257,233
5e3913730ec46,7,73,67,278,453,345,386
5e3913730ec46,3,35,108,247,423,355,315
5e3913730ec46,5,55,68,131,268,199,200
5e3913730ec46,5,59,69,263,390,332,321
5e3913730ec46,9,90,58,110,236,168,178
5e3913730ec46,0,0meta1,68,44467,44593,44535,44525
5e3913730ec46,meta1,meta10,58,391,541,449,483
5e3913730ec46,0,08,92,344,540,436,448
5e3913730ec46,8,88,104,239,434,343,330
5e3913730ec46,8,88,91,316,494,407,403
5e3913730ec46,8,87,87,163,334,250,247
5e3913730ec46,7,73,84,366,556,450,472
5e3913730ec46,3,35,106,258,421,364,315
5e3913730ec46,5,55,57,142,255,199,198
5e3913730ec46,5,59,56,301,438,357,382
5e3913730ec46,9,90,81,102,249,183,168
5e3913730ec46,0,0meta1,66,29383,29537,29449,29471
5e3913730ec46,meta1,meta10,88,281,470,369,382
5e3913730ec46,0,08,101,217,400,318,299
5e3913730ec46,8,88,82,129,280,211,198
5e3913730ec46,8,88,69,268,389,337,320
5e3913730ec46,8,87,52,143,286,195,234
5e3913730ec46,7,73,91,314,490,405,399
5e3913730ec46,3,35,85,198,366,283,281
5e3913730ec46,5,55,83,76,251,159,168
5e3913730ec46,5,59,92,180,342,272,250
5e3913730ec46,9,90,70,129,252,199,182
5e3913730ec46,0,0meta1,53,45041,45159,45094,45106
5e3913730ec46,meta1,meta10,65,512,646,577,581
5e3913730ec46,0,08,69,280,455,349,386
5e3913730ec46,8,88,106,111,303,217,197
5e3913730ec46,8,88,86,246,388,332,302
5e3913730ec46,8,87,56,164,286,220,230
5e3913730ec46,7,73,66,183,336,249,270
5e3913730ec46,3,35,87,195,370,282,283
5e3913730ec46,5,55,88,73,252,161,164
5e3913730ec46,5,59,91,235,428,326,337
5e3913730ec46,9,90,102,72,285,174,183
5e3913730ec46,0,0meta1,111,29350,29514,29461,29403
5e3913730ec46,meta1,meta10,53,331,488,384,435
5e3913730ec46,0,08,104,327,487,431,383
5e3913730ec46,8,88,56,126,250,182,194
5e3913730ec46,8,88,68,107,268,175,200
5e3913730ec46,8,87,93,138,311,231,218
5e3913730ec46,7,73,80,515,682,595,602
5e3913730ec46,3,35,87,249,388,336,301
5e3913730ec46,5,55,52,88,215,140,163
5e3913730ec46,5,59,75,199,342,274,267
5e3913730ec46,9,90,68,75,235,143,167
5e3913730ec46,0,0p,92,33885,34061,33977,33969
5e3913730ec46,p,pmeta1,84,715,869,799,785
5e3913730ec46,meta1,meta10,70,448,585,518,515
5e3913730ec46,0,08,67,283,451,350,384
5e3913730ec46,8,8bksp,101,649,835,750,734
5e3913730ec46,bksp,bkspbksp,85,114,302,199,217
5e3913730ec46,bksp,bkspbksp,103,129,321,232,218
5e3913730ec46,bksp,bkspbksp,89,111,287,200,198
5e3913730ec46,bksp,bksp0,87,332,504,419,417
5e3913730ec46,0,08,85,235,418,320,333
5e3913730ec46,8,88,98,123,297,221,199
5e3913730ec46,8,88,76,96,259,172,183
5e3913730ec46,8,87,87,664,783,751,696
5e3913730ec46,7,73,32,536,624,568,592
5e3913730ec46,3,35,56,257,385,313,329
5e3913730ec46,5,55,72,92,239,164,167
5e3913730ec46,5,59,75,229,391,304,316
5e3913730ec46,9,90,87,72,256,159,169
5e3913730ec46,0,0meta1,97,-261350,-261195,-261253,-261292
5e391455ce77f,meta1,meta10,100,309,504,409,404
5e391455ce77f,0,09,95,176,343,271,248
5e391455ce77f,9,90,72,177,321,249,249
5e391455ce77f,0,09,72,142,306,214,234
5e391455ce77f,9,94,92,767,908,859,816
5e391455ce77f,4,4bksp,49,1344,1503,1393,1454
5e391455ce77f,bksp,bkspbksp,110,143,338,253,228
5e391455ce77f,bksp,bksp7,85,980,1137,1065,1052
5e391455ce77f,7,73,72,796,957,868,885
5e391455ce77f,3,34,89,144,320,233,231
5e391455ce77f,4,41,87,147,338,234,251
5e391455ce77f,1,13,104,146,319,250,215
5e391455ce77f,3,36,69,682,809,751,740
5e391455ce77f,6,6meta1,58,43225,43343,43283,43285
5e391455ce77f,meta1,meta10,60,344,490,404,430
5e391455ce77f,0,09,86,228,402,314,316
5e391455ce77f,9,90,88,143,321,231,233
5e391455ce77f,0,09,90,165,340,255,250
5e391455ce77f,9,97,85,429,588,514,503
5e391455ce77f,7,73,74,311,474,385,400
5e391455ce77f,3,34,89,162,320,251,231
5e391455ce77f,4,41,69,130,302,199,233
5e391455ce77f,1,13,103,125,305,228,202
5e391455ce77f,3,36,77,473,626,550,549
5e391455ce77f,6,6meta1,76,36033,36179,36109,36103
5e391455ce77f,meta1,meta10,70,491,636,561,566
5e391455ce77f,0,09,75,180,357,255,282
5e391455ce77f,9,90,102,129,335,231,233
5e391455ce77f,0,09,104,146,337,250,233
5e391455ce77f,9,97,87,245,422,332,335
5e391455ce77f,7,73,90,411,591,501,501
5e391455ce77f,3,34,90,199,353,289,263
5e391455ce77f,4,41,64,126,283,190,219
5e391455ce77f,1,13,93,147,308,240,215
5e391455ce77f,3,36,68,412,536,480,468
5e391455ce77f,6,6meta1,56,38583,38727,38639,38671
5e391455ce77f,meta1,meta10,88,212,388,300,300
5e391455ce77f,0,09,88,175,353,263,265
5e391455ce77f,9,90,90,148,324,238,234
5e391455ce77f,0,09,86,161,318,247,232
5e391455ce77f,9,97,71,644,790,715,719
5e391455ce77f,7,73,75,211,390,286,315
5e391455ce77f,3,34,104,178,336,282,232
5e391455ce77f,4,41,54,147,289,201,235
5e391455ce77f,1,13,88,129,286,217,198
5e391455ce77f,3,36,69,245,404,314,335
5e391455ce77f,6,6meta1,90,54050,54244,54140,54154
5e391455ce77f,meta1,meta10,104,426,605,530,501
5e391455ce77f,0,09,75,189,358,264,283
5e391455ce77f,9,90,94,142,328,236,234
5e391455ce77f,0,09,92,157,340,249,248
5e391455ce77f,9,97,91,310,493,401,402
5e391455ce77f,7,73,92,345,527,437,435
5e391455ce77f,3,34,90,159,335,249,245
5e391455ce77f,4,41,86,147,322,233,236
5e391455ce77f,1,13,89,142,306,231,217
5e391455ce77f,3,36,75,344,492,419,417
5e391455ce77f,6,6meta1,73,37817,37960,37890,37887
5e391455ce77f,meta1,meta10,70,345,500,415,430
5e391455ce77f,0,09,85,179,336,264,251
5e391455ce77f,9,90,72,163,321,235,249
5e391455ce77f,0,09,86,146,336,232,250
5e391455ce77f,9,97,104,315,507,419,403
5e391455ce77f,7,73,88,276,453,364,365
5e391455ce77f,3,34,89,161,320,250,231
5e391455ce77f,4,41,70,130,291,200,221
5e391455ce77f,1,13,91,120,289,211,198
5e391455ce77f,3,36,78,391,562,469,484
5e391455ce77f,6,6meta1,93,37634,37845,37727,37752
5e391455ce77f,meta1,meta10,118,232,435,350,317
5e391455ce77f,0,09,85,199,365,284,280
5e391455ce77f,9,90,81,137,316,218,235
5e391455ce77f,0,09,98,123,316,221,218
5e391455ce77f,9,97,95,244,434,339,339
5e391455ce77f,7,73,95,284,475,379,380
5e391455ce77f,3,34,96,125,294,221,198
5e391455ce77f,4,41,73,95,257,168,184
5e391455ce77f,1,13,89,111,271,200,182
5e391455ce77f,3,36,71,429,589,500,518
5e391455ce77f,6,6meta1,89,38295,38490,38384,38401
5e391455ce77f,meta1,meta10,106,298,493,404,387
5e391455ce77f,0,09,89,243,418,332,329
5e391455ce77f,9,90,86,164,338,250,252
5e391455ce77f,0,09,88,161,338,249,250
5e391455ce77f,9,97,89,395,538,484,449
5e391455ce77f,7,73,54,463,605,517,551
5e391455ce77f,3,34,88,230,403,318,315
5e391455ce77f,4,41,85,164,337,249,252
5e391455ce77f,1,13,88,126,286,214,198
5e391455ce77f,3,36,72,361,509,433,437
5e391455ce77f,6,6meta1,76,36212,36391,36288,36315
5e391455ce77f,meta1,meta10,103,337,522,440,419
5e391455ce77f,0,09,82,198,379,280,297
5e391455ce77f,9,90,99,143,335,242,236
5e391455ce77f,0,09,93,163,342,256,249
5e391455ce77f,9,97,86,295,485,381,399
5e391455ce77f,7,73,104,347,523,451,419
5e391455ce77f,3,34,72,178,337,250,265
5e391455ce77f,4,41,87,164,337,251,250
5e391455ce77f,1,13,86,125,285,211,199
5e391455ce77f,3,36,74,414,560,488,486
5e391455ce77f,6,6meta1,72,30579,30774,30651,30702
5e391455ce77f,meta1,meta10,123,263,474,386,351
5e391455ce77f,0,09,88,176,352,264,264
5e391455ce77f,9,90,88,147,338,235,250
5e391455ce77f,0,09,103,147,336,250,233
5e391455ce77f,9,97,86,266,453,352,367
5e391455ce77f,7,73,101,281,485,382,384
5e391455ce77f,3,34,103,214,386,317,283
5e391455ce77f,4,41,69,180,336,249,267
5e391455ce77f,1,13,87,177,337,264,250
5e391455ce77f,3,36,73,345,507,418,434
5e391455ce77f,6,6meta1,89,-253064,-252917,-252975,-253006
5e39158464625,meta1,meta10,49,390,535,439,486
5e39158464625,0,06,96,3626,3782,3722,3686
5e39158464625,6,64,60,514,626,574,566
5e39158464625,4,48,52,198,349,250,297
5e39158464625,8,87,99,182,347,281,248
5e39158464625,7,76,66,315,418,381,352
5e39158464625,6,65,37,413,538,450,501
5e39158464625,5,52,88,163,320,251,232
5e39158464625,2,22,69,116,221,185,152
5e39158464625,2,22,36,497,601,533,565
5e39158464625,2,2meta1,68,54275,54406,54343,54338
5e39158464625,meta1,meta10,63,413,562,476,499
5e39158464625,0,06,86,647,822,733,736
5e39158464625,6,64,89,611,772,700,683
5e39158464625,4,48,72,413,554,485,482
5e39158464625,8,87,69,613,752,682,683
5e39158464625,7,76,70,261,371,331,301
5e39158464625,6,65,40,331,427,371,387
5e39158464625,5,52,56,193,316,249,260
5e39158464625,2,22,67,103,265,170,198
5e39158464625,2,22,95,86,280,181,185
5e39158464625,2,2meta1,99,37716,37867,37815,37768
5e39158464625,meta1,meta10,52,684,808,736,756
5e39158464625,0,06,72,546,688,618,616
5e39158464625,6,64,70,881,1017,951,947
5e39158464625,4,48,66,683,834,749,768
5e39158464625,8,87,85,278,452,363,367
5e39158464625,7,76,89,393,557,482,468
5e39158464625,6,65,75,344,475,419,400
5e39158464625,5,52,56,212,337,268,281
5e39158464625,2,22,69,130,268,199,199
5e39158464625,2,22,69,72,235,141,166
5e39158464625,2,2n,94,48285,48419,48379,48325
5e39158464625,n,nu,40,160,236,200,196
5e39158464625,u,ut,36,89,217,125,181
5e39158464625,t,tt,92,433,563,525,471
5e39158464625,t,th,38,149,254,187,216
5e39158464625,h,hp,67,237,397,304,330
5e39158464625,p,pu,93,247,412,340,319
5e39158464625,u,uo,72,147,258,219,186
5e39158464625,o,on,39,178,270,217,231
5e39158464625,n,nh,53,2671,2806,2724,2753
5e39158464625,h,ho,82,160,328,242,246
5e39158464625,o,on,86,180,319,266,233
5e39158464625,n,nspace,53,347,456,400,403
5e39158464625,space,spacek,56,332,453,388,397
5e39158464625,k,kh,65,201,329,266,264
5e39158464625,h,he,63,392,548,455,485
5e39158464625,e,ew,93,150,312,243,219
5e39158464625,w,ws,69,180,319,249,250
5e39158464625,s,so,70,107,255,177,185
5e39158464625,o,om,78,176,325,254,247
5e39158464625,m,mn,71,38081,38222,38152,38151
5e39158464625,n,nu,70,200,339,270,269
5e39158464625,u,ut,69,90,251,159,182
5e39158464625,t,tt,92,1096,1245,1188,1153
5e39158464625,t,th,57,111,222,168,165
5e39158464625,h,ha,54,965,1057,1019,1003
5e39158464625,a,ap,38,231,368,269,330
5e39158464625,p,ph,99,282,449,381,350
5e39158464625,h,ho,68,151,284,219,216
5e39158464625,o,on,65,113,231,178,166
5e39158464625,n,nspace,53,150,257,203,204
5e39158464625,space,spacek,54,329,440,383,386
5e39158464625,k,kh,57,211,353,268,296
5e39158464625,h,he,85,579,734,664,649
5e39158464625,e,ew,70,122,301,192,231
5e39158464625,w,ws,109,170,358,279,249
5e39158464625,s,so,79,104,248,183,169
5e39158464625,o,om,65,189,316,254,251
5e39158464625,m,mmeta1,62,24431,24532,24493,24470
5e39158464625,meta1,meta10,39,1245,1386,1284,1347
5e39158464625,0,06,102,531,739,633,637
5e39158464625,6,64,106,1949,2119,2055,2013
5e39158464625,4,48,64,323,486,387,422
5e39158464625,8,87,99,295,481,394,382
5e39158464625,7,76,87,308,484,395,397
5e39158464625,6,65,89,280,441,369,352
5e39158464625,5,52,72,178,319,250,247
5e39158464625,2,22,69,131,240,200,171
5e39158464625,2,22,40,141,236,181,196
5e39158464625,2,2meta1,55,37066,37177,37121,37122
5e39158464625,meta1,meta10,56,448,607,504,551
5e39158464625,0,06,103,497,652,600,549
5e39158464625,6,64,52,330,451,382,399
5e39158464625,4,48,69,494,669,563,600
5e39158464625,8,87,106,247,455,353,349
5e39158464625,7,76,102,382,541,484,439
5e39158464625,6,65,57,393,489,450,432
5e39158464625,5,52,39,295,401,334,362
5e39158464625,2,22,67,120,248,187,181
5e39158464625,2,2meta1,61,38000,38095,38061,38034
5e39158464625,meta1,meta10,34,386,539,420,505
5e39158464625,0,06,119,443,653,562,534
5e39158464625,6,64,91,447,594,538,503
5e39158464625,4,48,56,407,568,463,512
5e39158464625,8,87,105,281,473,386,368
5e39158464625,7,76,87,330,487,417,400
5e39158464625,6,65,70,412,537,482,467
5e39158464625,5,52,55,377,490,432,435
5e39158464625,2,22,58,223,372,281,314
5e39158464625,2,22,91,212,372,303,281
5e39158464625,2,2meta1,69,30695,30841,30764,30772
5e39158464625,meta1,meta10,77,363,512,440,435
5e39158464625,0,06,72,478,620,550,548
5e39158464625,6,64,70,345,470,415,400
5e39158464625,4,48,55,430,574,485,519
5e39158464625,8,87,89,247,406,336,317
5e39158464625,7,76,70,379,487,449,417
5e39158464625,6,65,38,378,502,416,464
5e39158464625,5,52,86,208,351,294,265
5e39158464625,2,22,57,147,274,204,217
5e39158464625,2,22,70,131,253,201,183
5e39158464625,2,2meta1,52,37799,37901,37851,37849
5e39158464625,meta1,meta10,50,368,490,418,440
5e39158464625,0,06,72,446,573,518,501
5e39158464625,6,64,55,346,453,401,398
5e39158464625,4,48,52,580,701,632,649
5e39158464625,8,87,69,230,369,299,300
5e39158464625,7,76,70,315,440,385,370
5e39158464625,6,65,55,410,573,465,518
5e39158464625,5,52,108,211,402,319,294
5e39158464625,2,22,83,134,300,217,217
5e39158464625,2,22,83,167,301,250,218
5e39158464625,2,2meta1,51,-182110,-181985,-182059,-182036
5e3916401fdc6,meta1,meta10,74,476,657,550,583
5e3916401fdc6,0,08,107,225,440,332,333
5e3916401fdc6,8,81,108,210,407,318,299
5e3916401fdc6,1,15,89,811,958,900,869
5e3916401fdc6,5,55,58,103,241,161,183
5e3916401fdc6,5,58,80,408,562,488,482
5e3916401fdc6,8,89,74,145,306,219,232
5e3916401fdc6,9,96,87,314,490,401,403
5e3916401fdc6,6,61,89,91,255,180,166
5e3916401fdc6,1,16,75,40,206,115,131
5e3916401fdc6,6,6meta1,91,40050,40213,40141,40122
5e3916401fdc6,meta1,meta10,72,360,537,432,465
5e3916401fdc6,0,08,105,227,420,332,315
5e3916401fdc6,8,81,88,161,374,249,286
5e3916401fdc6,1,16,125,458,657,583,532
5e3916401fdc6,6,6(,74,729,873,803,799
5e3916401fdc6,(,((,70,94,253,164,183
5e3916401fdc6,(,(bksp,89,1129,1290,1218,1201
5e3916401fdc6,bksp,bkspbksp,72,144,272,216,200
5e3916401fdc6,bksp,bksp5,56,693,808,749,752
5e3916401fdc6,5,55,59,84,241,143,182
5e3916401fdc6,5,58,98,276,464,374,366
5e3916401fdc6,8,89,90,179,359,269,269
5e3916401fdc6,9,91,90,641,823,731,733
5e3916401fdc6,1,1bksp,92,2976,3140,3068,3048
5e3916401fdc6,bksp,bksp6,72,660,842,732,770
5e3916401fdc6,6,61,110,140,359,250,249
5e3916401fdc6,1,16,109,70,239,179,130
5e3916401fdc6,6,6meta1,60,43264,43414,43324,43354
5e3916401fdc6,meta1,meta10,90,295,458,385,368
5e3916401fdc6,0,08,73,177,338,250,265
5e3916401fdc6,8,81,88,161,339,249,251
5e3916401fdc6,1,15,90,243,387,333,297
5e3916401fdc6,5,55,54,84,204,138,150
5e3916401fdc6,5,58,66,540,686,606,620
5e3916401fdc6,8,89,80,212,363,292,283
5e3916401fdc6,9,96,71,177,354,248,283
5e3916401fdc6,6,61,106,71,271,177,165
5e3916401fdc6,1,16,94,39,210,133,116
5e3916401fdc6,6,60,77,47945,48116,48022,48039
5e3916401fdc6,0,08,94,208,414,302,320
5e3916401fdc6,8,81,112,178,378,290,266
5e3916401fdc6,1,15,88,560,722,648,634
5e3916401fdc6,5,55,74,93,239,167,165
5e3916401fdc6,5,58,72,479,640,551,568
5e3916401fdc6,8,89,89,146,306,235,217
5e3916401fdc6,9,91,71,177,324,248,253
5e3916401fdc6,1,16,76,1477,1640,1553,1564
5e3916401fdc6,6,61,87,90,271,177,184
5e3916401fdc6,1,16,94,93,210,187,116
5e3916401fdc6,6,6meta1,23,36318,36411,36341,36388
5e3916401fdc6,meta1,meta10,70,278,454,348,384
5e3916401fdc6,0,01,106,511,708,617,602
5e3916401fdc6,1,1bksp,91,1174,1338,1265,1247
5e3916401fdc6,bksp,bksp8,73,709,872,782,799
5e3916401fdc6,8,81,90,178,374,268,284
5e3916401fdc6,1,15,106,514,709,620,603
5e3916401fdc6,5,55,89,83,252,172,163
5e3916401fdc6,5,58,80,578,748,658,668
5e3916401fdc6,8,89,90,211,405,301,315
5e3916401fdc6,9,96,104,546,739,650,635
5e3916401fdc6,6,61,89,259,423,348,334
5e3916401fdc6,1,16,75,94,241,169,166
5e3916401fdc6,6,6meta1,72,35831,35990,35903,35918
5e3916401fdc6,meta1,meta10,87,329,525,416,438
5e3916401fdc6,0,08,109,155,354,264,245
5e3916401fdc6,8,81,90,109,325,199,235
5e3916401fdc6,1,15,126,543,744,669,618
5e3916401fdc6,5,55,75,106,225,181,150
5e3916401fdc6,5,59,44,569,707,613,663
5e3916401fdc6,9,98,94,1812,1996,1906,1902
5e3916401fdc6,8,89,90,544,723,634,633
5e3916401fdc6,9,96,89,259,437,348,348
5e3916401fdc6,6,61,89,179,357,268,268
5e3916401fdc6,1,16,89,89,272,178,183
5e3916401fdc6,6,6meta1,94,28712,28863,28806,28769
5e3916401fdc6,meta1,meta10,57,328,474,385,417
5e3916401fdc6,0,08,89,211,387,300,298
5e3916401fdc6,8,81,87,113,323,200,236
5e3916401fdc6,1,15,123,259,455,382,332
5e3916401fdc6,5,55,73,88,221,161,148
5e3916401fdc6,5,59,60,1021,1178,1081,1118
5e3916401fdc6,9,96,97,279,449,376,352
5e3916401fdc6,6,61,73,143,306,216,233
5e3916401fdc6,1,16,90,70,221,160,131
5e3916401fdc6,6,6meta1,61,31341,31481,31402,31420
5e3916401fdc6,meta1,meta10,79,294,482,373,403
5e3916401fdc6,0,08,109,225,424,334,315
5e3916401fdc6,8,81,90,157,338,247,248
5e3916401fdc6,1,15,91,678,842,769,751
5e3916401fdc6,5,55,73,76,223,149,150
5e3916401fdc6,5,58,74,144,308,218,234
5e3916401fdc6,8,89,90,177,354,267,264
5e3916401fdc6,9,96,87,247,444,334,357
5e3916401fdc6,6,61,110,138,336,248,226
5e3916401fdc6,1,16,88,71,224,159,136
5e3916401fdc6,6,6meta1,65,35914,36034,35979,35969
5e3916401fdc6,meta1,meta10,55,342,457,397,402
5e3916401fdc6,0,08,60,208,339,268,279
5e3916401fdc6,8,81,71,642,837,713,766
5e3916401fdc6,1,15,124,436,624,560,500
5e3916401fdc6,5,55,64,87,199,151,135
5e3916401fdc6,5,58,48,198,283,246,235
5e3916401fdc6,8,89,37,127,252,164,215
5e3916401fdc6,9,96,88,178,353,266,265
5e3916401fdc6,6,61,87,73,258,160,171
5e3916401fdc6,1,16,98,68,227,166,129
5e3916401fdc6,6,6meta1,61,31250,31366,31311,31305
5e3916401fdc6,meta1,meta10,55,327,421,382,366
5e3916401fdc6,0,08,39,211,337,250,298
5e3916401fdc6,8,81,87,144,320,231,233
5e3916401fdc6,1,15,89,247,409,336,320
5e3916401fdc6,5,55,73,76,223,149,150
5e3916401fdc6,5,58,74,392,537,466,463
5e3916401fdc6,8,89,71,128,288,199,217
5e3916401fdc6,9,96,89,297,475,386,386
5e3916401fdc6,6,61,89,106,304,195,215
5e3916401fdc6,1,16,109,36,192,145,83
5e3916401fdc6,6,6meta1,47,-377608,-377507,-377561,-377554
5e391648ea733,meta1,meta10,54,532,656,586,602
5e391648ea733,0,08,70,412,542,482,472
5e391648ea733,8,86,60,608,740,668,680
5e391648ea733,6,63,72,596,721,668,649
5e391648ea733,3,3bksp,53,761,871,814,818
5e391648ea733,bksp,bksp4,57,421,541,478,484
5e391648ea733,4,47,63,428,578,491,515
5e391648ea733,7,73,87,393,541,480,454
5e391648ea733,3,34,61,675,807,736,746
5e391648ea733,4,44,71,111,235,182,164
5e391648ea733,4,43,53,466,576,519,523
5e391648ea733,3,31,57,444,556,501,499
5e391648ea733,1,1meta1,55,43778,43889,43833,43834
5e391648ea733,meta1,meta10,56,493,589,549,533
5e391648ea733,0,08,40,379,490,419,450
5e391648ea733,8,86,71,629,787,700,716
5e391648ea733,6,64,87,613,771,700,684
5e391648ea733,4,47,71,249,370,320,299
5e391648ea733,7,73,50,507,603,557,553
5e391648ea733,3,34,46,503,609,549,563
5e391648ea733,4,44,60,113,212,173,152
5e391648ea733,4,43,39,361,472,400,433
5e391648ea733,3,3meta1,72,47899,48030,47971,47958
5e391648ea733,meta1,meta10,59,692,805,751,746
5e391648ea733,0,08,54,630,722,684,668
5e391648ea733,8,86,38,779,853,817,815
5e391648ea733,6,64,36,593,688,629,652
5e391648ea733,4,47,59,360,506,419,447
5e391648ea733,7,73,87,282,420,369,333
5e391648ea733,3,34,51,229,320,280,269
5e391648ea733,4,44,40,104,187,144,147
5e391648ea733,4,43,43,413,492,456,449
5e391648ea733,3,31,36,246,323,282,287
5e391648ea733,1,1meta1,41,40311,40411,40352,40370
5e391648ea733,meta1,meta10,59,1128,1224,1187,1165
5e391648ea733,0,08,37,515,620,552,583
5e391648ea733,8,86,68,698,802,766,734
5e391648ea733,6,64,36,327,435,363,399
5e391648ea733,4,47,72,279,406,351,334
5e391648ea733,7,73,55,380,490,435,435
5e391648ea733,3,34,55,208,334,263,279
5e391648ea733,4,44,71,85,220,156,149
5e391648ea733,4,43,64,280,402,344,338
5e391648ea733,3,31,58,229,341,287,283
5e391648ea733,1,1bksp,54,46898,47022,46952,46968
5e391648ea733,bksp,bkspmeta1,70,479,606,549,536
5e391648ea733,meta1,meta10,57,576,705,633,648
5e391648ea733,0,08,72,247,386,319,314
5e391648ea733,8,86,67,614,737,681,670
5e391648ea733,6,64,56,416,524,472,468
5e391648ea733,4,47,52,344,454,396,402
5e391648ea733,7,73,58,412,533,470,475
5e391648ea733,3,34,63,204,332,267,269
5e391648ea733,4,44,65,86,234,151,169
5e391648ea733,4,43,83,160,298,243,215
5e391648ea733,3,31,55,245,358,300,303
5e391648ea733,1,1meta1,58,52883,53009,52941,52951
5e391648ea733,meta1,meta10,68,561,702,629,634
5e391648ea733,0,08,73,314,441,387,368
5e391648ea733,8,86,54,546,657,600,603
5e391648ea733,6,64,57,342,471,399,414
5e391648ea733,4,47,72,460,605,532,533
5e391648ea733,7,73,73,378,509,451,436
5e391648ea733,3,34,58,390,489,448,431
5e391648ea733,4,44,41,110,204,151,163
5e391648ea733,4,43,53,447,559,500,506
5e391648ea733,3,31,59,373,475,432,416
5e391648ea733,1,1p,43,44796,44880,44839,44837
5e391648ea733,p,pp,41,67,140,108,99
5e391648ea733,p,pmeta1,32,1278,1366,1310,1334
5e391648ea733,meta1,meta10,56,557,705,613,649
5e391648ea733,0,08,92,295,454,387,362
5e391648ea733,8,86,67,646,785,713,718
5e391648ea733,6,64,72,396,504,468,432
5e391648ea733,4,47,36,668,770,704,734
5e391648ea733,7,73,66,712,851,778,785
5e391648ea733,3,34,73,262,393,335,320
5e391648ea733,4,44,58,93,187,151,129
5e391648ea733,4,43,36,427,522,463,486
5e391648ea733,3,31,59,342,435,401,376
5e391648ea733,1,1meta1,34,40126,40205,40160,40171
5e391648ea733,meta1,meta10,45,1883,2015,1928,1970
5e391648ea733,0,08,87,495,642,582,555
5e391648ea733,8,86,60,726,843,786,783
5e391648ea733,6,64,57,575,703,632,646
5e391648ea733,4,47,71,443,570,514,499
5e391648ea733,7,73,56,362,475,418,419
5e391648ea733,3,34,57,228,339,285,282
5e391648ea733,4,44,54,109,218,163,164
5e391648ea733,4,43,55,182,289,237,234
5e391648ea733,3,31,52,531,622,583,570
5e391648ea733,1,1meta1,39,40212,40309,40251,40270
5e391648ea733,meta1,meta10,58,560,676,618,618
5e391648ea733,0,08,58,192,319,250,261
5e391648ea733,8,86,69,731,859,800,790
5e391648ea733,6,64,59,355,473,414,414
5e391648ea733,4,47,59,409,503,468,444
5e391648ea733,7,73,35,404,492,439,457
5e391648ea733,3,34,53,544,633,597,580
5e391648ea733,4,44,36,85,186,121,150
5e391648ea733,4,43,65,345,447,410,382
5e391648ea733,3,31,37,396,473,433,436
5e391648ea733,1,1p,40,42549,42643,42589,42603
5e391648ea733,p,pp,54,94,219,148,165
5e391648ea733,p,pp,71,93,219,164,148
5e391648ea733,p,pr,55,800,891,855,836
5e391648ea733,r,ro,36,447,569,483,533
5e391648ea733,o,ometa1,86,756,903,842,817
5e391648ea733,meta1,meta15,61,495,644,556,583
5e391648ea733,5,56,88,126,287,214,199
5e391648ea733,6,67,73,146,273,219,200
5e391648ea733,7,7normal,54,913,1022,967,968
5e391648ea733,normal,normalmeta1,55,776,882,831,827
5e391648ea733,meta1,meta1@,51,668,792,719,741
5e391648ea733,@,@normal,73,459,584,532,511
5e391648ea733,normal,normalg,52,634,745,686,693
5e391648ea733,g,gm,59,325,490,384,431
5e391648ea733,m,ma,106,424,604,530,498
5e391648ea733,a,ai,74,476,625,550,551
5e391648ea733,i,i.,75,775,923,850,848
5e391648ea733,.,.c,73,778,926,851,853
5e391648ea733,c,co,75,392,539,467,464
5e391648ea733,o,om,72,160,305,232,233
5e391648ea733,m,mbksp,73,4232,4371,4305,4298
5e391648ea733,bksp,bkspbksp,66,104,257,170,191
5e391648ea733,bksp,bkspbksp,87,95,216,182,129
5e391648ea733,bksp,bkspbksp,34,103,198,137,164
5e391648ea733,bksp,bkspbksp,61,73,197,134,136
5e391648ea733,bksp,bkspbksp,63,87,2436,150,2373
5e391648ea733,bksp,bkspmeta1,2286,972,3315,3258,1029
5e391648ea733,meta1,meta10,57,558,705,615,648
5e391648ea733,0,08,90,228,387,318,297
5e391648ea733,8,86,69,512,640,581,571
5e391648ea733,6,64,59,479,593,538,534
5e391648ea733,4,47,55,407,554,462,499
5e391648ea733,7,73,92,495,643,587,551
5e391648ea733,3,34,56,290,420,346,364
5e391648ea733,4,44,74,83,240,157,166
5e391648ea733,4,43,83,164,316,247,233
5e391648ea733,3,31,69,395,538,464,469
5e391648ea733,1,1meta1,74,-354613,-354484,-354539,-354558
5e3916ad65d61,meta1,meta10,55,427,537,482,482
5e3916ad65d61,0,09,55,127,236,182,181
5e3916ad65d61,9,91,54,135,255,189,201
5e3916ad65d61,1,18,66,148,283,214,217
5e3916ad65d61,8,83,69,296,438,365,369
5e3916ad65d61,3,35,73,226,353,299,280
5e3916ad65d61,5,59,54,127,238,181,184
5e3916ad65d61,9,92,57,174,290,231,233
5e3916ad65d61,2,22,59,88,208,147,149
5e3916ad65d61,2,25,61,212,298,273,237
5e3916ad65d61,5,5meta1,25,61452,61534,61477,61509
5e3916ad65d61,meta1,meta10,57,305,418,362,361
5e3916ad65d61,0,09,56,180,303,236,247
5e3916ad65d61,9,91,67,147,286,214,219
5e3916ad65d61,1,18,72,214,323,286,251
5e3916ad65d61,8,83,37,214,302,251,265
5e3916ad65d61,3,35,51,365,456,416,405
5e3916ad65d61,5,59,40,507,605,547,565
5e3916ad65d61,9,92,58,460,555,518,497
5e3916ad65d61,2,22,37,129,194,166,157
5e3916ad65d61,2,25,28,149,223,177,195
5e3916ad65d61,5,5meta1,46,41984,42086,42030,42040
5e3916ad65d61,meta1,meta10,56,394,503,450,447
5e3916ad65d61,0,09,53,277,386,330,333
5e3916ad65d61,9,91,56,244,376,300,320
5e3916ad65d61,1,18,76,293,423,369,347
5e3916ad65d61,8,83,54,252,385,306,331
5e3916ad65d61,3,35,79,248,366,327,287
5e3916ad65d61,5,59,39,200,302,239,263
5e3916ad65d61,9,92,63,292,401,355,338
5e3916ad65d61,2,22,46,97,192,143,146
5e3916ad65d61,2,25,49,264,369,313,320
5e3916ad65d61,5,5meta1,56,42818,42927,42874,42871
5e3916ad65d61,meta1,meta10,53,383,474,436,421
5e3916ad65d61,0,09,38,170,283,208,245
5e3916ad65d61,9,91,75,198,342,273,267
5e3916ad65d61,1,18,69,232,353,301,284
5e3916ad65d61,8,83,52,197,302,249,250
5e3916ad65d61,3,35,53,297,404,350,351
5e3916ad65d61,5,59,54,105,235,159,181
5e3916ad65d61,9,92,76,647,761,723,685
5e3916ad65d61,2,22,38,112,187,150,149
5e3916ad65d61,2,25,37,262,339,299,302
5e3916ad65d61,5,5meta1,40,44982,45075,45022,45035
5e3916ad65d61,meta1,meta10,53,364,488,417,435
5e3916ad65d61,0,09,71,211,354,282,283
5e3916ad65d61,9,91,72,209,372,281,300
5e3916ad65d61,1,18,91,229,390,320,299
5e3916ad65d61,8,83,70,167,318,237,248
5e3916ad65d61,3,35,81,221,365,302,284
5e3916ad65d61,5,59,63,141,281,204,218
5e3916ad65d61,9,92,77,166,309,243,232
5e3916ad65d61,2,22,66,75,200,141,134
5e3916ad65d61,2,25,59,613,711,672,652
5e3916ad65d61,5,5meta1,39,35131,35222,35170,35183
5e3916ad65d61,meta1,meta10,52,348,470,400,418
5e3916ad65d61,0,09,70,148,288,218,218
5e3916ad65d61,9,91,70,161,302,231,232
5e3916ad65d61,1,18,71,217,354,288,283
5e3916ad65d61,8,83,66,215,334,281,268
5e3916ad65d61,3,35,53,270,367,323,314
5e3916ad65d61,5,59,44,158,261,202,217
5e3916ad65d61,9,92,59,180,310,239,251
5e3916ad65d61,2,22,71,96,204,167,133
5e3916ad65d61,2,25,37,247,324,284,287
5e3916ad65d61,5,5meta1,40,34078,34179,34118,34139
5e3916ad65d61,meta1,meta10,61,307,422,368,361
5e3916ad65d61,0,09,54,178,286,232,232
5e3916ad65d61,9,91,54,183,289,237,235
5e3916ad65d61,1,18,52,179,284,231,232
5e3916ad65d61,8,83,53,229,337,282,284
5e3916ad65d61,3,35,55,245,356,300,301
5e3916ad65d61,5,59,56,144,227,200,171
5e3916ad65d61,9,92,27,173,238,200,211
5e3916ad65d61,2,22,38,87,187,125,149
5e3916ad65d61,2,25,62,202,313,264,251
5e3916ad65d61,5,5meta1,49,38751,38860,38800,38811
5e3916ad65d61,meta1,meta10,60,338,471,398,411
5e3916ad65d61,0,09,73,159,288,232,215
5e3916ad65d61,9,98,56,414,538,470,482
5e3916ad65d61,8,83,68,133,267,201,199
5e3916ad65d61,3,35,66,213,333,279,267
5e3916ad65d61,5,59,54,133,240,187,186
5e3916ad65d61,9,92,53,161,267,214,214
5e3916ad65d61,2,22,53,71,203,124,150
5e3916ad65d61,2,25,79,215,346,294,267
5e3916ad65d61,5,5P,52,31068,31174,31120,31122
5e3916ad65d61,P,Pmeta1,54,744,851,798,797
5e3916ad65d61,meta1,meta10,53,500,621,553,568
5e3916ad65d61,0,09,68,180,300,248,232
5e3916ad65d61,9,91,52,230,370,282,318
5e3916ad65d61,1,18,88,193,321,281,233
5e3916ad65d61,8,83,40,198,306,238,266
5e3916ad65d61,3,35,68,196,334,264,266
5e3916ad65d61,5,59,70,114,237,184,167
5e3916ad65d61,9,92,53,148,253,201,200
5e3916ad65d61,2,22,52,90,185,142,133
5e3916ad65d61,2,25,43,196,278,239,235
5e3916ad65d61,5,5meta1,39,36900,36977,36939,36938
5e3916ad65d61,meta1,meta10,38,343,421,381,383
5e3916ad65d61,0,09,40,129,205,169,165
5e3916ad65d61,9,91,36,134,235,170,199
5e3916ad65d61,1,18,65,178,297,243,232
5e3916ad65d61,8,83,54,200,288,254,234
5e3916ad65d61,3,35,34,201,299,235,265
5e3916ad65d61,5,59,64,92,200,156,136
5e3916ad65d61,9,92,44,210,312,254,268
5e3916ad65d61,2,22,58,69,205,127,147
5e3916ad65d61,2,25,78,179,297,257,219
5e3916ad65d61,5,5meta1,40,-241439,-241325,-241399,-241365
5e391760f3a2f,meta1,meta10,74,531,709,605,635
5e391760f3a2f,0,08,104,346,517,450,413
5e391760f3a2f,8,83,67,657,799,724,732
5e391760f3a2f,3,3bksp,75,633,778,708,703
5e391760f3a2f,bksp,bksp2,70,2961,3090,3031,3020
5e391760f3a2f,2,27,59,291,407,350,348
5e391760f3a2f,7,73,57,311,441,368,384
5e391760f3a2f,3,34,73,242,355,315,282
5e391760f3a2f,4,45,40,678,773,718,733
5e391760f3a2f,5,53,55,194,304,249,249
5e391760f3a2f,3,36,55,364,455,419,400
5e391760f3a2f,6,6meta1,36,51337,51441,51373,51405
5e391760f3a2f,meta1,meta10,68,3359,3486,3427,3418
5e391760f3a2f,0,08,59,229,359,288,300
5e391760f3a2f,8,80,71,1160,1304,1231,1233
5e391760f3a2f,0,02,73,310,456,383,383
5e391760f3a2f,2,27,73,599,723,672,650
5e391760f3a2f,7,73,51,290,414,341,363
5e391760f3a2f,3,34,73,200,358,273,285
5e391760f3a2f,4,45,85,297,472,382,387
5e391760f3a2f,5,53,90,191,369,281,279
5e391760f3a2f,3,36,88,75,238,163,150
5e391760f3a2f,6,6meta1,75,52902,53046,52977,52971
5e391760f3a2f,meta1,meta10,69,413,567,482,498
5e391760f3a2f,0,08,85,200,351,285,266
5e391760f3a2f,8,80,66,234,337,300,271
5e391760f3a2f,0,02,37,295,419,332,382
5e391760f3a2f,2,27,87,446,587,533,500
5e391760f3a2f,7,73,54,267,401,321,347
5e391760f3a2f,3,34,80,169,314,249,234
5e391760f3a2f,4,45,65,290,436,355,371
5e391760f3a2f,5,53,81,160,294,241,213
5e391760f3a2f,3,36,53,129,236,182,183
5e391760f3a2f,6,6meta1,54,47153,47266,47207,47212
5e391760f3a2f,meta1,meta10,59,585,735,644,676
5e391760f3a2f,0,08,91,147,306,238,215
5e391760f3a2f,8,80,68,162,300,230,232
5e391760f3a2f,0,02,70,768,876,838,806
5e391760f3a2f,2,27,38,230,319,268,281
5e391760f3a2f,7,73,51,330,418,381,367
5e391760f3a2f,3,34,37,209,316,246,279
5e391760f3a2f,4,45,70,438,605,508,535
5e391760f3a2f,5,53,97,300,484,397,387
5e391760f3a2f,3,36,87,89,233,176,146
5e391760f3a2f,6,6meta1,57,50223,50332,50280,50275
5e391760f3a2f,meta1,meta10,52,448,586,500,534
5e391760f3a2f,0,08,86,166,318,252,232
5e391760f3a2f,8,83,66,232,352,298,286
5e391760f3a2f,3,3bksp,54,1364,1486,1418,1432
5e391760f3a2f,bksp,bkspbksp,68,74,217,142,149
5e391760f3a2f,bksp,bksp2,75,1366,1561,1441,1486
5e391760f3a2f,2,27,120,199,401,319,281
5e391760f3a2f,7,73,82,216,401,298,319
5e391760f3a2f,3,34,103,129,320,232,217
5e391760f3a2f,4,45,88,349,504,437,416
5e391760f3a2f,5,53,67,164,299,231,232
5e391760f3a2f,3,36,68,130,252,198,184
5e391760f3a2f,6,6meta1,54,41533,41659,41587,41605
5e391760f3a2f,meta1,meta10,72,333,523,405,451
5e391760f3a2f,0,08,118,214,398,332,280
5e391760f3a2f,8,80,66,765,921,831,855
5e391760f3a2f,0,02,90,702,888,792,798
5e391760f3a2f,2,27,96,212,376,308,280
5e391760f3a2f,7,73,68,232,370,300,302
5e391760f3a2f,3,34,70,166,289,236,219
5e391760f3a2f,4,45,53,911,1019,964,966
5e391760f3a2f,5,53,55,463,591,518,536
5e391760f3a2f,3,36,73,128,235,201,162
5e391760f3a2f,6,60,34,38178,38305,38212,38271
5e391760f3a2f,0,08,93,178,358,271,265
5e391760f3a2f,8,80,87,191,338,278,251
5e391760f3a2f,0,02,60,694,847,754,787
5e391760f3a2f,2,27,93,174,356,267,263
5e391760f3a2f,7,73,89,179,389,268,300
5e391760f3a2f,3,34,121,114,321,235,200
5e391760f3a2f,4,45,86,244,418,330,332
5e391760f3a2f,5,53,88,228,407,316,319
5e391760f3a2f,3,36,91,129,258,220,167
5e391760f3a2f,6,60,38,47100,47239,47138,47201
5e391760f3a2f,0,08,101,244,402,345,301
5e391760f3a2f,8,80,57,610,725,667,668
5e391760f3a2f,0,02,58,680,807,738,749
5e391760f3a2f,2,27,69,182,317,251,248
5e391760f3a2f,7,73,66,265,404,331,338
5e391760f3a2f,3,34,73,178,336,251,263
5e391760f3a2f,4,45,85,449,587,534,502
5e391760f3a2f,5,53,53,174,285,227,232
5e391760f3a2f,3,36,58,112,225,170,167
5e391760f3a2f,6,6meta1,55,43396,43510,43451,43455
5e391760f3a2f,meta1,meta10,59,427,590,486,531
5e391760f3a2f,0,08,104,178,368,282,264
5e391760f3a2f,8,80,86,482,637,568,551
5e391760f3a2f,0,02,69,588,753,657,684
5e391760f3a2f,2,27,96,229,377,325,281
5e391760f3a2f,7,73,52,616,771,668,719
5e391760f3a2f,3,34,103,167,370,270,267
5e391760f3a2f,4,45,100,154,363,254,263
5e391760f3a2f,5,53,109,235,445,344,336
5e391760f3a2f,3,36,101,145,286,246,185
5e391760f3a2f,6,6meta1,40,47717,47825,47757,47785
5e391760f3a2f,meta1,meta10,68,380,569,448,501
5e391760f3a2f,0,08,121,180,385,301,264
5e391760f3a2f,8,83,84,229,401,313,317
5e391760f3a2f,3,30,88,1079,1237,1167,1149
5e391760f3a2f,0,02,70,731,888,801,818
5e391760f3a2f,2,27,87,201,354,288,267
5e391760f3a2f,7,73,66,2197,2320,2263,2254
5e391760f3a2f,3,34,57,210,390,267,333
5e391760f3a2f,4,45,123,278,520,401,397
5e391760f3a2f,5,53,119,817,1020,936,901
5e391760f3a2f,3,36,84,230,400,314,316
5e391760f3a2f,6,6meta1,86,-377189,-377043,-377103,-377129
5e3917b6b269d,meta1,meta10,60,453,577,513,517
5e3917b6b269d,0,09,64,115,228,179,164
5e3917b6b269d,9,97,49,238,335,287,286
5e3917b6b269d,7,70,48,229,332,277,284
5e3917b6b269d,0,02,55,561,671,616,616
5e3917b6b269d,2,27,55,383,490,438,435
5e3917b6b269d,7,79,52,291,401,343,349
5e3917b6b269d,9,99,58,327,439,385,381
5e3917b6b269d,9,94,54,323,421,377,367
5e3917b6b269d,4,4meta1,44,44104,44196,44148,44152
5e3917b6b269d,meta1,meta10,48,415,518,463,470
5e3917b6b269d,0,09,55,143,253,198,198
5e3917b6b269d,9,97,55,241,337,296,282
5e3917b6b269d,7,70,41,583,677,624,636
5e3917b6b269d,0,02,53,477,587,530,534
5e3917b6b269d,2,27,57,744,857,801,800
5e3917b6b269d,7,79,56,360,473,416,417
5e3917b6b269d,9,90,57,148,253,205,196
5e3917b6b269d,0,09,48,137,248,185,200
5e3917b6b269d,9,94,63,399,501,462,438
5e3917b6b269d,4,4meta1,39,46616,46710,46655,46671
5e3917b6b269d,meta1,meta10,55,360,486,415,431
5e3917b6b269d,0,09,71,129,251,200,180
5e3917b6b269d,9,97,51,230,318,281,267
5e3917b6b269d,7,72,37,966,1056,1003,1019
5e3917b6b269d,2,27,53,443,553,496,500
5e3917b6b269d,7,79,57,330,429,387,372
5e3917b6b269d,9,99,42,492,569,534,527
5e3917b6b269d,9,94,35,544,621,579,586
5e3917b6b269d,4,4meta1,42,47243,47347,47285,47305
5e3917b6b269d,meta1,meta10,62,696,802,758,740
5e3917b6b269d,0,09,44,149,228,193,184
5e3917b6b269d,9,97,35,246,334,281,299
5e3917b6b269d,7,70,53,780,868,833,815
5e3917b6b269d,0,02,35,513,590,548,555
5e3917b6b269d,2,27,42,657,757,699,715
5e3917b6b269d,7,79,58,449,586,507,528
5e3917b6b269d,9,90,79,192,331,271,252
5e3917b6b269d,0,09,60,182,293,242,233
5e3917b6b269d,9,94,51,401,491,452,440
5e3917b6b269d,4,4meta1,39,44258,44361,44297,44322
5e3917b6b269d,meta1,meta10,64,389,524,453,460
5e3917b6b269d,0,09,71,141,269,212,198
5e3917b6b269d,9,97,57,695,796,752,739
5e3917b6b269d,7,70,44,563,661,607,617
5e3917b6b269d,0,02,54,427,536,481,482
5e3917b6b269d,2,27,55,508,604,563,549
5e3917b6b269d,7,79,41,364,474,405,433
5e3917b6b269d,9,90,69,135,248,204,179
5e3917b6b269d,0,09,44,139,245,183,201
5e3917b6b269d,9,9meta1,62,43563,43682,43625,43620
5e3917b6b269d,meta1,meta10,57,599,709,656,652
5e3917b6b269d,0,09,53,141,252,194,199
5e3917b6b269d,9,97,58,233,326,291,268
5e3917b6b269d,7,70,35,545,636,580,601
5e3917b6b269d,0,02,56,399,506,455,450
5e3917b6b269d,2,27,51,624,720,675,669
5e3917b6b269d,7,79,45,331,440,376,395
5e3917b6b269d,9,90,64,142,264,206,200
5e3917b6b269d,0,09,58,154,273,212,215
5e3917b6b269d,9,94,61,382,483,443,422
5e3917b6b269d,4,4p,40,62062,62172,62102,62132
5e3917b6b269d,p,pbksp,70,636,756,706,686
5e3917b6b269d,bksp,bkspmeta1,50,680,788,730,738
5e3917b6b269d,meta1,meta10,58,494,618,552,560
5e3917b6b269d,0,09,66,133,251,199,185
5e3917b6b269d,9,97,52,211,301,263,249
5e3917b6b269d,7,70,38,498,576,536,538
5e3917b6b269d,0,02,40,473,570,513,530
5e3917b6b269d,2,27,57,783,879,840,822
5e3917b6b269d,7,79,39,871,968,910,929
5e3917b6b269d,9,90,58,409,523,467,465
5e3917b6b269d,0,09,56,348,459,404,403
5e3917b6b269d,9,94,55,396,506,451,451
5e3917b6b269d,4,4meta1,55,42280,42389,42335,42334
5e3917b6b269d,meta1,meta10,54,458,569,512,515
5e3917b6b269d,0,09,57,107,222,164,165
5e3917b6b269d,9,97,58,201,307,259,249
5e3917b6b269d,7,72,48,1053,1150,1101,1102
5e3917b6b269d,2,27,49,915,1018,964,969
5e3917b6b269d,7,79,54,359,471,413,417
5e3917b6b269d,9,90,58,175,272,233,214
5e3917b6b269d,0,09,39,136,237,175,198
5e3917b6b269d,9,94,62,368,470,430,408
5e3917b6b269d,4,4meta1,40,40010,40093,40050,40053
5e3917b6b269d,meta1,meta10,43,556,655,599,612
5e3917b6b269d,0,09,56,146,238,202,182
5e3917b6b269d,9,97,36,215,286,251,250
5e3917b6b269d,7,72,35,986,1066,1021,1031
5e3917b6b269d,2,27,45,384,470,429,425
5e3917b6b269d,7,79,41,355,435,396,394
5e3917b6b269d,9,90,39,130,222,169,183
5e3917b6b269d,0,09,53,179,269,232,216
5e3917b6b269d,9,94,37,346,422,383,385
5e3917b6b269d,4,4meta1,39,45453,45546,45492,45507
5e3917b6b269d,meta1,meta10,54,461,568,515,514
5e3917b6b269d,0,09,53,121,232,174,179
5e3917b6b269d,9,97,58,201,293,259,235
5e3917b6b269d,7,70,34,666,743,700,709
5e3917b6b269d,0,02,43,406,507,449,464
5e3917b6b269d,2,27,58,721,838,779,780
5e3917b6b269d,7,79,59,841,958,900,899
5e3917b6b269d,9,99,58,338,442,396,384
5e3917b6b269d,9,94,46,398,486,444,440
5e3917b6b269d,4,4meta1,42,-336716,-336606,-336674,-336648
5e3918222d011,meta1,meta10,68,330,473,398,405
5e3918222d011,0,08,75,340,487,415,412
5e3918222d011,8,89,72,126,256,198,184
5e3918222d011,9,94,58,678,796,736,738
5e3918222d011,4,49,60,940,1074,1000,1014
5e3918222d011,9,97,74,411,557,485,483
5e3918222d011,7,7bksp,72,793,939,865,867
5e3918222d011,bksp,bksp6,74,877,1042,951,968
5e3918222d011,6,65,91,159,304,250,213
5e3918222d011,5,57,54,195,288,249,234
5e3918222d011,7,74,39,261,373,300,334
5e3918222d011,4,47,73,177,307,250,234
5e3918222d011,7,7meta1,57,49609,49727,49666,49670
5e3918222d011,meta1,meta10,61,411,544,472,483
5e3918222d011,0,08,72,341,490,413,418
5e3918222d011,8,89,77,842,1008,919,931
5e3918222d011,9,97,89,411,556,500,467
5e3918222d011,7,7bksp,56,725,857,781,801
5e3918222d011,bksp,bksp4,76,625,775,701,699
5e3918222d011,4,49,74,343,506,417,432
5e3918222d011,9,96,89,749,940,838,851
5e3918222d011,6,65,102,245,402,347,300
5e3918222d011,5,57,55,227,340,282,285
5e3918222d011,7,74,58,342,456,400,398
5e3918222d011,4,47,56,261,356,317,300
5e3918222d011,7,7meta1,39,69508,69604,69547,69565
5e3918222d011,meta1,meta10,57,363,511,420,454
5e3918222d011,0,08,91,247,429,338,338
5e3918222d011,8,89,91,108,288,199,197
5e3918222d011,9,94,89,878,1026,967,937
5e3918222d011,4,49,59,340,474,399,415
5e3918222d011,9,96,75,491,656,566,581
5e3918222d011,6,65,90,211,372,301,282
5e3918222d011,5,57,71,129,289,200,218
5e3918222d011,7,74,89,227,371,316,282
5e3918222d011,4,47,55,212,295,267,240
5e3918222d011,7,7meta1,28,57008,57086,57036,57058
5e3918222d011,meta1,meta10,50,435,556,485,506
5e3918222d011,0,08,71,279,423,350,352
5e3918222d011,8,89,73,128,253,201,180
5e3918222d011,9,94,52,748,859,800,807
5e3918222d011,4,49,59,522,638,581,579
5e3918222d011,9,96,57,411,541,468,484
5e3918222d011,6,65,73,227,353,300,280
5e3918222d011,5,57,53,179,289,232,236
5e3918222d011,7,74,57,225,339,282,282
5e3918222d011,4,47,57,143,259,200,202
5e3918222d011,7,7meta1,59,41513,41626,41572,41567
5e3918222d011,meta1,meta10,54,326,454,380,400
5e3918222d011,0,08,74,263,392,337,318
5e3918222d011,8,89,55,178,271,233,216
5e3918222d011,9,95,38,560,673,598,635
5e3918222d011,5,5bksp,75,575,723,650,648
5e3918222d011,bksp,bksp4,73,627,757,700,684
5e3918222d011,4,49,57,360,490,417,433
5e3918222d011,9,96,73,550,704,623,631
5e3918222d011,6,65,81,196,332,277,251
5e3918222d011,5,57,55,145,270,200,215
5e3918222d011,7,74,70,197,339,267,269
5e3918222d011,4,47,72,160,288,232,216
5e3918222d011,7,7meta1,56,53151,53279,53207,53223
5e3918222d011,meta1,meta10,72,346,474,418,402
5e3918222d011,0,08,56,376,490,432,434
5e3918222d011,8,89,58,178,290,236,232
5e3918222d011,9,94,54,965,1088,1019,1034
5e3918222d011,4,49,69,344,473,413,404
5e3918222d011,9,96,60,541,675,601,615
5e3918222d011,6,65,74,162,302,236,228
5e3918222d011,5,57,66,168,299,234,233
5e3918222d011,7,74,65,246,370,311,305
5e3918222d011,4,47,59,155,240,214,181
5e3918222d011,7,7meta1,26,36264,36363,36290,36337
5e3918222d011,meta1,meta10,73,313,445,386,372
5e3918222d011,0,08,59,274,405,333,346
5e3918222d011,8,89,72,116,237,188,165
5e3918222d011,9,94,49,544,651,593,602
5e3918222d011,4,49,58,494,625,552,567
5e3918222d011,9,96,73,393,541,466,468
5e3918222d011,6,65,75,275,425,350,350
5e3918222d011,5,57,75,125,272,200,197
5e3918222d011,7,74,72,250,403,322,331
5e3918222d011,4,47,81,153,299,234,218
5e3918222d011,7,7meta1,65,38374,38486,38439,38421
5e3918222d011,meta1,meta10,47,309,415,356,368
5e3918222d011,0,08,59,294,422,353,363
5e3918222d011,8,89,69,96,220,165,151
5e3918222d011,9,95,55,427,525,482,470
5e3918222d011,5,5bksp,43,653,775,696,732
5e3918222d011,bksp,bksp4,79,411,562,490,483
5e3918222d011,4,49,72,278,409,350,337
5e3918222d011,9,96,59,414,571,473,512
5e3918222d011,6,65,98,160,313,258,215
5e3918222d011,5,57,55,132,241,187,186
5e3918222d011,7,74,54,209,338,263,284
5e3918222d011,4,47,75,125,257,200,182
5e3918222d011,7,7meta1,57,40882,40996,40939,40939
5e3918222d011,meta1,meta10,57,441,557,498,500
5e3918222d011,0,08,59,292,409,351,350
5e3918222d011,8,89,58,110,219,168,161
5e3918222d011,9,94,51,745,853,796,802
5e3918222d011,4,46,57,761,893,818,836
5e3918222d011,6,65,75,457,591,532,516
5e3918222d011,5,57,59,177,307,236,248
5e3918222d011,7,7bksp,71,760,921,831,850
5e3918222d011,bksp,bkspbksp,90,71,240,161,150
5e3918222d011,bksp,bkspbksp,79,244,396,323,317
5e3918222d011,bksp,bkspbksp,73,160,323,233,250
5e3918222d011,bksp,bksp9,90,561,726,651,636
5e3918222d011,9,96,75,775,923,850,848
5e3918222d011,6,65,73,160,308,233,235
5e3918222d011,5,57,75,139,288,214,213
5e3918222d011,7,74,74,229,377,303,303
5e3918222d011,4,47,74,158,288,232,214
5e3918222d011,7,7meta1,56,40528,40662,40584,40606
5e3918222d011,meta1,meta10,78,326,461,404,383
5e3918222d011,0,08,57,243,370,300,313
5e3918222d011,8,89,70,130,253,200,183
5e3918222d011,9,95,53,697,822,750,769
5e3918222d011,5,59,72,360,503,432,431
5e3918222d011,9,9bksp,71,1064,1205,1135,1134
5e3918222d011,bksp,bksp4,70,592,736,662,666
5e3918222d011,4,40,74,260,406,334,332
5e3918222d011,0,09,72,1380,1513,1452,1441
5e3918222d011,9,96,61,406,540,467,479
5e3918222d011,6,65,73,176,305,249,232
5e3918222d011,5,57,56,145,257,201,201
5e3918222d011,7,74,56,211,338,267,282
5e3918222d011,4,47,71,146,271,217,200
5e3918222d011,7,7meta1,54,602491929,602492037,602491983,602491983
5e424ba490cf3,meta1,meta10,54,476,636,530,582
5e424ba490cf3,0,09,106,144,339,250,233
5e424ba490cf3,9,96,89,298,456,387,367
5e424ba490cf3,6,60,69,412,586,481,517
5e424ba490cf3,0,09,105,226,421,331,316
5e424ba490cf3,9,91,90,361,558,451,468
5e424ba490cf3,1,17,107,445,625,552,518
5e424ba490cf3,7,76,73,144,285,217,212
5e424ba490cf3,6,68,68,482,638,550,570
5e424ba490cf3,8,85,88,329,504,417,416
5e424ba490cf3,5,5meta1,87,34315,34473,34402,34386
5e424ba490cf3,meta1,meta10,71,298,454,369,383
5e424ba490cf3,0,09,85,145,301,230,216
5e424ba490cf3,9,96,71,299,422,370,351
5e424ba490cf3,6,60,52,310,454,362,402
5e424ba490cf3,0,09,92,125,288,217,196
5e424ba490cf3,9,91,71,298,459,369,388
5e424ba490cf3,1,17,90,393,573,483,483
5e424ba490cf3,7,76,90,145,302,235,212
5e424ba490cf3,6,68,67,499,636,566,569
5e424ba490cf3,8,85,70,328,454,398,384
5e424ba490cf3,5,5meta1,56,30968,31104,31024,31048
5e424ba490cf3,meta1,meta10,80,265,433,345,353
5e424ba490cf3,0,09,88,164,337,252,249
5e424ba490cf3,9,96,85,214,387,299,302
5e424ba490cf3,6,60,88,231,402,319,314
5e424ba490cf3,0,09,83,129,284,212,201
5e424ba490cf3,9,91,72,261,425,333,353
5e424ba490cf3,1,17,92,876,1057,968,965
5e424ba490cf3,7,76,89,178,338,267,249
5e424ba490cf3,6,68,71,399,539,470,468
5e424ba490cf3,8,85,69,313,436,382,367
5e424ba490cf3,5,5meta1,54,30115,30226,30169,30172
5e424ba490cf3,meta1,meta10,57,299,433,356,376
5e424ba490cf3,0,09,77,143,312,220,235
5e424ba490cf3,9,90,92,695,878,787,786
5e424ba490cf3,0,09,91,271,453,362,362
5e424ba490cf3,9,91,91,284,480,375,389
5e424ba490cf3,1,17,105,495,686,600,581
5e424ba490cf3,7,75,86,431,586,517,500
5e424ba490cf3,5,5bksp,69,637,800,706,731
5e424ba490cf3,bksp,bksp6,94,533,700,627,606
5e424ba490cf3,6,68,73,584,755,657,682
5e424ba490cf3,8,85,98,344,514,442,416
5e424ba490cf3,5,5meta1,72,32867,32988,32939,32916
5e424ba490cf3,meta1,meta10,49,295,415,344,366
5e424ba490cf3,0,09,71,166,324,237,253
5e424ba490cf3,9,96,87,264,419,351,332
5e424ba490cf3,6,60,68,193,351,261,283
5e424ba490cf3,0,09,90,179,339,269,249
5e424ba490cf3,9,91,70,180,354,250,284
5e424ba490cf3,1,17,104,378,570,482,466
5e424ba490cf3,7,76,88,168,283,256,195
5e424ba490cf3,6,68,27,336,453,363,426
5e424ba490cf3,8,85,90,328,455,418,365
5e424ba490cf3,5,5meta1,37,29684,29789,29721,29752
5e424ba490cf3,meta1,meta10,68,257,399,325,331
5e424ba490cf3,0,09,74,144,307,218,233
5e424ba490cf3,9,96,89,263,407,352,318
5e424ba490cf3,6,60,55,197,321,252,266
5e424ba490cf3,0,09,69,108,253,177,184
5e424ba490cf3,9,91,76,180,361,256,285
5e424ba490cf3,1,17,105,376,554,481,449
5e424ba490cf3,7,76,73,145,272,218,199
5e424ba490cf3,6,68,54,543,670,597,616
5e424ba490cf3,8,85,73,230,356,303,283
5e424ba490cf3,5,5meta1,53,30468,30577,30521,30524
5e424ba490cf3,meta1,meta10,56,256,384,312,328
5e424ba490cf3,0,09,72,166,322,238,250
5e424ba490cf3,9,96,84,229,384,313,300
5e424ba490cf3,6,60,71,216,354,287,283
5e424ba490cf3,0,09,67,133,268,200,201
5e424ba490cf3,9,91,68,142,320,210,252
5e424ba490cf3,1,17,110,380,575,490,465
5e424ba490cf3,7,76,85,141,285,226,200
5e424ba490cf3,6,68,59,415,545,474,486
5e424ba490cf3,8,85,71,196,335,267,264
5e424ba490cf3,5,5meta1,68,28798,28917,28866,28849
5e424ba490cf3,meta1,meta10,51,334,453,385,402
5e424ba490cf3,0,09,68,164,301,232,233
5e424ba490cf3,9,96,69,333,486,402,417
5e424ba490cf3,6,60,84,263,450,347,366
5e424ba490cf3,0,09,103,115,287,218,184
5e424ba490cf3,9,91,69,214,370,283,301
5e424ba490cf3,1,17,87,313,488,400,401
5e424ba490cf3,7,76,88,111,253,199,165
5e424ba490cf3,6,68,54,365,508,419,454
5e424ba490cf3,8,85,89,261,418,350,329
5e424ba490cf3,5,5meta1,68,30071,30206,30139,30138
5e424ba490cf3,meta1,meta10,67,414,567,481,500
5e424ba490cf3,0,09,86,165,333,251,247
5e424ba490cf3,9,96,82,217,365,299,283
5e424ba490cf3,6,60,66,235,369,301,303
5e424ba490cf3,0,09,68,111,249,179,181
5e424ba490cf3,9,91,70,231,404,301,334
5e424ba490cf3,1,17,103,730,922,833,819
5e424ba490cf3,7,76,89,106,256,195,167
5e424ba490cf3,6,68,61,393,529,454,468
5e424ba490cf3,8,85,75,295,439,370,364
5e424ba490cf3,5,5meta1,69,28314,28437,28383,28368
5e424ba490cf3,meta1,meta10,54,293,420,347,366
5e424ba490cf3,0,09,73,146,274,219,201
5e424ba490cf3,9,96,55,277,389,332,334
5e424ba490cf3,6,60,57,230,390,287,333
5e424ba490cf3,0,09,103,146,317,249,214
5e424ba490cf3,9,91,68,227,400,295,332
5e424ba490cf3,1,17,105,432,628,537,523
5e424ba490cf3,7,76,91,141,289,232,198
5e424ba490cf3,6,68,57,403,559,460,502
5e424ba490cf3,8,85,99,231,394,330,295
5e424ba490cf3,5,5meta1,64,-264191,-264062,-264127,-264126
5e424bb15b87f,meta1,meta10,65,356,495,421,430
5e424bb15b87f,0,09,74,259,396,333,322
5e424bb15b87f,9,95,63,490,646,553,583
5e424bb15b87f,5,51,93,188,375,281,282
5e424bb15b87f,1,17,94,374,558,468,464
5e424bb15b87f,7,7bksp,90,1507,1661,1597,1571
5e424bb15b87f,bksp,bksp6,64,576,728,640,664
5e424bb15b87f,6,60,88,206,352,294,264
5e424bb15b87f,0,00,58,141,275,199,217
5e424bb15b87f,0,01,76,544,693,620,617
5e424bb15b87f,1,16,73,528,692,601,619
5e424bb15b87f,6,68,91,408,558,499,467
5e424bb15b87f,8,8meta1,59,38219,38359,38278,38300
5e424bb15b87f,meta1,meta10,81,253,429,334,348
5e424bb15b87f,0,09,95,237,411,332,316
5e424bb15b87f,9,95,79,656,797,735,718
5e424bb15b87f,5,51,62,202,346,264,284
5e424bb15b87f,1,16,82,370,533,452,451
5e424bb15b87f,6,60,81,379,517,460,436
5e424bb15b87f,0,00,57,232,353,289,296
5e424bb15b87f,0,01,64,253,430,317,366
5e424bb15b87f,1,16,113,571,748,684,635
5e424bb15b87f,6,68,64,386,513,450,449
5e424bb15b87f,8,8meta1,63,33319,33439,33382,33376
5e424bb15b87f,meta1,meta10,57,385,533,442,476
5e424bb15b87f,0,09,91,229,376,320,285
5e424bb15b87f,9,95,56,533,642,589,586
5e424bb15b87f,5,51,53,258,368,311,315
5e424bb15b87f,1,10,57,843,973,900,916
5e424bb15b87f,0,0bksp,73,997,1126,1070,1053
5e424bb15b87f,bksp,bksp1,56,591,718,647,662
5e424bb15b87f,1,15,71,530,640,601,569
5e424bb15b87f,5,5bksp,39,405,539,444,500
5e424bb15b87f,bksp,bksp6,95,179,344,274,249
5e424bb15b87f,6,60,70,411,554,481,484
5e424bb15b87f,0,00,73,214,355,287,282
5e424bb15b87f,0,01,68,245,354,313,286
5e424bb15b87f,1,16,41,633,756,674,715
5e424bb15b87f,6,68,82,385,530,467,448
5e424bb15b87f,8,8meta1,63,39589,39735,39652,39672
5e424bb15b87f,meta1,meta10,83,266,433,349,350
5e424bb15b87f,0,09,84,200,364,284,280
5e424bb15b87f,9,95,80,503,696,583,616
5e424bb15b87f,5,51,113,221,398,334,285
5e424bb15b87f,1,16,64,351,513,415,449
5e424bb15b87f,6,60,98,204,381,302,283
5e424bb15b87f,0,00,79,207,362,286,283
5e424bb15b87f,0,01,76,175,348,251,272
5e424bb15b87f,1,16,97,597,780,694,683
5e424bb15b87f,6,68,86,450,664,536,578
5e424bb15b87f,8,8meta1,128,34577,34768,34705,34640
5e424bb15b87f,meta1,meta10,63,239,375,302,312
5e424bb15b87f,0,09,73,276,408,349,335
5e424bb15b87f,9,95,59,580,697,639,638
5e424bb15b87f,5,51,58,190,358,248,300
5e424bb15b87f,1,16,110,191,341,301,231
5e424bb15b87f,6,60,40,309,407,349,367
5e424bb15b87f,0,00,58,175,288,233,230
5e424bb15b87f,0,01,55,244,336,299,281
5e424bb15b87f,1,16,37,794,925,831,888
5e424bb15b87f,6,68,94,389,559,483,465
5e424bb15b87f,8,8meta1,76,34377,34514,34453,34438
5e424bb15b87f,meta1,meta10,61,209,325,270,264
5e424bb15b87f,0,09,55,258,359,313,304
5e424bb15b87f,9,96,46,406,495,452,449
5e424bb15b87f,6,65,43,394,522,437,479
5e424bb15b87f,5,5bksp,85,1063,1222,1148,1137
5e424bb15b87f,bksp,bkspbksp,74,105,239,179,165
5e424bb15b87f,bksp,bksp5,60,527,677,587,617
5e424bb15b87f,5,51,90,208,372,298,282
5e424bb15b87f,1,16,74,295,457,369,383
5e424bb15b87f,6,60,88,243,374,331,286
5e424bb15b87f,0,00,43,122,240,165,197
5e424bb15b87f,0,01,75,110,263,185,188
5e424bb15b87f,1,16,78,390,558,468,480
5e424bb15b87f,6,68,90,398,539,488,449
5e424bb15b87f,8,8meta1,51,35134,35243,35185,35192
5e424bb15b87f,meta1,meta10,58,257,386,315,328
5e424bb15b87f,0,09,71,218,355,289,284
5e424bb15b87f,9,95,66,464,618,530,552
5e424bb15b87f,5,51,88,193,372,281,284
5e424bb15b87f,1,16,91,378,559,469,468
5e424bb15b87f,6,60,90,260,406,350,316
5e424bb15b87f,0,00,56,162,271,218,215
5e424bb15b87f,0,01,53,145,270,198,217
5e424bb15b87f,1,16,72,529,659,601,587
5e424bb15b87f,6,68,58,475,588,533,530
5e424bb15b87f,8,8meta1,55,33180,33296,33235,33241
5e424bb15b87f,meta1,meta10,61,352,474,413,413
5e424bb15b87f,0,09,61,208,325,269,264
5e424bb15b87f,9,95,56,299,440,355,384
5e424bb15b87f,5,56,85,528,667,613,582
5e424bb15b87f,6,60,54,177,304,231,250
5e424bb15b87f,0,00,73,207,323,280,250
5e424bb15b87f,0,01,43,328,446,371,403
5e424bb15b87f,1,16,75,424,574,499,499
5e424bb15b87f,6,68,75,477,594,552,519
5e424bb15b87f,8,8meta1,42,39582,39684,39624,39642
5e424bb15b87f,meta1,meta10,60,182,333,242,273
5e424bb15b87f,0,09,91,230,360,321,269
5e424bb15b87f,9,95,39,511,614,550,575
5e424bb15b87f,5,51,64,131,274,195,210
5e424bb15b87f,1,16,79,192,310,271,231
5e424bb15b87f,6,60,39,342,440,381,401
5e424bb15b87f,0,01,59,559,663,618,604
5e424bb15b87f,1,16,45,489,577,534,532
5e424bb15b87f,6,68,43,438,525,481,482
5e424bb15b87f,8,8meta1,44,40440,40579,40484,40535
5e424bb15b87f,meta1,meta10,95,239,395,334,300
5e424bb15b87f,0,09,61,310,430,371,369
5e424bb15b87f,9,95,59,423,574,482,515
5e424bb15b87f,5,56,92,405,554,497,462
5e424bb15b87f,6,60,57,308,443,365,386
5e424bb15b87f,0,00,78,140,295,218,217
5e424bb15b87f,0,01,77,209,360,286,283
5e424bb15b87f,1,16,74,427,543,501,469
5e424bb15b87f,6,68,42,686,760,728,718
5e424bb15b87f,8,8meta1,32,-320443,-320352,-320411,-320384
5e424bd56f820,meta1,meta10,59,528,657,587,598
5e424bd56f820,0,06,70,481,605,551,535
5e424bd56f820,6,61,54,394,539,448,485
5e424bd56f820,1,17,91,459,620,550,529
5e424bd56f820,7,77,70,153,286,223,216
5e424bd56f820,7,73,63,582,715,645,652
5e424bd56f820,3,37,70,579,722,649,652
5e424bd56f820,7,73,73,327,458,400,385
5e424bd56f820,3,33,58,141,238,199,180
5e424bd56f820,3,36,39,344,441,383,402
5e424bd56f820,6,6meta1,58,39064,39182,39122,39124
5e424bd56f820,meta1,meta10,60,470,605,530,545
5e424bd56f820,0,06,75,293,455,368,380
5e424bd56f820,6,61,87,398,573,485,486
5e424bd56f820,1,17,88,945,1105,1033,1017
5e424bd56f820,7,77,72,176,303,248,231
5e424bd56f820,7,73,55,330,473,385,418
5e424bd56f820,3,37,88,311,471,399,383
5e424bd56f820,7,73,72,595,739,667,667
5e424bd56f820,3,33,72,128,229,200,157
5e424bd56f820,3,36,29,686,790,715,761
5e424bd56f820,6,6meta1,75,44177,44327,44252,44252
5e424bd56f820,meta1,meta10,75,1363,1524,1438,1449
5e424bd56f820,0,06,86,594,739,680,653
5e424bd56f820,6,61,59,477,609,536,550
5e424bd56f820,1,17,73,410,553,483,480
5e424bd56f820,7,77,70,128,254,198,184
5e424bd56f820,7,73,56,496,610,552,554
5e424bd56f820,3,37,58,254,386,312,328
5e424bd56f820,7,73,74,379,514,453,440
5e424bd56f820,3,33,61,173,267,234,206
5e424bd56f820,3,36,33,299,405,332,372
5e424bd56f820,6,6meta1,73,34378,34510,34451,34437
5e424bd56f820,meta1,meta10,59,509,657,568,598
5e424bd56f820,0,06,89,347,493,436,404
5e424bd56f820,6,61,57,489,638,546,581
5e424bd56f820,1,17,92,946,1140,1038,1048
5e424bd56f820,7,77,102,143,287,245,185
5e424bd56f820,7,73,42,376,453,418,411
5e424bd56f820,3,37,35,817,941,852,906
5e424bd56f820,7,73,89,376,525,465,436
5e424bd56f820,3,33,60,208,321,268,261
5e424bd56f820,3,36,53,361,473,414,420
5e424bd56f820,6,6meta1,59,39030,39143,39089,39084
5e424bd56f820,meta1,meta10,54,445,589,499,535
5e424bd56f820,0,06,90,442,606,532,516
5e424bd56f820,6,61,74,689,858,763,784
5e424bd56f820,1,17,95,1011,1179,1106,1084
5e424bd56f820,7,77,73,310,443,383,370
5e424bd56f820,7,73,60,498,603,558,543
5e424bd56f820,3,37,45,513,648,558,603
5e424bd56f820,7,73,90,660,842,750,752
5e424bd56f820,3,33,92,208,340,300,248
5e424bd56f820,3,36,40,310,409,350,369
5e424bd56f820,6,6meta1,59,36179,36310,36238,36251
5e424bd56f820,meta1,meta10,72,510,637,582,565
5e424bd56f820,0,06,55,331,455,386,400
5e424bd56f820,6,61,69,345,489,414,420
5e424bd56f820,1,17,75,843,975,918,900
5e424bd56f820,7,77,57,156,269,213,212
5e424bd56f820,7,73,56,331,443,387,387
5e424bd56f820,3,37,56,275,405,331,349
5e424bd56f820,7,73,74,308,459,382,385
5e424bd56f820,3,33,77,114,240,191,163
5e424bd56f820,3,36,49,292,402,341,353
5e424bd56f820,6,6meta1,61,37513,37607,37574,37546
5e424bd56f820,meta1,meta10,33,481,553,514,520
5e424bd56f820,0,06,39,444,541,483,502
5e424bd56f820,6,61,58,377,544,435,486
5e424bd56f820,1,17,109,942,1108,1051,999
5e424bd56f820,7,77,57,324,439,381,382
5e424bd56f820,7,73,58,311,426,369,368
5e424bd56f820,3,37,57,255,420,312,363
5e424bd56f820,7,73,108,342,510,450,402
5e424bd56f820,3,33,60,177,277,237,217
5e424bd56f820,3,36,40,291,389,331,349
5e424bd56f820,6,6meta1,58,37745,37856,37803,37798
5e424bd56f820,meta1,meta10,53,517,625,570,572
5e424bd56f820,0,06,55,361,487,416,432
5e424bd56f820,6,61,71,360,509,431,438
5e424bd56f820,1,17,78,623,774,701,696
5e424bd56f820,7,77,73,162,272,235,199
5e424bd56f820,7,73,37,346,440,383,403
5e424bd56f820,3,37,57,375,492,432,435
5e424bd56f820,7,73,60,357,492,417,432
5e424bd56f820,3,33,75,507,655,582,580
5e424bd56f820,3,36,73,378,506,451,433
5e424bd56f820,6,6meta1,55,36402,36511,36457,36456
5e424bd56f820,meta1,meta10,54,477,619,531,565
5e424bd56f820,0,06,88,273,441,361,353
5e424bd56f820,6,61,80,395,563,475,483
5e424bd56f820,1,17,88,625,787,713,699
5e424bd56f820,7,77,74,140,254,214,180
5e424bd56f820,7,73,40,397,493,437,453
5e424bd56f820,3,37,56,260,405,316,349
5e424bd56f820,7,73,89,326,471,415,382
5e424bd56f820,3,33,56,144,240,200,184
5e424bd56f820,3,36,40,305,406,345,366
5e424bd56f820,6,6meta1,61,35984,36114,36045,36053
5e424bd56f820,meta1,meta16,69,861,1004,930,935
5e424bd56f820,6,61,74,281,421,355,347
5e424bd56f820,1,17,66,897,1021,963,955
5e424bd56f820,7,77,58,155,271,213,213
5e424bd56f820,7,73,58,330,424,388,366
5e424bd56f820,3,37,36,313,407,349,371
5e424bd56f820,7,73,58,424,521,482,463
5e424bd56f820,3,33,39,161,224,200,185
5e424bd56f820,3,36,24,361,441,385,417
5e424bd56f820,6,6meta1,56,-112953,-112827,-112897,-112883
5e424d1fa0f3d,meta1,meta10,70,343,487,413,417
5e424d1fa0f3d,0,08,74,180,325,254,251
5e424d1fa0f3d,8,89,71,178,319,249,248
5e424d1fa0f3d,9,93,70,294,453,364,383
5e424d1fa0f3d,3,30,89,40,208,129,119
5e424d1fa0f3d,0,05,79,82,243,161,164
5e424d1fa0f3d,5,52,82,286,502,368,420
5e424d1fa0f3d,2,23,134,104,334,238,200
5e424d1fa0f3d,3,31,96,176,394,272,298
5e424d1fa0f3d,1,1meta1,122,28799,28959,28921,28837
5e424d1fa0f3d,meta1,meta10,38,433,534,471,496
5e424d1fa0f3d,0,08,63,275,415,338,352
5e424d1fa0f3d,8,89,77,162,309,239,232
5e424d1fa0f3d,9,93,70,330,473,400,403
5e424d1fa0f3d,3,30,73,140,287,213,214
5e424d1fa0f3d,0,05,74,95,242,169,168
5e424d1fa0f3d,5,52,73,227,408,300,335
5e424d1fa0f3d,2,23,108,124,324,232,216
5e424d1fa0f3d,3,31,92,160,377,252,285
5e424d1fa0f3d,1,14,125,191,407,316,282
5e424d1fa0f3d,4,4meta1,91,25289,25430,25380,25339
5e424d1fa0f3d,meta1,meta10,50,410,514,460,464
5e424d1fa0f3d,0,08,54,145,287,199,233
5e424d1fa0f3d,8,89,88,146,319,234,231
5e424d1fa0f3d,9,93,85,182,353,267,268
5e424d1fa0f3d,3,30,86,19,168,105,82
5e424d1fa0f3d,0,05,63,70,229,133,166
5e424d1fa0f3d,5,52,96,308,462,404,366
5e424d1fa0f3d,2,23,58,119,256,177,198
5e424d1fa0f3d,3,31,79,103,297,182,218
5e424d1fa0f3d,1,14,115,206,401,321,286
5e424d1fa0f3d,4,4meta1,80,29822,29965,29902,29885
5e424d1fa0f3d,meta1,meta10,63,428,579,491,516
5e424d1fa0f3d,0,08,88,116,289,204,201
5e424d1fa0f3d,8,89,85,91,266,176,181
5e424d1fa0f3d,9,93,90,197,341,287,251
5e424d1fa0f3d,3,30,54,233,354,287,300
5e424d1fa0f3d,0,05,67,131,235,198,168
5e424d1fa0f3d,5,52,37,618,737,655,700
5e424d1fa0f3d,2,23,82,128,281,210,199
5e424d1fa0f3d,3,31,71,149,306,220,235
5e424d1fa0f3d,1,14,86,144,336,230,250
5e424d1fa0f3d,4,4meta1,106,30164,30358,30270,30252
5e424d1fa0f3d,meta1,meta10,88,343,469,431,381
5e424d1fa0f3d,0,08,38,199,304,237,266
5e424d1fa0f3d,8,89,67,147,285,214,218
5e424d1fa0f3d,9,93,71,178,321,249,250
5e424d1fa0f3d,3,35,72,166,289,238,217
5e424d1fa0f3d,5,50,51,71,186,122,135
5e424d1fa0f3d,0,0bksp,64,777,911,841,847
5e424d1fa0f3d,bksp,bkspbksp,70,76,204,146,134
5e424d1fa0f3d,bksp,bksp5,58,322,440,380,382
5e424d1fa0f3d,5,5bksp,60,949,1064,1009,1004
5e424d1fa0f3d,bksp,bksp0,55,201,369,256,314
5e424d1fa0f3d,0,05,113,149,347,262,234
5e424d1fa0f3d,5,52,85,499,672,584,587
5e424d1fa0f3d,2,23,88,111,301,199,213
5e424d1fa0f3d,3,31,102,198,420,300,318
5e424d1fa0f3d,1,1meta1,120,30559,30739,30679,30619
5e424d1fa0f3d,meta1,meta10,60,344,460,404,400
5e424d1fa0f3d,0,08,56,147,255,203,199
5e424d1fa0f3d,8,89,52,165,284,217,232
5e424d1fa0f3d,9,93,67,181,317,248,250
5e424d1fa0f3d,3,30,69,98,236,167,167
5e424d1fa0f3d,0,05,69,37,202,106,133
5e424d1fa0f3d,5,52,96,230,415,326,319
5e424d1fa0f3d,2,23,89,125,304,214,215
5e424d1fa0f3d,3,31,90,166,343,256,253
5e424d1fa0f3d,1,14,87,194,384,281,297
5e424d1fa0f3d,4,4meta1,103,96925,97096,97028,96993
5e424d1fa0f3d,meta1,meta10,68,346,481,414,413
5e424d1fa0f3d,0,08,67,416,583,483,516
5e424d1fa0f3d,8,89,100,231,368,331,268
5e424d1fa0f3d,9,93,37,401,521,438,484
5e424d1fa0f3d,3,30,83,71,232,154,149
5e424d1fa0f3d,0,05,78,130,277,208,199
5e424d1fa0f3d,5,52,69,301,453,370,384
5e424d1fa0f3d,2,23,83,1234,1380,1317,1297
5e424d1fa0f3d,3,31,63,225,399,288,336
5e424d1fa0f3d,1,14,111,254,446,365,335
5e424d1fa0f3d,4,4meta1,81,28768,28914,28849,28833
5e424d1fa0f3d,meta1,meta10,65,366,513,431,448
5e424d1fa0f3d,0,08,82,151,297,233,215
5e424d1fa0f3d,8,89,64,110,248,174,184
5e424d1fa0f3d,9,93,74,335,492,409,418
5e424d1fa0f3d,3,30,83,84,216,167,133
5e424d1fa0f3d,0,05,49,91,232,140,183
5e424d1fa0f3d,5,52,92,300,496,392,404
5e424d1fa0f3d,2,23,104,150,317,254,213
5e424d1fa0f3d,3,31,63,203,347,266,284
5e424d1fa0f3d,1,14,81,194,347,275,266
5e424d1fa0f3d,4,4meta1,72,40104,40258,40176,40186
5e424d1fa0f3d,meta1,meta10,82,314,465,396,383
5e424d1fa0f3d,0,08,69,167,318,236,249
5e424d1fa0f3d,8,89,82,119,266,201,184
5e424d1fa0f3d,9,93,65,185,331,250,266
5e424d1fa0f3d,3,30,81,81,197,162,116
5e424d1fa0f3d,0,05,35,74,187,109,152
5e424d1fa0f3d,5,52,78,300,445,378,367
5e424d1fa0f3d,2,23,67,133,264,200,197
5e424d1fa0f3d,3,31,64,219,366,283,302
5e424d1fa0f3d,1,13,83,147,316,230,233
5e424d1fa0f3d,3,3bksp,86,836,987,922,901
5e424d1fa0f3d,bksp,bksp4,65,176,314,241,249
5e424d1fa0f3d,4,4meta1,73,34607,34744,34680,34671
5e424d1fa0f3d,meta1,meta10,64,379,513,443,449
5e424d1fa0f3d,0,08,70,197,373,267,303
5e424d1fa0f3d,8,89,106,244,402,350,296
5e424d1fa0f3d,9,93,52,281,404,333,352
5e424d1fa0f3d,3,30,71,77,220,148,149
5e424d1fa0f3d,0,05,72,38,187,110,115
5e424d1fa0f3d,5,52,77,281,447,358,370
5e424d1fa0f3d,2,23,89,124,286,213,197
5e424d1fa0f3d,3,31,73,202,356,275,283
5e424d1fa0f3d,1,14,81,270,400,351,319
5e424d1fa0f3d,4,4meta1,49,38409,38544,38458,38495
5e424eb65c6a1,meta1,meta10,86,394,604,480,518
5e424eb65c6a1,0,08,124,345,590,469,466
5e424eb65c6a1,8,82,121,226,530,347,409
5e424eb65c6a1,2,28,183,307,604,490,421
5e424eb65c6a1,8,82,114,200,484,314,370
5e424eb65c6a1,2,25,170,311,568,481,398
5e424eb65c6a1,5,53,87,331,541,418,454
5e424eb65c6a1,3,38,123,240,435,363,312
5e424eb65c6a1,8,80,72,628,808,700,736
5e424eb65c6a1,0,0bksp,108,1004,1205,1112,1097
5e424eb65c6a1,bksp,bkspbksp,93,89,278,182,185
5e424eb65c6a1,bksp,bkspbksp,96,110,311,206,215
5e424eb65c6a1,bksp,bkspbksp,105,94,288,199,183
5e424eb65c6a1,bksp,bkspbksp,89,563,739,652,650
5e424eb65c6a1,bksp,bkspbksp,87,130,289,217,202
5e424eb65c6a1,bksp,bkspbksp,72,324,504,396,432
5e424eb65c6a1,bksp,bksp7,108,579,832,687,724
5e424eb65c6a1,7,72,145,290,590,435,445
5e424eb65c6a1,2,25,155,627,886,782,731
5e424eb65c6a1,5,53,104,364,575,468,471
5e424eb65c6a1,3,38,107,1489,1687,1596,1580
5e424eb65c6a1,8,80,91,155,377,246,286
5e424eb65c6a1,0,05,131,609,828,740,697
5e424eb65c6a1,5,5meta1,88,34017,34193,34105,34105
5e424eb65c6a1,meta1,meta10,88,346,503,434,415
5e424eb65c6a1,0,08,69,382,519,451,450
5e424eb65c6a1,8,82,68,545,716,613,648
5e424eb65c6a1,2,27,103,215,386,318,283
5e424eb65c6a1,7,72,68,181,371,249,303
5e424eb65c6a1,2,25,122,392,588,514,466
5e424eb65c6a1,5,53,74,613,809,687,735
5e424eb65c6a1,3,38,122,191,404,313,282
5e424eb65c6a1,8,80,91,177,371,268,280
5e424eb65c6a1,0,05,103,365,596,468,493
5e424eb65c6a1,5,5meta1,128,32981,33207,33109,33079
5e424eb65c6a1,meta1,meta10,98,395,600,493,502
5e424eb65c6a1,0,08,107,274,503,381,396
5e424eb65c6a1,8,82,122,233,493,355,371
5e424eb65c6a1,2,27,138,294,522,432,384
5e424eb65c6a1,7,72,90,493,738,583,648
5e424eb65c6a1,2,25,155,394,638,549,483
5e424eb65c6a1,5,53,89,246,437,335,348
5e424eb65c6a1,3,38,102,249,454,351,352
5e424eb65c6a1,8,80,103,145,350,248,247
5e424eb65c6a1,0,05,102,499,693,601,591
5e424eb65c6a1,5,5meta1,92,29845,30006,29937,29914
5e424eb65c6a1,meta1,meta10,69,342,502,411,433
5e424eb65c6a1,0,08,91,315,474,406,383
5e424eb65c6a1,8,82,68,194,418,262,350
5e424eb65c6a1,2,27,156,295,521,451,365
5e424eb65c6a1,7,72,70,215,387,285,317
5e424eb65c6a1,2,25,102,282,487,384,385
5e424eb65c6a1,5,53,103,195,421,298,318
5e424eb65c6a1,3,38,123,248,453,371,330
5e424eb65c6a1,8,80,82,128,334,210,252
5e424eb65c6a1,0,05,124,344,580,468,456
5e424eb65c6a1,5,5meta1,112,35923,36109,36035,35997
5e424eb65c6a1,meta1,meta18,74,1093,1244,1167,1170
5e424eb65c6a1,8,80,77,1228,1373,1305,1296
5e424eb65c6a1,0,08,68,327,468,395,400
5e424eb65c6a1,8,82,73,246,423,319,350
5e424eb65c6a1,2,27,104,247,403,351,299
5e424eb65c6a1,7,72,52,614,738,666,686
5e424eb65c6a1,2,25,72,343,487,415,415
5e424eb65c6a1,5,53,72,246,421,318,349
5e424eb65c6a1,3,38,103,278,473,381,370
5e424eb65c6a1,8,80,92,227,388,319,296
5e424eb65c6a1,0,05,69,313,473,382,404
5e424eb65c6a1,5,5meta1,91,36093,36259,36184,36168
5e424eb65c6a1,meta1,meta10,75,310,493,385,418
5e424eb65c6a1,0,08,108,343,538,451,430
5e424eb65c6a1,8,82,87,181,371,268,284
5e424eb65c6a1,2,27,103,296,469,399,366
5e424eb65c6a1,7,72,70,648,805,718,735
5e424eb65c6a1,2,25,87,295,470,382,383
5e424eb65c6a1,5,53,88,345,521,433,433
5e424eb65c6a1,3,38,88,225,403,313,315
5e424eb65c6a1,8,80,90,133,323,223,233
5e424eb65c6a1,0,05,100,437,651,537,551
5e424eb65c6a1,5,5meta1,114,37101,37302,37215,37188
5e424eb65c6a1,meta1,meta10,87,282,503,369,416
5e424eb65c6a1,0,08,134,228,450,362,316
5e424eb65c6a1,8,82,88,280,491,368,403
5e424eb65c6a1,2,27,123,310,489,433,366
5e424eb65c6a1,7,72,56,360,540,416,484
5e424eb65c6a1,2,25,124,409,624,533,500
5e424eb65c6a1,5,53,91,327,507,418,416
5e424eb65c6a1,3,38,89,293,455,382,366
5e424eb65c6a1,8,80,73,140,270,213,197
5e424eb65c6a1,0,05,57,261,445,318,388
5e424eb65c6a1,5,5meta1,127,28976,29174,29103,29047
5e424eb65c6a1,meta1,meta10,71,264,425,335,354
5e424eb65c6a1,0,08,90,293,438,383,348
5e424eb65c6a1,8,82,55,212,405,267,350
5e424eb65c6a1,2,27,138,170,405,308,267
5e424eb65c6a1,7,72,97,213,429,310,332
5e424eb65c6a1,2,25,119,345,572,464,453
5e424eb65c6a1,5,53,108,279,473,387,365
5e424eb65c6a1,3,38,86,326,484,412,398
5e424eb65c6a1,8,80,72,178,322,250,250
5e424eb65c6a1,0,05,72,411,589,483,517
5e424eb65c6a1,5,5meta1,106,33301,33510,33407,33404
5e424eb65c6a1,meta1,meta10,103,249,470,352,367
5e424eb65c6a1,0,08,118,296,501,414,383
5e424eb65c6a1,8,82,87,227,419,314,332
5e424eb65c6a1,2,27,105,314,507,419,402
5e424eb65c6a1,7,72,88,161,354,249,266
5e424eb65c6a1,2,25,105,264,439,369,334
5e424eb65c6a1,5,53,70,328,454,398,384
5e424eb65c6a1,3,38,56,259,421,315,365
5e424eb65c6a1,8,80,106,129,340,235,234
5e424eb65c6a1,0,05,105,274,472,379,367
5e424eb65c6a1,5,5meta1,93,32977,33175,33070,33082
5e424eb65c6a1,meta1,meta10,105,299,494,404,389
5e424eb65c6a1,0,08,90,279,436,369,346
5e424eb65c6a1,8,82,67,181,368,248,301
5e424eb65c6a1,2,27,120,158,352,278,232
5e424eb65c6a1,7,72,74,144,342,218,268
5e424eb65c6a1,2,25,124,356,556,480,432
5e424eb65c6a1,5,53,76,266,443,342,367
5e424eb65c6a1,3,38,101,160,350,261,249
5e424eb65c6a1,8,80,89,146,341,235,252
5e424eb65c6a1,0,05,106,344,542,450,436
5e424eb65c6a1,5,5meta1,92,-349451,-349296,-349359,-349388
5e424ec6db911,meta1,meta10,63,577,710,640,647
5e424ec6db911,0,06,70,429,569,499,499
5e424ec6db911,6,62,70,411,575,481,505
5e424ec6db911,2,29,94,507,671,601,577
5e424ec6db911,9,95,70,611,723,681,653
5e424ec6db911,5,51,42,345,459,387,417
5e424ec6db911,1,15,72,341,502,413,430
5e424ec6db911,5,56,89,465,623,554,534
5e424ec6db911,6,61,69,281,419,350,350
5e424ec6db911,1,1meta1,69,39529,39656,39598,39587
5e424ec6db911,meta1,meta10,58,459,572,517,514
5e424ec6db911,0,02,55,996,1126,1051,1071
5e424ec6db911,2,29,75,493,640,568,565
5e424ec6db911,9,95,72,411,573,483,501
5e424ec6db911,5,51,90,289,453,379,363
5e424ec6db911,1,15,74,412,559,486,485
5e424ec6db911,5,54,73,128,279,201,206
5e424ec6db911,4,46,78,222,355,300,277
5e424ec6db911,6,61,55,278,430,333,375
5e424ec6db911,1,1meta1,97,37873,38045,37970,37948
5e424ec6db911,meta1,meta10,75,461,589,536,514
5e424ec6db911,0,06,53,361,490,414,437
5e424ec6db911,6,62,76,422,575,498,499
5e424ec6db911,2,29,77,473,625,550,548
5e424ec6db911,9,95,75,445,591,520,516
5e424ec6db911,5,51,71,309,459,380,388
5e424ec6db911,1,15,79,371,524,450,445
5e424ec6db911,5,54,74,147,257,221,183
5e424ec6db911,4,46,36,180,269,216,233
5e424ec6db911,6,61,53,309,436,362,383
5e424ec6db911,1,1meta1,74,27958,28092,28032,28018
5e424ec6db911,meta1,meta10,60,611,728,671,668
5e424ec6db911,0,06,57,493,625,550,568
5e424ec6db911,6,62,75,307,474,382,399
5e424ec6db911,2,29,92,522,691,614,599
5e424ec6db911,9,95,77,320,463,397,386
5e424ec6db911,5,51,66,277,432,343,366
5e424ec6db911,1,15,89,241,404,330,315
5e424ec6db911,5,54,74,163,274,237,200
5e424ec6db911,4,46,37,227,319,264,282
5e424ec6db911,6,61,55,294,422,349,367
5e424ec6db911,1,1meta1,73,27781,27942,27854,27869
5e424ec6db911,meta1,meta10,88,897,1041,985,953
5e424ec6db911,0,06,56,608,739,664,683
5e424ec6db911,6,62,75,356,506,431,431
5e424ec6db911,2,29,75,561,729,636,654
5e424ec6db911,9,95,93,576,724,669,631
5e424ec6db911,5,51,55,308,453,363,398
5e424ec6db911,1,15,90,260,426,350,336
5e424ec6db911,5,54,76,142,290,218,214
5e424ec6db911,4,46,72,323,456,395,384
5e424ec6db911,6,61,61,311,446,372,385
5e424ec6db911,1,1meta1,74,33647,33808,33721,33734
5e424ec6db911,meta1,meta10,87,457,601,544,514
5e424ec6db911,0,06,57,548,661,605,604
5e424ec6db911,6,62,56,343,486,399,430
5e424ec6db911,2,29,87,378,525,465,438
5e424ec6db911,9,95,60,340,476,400,416
5e424ec6db911,5,51,76,270,458,346,382
5e424ec6db911,1,15,112,260,459,372,347
5e424ec6db911,5,54,87,145,290,232,203
5e424ec6db911,4,46,58,309,442,367,384
5e424ec6db911,6,61,75,253,406,328,331
5e424ec6db911,1,1meta1,78,30059,30210,30137,30132
5e424ec6db911,meta1,meta10,73,414,528,487,455
5e424ec6db911,0,06,41,446,556,487,515
5e424ec6db911,6,62,69,390,557,459,488
5e424ec6db911,2,29,98,755,912,853,814
5e424ec6db911,9,95,59,291,440,350,381
5e424ec6db911,5,51,90,278,459,368,369
5e424ec6db911,1,15,91,291,471,382,380
5e424ec6db911,5,54,89,148,290,237,201
5e424ec6db911,4,46,53,229,352,282,299
5e424ec6db911,6,61,70,279,423,349,353
5e424ec6db911,1,1meta1,74,27579,27723,27653,27649
5e424ec6db911,meta1,meta10,70,479,586,549,516
5e424ec6db911,0,06,37,499,590,536,553
5e424ec6db911,6,62,54,378,488,432,434
5e424ec6db911,2,29,56,494,618,550,562
5e424ec6db911,9,95,68,564,704,632,636
5e424ec6db911,5,51,72,290,438,362,366
5e424ec6db911,1,15,76,279,443,355,367
5e424ec6db911,5,54,88,127,286,215,198
5e424ec6db911,4,46,71,227,388,298,317
5e424ec6db911,6,61,90,247,406,337,316
5e424ec6db911,1,1meta1,69,30165,30296,30234,30227
5e424ec6db911,meta1,meta10,62,437,570,499,508
5e424ec6db911,0,06,71,422,573,493,502
5e424ec6db911,6,62,80,377,529,457,449
5e424ec6db911,2,29,72,1796,1941,1868,1869
5e424ec6db911,9,95,73,542,690,615,617
5e424ec6db911,5,51,75,329,475,404,400
5e424ec6db911,1,15,71,310,452,381,381
5e424ec6db911,5,54,71,230,390,301,319
5e424ec6db911,4,46,89,223,388,312,299
5e424ec6db911,6,61,76,293,444,369,368
5e424ec6db911,1,1meta1,75,27127,27293,27202,27218
5e424ec6db911,meta1,meta10,91,457,593,548,502
5e424ec6db911,0,02,45,791,908,836,863
5e424ec6db911,2,29,72,579,707,651,635
5e424ec6db911,9,95,56,444,574,500,518
5e424ec6db911,5,51,74,340,473,414,399
5e424ec6db911,1,15,59,323,474,382,415
5e424ec6db911,5,54,92,144,307,236,215
5e424ec6db911,4,46,71,198,340,269,269
5e424ec6db911,6,61,71,291,436,362,365
5e424ec6db911,1,1meta1,74,169122,169256,169196,169182
5e4250a680346,meta1,meta10,60,420,553,480,493
5e4250a680346,0,03,73,962,1121,1035,1048
5e4250a680346,3,30,86,211,370,297,284
5e4250a680346,0,07,73,891,1023,964,950
5e4250a680346,7,75,59,1015,1128,1074,1069
5e4250a680346,5,59,54,276,400,330,346
5e4250a680346,9,99,70,72,189,142,119
5e4250a680346,9,94,47,281,396,328,349
5e4250a680346,4,4meta1,68,37273,37389,37341,37321
5e4250a680346,meta1,meta10,48,361,480,409,432
5e4250a680346,0,08,71,679,821,750,750
5e4250a680346,8,83,71,248,372,319,301
5e4250a680346,3,30,53,678,786,731,733
5e4250a680346,0,07,55,382,504,437,449
5e4250a680346,7,77,67,75,183,142,116
5e4250a680346,7,75,41,403,493,444,452
5e4250a680346,5,59,49,173,313,222,264
5e4250a680346,9,99,91,71,223,162,132
5e4250a680346,9,94,61,556,680,617,619
5e4250a680346,4,4meta1,63,50651,50783,50714,50720
5e4250a680346,meta1,meta10,69,381,537,450,468
5e4250a680346,0,08,87,263,419,350,332
5e4250a680346,8,83,69,713,888,782,819
5e4250a680346,3,30,106,143,355,249,249
5e4250a680346,0,07,106,294,472,400,366
5e4250a680346,7,77,72,96,219,168,147
5e4250a680346,7,75,51,668,771,719,720
5e4250a680346,5,59,52,347,454,399,402
5e4250a680346,9,99,55,71,184,126,129
5e4250a680346,9,94,58,131,258,189,200
5e4250a680346,4,4meta1,69,35103,35227,35172,35158
5e4250a680346,meta1,meta10,55,495,634,550,579
5e4250a680346,0,08,84,227,400,311,316
5e4250a680346,8,83,89,646,808,735,719
5e4250a680346,3,30,73,310,455,383,382
5e4250a680346,0,07,72,317,437,389,365
5e4250a680346,7,77,48,67,180,115,132
5e4250a680346,7,75,65,310,450,375,385
5e4250a680346,5,59,75,283,413,358,338
5e4250a680346,9,99,55,50,168,105,113
5e4250a680346,9,94,63,135,277,198,214
5e4250a680346,4,4meta1,79,36929,37064,37008,36985
5e4250a680346,meta1,meta10,56,402,510,458,454
5e4250a680346,0,08,52,249,368,301,316
5e4250a680346,8,83,67,400,533,467,466
5e4250a680346,3,30,66,194,287,260,221
5e4250a680346,0,07,27,545,641,572,614
5e4250a680346,7,77,69,70,220,139,151
5e4250a680346,7,75,81,262,412,343,331
5e4250a680346,5,59,69,263,370,332,301
5e4250a680346,9,99,38,669,771,707,733
5e4250a680346,9,94,64,301,448,365,384
5e4250a680346,4,4meta1,83,33483,33626,33566,33543
5e4250a680346,meta1,meta10,60,340,472,400,412
5e4250a680346,0,08,72,259,419,331,347
5e4250a680346,8,83,88,631,773,719,685
5e4250a680346,3,30,54,176,321,230,267
5e4250a680346,0,07,91,296,442,387,351
5e4250a680346,7,77,55,68,201,123,146
5e4250a680346,7,75,78,1564,1711,1642,1633
5e4250a680346,5,59,69,667,806,736,737
5e4250a680346,9,99,70,70,199,140,129
5e4250a680346,9,94,59,314,447,373,388
5e4250a680346,4,4meta1,74,35615,35746,35689,35672
5e4250a680346,meta1,meta10,57,322,423,379,366
5e4250a680346,0,08,44,277,373,321,329
5e4250a680346,8,83,52,1396,1534,1448,1482
5e4250a680346,3,30,86,215,370,301,284
5e4250a680346,0,07,69,650,786,719,717
5e4250a680346,7,77,67,73,198,140,131
5e4250a680346,7,75,58,283,395,341,337
5e4250a680346,5,59,54,563,673,617,619
5e4250a680346,9,99,56,69,184,125,128
5e4250a680346,9,94,59,198,309,257,250
5e4250a680346,4,4meta1,52,29818,29926,29870,29874
5e4250a680346,meta1,meta10,56,326,452,382,396
5e4250a680346,0,08,70,280,422,350,352
5e4250a680346,8,83,72,805,937,877,865
5e4250a680346,3,30,60,161,291,221,231
5e4250a680346,0,07,70,388,523,458,453
5e4250a680346,7,75,65,283,412,348,347
5e4250a680346,5,59,64,322,467,386,403
5e4250a680346,9,99,81,52,196,133,115
5e4250a680346,9,94,63,109,230,172,167
5e4250a680346,4,4bksp,58,710,825,768,767
5e4250a680346,bksp,bkspbksp,57,546,659,603,602
5e4250a680346,bksp,bkspbksp,56,72,203,128,147
5e4250a680346,bksp,bkspbksp,75,72,209,147,134
5e4250a680346,bksp,bkspbksp,62,96,197,158,135
5e4250a680346,bksp,bksp7,39,1630,1724,1669,1685
5e4250a680346,7,77,55,326,456,381,401
5e4250a680346,7,75,75,995,1139,1070,1064
5e4250a680346,5,5@,69,1130,1236,1199,1167
5e4250a680346,@,@bksp,37,976,1086,1013,1049
5e4250a680346,bksp,bksp9,73,216,356,289,283
5e4250a680346,9,99,67,71,199,138,132
5e4250a680346,9,94,61,700,815,761,754
5e4250a680346,4,4meta1,54,30553,30661,30607,30607
5e4250a680346,meta1,meta10,54,622,732,676,678
5e4250a680346,0,08,56,375,489,431,433
5e4250a680346,8,83,58,497,641,555,583
5e4250a680346,3,30,86,194,318,280,232
5e4250a680346,0,07,38,364,471,402,433
5e4250a680346,7,77,69,79,185,148,116
5e4250a680346,7,75,37,701,821,738,784
5e4250a680346,5,59,83,381,535,464,452
5e4250a680346,9,99,71,53,203,124,132
5e4250a680346,9,94,79,164,329,243,250
5e4250a680346,4,4meta1,86,35498,35656,35584,35570
5e4250a680346,meta1,meta10,72,414,555,486,483
5e4250a680346,0,08,69,263,403,332,334
5e4250a680346,8,83,71,348,487,419,416
5e4250a680346,3,30,68,150,282,218,214
5e4250a680346,0,07,64,517,649,581,585
5e4250a680346,7,77,68,57,183,125,115
5e4250a680346,7,75,58,235,360,293,302
5e4250a680346,5,59,67,297,418,364,351
5e4250a680346,9,99,54,73,154,127,100
5e4250a680346,9,94,27,246,342,273,315
5e4250a680346,4,4meta1,69,-375182,-375061,-375113,-375130
5e4250a729111,meta1,meta10,52,509,604,561,552
5e4250a729111,0,09,43,156,274,199,231
5e4250a729111,9,91,75,175,326,250,251
5e4250a729111,1,18,76,224,390,300,314
5e4250a729111,8,83,90,562,742,652,652
5e4250a729111,3,35,90,327,491,417,401
5e4250a729111,5,59,74,240,371,314,297
5e4250a729111,9,92,57,111,239,168,182
5e4250a729111,2,22,71,89,223,160,152
5e4250a729111,2,25,63,595,752,658,689
5e4250a729111,5,5meta1,94,40358,40506,40452,40412
5e4250a729111,meta1,meta10,54,426,540,480,486
5e4250a729111,0,09,60,173,325,233,265
5e4250a729111,9,91,92,126,291,218,199
5e4250a729111,1,18,73,159,308,232,235
5e4250a729111,8,83,76,190,357,266,281
5e4250a729111,3,35,91,778,958,869,867
5e4250a729111,5,59,89,207,355,296,266
5e4250a729111,9,92,59,614,733,673,674
5e4250a729111,2,22,60,100,204,160,144
5e4250a729111,2,25,44,240,363,284,319
5e4250a729111,5,5meta1,79,39480,39618,39559,39539
5e4250a729111,meta1,meta10,59,389,521,448,462
5e4250a729111,0,09,73,89,238,162,165
5e4250a729111,9,91,76,708,845,784,769
5e4250a729111,1,1bksp,61,614,745,675,684
5e4250a729111,bksp,bksp8,70,272,404,342,334
5e4250a729111,8,83,62,227,325,289,263
5e4250a729111,3,35,36,226,337,262,301
5e4250a729111,5,59,75,578,713,653,638
5e4250a729111,9,92,60,201,305,261,245
5e4250a729111,2,22,44,103,192,147,148
5e4250a729111,2,25,45,166,279,211,234
5e4250a729111,5,5meta1,68,35577,35707,35645,35639
5e4250a729111,meta1,meta10,62,321,446,383,384
5e4250a729111,0,09,63,138,274,201,211
5e4250a729111,9,91,73,106,259,179,186
5e4250a729111,1,18,80,447,566,527,486
5e4250a729111,8,83,39,230,335,269,296
5e4250a729111,3,35,66,182,283,248,217
5e4250a729111,5,59,35,264,353,299,318
5e4250a729111,9,92,54,109,236,163,182
5e4250a729111,2,22,73,90,239,163,166
5e4250a729111,2,25,76,509,683,585,607
5e4250a729111,5,5meta1,98,37043,37192,37141,37094
5e4250a729111,meta1,meta10,51,516,637,567,586
5e4250a729111,0,09,70,131,286,201,216
5e4250a729111,9,91,85,128,287,213,202
5e4250a729111,1,18,74,177,340,251,266
5e4250a729111,8,83,89,160,290,249,201
5e4250a729111,3,35,41,609,723,650,682
5e4250a729111,5,59,73,207,307,280,234
5e4250a729111,9,92,27,177,230,204,203
5e4250a729111,2,22,26,99,155,125,129
5e4250a729111,2,25,30,578,685,608,655
5e4250a729111,5,5meta1,77,40445,40573,40522,40496
5e4250a729111,meta1,meta10,51,492,619,543,568
5e4250a729111,0,09,76,167,307,243,231
5e4250a729111,9,91,64,159,299,223,235
5e4250a729111,1,18,76,263,374,339,298
5e4250a729111,8,83,35,197,273,232,238
5e4250a729111,3,35,41,577,679,618,638
5e4250a729111,5,59,61,185,339,246,278
5e4250a729111,9,93,93,162,307,255,214
5e4250a729111,3,32,52,75,188,127,136
5e4250a729111,2,2bksp,61,743,843,804,782
5e4250a729111,bksp,bkspbksp,39,293,368,332,329
5e4250a729111,bksp,bksp2,36,333,404,369,368
5e4250a729111,2,22,35,114,190,149,155
5e4250a729111,2,25,41,540,629,581,588
5e4250a729111,5,5meta1,48,32830,32920,32878,32872
5e4250a729111,meta1,meta10,42,349,452,391,410
5e4250a729111,0,09,61,90,223,151,162
5e4250a729111,9,91,72,101,239,173,167
5e4250a729111,1,18,66,241,383,307,317
5e4250a729111,8,83,76,188,344,264,268
5e4250a729111,3,35,80,381,502,461,422
5e4250a729111,5,59,41,139,251,180,210
5e4250a729111,9,92,71,129,240,200,169
5e4250a729111,2,22,40,104,171,144,131
5e4250a729111,2,25,27,193,277,220,250
5e4250a729111,5,5meta1,57,31161,31273,31218,31216
5e4250a729111,meta1,meta10,55,315,427,370,372
5e4250a729111,0,09,57,142,254,199,197
5e4250a729111,9,91,55,107,208,162,153
5e4250a729111,1,18,46,138,242,184,196
5e4250a729111,8,83,58,91,193,149,135
5e4250a729111,3,35,44,580,664,624,620
5e4250a729111,5,59,40,228,306,268,266
5e4250a729111,9,92,38,157,221,195,183
5e4250a729111,2,22,26,103,190,129,164
5e4250a729111,2,25,61,478,615,539,554
5e4250a729111,5,5meta1,76,36572,36692,36648,36616
5e4250a729111,meta1,meta10,44,272,375,316,331
5e4250a729111,0,09,59,224,377,283,318
5e4250a729111,9,91,94,161,329,255,235
5e4250a729111,1,18,74,165,320,239,246
5e4250a729111,8,83,81,172,302,253,221
5e4250a729111,3,35,49,226,331,275,282
5e4250a729111,5,59,56,122,255,178,199
5e4250a729111,9,92,77,279,395,356,318
5e4250a729111,2,22,39,129,197,168,158
5e4250a729111,2,25,29,470,537,499,508
5e4250a729111,5,5meta1,38,35070,35160,35108,35122
5e4250a729111,meta1,meta10,52,362,508,414,456
5e4250a729111,0,09,94,158,309,252,215
5e4250a729111,9,91,57,214,360,271,303
5e4250a729111,1,18,89,185,320,274,231
5e4250a729111,8,83,46,227,311,273,265
5e4250a729111,3,35,38,212,291,250,253
5e4250a729111,5,59,41,120,255,161,214
5e4250a729111,9,92,94,124,277,218,183
5e4250a729111,2,22,59,107,195,166,136
5e4250a729111,2,25,29,439,513,468,484
5e4250a729111,5,5meta1,45,-357356,-357252,-357311,-357297
5e4250b56c189,meta1,meta10,59,495,649,554,590
5e4250b56c189,0,08,95,238,397,333,302
5e4250b56c189,8,85,64,513,666,577,602
5e4250b56c189,5,59,89,487,655,576,566
5e4250b56c189,9,93,79,37,217,116,138
5e4250b56c189,3,39,101,5,161,106,60
5e4250b56c189,9,92,55,433,558,488,503
5e4250b56c189,2,25,70,393,537,463,467
5e4250b56c189,5,57,74,93,206,167,132
5e4250b56c189,7,73,39,244,357,283,318
5e4250b56c189,3,3space,74,33416,33560,33490,33486
5e4250b56c189,space,spacebksp,70,881,1018,951,948
5e4250b56c189,bksp,bkspmeta1,67,90,233,157,166
5e4250b56c189,meta1,meta18,76,628,760,704,684
5e4250b56c189,8,80,56,663,809,719,753
5e4250b56c189,0,0bksp,90,441,588,531,498
5e4250b56c189,bksp,bkspbksp,57,55,171,112,114
5e4250b56c189,bksp,bksp0,59,199,310,258,251
5e4250b56c189,0,08,52,121,252,173,200
5e4250b56c189,8,85,79,446,598,525,519
5e4250b56c189,5,59,73,177,305,250,232
5e4250b56c189,9,93,55,56,189,111,134
5e4250b56c189,3,39,78,36,176,114,98
5e4250b56c189,9,92,62,363,481,425,419
5e4250b56c189,2,25,56,379,493,435,437
5e4250b56c189,5,57,58,125,237,183,179
5e4250b56c189,7,73,54,70,189,124,135
5e4250b56c189,3,3meta1,65,34445,34570,34510,34505
5e4250b56c189,meta1,meta10,60,339,490,399,430
5e4250b56c189,0,08,91,178,338,269,247
5e4250b56c189,8,85,69,344,491,413,422
5e4250b56c189,5,59,78,141,276,219,198
5e4250b56c189,9,93,57,89,222,146,165
5e4250b56c189,3,39,76,37,178,113,102
5e4250b56c189,9,92,65,457,613,522,548
5e4250b56c189,2,25,91,464,593,555,502
5e4250b56c189,5,57,38,107,202,145,164
5e4250b56c189,7,73,57,129,241,186,184
5e4250b56c189,3,3meta1,55,38848,38976,38903,38921
5e4250b56c189,meta1,meta10,73,512,673,585,600
5e4250b56c189,0,08,88,195,353,283,265
5e4250b56c189,8,85,70,387,589,457,519
5e4250b56c189,5,59,132,411,599,543,467
5e4250b56c189,9,93,56,93,187,149,131
5e4250b56c189,3,39,38,19,120,57,82
5e4250b56c189,9,99,63,615,766,678,703
5e4250b56c189,9,92,88,127,319,215,231
5e4250b56c189,2,25,104,346,506,450,402
5e4250b56c189,5,57,56,113,238,169,182
5e4250b56c189,7,73,69,180,318,249,249
5e4250b56c189,3,3meta1,69,29297,29421,29366,29352
5e4250b56c189,meta1,meta10,55,494,607,549,552
5e4250b56c189,0,08,58,180,273,238,215
5e4250b56c189,8,85,35,364,472,399,437
5e4250b56c189,5,59,73,159,287,232,214
5e4250b56c189,9,93,55,105,238,160,183
5e4250b56c189,3,39,78,35,162,113,84
5e4250b56c189,9,92,49,146,280,195,231
5e4250b56c189,2,25,85,578,705,663,620
5e4250b56c189,5,57,42,796,892,838,850
5e4250b56c189,7,73,54,102,219,156,165
5e4250b56c189,3,3meta1,63,34534,34650,34597,34587
5e4250b56c189,meta1,meta10,53,344,453,397,400
5e4250b56c189,0,08,56,331,439,387,383
5e4250b56c189,8,85,52,349,485,401,433
5e4250b56c189,5,59,84,146,269,230,185
5e4250b56c189,9,93,39,143,252,182,213
5e4250b56c189,3,39,70,1247,1389,1317,1319
5e4250b56c189,9,92,72,111,287,183,215
5e4250b56c189,2,25,104,213,388,317,284
5e4250b56c189,5,57,71,107,254,178,183
5e4250b56c189,7,73,76,36,193,112,117
5e4250b56c189,3,3meta1,81,32650,32786,32731,32705
5e4250b56c189,meta1,meta10,55,394,519,449,464
5e4250b56c189,0,08,70,145,253,215,183
5e4250b56c189,8,85,38,361,440,399,402
5e4250b56c189,5,59,41,245,343,286,302
5e4250b56c189,9,93,57,50,171,107,114
5e4250b56c189,3,39,64,34,162,98,98
5e4250b56c189,9,99,64,560,682,624,618
5e4250b56c189,9,92,58,153,326,211,268
5e4250b56c189,2,25,115,245,399,360,284
5e4250b56c189,5,57,39,161,253,200,214
5e4250b56c189,7,73,53,178,288,231,235
5e4250b56c189,3,3meta1,57,28314,28424,28371,28367
5e4250b56c189,meta1,meta10,53,396,507,449,454
5e4250b56c189,0,08,58,120,220,178,162
5e4250b56c189,8,85,42,322,525,364,483
5e4250b56c189,5,59,161,497,716,658,555
5e4250b56c189,9,93,58,15,154,73,96
5e4250b56c189,3,39,81,19,181,100,100
5e4250b56c189,9,9bksp,81,847,1000,928,919
5e4250b56c189,bksp,bksp3,72,308,471,380,399
5e4250b56c189,3,39,91,55,208,146,117
5e4250b56c189,9,92,62,211,344,273,282
5e4250b56c189,2,25,71,347,475,418,404
5e4250b56c189,5,57,57,122,236,179,179
5e4250b56c189,7,73,57,51,206,108,149
5e4250b56c189,3,3meta1,98,30081,30232,30179,30134
5e4250b56c189,meta1,meta10,53,532,659,585,606
5e4250b56c189,0,08,74,145,272,219,198
5e4250b56c189,8,85,53,389,520,442,467
5e4250b56c189,5,59,78,193,325,271,247
5e4250b56c189,9,93,54,197,307,251,253
5e4250b56c189,3,39,56,88,188,144,132
5e4250b56c189,9,92,44,444,560,488,516
5e4250b56c189,2,25,72,331,475,403,403
5e4250b56c189,5,57,72,111,236,183,164
5e4250b56c189,7,73,53,90,202,143,149
5e4250b56c189,3,3meta1,59,27513,27644,27572,27585
5e4250b56c189,meta1,meta10,72,399,541,471,469
5e4250b56c189,0,08,70,231,356,301,286
5e4250b56c189,8,85,55,328,420,383,365
5e4250b56c189,5,59,37,144,234,181,197
5e4250b56c189,9,93,53,115,220,168,167
5e4250b56c189,3,39,52,57,168,109,116
5e4250b56c189,9,92,59,428,560,487,501
5e4250b56c189,2,25,73,262,427,335,354
5e4250b56c189,5,57,92,70,238,162,146
5e4250b56c189,7,73,76,90,261,166,185
5e4250b56c189,3,3meta1,95,89632,89802,89727,89707
5e425256c03f8,meta1,meta10,75,443,591,518,516
5e425256c03f8,0,08,73,346,508,419,435
5e425256c03f8,8,86,89,311,487,400,398
5e425256c03f8,6,64,87,723,887,810,800
5e425256c03f8,4,41,77,155,294,232,217
5e425256c03f8,1,13,62,130,262,192,200
5e425256c03f8,3,39,70,680,891,750,821
5e425256c03f8,9,94,141,691,890,832,749
5e425256c03f8,4,41,58,112,270,170,212
5e425256c03f8,1,15,100,151,368,251,268
5e425256c03f8,5,5meta1,117,37158,37352,37275,37235
5e425256c03f8,meta1,meta10,77,380,549,457,472
5e425256c03f8,0,08,92,258,437,350,345
5e425256c03f8,8,86,87,208,389,295,302
5e425256c03f8,6,64,94,624,809,718,715
5e425256c03f8,4,41,91,40,206,131,115
5e425256c03f8,1,13,75,163,327,238,252
5e425256c03f8,3,39,89,580,777,669,688
5e425256c03f8,9,94,108,608,787,716,679
5e425256c03f8,4,41,71,80,204,151,133
5e425256c03f8,1,15,53,86,253,139,200
5e425256c03f8,5,5meta1,114,30876,31081,30990,30967
5e425256c03f8,meta1,meta10,91,349,543,440,452
5e425256c03f8,0,08,103,224,436,327,333
5e425256c03f8,8,86,109,177,409,286,300
5e425256c03f8,6,64,123,510,706,633,583
5e425256c03f8,4,41,73,37,190,110,117
5e425256c03f8,1,13,80,53,228,133,148
5e425256c03f8,3,39,95,562,765,657,670
5e425256c03f8,9,94,108,642,824,750,716
5e425256c03f8,4,41,74,71,222,145,148
5e425256c03f8,1,15,77,57,210,134,133
5e425256c03f8,5,5meta1,76,29996,30163,30072,30087
5e425256c03f8,meta1,meta10,91,408,592,499,501
5e425256c03f8,0,08,93,189,358,282,265
5e425256c03f8,8,86,76,213,377,289,301
5e425256c03f8,6,64,88,746,923,834,835
5e425256c03f8,4,41,89,54,221,143,132
5e425256c03f8,1,13,78,52,226,130,148
5e425256c03f8,3,39,96,450,666,546,570
5e425256c03f8,9,94,120,527,719,647,599
5e425256c03f8,4,41,72,54,205,126,133
5e425256c03f8,1,15,79,17,161,96,82
5e425256c03f8,5,56,65,763,899,828,834
5e425256c03f8,6,6bksp,71,1394,1500,1465,1429
5e425256c03f8,bksp,bkspbksp,35,40,173,75,138
5e425256c03f8,bksp,bksp5,98,145,295,243,197
5e425256c03f8,5,5meta1,52,41432,41559,41484,41507
5e425256c03f8,meta1,meta10,75,411,574,486,499
5e425256c03f8,0,08,88,276,425,364,337
5e425256c03f8,8,86,61,258,374,319,313
5e425256c03f8,6,64,55,662,788,717,733
5e425256c03f8,4,41,71,80,188,151,117
5e425256c03f8,1,13,37,145,254,182,217
5e425256c03f8,3,39,72,541,726,613,654
5e425256c03f8,9,94,113,723,934,836,821
5e425256c03f8,4,41,98,101,287,199,189
5e425256c03f8,1,15,88,37,223,125,135
5e425256c03f8,5,5meta1,98,32412,32584,32510,32486
5e425256c03f8,meta1,meta10,74,494,662,568,588
5e425256c03f8,0,06,94,538,673,632,579
5e425256c03f8,6,64,41,659,775,700,734
5e425256c03f8,4,41,75,61,207,136,132
5e425256c03f8,1,13,71,143,288,214,217
5e425256c03f8,3,39,74,530,691,604,617
5e425256c03f8,9,94,87,713,870,800,783
5e425256c03f8,4,41,70,111,253,181,183
5e425256c03f8,1,15,72,85,221,157,149
5e425256c03f8,5,5meta1,64,28994,29118,29058,29054
5e425256c03f8,meta1,meta10,60,333,490,393,430
5e425256c03f8,0,08,97,209,385,306,288
5e425256c03f8,8,86,79,259,411,338,332
5e425256c03f8,6,64,73,528,720,601,647
5e425256c03f8,4,41,119,6,171,125,52
5e425256c03f8,1,14,46,106,228,152,182
5e425256c03f8,4,4bksp,76,715,932,791,856
5e425256c03f8,bksp,bksp3,141,18,235,159,94
5e425256c03f8,3,39,76,547,716,623,640
5e425256c03f8,9,94,93,507,653,600,560
5e425256c03f8,4,41,53,177,275,230,222
5e425256c03f8,1,15,45,16,140,61,95
5e425256c03f8,5,55,79,402,546,481,467
5e425256c03f8,5,5meta1,65,33259,33385,33324,33320
5e425256c03f8,meta1,meta10,61,412,580,473,519
5e425256c03f8,0,08,107,243,420,350,313
5e425256c03f8,8,86,70,266,373,336,303
5e425256c03f8,6,64,37,658,771,695,734
5e425256c03f8,4,41,76,106,208,182,132
5e425256c03f8,1,13,26,160,257,186,231
5e425256c03f8,3,39,71,648,808,719,737
5e425256c03f8,9,94,89,710,871,799,782
5e425256c03f8,4,41,72,92,254,164,182
5e425256c03f8,1,15,90,107,276,197,186
5e425256c03f8,5,5meta1,79,31778,31912,31857,31833
5e425256c03f8,meta1,meta10,55,347,456,402,401
5e425256c03f8,0,07,54,260,390,314,336
5e425256c03f8,7,76,76,294,440,370,364
5e425256c03f8,6,6bksp,70,638,786,708,716
5e425256c03f8,bksp,bksp8,78,348,480,426,402
5e425256c03f8,8,86,54,164,267,218,213
5e425256c03f8,6,64,49,624,755,673,706
5e425256c03f8,4,41,82,123,261,205,179
5e425256c03f8,1,13,56,126,238,182,182
5e425256c03f8,3,39,56,562,707,618,651
5e425256c03f8,9,94,89,574,732,663,643
5e425256c03f8,4,41,69,113,275,182,206
5e425256c03f8,1,15,93,91,245,184,152
5e425256c03f8,5,5meta1,61,29830,29964,29891,29903
5e425256c03f8,meta1,meta10,73,382,585,455,512
5e425256c03f8,0,07,130,547,717,677,587
5e425256c03f8,7,76,40,196,305,236,265
5e425256c03f8,6,68,69,1165,1287,1234,1218
5e425256c03f8,8,86,53,612,756,665,703
5e425256c03f8,6,64,91,430,604,521,513
5e425256c03f8,4,41,83,67,216,150,133
5e425256c03f8,1,13,66,68,232,134,166
5e425256c03f8,3,39,98,561,733,659,635
5e425256c03f8,9,94,74,513,645,587,571
5e425256c03f8,4,41,58,104,237,162,179
5e425256c03f8,1,15,75,113,257,188,182
5e425256c03f8,5,5meta1,69,-312170,-312040,-312101,-312109
5e4252749c56e,meta1,meta10,61,500,659,561,598
5e4252749c56e,0,08,98,363,549,461,451
5e4252749c56e,8,83,88,311,506,399,418
5e4252749c56e,3,30,107,209,438,316,331
5e4252749c56e,0,03,122,211,406,333,284
5e4252749c56e,3,37,73,228,408,301,335
5e4252749c56e,7,71,107,124,323,231,216
5e4252749c56e,1,18,92,340,525,432,433
5e4252749c56e,8,83,93,260,440,353,347
5e4252749c56e,3,32,87,147,323,234,236
5e4252749c56e,2,2meta1,89,33412,33558,33501,33469
5e4252749c56e,meta1,meta10,57,443,588,500,531
5e4252749c56e,0,08,88,314,492,402,404
5e4252749c56e,8,83,90,259,421,349,331
5e4252749c56e,3,30,72,176,372,248,300
5e4252749c56e,0,03,124,245,458,369,334
5e4252749c56e,3,37,89,175,353,264,264
5e4252749c56e,7,71,89,146,339,235,250
5e4252749c56e,1,18,104,314,528,418,424
5e4252749c56e,8,83,110,173,389,283,279
5e4252749c56e,3,32,106,162,336,268,230
5e4252749c56e,2,2meta1,68,36847,37006,36915,36938
5e4252749c56e,meta1,meta10,91,445,607,536,516
5e4252749c56e,0,08,71,348,487,419,416
5e4252749c56e,8,83,68,264,443,332,375
5e4252749c56e,3,30,111,237,437,348,326
5e4252749c56e,0,03,89,193,338,282,249
5e4252749c56e,3,37,56,232,340,288,284
5e4252749c56e,7,78,52,596,734,648,682
5e4252749c56e,8,83,86,278,407,364,321
5e4252749c56e,3,32,43,143,273,186,230
5e4252749c56e,2,2t,87,39262,39443,39349,39356
5e4252749c56e,t,tmeta1,94,870,1058,964,964
5e4252749c56e,meta1,meta1@,94,1242,1425,1336,1331
5e4252749c56e,@,@bksp,89,113,271,202,182
5e4252749c56e,bksp,bkspbksp,69,107,236,176,167
5e4252749c56e,bksp,bkspbksp,60,360,515,420,455
5e4252749c56e,bksp,bksp0,95,475,675,570,580
5e4252749c56e,0,08,105,291,488,396,383
5e4252749c56e,8,83,92,311,494,403,402
5e4252749c56e,3,30,91,154,357,245,266
5e4252749c56e,0,03,112,174,362,286,250
5e4252749c56e,3,37,76,194,375,270,299
5e4252749c56e,7,71,105,140,355,245,250
5e4252749c56e,1,18,110,380,618,490,508
5e4252749c56e,8,83,128,236,475,364,347
5e4252749c56e,3,32,111,108,322,219,211
5e4252749c56e,2,2meta1,103,29168,29325,29271,29222
5e4252749c56e,meta1,meta10,54,1607,1767,1661,1713
5e4252749c56e,0,08,106,348,542,454,436
5e4252749c56e,8,83,88,344,506,432,418
5e4252749c56e,3,30,74,225,410,299,336
5e4252749c56e,0,03,111,225,406,336,295
5e4252749c56e,3,37,70,313,454,383,384
5e4252749c56e,7,78,71,942,1128,1013,1057
5e4252749c56e,8,83,115,304,454,419,339
5e4252749c56e,3,32,35,234,308,269,273
5e4252749c56e,2,2meta1,39,38140,38270,38179,38231
5e4252749c56e,meta1,meta10,91,375,557,466,466
5e4252749c56e,0,08,91,329,495,420,404
5e4252749c56e,8,83,75,272,427,347,352
5e4252749c56e,3,30,80,198,358,278,278
5e4252749c56e,0,03,80,254,432,334,352
5e4252749c56e,3,37,98,211,397,309,299
5e4252749c56e,7,71,88,194,371,282,283
5e4252749c56e,1,18,89,225,405,314,316
5e4252749c56e,8,83,91,229,363,320,272
5e4252749c56e,3,32,43,177,323,220,280
5e4252749c56e,2,2meta1,103,33344,33524,33447,33421
5e4252749c56e,meta1,meta10,77,340,491,417,414
5e4252749c56e,0,08,74,733,906,807,832
5e4252749c56e,8,83,99,259,469,358,370
5e4252749c56e,3,30,111,153,376,264,265
5e4252749c56e,0,03,112,208,411,320,299
5e4252749c56e,3,37,91,279,440,370,349
5e4252749c56e,7,71,70,316,459,386,389
5e4252749c56e,1,18,73,191,367,264,294
5e4252749c56e,8,83,103,195,355,298,252
5e4252749c56e,3,32,57,144,289,201,232
5e4252749c56e,2,2meta1,88,29282,29443,29370,29355
5e4252749c56e,meta1,meta10,73,525,685,598,612
5e4252749c56e,0,08,87,282,455,369,368
5e4252749c56e,8,83,86,256,454,342,368
5e4252749c56e,3,30,112,195,411,307,299
5e4252749c56e,0,03,104,178,425,282,321
5e4252749c56e,3,37,143,289,506,432,363
5e4252749c56e,7,71,74,140,324,214,250
5e4252749c56e,1,18,110,194,375,304,265
5e4252749c56e,8,83,71,197,338,268,267
5e4252749c56e,3,32,70,131,286,201,216
5e4252749c56e,2,2meta1,85,35312,35451,35397,35366
5e4252749c56e,meta1,meta10,54,595,743,649,689
5e4252749c56e,0,08,94,306,493,400,399
5e4252749c56e,8,83,93,279,424,372,331
5e4252749c56e,3,30,52,195,351,247,299
5e4252749c56e,0,03,104,176,324,280,220
5e4252749c56e,3,31,44,707,829,751,785
5e4252749c56e,1,1bksp,78,1109,1294,1187,1216
5e4252749c56e,bksp,bksp7,107,1460,1673,1567,1566
5e4252749c56e,7,71,106,1175,1360,1281,1254
5e4252749c56e,1,18,79,458,664,537,585
5e4252749c56e,8,83,127,436,688,563,561
5e4252749c56e,3,32,125,163,358,288,233
5e4252749c56e,2,2meta1,70,43342,43486,43412,43416
5e4252749c56e,meta1,meta10,74,344,517,418,443
5e4252749c56e,0,08,99,271,476,370,377
5e4252749c56e,8,83,106,208,406,314,300
5e4252749c56e,3,30,92,189,392,281,300
5e4252749c56e,0,03,111,227,427,338,316
5e4252749c56e,3,37,89,261,426,350,337
5e4252749c56e,7,71,76,206,390,282,314
5e4252749c56e,1,18,108,391,606,499,498
5e4252749c56e,8,83,107,256,440,363,333
5e4252749c56e,3,32,77,212,378,289,301
5e4252749c56e,2,2meta1,89,-315041,-314882,-314952,-314971
5e4252930dd6b,meta1,meta10,70,503,662,573,592
5e4252930dd6b,0,08,89,451,621,540,532
5e4252930dd6b,8,86,81,508,665,589,584
5e4252930dd6b,6,64,76,522,690,598,614
5e4252930dd6b,4,47,92,558,712,650,620
5e4252930dd6b,7,73,62,707,812,769,750
5e4252930dd6b,3,34,43,512,650,555,607
5e4252930dd6b,4,44,95,104,270,199,175
5e4252930dd6b,4,43,71,166,321,237,250
5e4252930dd6b,3,31,84,230,407,314,323
5e4252930dd6b,1,1meta1,93,40410,40554,40503,40461
5e4252930dd6b,meta1,meta10,51,566,713,617,662
5e4252930dd6b,0,08,96,324,506,420,410
5e4252930dd6b,8,86,86,645,806,731,720
5e4252930dd6b,6,64,75,507,675,582,600
5e4252930dd6b,4,47,93,275,460,368,367
5e4252930dd6b,7,73,92,587,775,679,683
5e4252930dd6b,3,34,96,343,513,439,417
5e4252930dd6b,4,44,74,89,236,163,162
5e4252930dd6b,4,43,73,345,459,418,386
5e4252930dd6b,3,31,41,441,592,482,551
5e4252930dd6b,1,1meta1,110,40063,40210,40173,40100
5e4252930dd6b,meta1,meta10,37,448,571,485,534
5e4252930dd6b,0,08,86,447,620,533,534
5e4252930dd6b,8,86,87,615,799,702,712
5e4252930dd6b,6,64,97,441,652,538,555
5e4252930dd6b,4,47,114,413,595,527,481
5e4252930dd6b,7,73,68,449,554,517,486
5e4252930dd6b,3,34,37,362,468,399,431
5e4252930dd6b,4,44,69,103,217,172,148
5e4252930dd6b,4,43,45,183,297,228,252
5e4252930dd6b,3,31,69,264,436,333,367
5e4252930dd6b,1,1meta1,103,50632,50824,50735,50721
5e4252930dd6b,meta1,meta10,89,446,622,535,533
5e4252930dd6b,0,08,87,431,637,518,550
5e4252930dd6b,8,86,119,746,983,865,864
5e4252930dd6b,6,64,118,563,785,681,667
5e4252930dd6b,4,47,104,332,538,436,434
5e4252930dd6b,7,73,102,462,652,564,550
5e4252930dd6b,3,34,88,225,372,313,284
5e4252930dd6b,4,44,59,90,243,149,184
5e4252930dd6b,4,43,94,130,309,224,215
5e4252930dd6b,3,31,85,333,488,418,403
5e4252930dd6b,1,1meta1,70,40016,40156,40086,40086
5e4252930dd6b,meta1,meta10,70,578,736,648,666
5e4252930dd6b,0,08,88,382,522,470,434
5e4252930dd6b,8,86,52,446,617,498,565
5e4252930dd6b,6,64,119,482,703,601,584
5e4252930dd6b,4,47,102,282,468,384,366
5e4252930dd6b,7,73,84,482,635,566,551
5e4252930dd6b,3,34,69,256,402,325,333
5e4252930dd6b,4,44,77,103,259,180,182
5e4252930dd6b,4,43,79,165,345,244,266
5e4252930dd6b,3,31,101,582,752,683,651
5e4252930dd6b,1,1meta1,69,36932,37060,37001,36991
5e4252930dd6b,meta1,meta10,59,743,856,802,797
5e4252930dd6b,0,08,54,562,685,616,631
5e4252930dd6b,8,86,69,675,805,744,736
5e4252930dd6b,6,64,61,707,827,768,766
5e4252930dd6b,4,47,59,510,642,569,583
5e4252930dd6b,7,73,73,1557,1688,1630,1615
5e4252930dd6b,3,34,58,610,707,668,649
5e4252930dd6b,4,43,39,367,444,406,405
5e4252930dd6b,3,31,38,290,385,328,347
5e4252930dd6b,1,14,57,2947,3106,3004,3049
5e4252930dd6b,4,4meta1,102,39301,39493,39403,39391
5e4252930dd6b,meta1,meta10,90,478,656,568,566
5e4252930dd6b,0,08,88,362,536,450,448
5e4252930dd6b,8,86,86,513,704,599,618
5e4252930dd6b,6,64,105,377,589,482,484
5e4252930dd6b,4,47,107,343,538,450,431
5e4252930dd6b,7,73,88,726,906,814,818
5e4252930dd6b,3,34,92,236,422,328,330
5e4252930dd6b,4,44,94,90,260,184,166
5e4252930dd6b,4,43,76,216,377,292,301
5e4252930dd6b,3,31,85,284,453,369,368
5e4252930dd6b,1,1meta1,84,42010,42154,42094,42070
5e4252930dd6b,meta1,meta10,60,442,578,502,518
5e4252930dd6b,0,08,76,347,527,423,451
5e4252930dd6b,8,86,104,509,738,613,634
5e4252930dd6b,6,64,125,671,940,796,815
5e4252930dd6b,4,47,144,343,575,487,431
5e4252930dd6b,7,73,88,362,540,450,452
5e4252930dd6b,3,34,90,266,439,356,349
5e4252930dd6b,4,44,83,120,281,203,198
5e4252930dd6b,4,43,78,108,296,186,218
5e4252930dd6b,3,31,110,400,592,510,482
5e4252930dd6b,1,1meta1,82,41032,41173,41114,41091
5e4252930dd6b,meta1,meta10,59,359,506,418,447
5e4252930dd6b,0,08,88,447,674,535,586
5e4252930dd6b,8,86,139,377,620,516,481
5e4252930dd6b,6,64,104,554,770,658,666
5e4252930dd6b,4,47,112,366,546,478,434
5e4252930dd6b,7,73,68,577,753,645,685
5e4252930dd6b,3,34,108,242,437,350,329
5e4252930dd6b,4,44,87,94,271,181,184
5e4252930dd6b,4,43,90,160,325,250,235
5e4252930dd6b,3,31,75,498,643,573,568
5e4252930dd6b,1,1meta1,70,33947,34072,34017,34002
5e4252930dd6b,meta1,meta18,55,1213,1354,1268,1299
5e4252930dd6b,8,86,86,532,771,618,685
5e4252930dd6b,6,64,153,252,519,405,366
5e4252930dd6b,4,47,114,326,513,440,399
5e4252930dd6b,7,73,73,464,646,537,573
5e4252930dd6b,3,34,109,153,352,262,243
5e4252930dd6b,4,44,90,95,257,185,167
5e4252930dd6b,4,44,72,161,323,233,251
5e4252930dd6b,4,4bksp,90,1211,1390,1301,1300
5e4252930dd6b,bksp,bksp3,89,679,872,768,783
5e4252930dd6b,3,31,104,209,406,313,302
5e4252930dd6b,1,1meta1,93,112363,112516,112456,112423
5e4254c025335,meta1,meta10,60,431,527,491,467
5e4254c025335,0,08,36,207,334,243,298
5e4254c025335,8,84,91,159,326,250,235
5e4254c025335,4,41,76,161,342,237,266
5e4254c025335,1,12,105,164,353,269,248
5e4254c025335,2,23,84,129,255,213,171
5e4254c025335,3,38,42,137,257,179,215
5e4254c025335,8,82,78,70,229,148,151
5e4254c025335,2,21,81,137,295,218,214
5e4254c025335,1,11,77,108,244,185,167
5e4254c025335,1,1meta1,59,30416,30534,30475,30475
5e4254c025335,meta1,meta10,59,305,437,364,378
5e4254c025335,0,08,73,295,439,368,366
5e4254c025335,8,84,71,197,339,268,268
5e4254c025335,4,41,71,192,354,263,283
5e4254c025335,1,12,91,146,323,237,232
5e4254c025335,2,23,86,146,302,232,216
5e4254c025335,3,38,70,161,303,231,233
5e4254c025335,8,82,72,74,256,146,184
5e4254c025335,2,21,110,122,311,232,201
5e4254c025335,1,11,79,89,227,168,148
5e4254c025335,1,1meta1,59,27297,27431,27356,27372
5e4254c025335,meta1,meta10,75,292,442,367,367
5e4254c025335,0,08,75,275,442,350,367
5e4254c025335,8,84,92,259,424,351,332
5e4254c025335,4,41,73,214,388,287,315
5e4254c025335,1,12,101,144,334,245,233
5e4254c025335,2,23,89,128,290,217,201
5e4254c025335,3,38,73,296,425,369,352
5e4254c025335,8,82,56,66,237,122,181
5e4254c025335,2,21,115,107,298,222,183
5e4254c025335,1,11,76,90,226,166,150
5e4254c025335,1,1meta1,60,28862,29013,28922,28953
5e4254c025335,meta1,meta10,91,327,489,418,398
5e4254c025335,0,08,71,228,388,299,317
5e4254c025335,8,83,89,78,257,167,168
5e4254c025335,3,34,90,612,771,702,681
5e4254c025335,4,4bksp,69,813,938,882,869
5e4254c025335,bksp,bkspbksp,56,120,223,176,167
5e4254c025335,bksp,bkspbksp,47,135,262,182,215
5e4254c025335,bksp,bksp4,80,557,713,637,633
5e4254c025335,4,41,76,175,342,251,266
5e4254c025335,1,12,91,182,343,273,252
5e4254c025335,2,23,70,182,318,252,248
5e4254c025335,3,38,66,1010,1150,1076,1084
5e4254c025335,8,82,74,97,239,171,165
5e4254c025335,2,21,68,163,306,231,238
5e4254c025335,1,11,75,107,240,182,165
5e4254c025335,1,1meta1,58,28431,28560,28489,28502
5e4254c025335,meta1,meta10,71,345,473,416,402
5e4254c025335,0,08,57,276,408,333,351
5e4254c025335,8,84,75,225,355,300,280
5e4254c025335,4,41,55,198,339,253,284
5e4254c025335,1,12,86,147,318,233,232
5e4254c025335,2,23,85,129,269,214,184
5e4254c025335,3,38,55,130,253,185,198
5e4254c025335,8,82,68,74,236,142,168
5e4254c025335,2,21,94,113,277,207,183
5e4254c025335,1,11,70,73,203,143,133
5e4254c025335,1,1meta1,60,23049,23173,23109,23113
5e4254c025335,meta1,meta10,64,270,404,334,340
5e4254c025335,0,08,70,291,439,361,369
5e4254c025335,8,84,78,159,324,237,246
5e4254c025335,4,41,87,157,356,244,269
5e4254c025335,1,12,112,138,328,250,216
5e4254c025335,2,23,78,106,277,184,199
5e4254c025335,3,38,93,91,258,184,165
5e4254c025335,8,82,74,71,242,145,168
5e4254c025335,2,21,97,108,282,205,185
5e4254c025335,1,11,77,88,226,165,149
5e4254c025335,1,1meta1,61,24236,24365,24297,24304
5e4254c025335,meta1,meta10,68,254,400,322,332
5e4254c025335,0,08,78,223,361,301,283
5e4254c025335,8,84,60,190,343,250,283
5e4254c025335,4,41,93,140,329,233,236
5e4254c025335,1,12,96,101,276,197,180
5e4254c025335,2,23,79,88,245,167,166
5e4254c025335,3,38,78,107,245,185,167
5e4254c025335,8,82,60,87,226,147,166
5e4254c025335,2,21,79,124,264,203,185
5e4254c025335,1,11,61,86,194,147,133
5e4254c025335,1,1meta1,47,28460,28581,28507,28534
5e4254c025335,meta1,meta10,74,267,407,341,333
5e4254c025335,0,08,66,212,351,278,285
5e4254c025335,8,84,73,177,338,250,265
5e4254c025335,4,42,88,147,307,235,219
5e4254c025335,2,22,72,123,270,195,198
5e4254c025335,2,23,75,90,224,165,149
5e4254c025335,3,3bksp,59,2132,2282,2191,2223
5e4254c025335,bksp,bkspbksp,91,105,269,196,178
5e4254c025335,bksp,bkspbksp,73,90,238,163,165
5e4254c025335,bksp,bksp1,75,443,630,518,555
5e4254c025335,1,12,112,145,325,257,213
5e4254c025335,2,23,68,122,250,190,182
5e4254c025335,3,38,60,141,281,201,221
5e4254c025335,8,82,80,17,177,97,97
5e4254c025335,2,21,80,103,264,183,184
5e4254c025335,1,11,81,73,231,154,150
5e4254c025335,1,1bksp,77,546,713,623,636
5e4254c025335,bksp,bkspbksp,90,109,269,199,179
5e4254c025335,bksp,bksp2,70,475,608,545,538
5e4254c025335,2,21,63,137,260,200,197
5e4254c025335,1,11,60,91,208,151,148
5e4254c025335,1,1meta1,57,25817,25945,25874,25888
5e4254c025335,meta1,meta10,71,245,386,316,315
5e4254c025335,0,08,70,277,423,347,353
5e4254c025335,8,84,76,161,323,237,247
5e4254c025335,4,41,86,227,421,313,335
5e4254c025335,1,12,108,211,406,319,298
5e4254c025335,2,23,87,114,288,201,201
5e4254c025335,3,38,87,429,573,516,486
5e4254c025335,8,82,57,148,271,205,214
5e4254c025335,2,21,66,160,300,226,234
5e4254c025335,1,11,74,71,208,145,134
5e4254c025335,1,1meta1,63,28077,28198,28140,28135
5e4254c025335,meta1,meta10,58,277,406,335,348
5e4254c025335,0,08,71,249,388,320,317
5e4254c025335,8,84,68,195,368,263,300
5e4254c025335,4,41,105,180,388,285,283
5e4254c025335,1,12,103,147,355,250,252
5e4254c025335,2,23,105,111,287,216,182
5e4254c025335,3,38,71,144,287,215,216
5e4254c025335,8,82,72,113,271,185,199
5e4254c025335,2,21,86,120,255,206,169
5e4254c025335,1,11,49,103,215,152,166
5e4254c025335,1,1meta1,63,-241054,-240944,-240991,-241007
5e4254c297353,meta1,meta10,47,268,396,315,349
5e4254c297353,0,08,81,213,383,294,302
5e4254c297353,8,86,89,511,690,600,601
5e4254c297353,6,65,90,196,355,286,265
5e4254c297353,5,53,69,413,556,482,487
5e4254c297353,3,35,74,375,522,449,448
5e4254c297353,5,59,73,314,473,387,400
5e4254c297353,9,99,86,114,268,200,182
5e4254c297353,9,95,68,477,635,545,567
5e4254c297353,5,53,90,230,357,320,267
5e4254c297353,3,30,37,42064,42191,42101,42154
5e4254c297353,0,08,90,209,388,299,298
5e4254c297353,8,86,89,729,892,818,803
5e4254c297353,6,65,74,295,456,369,382
5e4254c297353,5,53,87,526,686,613,599
5e4254c297353,3,35,73,313,457,386,384
5e4254c297353,5,59,71,572,720,643,649
5e4254c297353,9,99,77,145,293,222,216
5e4254c297353,9,95,71,577,739,648,668
5e4254c297353,5,53,91,197,340,288,249
5e4254c297353,3,3meta1,52,39214,39336,39266,39284
5e4254c297353,meta1,meta10,70,246,405,316,335
5e4254c297353,0,08,89,200,356,289,267
5e4254c297353,8,86,67,383,535,450,468
5e4254c297353,6,65,85,364,520,449,435
5e4254c297353,5,53,71,278,456,349,385
5e4254c297353,3,35,107,292,472,399,365
5e4254c297353,5,59,73,379,521,452,448
5e4254c297353,9,99,69,89,202,158,133
5e4254c297353,9,95,44,529,665,573,621
5e4254c297353,5,53,92,440,623,532,531
5e4254c297353,3,3meta1,91,35719,35858,35810,35767
5e4254c297353,meta1,meta10,48,254,399,302,351
5e4254c297353,0,08,97,160,348,257,251
5e4254c297353,8,86,91,611,772,702,681
5e4254c297353,6,65,70,178,321,248,251
5e4254c297353,5,53,73,414,557,487,484
5e4254c297353,3,35,70,397,572,467,502
5e4254c297353,5,59,105,396,568,501,463
5e4254c297353,9,99,67,78,200,145,133
5e4254c297353,9,95,55,482,607,537,552
5e4254c297353,5,53,70,229,370,299,300
5e4254c297353,3,3meta1,71,41345,41487,41416,41416
5e4254c297353,meta1,meta18,71,579,722,650,651
5e4254c297353,8,8bksp,72,728,875,800,803
5e4254c297353,bksp,bksp0,75,661,810,736,735
5e4254c297353,0,08,74,557,705,631,631
5e4254c297353,8,86,74,564,710,638,636
5e4254c297353,6,65,72,164,334,236,262
5e4254c297353,5,53,98,329,502,427,404
5e4254c297353,3,35,75,385,537,460,462
5e4254c297353,5,59,77,381,533,458,456
5e4254c297353,9,99,75,88,221,163,146
5e4254c297353,9,95,58,478,626,536,568
5e4254c297353,5,53,90,229,407,319,317
5e4254c297353,3,3meta1,88,35065,35225,35153,35137
5e4254c297353,meta1,meta10,72,228,385,300,313
5e4254c297353,0,08,85,266,420,351,335
5e4254c297353,8,86,69,601,733,670,664
5e4254c297353,6,65,63,168,313,231,250
5e4254c297353,5,53,82,403,576,485,494
5e4254c297353,3,35,91,320,486,411,395
5e4254c297353,5,59,75,394,554,469,479
5e4254c297353,9,99,85,153,302,238,217
5e4254c297353,9,95,64,503,648,567,584
5e4254c297353,5,53,81,209,333,290,252
5e4254c297353,3,3meta1,43,36140,36245,36183,36202
5e4254c297353,meta1,meta18,62,719,877,781,815
5e4254c297353,8,86,96,661,815,757,719
5e4254c297353,6,65,58,192,321,250,263
5e4254c297353,5,53,71,515,673,586,602
5e4254c297353,3,35,87,348,504,435,417
5e4254c297353,5,59,69,414,569,483,500
5e4254c297353,9,99,86,77,217,163,131
5e4254c297353,9,95,54,496,640,550,586
5e4254c297353,5,53,90,251,403,341,313
5e4254c297353,3,3p,62,35651,35748,35713,35686
5e4254c297353,p,pmeta1,35,1450,1571,1485,1536
5e4254c297353,meta1,meta10,86,235,434,321,348
5e4254c297353,0,08,113,225,414,338,301
5e4254c297353,8,86,76,510,658,586,582
5e4254c297353,6,65,72,215,340,287,268
5e4254c297353,5,53,53,482,605,535,552
5e4254c297353,3,35,70,284,435,354,365
5e4254c297353,5,59,81,291,448,372,367
5e4254c297353,9,99,76,76,242,152,166
5e4254c297353,9,95,90,513,661,603,571
5e4254c297353,5,53,58,256,389,314,331
5e4254c297353,3,3meta1,75,34246,34358,34321,34283
5e4254c297353,meta1,meta10,37,240,354,277,317
5e4254c297353,0,08,77,232,377,309,300
5e4254c297353,8,86,68,564,720,632,652
5e4254c297353,6,65,88,126,271,214,183
5e4254c297353,5,53,57,247,360,304,303
5e4254c297353,3,35,56,194,336,250,280
5e4254c297353,5,59,86,315,469,401,383
5e4254c297353,9,99,68,56,218,124,150
5e4254c297353,9,95,94,495,677,589,583
5e4254c297353,5,53,88,184,354,272,266
5e4254c297353,3,3meta1,82,38058,38208,38140,38126
5e4254c297353,meta1,meta10,68,245,420,313,352
5e4254c297353,0,08,107,261,422,368,315
5e4254c297353,8,86,54,597,739,651,685
5e4254c297353,6,65,88,143,319,231,231
5e4254c297353,5,53,88,295,457,383,369
5e4254c297353,3,35,74,279,409,353,335
5e4254c297353,5,59,56,577,704,633,648
5e4254c297353,9,99,71,96,253,167,182
5e4254c297353,9,95,86,446,622,532,536
5e4254c297353,5,53,90,229,357,319,267
5e4254c297353,3,3meta1,38,-391011,-390883,-390973,-390921
5e4254ca5a526,meta1,meta10,90,709,925,799,835
5e4254ca5a526,0,06,126,324,576,450,450
5e4254ca5a526,6,62,126,506,740,632,614
5e4254ca5a526,2,25,108,711,946,819,838
5e4254ca5a526,5,53,127,308,559,435,432
5e4254ca5a526,3,31,124,172,405,296,281
5e4254ca5a526,1,16,109,409,640,518,531
5e4254ca5a526,6,64,122,248,472,370,350
5e4254ca5a526,4,44,102,73,303,175,201
5e4254ca5a526,4,47,128,516,695,644,567
5e4254ca5a526,7,7meta1,51,45492,45637,45543,45586
5e4254ca5a526,meta1,meta10,94,814,1012,908,918
5e4254ca5a526,0,06,104,1112,1336,1216,1232
5e4254ca5a526,6,62,120,563,820,683,700
5e4254ca5a526,2,25,137,632,893,769,756
5e4254ca5a526,5,53,124,625,866,749,742
5e4254ca5a526,3,31,117,278,538,395,421
5e4254ca5a526,1,16,143,625,908,768,765
5e4254ca5a526,6,64,140,493,725,633,585
5e4254ca5a526,4,44,92,163,321,255,229
5e4254ca5a526,4,4meta1,66,44381,44569,44447,44503
5e4254ca5a526,meta1,meta10,122,782,1024,904,902
5e4254ca5a526,0,06,120,932,1189,1052,1069
5e4254ca5a526,6,62,137,531,800,668,663
5e4254ca5a526,2,25,132,649,917,781,785
5e4254ca5a526,5,53,136,590,818,726,682
5e4254ca5a526,3,31,92,280,513,372,421
5e4254ca5a526,1,16,141,1440,1723,1581,1582
5e4254ca5a526,6,64,142,345,594,487,452
5e4254ca5a526,4,44,107,125,356,232,249
5e4254ca5a526,4,47,124,390,638,514,514
5e4254ca5a526,7,7meta1,124,41814,42042,41938,41918
5e4254ca5a526,meta1,meta10,104,797,1019,901,915
5e4254ca5a526,0,06,118,618,854,736,736
5e4254ca5a526,6,62,118,645,909,763,791
5e4254ca5a526,2,25,146,654,902,800,756
5e4254ca5a526,5,53,102,286,502,388,400
5e4254ca5a526,3,31,114,186,431,300,317
5e4254ca5a526,1,16,131,750,998,881,867
5e4254ca5a526,6,64,117,432,677,549,560
5e4254ca5a526,4,44,128,70,302,198,174
5e4254ca5a526,4,47,104,380,591,484,487
5e4254ca5a526,7,7meta1,107,66584,66811,66691,66704
5e4254ca5a526,meta1,meta10,120,668,900,788,780
5e4254ca5a526,0,06,112,1161,1419,1273,1307
5e4254ca5a526,6,62,146,459,746,605,600
5e4254ca5a526,2,25,141,591,890,732,749
5e4254ca5a526,5,53,158,480,751,638,593
5e4254ca5a526,3,31,113,407,692,520,579
5e4254ca5a526,1,16,172,669,1007,841,835
5e4254ca5a526,6,64,166,517,792,683,626
5e4254ca5a526,4,44,109,127,356,236,247
5e4254ca5a526,4,47,120,564,785,684,665
5e4254ca5a526,7,7meta1,101,41860,42071,41961,41970
5e4254ca5a526,meta1,meta10,110,747,996,857,886
5e4254ca5a526,0,06,139,843,1087,982,948
5e4254ca5a526,6,62,105,431,658,536,553
5e4254ca5a526,2,25,122,509,757,631,635
5e4254ca5a526,5,53,126,299,555,425,429
5e4254ca5a526,3,31,130,159,451,289,321
5e4254ca5a526,1,16,162,606,910,768,748
5e4254ca5a526,6,64,142,427,673,569,531
5e4254ca5a526,4,44,104,58,271,162,167
5e4254ca5a526,4,47,109,360,594,469,485
5e4254ca5a526,7,7meta1,125,41845,42059,41970,41934
5e4254ca5a526,meta1,meta10,89,748,921,837,832
5e4254ca5a526,0,06,84,747,952,831,868
5e4254ca5a526,6,62,121,562,805,683,684
5e4254ca5a526,2,25,122,465,690,587,568
5e4254ca5a526,5,53,103,365,598,468,495
5e4254ca5a526,3,36,130,1406,1671,1536,1541
5e4254ca5a526,6,64,135,242,482,377,347
5e4254ca5a526,4,44,105,126,303,231,198
5e4254ca5a526,4,47,72,379,576,451,504
5e4254ca5a526,7,7meta1,125,40295,40520,40420,40395
5e4254ca5a526,meta1,meta10,100,698,926,798,826
5e4254ca5a526,0,06,128,860,1124,988,996
5e4254ca5a526,6,62,136,545,818,681,682
5e4254ca5a526,2,25,137,401,618,538,481
5e4254ca5a526,5,53,80,245,431,325,351
5e4254ca5a526,3,31,106,181,406,287,300
5e4254ca5a526,1,16,119,430,673,549,554
5e4254ca5a526,6,64,124,345,606,469,482
5e4254ca5a526,4,44,137,37,286,174,149
5e4254ca5a526,4,47,112,397,632,509,520
5e4254ca5a526,7,70,123,41550,41831,41673,41708
5e4254ca5a526,0,06,158,788,1086,946,928
5e4254ca5a526,6,62,140,476,758,616,618
5e4254ca5a526,2,25,142,620,871,762,729
5e4254ca5a526,5,53,109,265,444,374,335
5e4254ca5a526,3,31,70,155,368,225,298
5e4254ca5a526,1,16,143,780,1027,923,884
5e4254ca5a526,6,64,104,278,487,382,383
5e4254ca5a526,4,44,105,94,304,199,199
5e4254ca5a526,4,47,105,283,491,388,386
5e4254ca5a526,7,7meta1,103,50460,50670,50563,50567
5e4254ca5a526,meta1,meta10,107,731,978,838,871
5e4254ca5a526,0,06,140,663,940,803,800
5e4254ca5a526,6,62,137,547,820,684,683
5e4254ca5a526,2,25,136,528,800,664,664
5e4254ca5a526,5,53,136,364,620,500,484
5e4254ca5a526,3,31,120,280,502,400,382
5e4254ca5a526,1,16,102,1528,1753,1630,1651
5e4254ca5a526,6,64,123,365,607,488,484
5e4254ca5a526,4,44,119,53,284,172,165
5e4254ca5a526,4,47,112,348,565,460,453
5e4254ca5a526,7,7meta1,105,-111759,-111592,-111654,-111697
5e42563282cf6,meta1,meta10,62,423,556,485,494
5e42563282cf6,0,08,71,264,404,335,333
5e42563282cf6,8,85,69,598,736,667,667
5e42563282cf6,5,50,69,661,838,730,769
5e42563282cf6,0,06,108,561,739,669,631
5e42563282cf6,6,63,70,430,568,500,498
5e42563282cf6,3,34,68,215,352,283,284
5e42563282cf6,4,42,69,180,303,249,234
5e42563282cf6,2,27,54,480,603,534,549
5e42563282cf6,7,75,69,279,421,348,352
5e42563282cf6,5,5meta1,73,102270,102402,102343,102329
5e42563282cf6,meta1,meta10,59,437,588,496,529
5e42563282cf6,0,08,92,376,540,468,448
5e42563282cf6,8,85,72,347,487,419,415
5e42563282cf6,5,50,68,163,334,231,266
5e42563282cf6,0,06,103,211,369,314,266
5e42563282cf6,6,63,55,563,707,618,652
5e42563282cf6,3,34,89,361,539,450,450
5e42563282cf6,4,42,89,233,403,322,314
5e42563282cf6,2,27,81,693,885,774,804
5e42563282cf6,7,75,111,187,374,298,263
5e42563282cf6,5,5meta1,76,67982,68150,68058,68074
5e42563282cf6,meta1,meta10,92,358,558,450,466
5e42563282cf6,0,05,108,692,872,800,764
5e42563282cf6,5,50,72,193,358,265,286
5e42563282cf6,0,06,93,711,875,804,782
5e42563282cf6,6,63,71,410,573,481,502
5e42563282cf6,3,34,92,807,973,899,881
5e42563282cf6,4,42,74,190,372,264,298
5e42563282cf6,2,27,108,294,493,402,385
5e42563282cf6,7,75,91,241,410,332,319
5e42563282cf6,5,5meta1,78,44658,44813,44736,44735
5e42563282cf6,meta1,meta10,77,377,577,454,500
5e42563282cf6,0,08,123,208,422,331,299
5e42563282cf6,8,85,91,329,492,420,401
5e42563282cf6,5,50,72,190,356,262,284
5e42563282cf6,0,06,94,273,426,367,332
5e42563282cf6,6,63,59,439,577,498,518
5e42563282cf6,3,34,79,288,461,367,382
5e42563282cf6,4,42,94,175,360,269,266
5e42563282cf6,2,27,91,245,464,336,373
5e42563282cf6,7,75,128,150,356,278,228
5e42563282cf6,5,5meta1,78,50345,50496,50423,50418
5e42563282cf6,meta1,meta10,73,326,508,399,435
5e42563282cf6,0,08,109,196,390,305,281
5e42563282cf6,8,85,85,429,607,514,522
5e42563282cf6,5,50,93,188,408,281,315
5e42563282cf6,0,06,127,257,457,384,330
5e42563282cf6,6,63,73,613,758,686,685
5e42563282cf6,3,34,72,177,322,249,250
5e42563282cf6,4,42,73,181,305,254,232
5e42563282cf6,2,27,51,446,570,497,519
5e42563282cf6,7,75,73,308,454,381,381
5e42563282cf6,5,5meta1,73,53466,53609,53539,53536
5e42563282cf6,meta1,meta10,70,345,504,415,434
5e42563282cf6,0,08,89,262,475,351,386
5e42563282cf6,8,85,124,358,556,482,432
5e42563282cf6,5,50,74,248,441,322,367
5e42563282cf6,0,06,119,250,450,369,331
5e42563282cf6,6,63,81,399,551,480,470
5e42563282cf6,3,34,71,146,283,217,212
5e42563282cf6,4,42,66,216,350,282,284
5e42563282cf6,2,27,68,443,606,511,538
5e42563282cf6,7,75,95,270,427,365,332
5e42563282cf6,5,5meta1,62,51069,51196,51131,51134
5e42563282cf6,meta1,meta10,65,381,553,446,488
5e42563282cf6,0,08,107,194,370,301,263
5e42563282cf6,8,85,69,377,520,446,451
5e42563282cf6,5,50,74,175,356,249,282
5e42563282cf6,0,06,107,244,424,351,317
5e42563282cf6,6,63,73,408,575,481,502
5e42563282cf6,3,34,94,324,493,418,399
5e42563282cf6,4,42,75,226,389,301,314
5e42563282cf6,2,27,88,248,406,336,318
5e42563282cf6,7,75,70,211,369,281,299
5e42563282cf6,5,5meta1,88,56019,56158,56107,56070
5e42563282cf6,meta1,meta10,51,447,570,498,519
5e42563282cf6,0,08,72,274,423,346,351
5e42563282cf6,8,85,77,410,560,487,483
5e42563282cf6,5,50,73,259,422,332,349
5e42563282cf6,0,06,90,509,709,599,619
5e42563282cf6,6,63,110,360,542,470,432
5e42563282cf6,3,34,72,141,285,213,213
5e42563282cf6,4,42,72,182,340,254,268
5e42563282cf6,2,27,86,510,687,596,601
5e42563282cf6,7,75,91,208,372,299,281
5e42563282cf6,5,5meta1,73,40305,40428,40378,40355
5e42563282cf6,meta1,meta10,50,459,614,509,564
5e42563282cf6,0,08,105,425,594,530,489
5e42563282cf6,8,85,64,602,743,666,679
5e42563282cf6,5,50,77,210,395,287,318
5e42563282cf6,0,06,108,256,439,364,331
5e42563282cf6,6,63,75,416,613,491,538
5e42563282cf6,3,34,122,341,534,463,412
5e42563282cf6,4,42,71,199,338,270,267
5e42563282cf6,2,27,68,242,401,310,333
5e42563282cf6,7,75,91,193,344,284,253
5e42563282cf6,5,5meta1,60,50264,50395,50324,50335
5e42563282cf6,meta1,meta10,71,330,505,401,434
5e42563282cf6,0,08,104,195,369,299,265
5e42563282cf6,8,86,70,348,454,418,384
5e42563282cf6,6,6bksp,36,628,775,664,739
5e42563282cf6,bksp,bksp5,111,307,505,418,394
5e42563282cf6,5,50,87,212,387,299,300
5e42563282cf6,0,06,88,230,390,318,302
5e42563282cf6,6,63,72,574,735,646,663
5e42563282cf6,3,34,89,116,272,205,183
5e42563282cf6,4,42,67,246,385,313,318
5e42563282cf6,2,27,72,463,622,535,550
5e42563282cf6,7,75,87,227,406,314,319
5e42563282cf6,5,5meta1,92,-424746,-424595,-424654,-424687
5e4256bb6b10f,meta1,meta18,59,725,880,784,821
5e4256bb6b10f,8,81,96,552,704,648,608
5e4256bb6b10f,1,15,56,394,488,450,432
5e4256bb6b10f,5,55,38,93,202,131,164
5e4256bb6b10f,5,58,71,511,670,582,599
5e4256bb6b10f,8,89,88,563,758,651,670
5e4256bb6b10f,9,96,107,611,754,718,647
5e4256bb6b10f,6,61,36,313,422,349,386
5e4256bb6b10f,1,16,73,92,220,165,147
5e4256bb6b10f,6,6meta1,55,48824,48942,48879,48887
5e4256bb6b10f,meta1,meta10,63,328,481,391,418
5e4256bb6b10f,0,08,90,210,389,300,299
5e4256bb6b10f,8,81,89,143,322,232,233
5e4256bb6b10f,1,15,90,164,325,254,235
5e4256bb6b10f,5,55,71,825,954,896,883
5e4256bb6b10f,5,58,58,227,373,285,315
5e4256bb6b10f,8,89,88,181,355,269,267
5e4256bb6b10f,9,96,86,560,721,646,635
5e4256bb6b10f,6,61,75,142,307,217,232
5e4256bb6b10f,1,16,90,79,239,169,149
5e4256bb6b10f,6,6meta1,70,38414,38590,38484,38520
5e4256bb6b10f,meta1,meta10,106,312,506,418,400
5e4256bb6b10f,0,08,88,311,456,399,368
5e4256bb6b10f,8,81,57,173,293,230,236
5e4256bb6b10f,1,15,63,751,893,814,830
5e4256bb6b10f,5,55,79,84,243,163,164
5e4256bb6b10f,5,58,80,266,383,346,303
5e4256bb6b10f,8,89,37,197,319,234,282
5e4256bb6b10f,9,96,85,315,455,400,370
5e4256bb6b10f,6,61,55,176,285,231,230
5e4256bb6b10f,1,16,54,73,202,127,148
5e4256bb6b10f,6,6meta1,75,43140,43280,43215,43205
5e4256bb6b10f,meta1,meta10,65,413,585,478,520
5e4256bb6b10f,0,08,107,243,419,350,312
5e4256bb6b10f,8,81,69,176,335,245,266
5e4256bb6b10f,1,15,90,297,460,387,370
5e4256bb6b10f,5,55,73,72,224,145,151
5e4256bb6b10f,5,58,79,676,845,755,766
5e4256bb6b10f,8,89,90,311,458,401,368
5e4256bb6b10f,9,96,57,211,338,268,281
5e4256bb6b10f,6,61,70,142,255,212,185
5e4256bb6b10f,1,16,43,194,308,237,265
5e4256bb6b10f,6,6meta1,71,42681,42808,42752,42737
5e4256bb6b10f,meta1,meta10,56,344,508,400,452
5e4256bb6b10f,0,08,108,178,356,286,248
5e4256bb6b10f,8,85,70,580,718,650,648
5e4256bb6b10f,5,55,68,95,235,163,167
5e4256bb6b10f,5,58,72,478,624,550,552
5e4256bb6b10f,8,89,74,163,323,237,249
5e4256bb6b10f,9,96,86,228,385,314,299
5e4256bb6b10f,6,61,71,146,292,217,221
5e4256bb6b10f,1,16,75,34,188,109,113
5e4256bb6b10f,6,6meta1,79,32515,32654,32594,32575
5e4256bb6b10f,meta1,meta10,60,289,457,349,397
5e4256bb6b10f,0,08,108,192,371,300,263
5e4256bb6b10f,8,81,71,179,357,250,286
5e4256bb6b10f,1,15,107,245,379,352,272
5e4256bb6b10f,5,55,27,78,170,105,143
5e4256bb6b10f,5,58,65,502,648,567,583
5e4256bb6b10f,8,89,81,213,363,294,282
5e4256bb6b10f,9,96,69,231,371,300,302
5e4256bb6b10f,6,61,71,175,322,246,251
5e4256bb6b10f,1,16,76,71,224,147,148
5e4256bb6b10f,6,6meta1,77,32983,33113,33060,33036
5e4256bb6b10f,meta1,meta10,53,327,473,380,420
5e4256bb6b10f,0,08,93,176,357,269,264
5e4256bb6b10f,8,81,88,143,338,231,250
5e4256bb6b10f,1,15,107,494,657,601,550
5e4256bb6b10f,5,55,56,88,207,144,151
5e4256bb6b10f,5,58,63,192,344,255,281
5e4256bb6b10f,8,89,89,630,806,719,717
5e4256bb6b10f,9,96,87,263,424,350,337
5e4256bb6b10f,6,61,74,128,324,202,250
5e4256bb6b10f,1,16,122,20,201,142,79
5e4256bb6b10f,6,6P,59,39713,39881,39772,39822
5e4256bb6b10f,P,Pmeta1,109,505,673,614,564
5e4256bb6b10f,meta1,meta1bksp,59,430,563,489,504
5e4256bb6b10f,bksp,bksp0,74,278,439,352,365
5e4256bb6b10f,0,08,87,161,354,248,267
5e4256bb6b10f,8,81,106,126,356,232,250
5e4256bb6b10f,1,15,124,676,858,800,734
5e4256bb6b10f,5,55,58,70,208,128,150
5e4256bb6b10f,5,58,80,298,459,378,379
5e4256bb6b10f,8,89,81,254,449,335,368
5e4256bb6b10f,9,96,114,248,398,362,284
5e4256bb6b10f,6,61,36,228,370,264,334
5e4256bb6b10f,1,16,106,53,222,159,116
5e4256bb6b10f,6,6meta1,63,35631,35765,35694,35702
5e4256bb6b10f,meta1,meta10,71,342,505,413,434
5e4256bb6b10f,0,08,92,345,495,437,403
5e4256bb6b10f,8,81,58,174,375,232,317
5e4256bb6b10f,1,15,143,411,622,554,479
5e4256bb6b10f,5,55,68,73,203,141,135
5e4256bb6b10f,5,58,62,560,712,622,650
5e4256bb6b10f,8,89,90,311,508,401,418
5e4256bb6b10f,9,96,107,279,454,386,347
5e4256bb6b10f,6,61,68,188,367,256,299
5e4256bb6b10f,1,16,111,119,311,230,200
5e4256bb6b10f,6,6meta1,81,36031,36169,36112,36088
5e4256bb6b10f,meta1,meta10,57,379,560,436,503
5e4256bb6b10f,0,08,124,212,437,336,313
5e4256bb6b10f,8,81,101,580,740,681,639
5e4256bb6b10f,1,16,59,1242,1356,1301,1297
5e4256bb6b10f,6,65,55,112,220,167,165
5e4256bb6b10f,5,59,53,580,720,633,667
5e4256bb6b10f,9,9bksp,87,1963,2137,2050,2050
5e4256bb6b10f,bksp,bkspbksp,87,94,236,181,149
5e4256bb6b10f,bksp,bkspbksp,55,95,191,150,136
5e4256bb6b10f,bksp,bkspbksp,41,65,156,106,115
5e4256bb6b10f,bksp,bkspbksp,50,36,150,86,100
5e4256bb6b10f,bksp,bkspbksp,64,343,499,407,435
5e4256bb6b10f,bksp,bksp5,92,627,807,719,715
5e4256bb6b10f,5,55,88,112,239,200,151
5e4256bb6b10f,5,58,39,311,421,350,382
5e4256bb6b10f,8,89,71,200,369,271,298
5e4256bb6b10f,9,96,98,220,401,318,303
5e4256bb6b10f,6,61,83,355,519,438,436
5e4256bb6b10f,1,16,81,310,478,391,397
5e4256bb6b10f,6,6meta1,87,-307189,-307031,-307102,-307118
5e42570c67431,meta1,meta10,71,459,638,530,567
5e42570c67431,0,08,108,281,472,389,364
5e42570c67431,8,81,83,70,232,153,149
5e42570c67431,1,13,79,272,435,351,356
5e42570c67431,3,37,84,660,819,744,735
5e42570c67431,7,71,75,83,257,158,182
5e42570c67431,1,12,99,293,466,392,367
5e42570c67431,2,22,74,87,221,161,147
5e42570c67431,2,27,60,160,312,220,252
5e42570c67431,7,75,92,227,390,319,298
5e42570c67431,5,5meta1,71,40213,40341,40284,40270
5e42570c67431,meta1,meta10,57,349,511,406,454
5e42570c67431,0,08,105,256,454,361,349
5e42570c67431,8,83,93,508,692,601,599
5e42570c67431,3,37,91,512,706,603,615
5e42570c67431,7,71,103,112,303,215,200
5e42570c67431,1,12,88,330,454,418,366
5e42570c67431,2,22,36,94,184,130,148
5e42570c67431,2,27,54,429,589,483,535
5e42570c67431,7,75,106,350,524,456,418
5e42570c67431,5,5meta1,68,34248,34372,34316,34304
5e42570c67431,meta1,meta10,56,292,474,348,418
5e42570c67431,0,08,126,244,453,370,327
5e42570c67431,8,81,83,57,235,140,152
5e42570c67431,1,13,95,333,494,428,399
5e42570c67431,3,37,66,716,851,782,785
5e42570c67431,7,71,69,111,268,180,199
5e42570c67431,1,12,88,245,387,333,299
5e42570c67431,2,22,54,92,190,146,136
5e42570c67431,2,27,44,446,562,490,518
5e42570c67431,7,75,72,224,368,296,296
5e42570c67431,5,5meta1,72,31952,32081,32024,32009
5e42570c67431,meta1,meta18,57,743,866,800,809
5e42570c67431,8,8bksp,66,979,1105,1045,1039
5e42570c67431,bksp,bksp0,60,372,541,432,481
5e42570c67431,0,08,109,683,860,792,751
5e42570c67431,8,81,68,190,350,258,282
5e42570c67431,1,13,92,317,489,409,397
5e42570c67431,3,37,80,370,531,450,451
5e42570c67431,7,71,81,239,415,320,334
5e42570c67431,1,12,95,295,447,390,352
5e42570c67431,2,22,57,121,237,178,180
5e42570c67431,2,27,59,418,546,477,487
5e42570c67431,7,75,69,249,385,318,316
5e42570c67431,5,5meta1,67,36066,36186,36133,36119
5e42570c67431,meta1,meta10,53,345,503,398,450
5e42570c67431,0,08,105,297,470,402,365
5e42570c67431,8,81,68,199,319,267,251
5e42570c67431,1,13,52,380,488,432,436
5e42570c67431,3,37,56,345,470,401,414
5e42570c67431,7,71,69,248,372,317,303
5e42570c67431,1,12,55,290,402,345,347
5e42570c67431,2,22,57,110,208,167,151
5e42570c67431,2,27,41,377,476,418,435
5e42570c67431,7,75,58,258,356,316,298
5e42570c67431,5,5meta1,40,32597,32692,32637,32652
5e42570c67431,meta1,meta10,55,332,486,387,431
5e42570c67431,0,08,99,314,489,413,390
5e42570c67431,8,81,76,210,324,286,248
5e42570c67431,1,13,38,313,404,351,366
5e42570c67431,3,37,53,396,537,449,484
5e42570c67431,7,71,88,193,352,281,264
5e42570c67431,1,12,71,262,389,333,318
5e42570c67431,2,22,56,89,221,145,165
5e42570c67431,2,27,76,265,426,341,350
5e42570c67431,7,75,85,148,302,233,217
5e42570c67431,5,5meta1,69,45172,45288,45241,45219
5e42570c67431,meta1,meta10,47,505,685,552,638
5e42570c67431,0,08,133,262,462,395,329
5e42570c67431,8,81,67,246,368,313,301
5e42570c67431,1,13,55,313,404,368,349
5e42570c67431,3,37,36,382,504,418,468
5e42570c67431,7,71,86,231,384,317,298
5e42570c67431,1,12,67,284,421,351,354
5e42570c67431,2,22,70,125,252,195,182
5e42570c67431,2,27,57,261,406,318,349
5e42570c67431,7,75,88,231,386,319,298
5e42570c67431,5,5meta1,67,30512,30655,30579,30588
5e42570c67431,meta1,meta10,76,347,524,423,448
5e42570c67431,0,08,101,280,470,381,369
5e42570c67431,8,81,89,194,356,283,267
5e42570c67431,1,13,73,340,472,413,399
5e42570c67431,3,37,59,446,593,505,534
5e42570c67431,7,71,88,292,452,380,364
5e42570c67431,1,12,72,280,408,352,336
5e42570c67431,2,22,56,90,203,146,147
5e42570c67431,2,27,57,346,493,403,436
5e42570c67431,7,75,90,197,316,287,226
5e42570c67431,5,50,29,33709,33822,33738,33793
5e42570c67431,0,08,84,280,449,364,365
5e42570c67431,8,81,85,113,288,198,203
5e42570c67431,1,13,90,298,456,388,366
5e42570c67431,3,37,68,563,702,631,634
5e42570c67431,7,71,71,229,355,300,284
5e42570c67431,1,12,55,563,648,618,593
5e42570c67431,2,27,30,433,552,463,522
5e42570c67431,7,75,89,213,338,302,249
5e42570c67431,5,5meta1,36,42486,42587,42522,42551
5e42570c67431,meta1,meta10,65,252,432,317,367
5e42570c67431,0,08,115,368,567,483,452
5e42570c67431,8,81,84,131,283,215,199
5e42570c67431,1,13,68,313,433,381,365
5e42570c67431,3,37,52,367,520,419,468
5e42570c67431,7,71,101,249,438,350,337
5e42570c67431,1,12,88,362,505,450,417
5e42570c67431,2,22,55,112,219,167,164
5e42570c67431,2,27,52,311,454,363,402
5e42570c67431,7,75,91,197,339,288,248
5e42570c67431,5,5meta1,51,105850,105958,105901,105907
5e4258ecb4e53,meta1,meta10,57,424,588,481,531
5e4258ecb4e53,0,08,107,1075,1260,1182,1153
5e4258ecb4e53,8,8bksp,78,909,1077,987,999
5e4258ecb4e53,bksp,bksp9,90,291,507,381,417
5e4258ecb4e53,9,95,126,461,691,587,565
5e4258ecb4e53,5,58,104,382,552,486,448
5e4258ecb4e53,8,80,66,134,318,200,252
5e4258ecb4e53,0,06,118,360,534,478,416
5e4258ecb4e53,6,64,56,175,290,231,234
5e4258ecb4e53,4,49,59,593,727,652,668
5e4258ecb4e53,9,93,75,50,206,125,131
5e4258ecb4e53,3,3meta1,81,41681,41834,41762,41753
5e4258ecb4e53,meta1,meta10,72,327,522,399,450
5e4258ecb4e53,0,09,123,447,642,570,519
5e4258ecb4e53,9,95,72,409,573,481,501
5e4258ecb4e53,5,58,92,790,939,882,847
5e4258ecb4e53,8,80,57,146,289,203,232
5e4258ecb4e53,0,06,86,397,556,483,470
5e4258ecb4e53,6,64,73,312,456,385,383
5e4258ecb4e53,4,49,71,393,550,464,479
5e4258ecb4e53,9,93,86,226,388,312,302
5e4258ecb4e53,3,3meta1,76,40279,40443,40355,40367
5e4258ecb4e53,meta1,meta10,88,309,491,397,403
5e4258ecb4e53,0,09,94,244,428,338,334
5e4258ecb4e53,9,95,90,428,573,518,483
5e4258ecb4e53,5,51,55,527,624,582,569
5e4258ecb4e53,1,18,42,208,338,250,296
5e4258ecb4e53,8,80,88,130,322,218,234
5e4258ecb4e53,0,06,104,296,487,400,383
5e4258ecb4e53,6,64,87,178,337,265,250
5e4258ecb4e53,4,49,72,136,320,208,248
5e4258ecb4e53,9,93,112,36,228,148,116
5e4258ecb4e53,3,3meta1,80,38052,38185,38132,38105
5e4258ecb4e53,meta1,meta10,53,283,454,336,401
5e4258ecb4e53,0,09,118,215,451,333,333
5e4258ecb4e53,9,95,118,363,551,481,433
5e4258ecb4e53,5,51,70,179,320,249,250
5e4258ecb4e53,1,18,71,347,509,418,438
5e4258ecb4e53,8,80,91,213,420,304,329
5e4258ecb4e53,0,06,116,373,584,489,468
5e4258ecb4e53,6,64,95,303,460,398,365
5e4258ecb4e53,4,49,62,324,465,386,403
5e4258ecb4e53,9,93,79,71,225,150,146
5e4258ecb4e53,3,3meta1,75,28739,28862,28814,28787
5e4258ecb4e53,meta1,meta10,48,311,469,359,421
5e4258ecb4e53,0,09,110,191,390,301,280
5e4258ecb4e53,9,95,89,380,557,469,468
5e4258ecb4e53,5,51,88,161,352,249,264
5e4258ecb4e53,1,18,103,166,352,269,249
5e4258ecb4e53,8,80,83,148,335,231,252
5e4258ecb4e53,0,06,104,928,1130,1032,1026
5e4258ecb4e53,6,64,98,203,353,301,255
5e4258ecb4e53,4,48,52,165,270,217,218
5e4258ecb4e53,8,8bksp,53,621,789,674,736
5e4258ecb4e53,bksp,bksp3,115,417,598,532,483
5e4258ecb4e53,3,33,66,709,832,775,766
5e4258ecb4e53,3,3meta1,57,36596,36692,36653,36635
5e4258ecb4e53,meta1,meta10,39,292,458,331,419
5e4258ecb4e53,0,09,127,210,441,337,314
5e4258ecb4e53,9,95,104,446,622,550,518
5e4258ecb4e53,5,58,72,453,605,525,533
5e4258ecb4e53,8,80,80,164,346,244,266
5e4258ecb4e53,0,06,102,564,751,666,649
5e4258ecb4e53,6,64,85,94,252,179,167
5e4258ecb4e53,4,49,73,499,676,572,603
5e4258ecb4e53,9,93,104,146,317,250,213
5e4258ecb4e53,3,3meta1,67,34867,35005,34934,34938
5e4258ecb4e53,meta1,meta10,71,278,437,349,366
5e4258ecb4e53,0,09,88,226,403,314,315
5e4258ecb4e53,9,95,89,361,509,450,420
5e4258ecb4e53,5,51,59,209,340,268,281
5e4258ecb4e53,1,18,72,310,471,382,399
5e4258ecb4e53,8,80,89,129,323,218,234
5e4258ecb4e53,0,06,105,377,573,482,468
5e4258ecb4e53,6,65,91,226,373,317,282
5e4258ecb4e53,5,5bksp,56,913,1058,969,1002
5e4258ecb4e53,bksp,bksp4,89,238,402,327,313
5e4258ecb4e53,4,49,75,161,343,236,268
5e4258ecb4e53,9,93,107,92,257,199,150
5e4258ecb4e53,3,3meta1,58,34637,34760,34695,34702
5e4258ecb4e53,meta1,meta10,65,238,419,303,354
5e4258ecb4e53,0,09,116,226,446,342,330
5e4258ecb4e53,9,95,104,395,589,499,485
5e4258ecb4e53,5,51,90,247,422,337,332
5e4258ecb4e53,1,18,85,297,439,382,354
5e4258ecb4e53,8,80,57,192,353,249,296
5e4258ecb4e53,0,06,104,825,1022,929,918
5e4258ecb4e53,6,64,93,211,391,304,298
5e4258ecb4e53,4,49,87,163,338,250,251
5e4258ecb4e53,9,93,88,52,254,140,166
5e4258ecb4e53,3,3meta1,114,26965,27135,27079,27021
5e4258ecb4e53,meta1,meta10,56,312,491,368,435
5e4258ecb4e53,0,09,123,227,452,350,329
5e4258ecb4e53,9,95,102,380,555,482,453
5e4258ecb4e53,5,58,73,495,654,568,581
5e4258ecb4e53,8,80,86,163,336,249,250
5e4258ecb4e53,0,06,87,664,805,751,718
5e4258ecb4e53,6,64,54,378,488,432,434
5e4258ecb4e53,4,49,56,162,302,218,246
5e4258ecb4e53,9,93,84,92,219,176,135
5e4258ecb4e53,3,3meta1,43,33229,33345,33272,33302
5e4258ecb4e53,meta1,meta10,73,281,443,354,370
5e4258ecb4e53,0,09,89,228,421,317,332
5e4258ecb4e53,9,95,104,360,537,464,433
5e4258ecb4e53,5,51,73,227,390,300,317
5e4258ecb4e53,1,18,90,228,373,318,283
5e4258ecb4e53,8,80,55,364,493,419,438
5e4258ecb4e53,0,06,74,571,703,645,629
5e4258ecb4e53,6,64,58,297,426,355,368
5e4258ecb4e53,4,49,71,160,286,231,215
5e4258ecb4e53,9,93,55,73,187,128,132
5e4258ecb4e53,3,3meta1,59,-343125,-343031,-343066,-343090
5e4258f73b852,meta1,meta10,35,453,522,488,487
5e4258f73b852,0,09,34,345,435,379,401
5e4258f73b852,9,97,56,230,338,286,282
5e4258f73b852,7,79,52,183,276,235,224
5e4258f73b852,9,92,41,320,419,361,378
5e4258f73b852,2,23,58,109,206,167,148
5e4258f73b852,3,36,39,198,272,237,233
5e4258f73b852,6,65,35,107,168,142,133
5e4258f73b852,5,52,26,212,309,238,283
5e4258f73b852,2,24,71,125,240,196,169
5e4258f73b852,4,4meta1,44,28757,28862,28801,28818
5e4258f73b852,meta1,meta10,61,376,478,437,417
5e4258f73b852,0,09,41,193,288,234,247
5e4258f73b852,9,97,54,213,307,267,253
5e4258f73b852,7,79,40,136,239,176,199
5e4258f73b852,9,92,63,342,464,405,401
5e4258f73b852,2,23,59,102,208,161,149
5e4258f73b852,3,36,47,929,1032,976,985
5e4258f73b852,6,65,56,160,254,216,198
5e4258f73b852,5,52,38,377,475,415,437
5e4258f73b852,2,24,60,140,240,200,180
5e4258f73b852,4,4meta1,40,31209,31291,31249,31251
5e4258f73b852,meta1,meta10,42,427,511,469,469
5e4258f73b852,0,09,42,148,220,190,178
5e4258f73b852,9,97,30,180,240,210,210
5e4258f73b852,7,79,30,116,176,146,146
5e4258f73b852,9,92,30,292,379,322,349
5e4258f73b852,2,23,57,105,206,162,149
5e4258f73b852,3,36,44,213,295,257,251
5e4258f73b852,6,65,38,125,204,163,166
5e4258f73b852,5,52,41,226,323,267,282
5e4258f73b852,2,2meta1,56,27933,28050,27989,27994
5e4258f73b852,meta1,meta10,61,502,604,563,543
5e4258f73b852,0,09,41,129,196,170,155
5e4258f73b852,9,97,26,285,371,311,345
5e4258f73b852,7,79,60,140,242,200,182
5e4258f73b852,9,92,42,278,359,320,317
5e4258f73b852,2,23,39,111,188,150,149
5e4258f73b852,3,36,38,175,273,213,235
5e4258f73b852,6,65,60,86,193,146,133
5e4258f73b852,5,52,47,208,298,255,251
5e4258f73b852,2,25,43,121,191,164,148
5e4258f73b852,5,5bksp,27,803,859,830,832
5e4258f73b852,bksp,bksp4,29,813,900,842,871
5e4258f73b852,4,4meta1,58,31017,31124,31075,31066
5e4258f73b852,meta1,meta10,49,358,467,407,418
5e4258f73b852,0,09,60,104,207,164,147
5e4258f73b852,9,97,43,199,273,242,230
5e4258f73b852,7,79,31,107,184,138,153
5e4258f73b852,9,92,46,547,635,593,589
5e4258f73b852,2,23,42,125,205,167,163
5e4258f73b852,3,36,38,194,271,232,233
5e4258f73b852,6,65,39,103,172,142,133
5e4258f73b852,5,52,30,207,281,237,251
5e4258f73b852,2,24,44,120,209,164,165
5e4258f73b852,4,4meta1,45,30613,30719,30658,30674
5e4258f73b852,meta1,meta10,61,504,608,565,547
5e4258f73b852,0,09,43,127,224,170,181
5e4258f73b852,9,97,54,191,276,245,222
5e4258f73b852,7,79,31,115,193,146,162
5e4258f73b852,9,92,47,324,432,371,385
5e4258f73b852,2,23,61,89,192,150,131
5e4258f73b852,3,36,42,244,318,286,276
5e4258f73b852,6,65,32,115,189,147,157
5e4258f73b852,5,52,42,525,626,567,584
5e4258f73b852,2,24,59,107,209,166,150
5e4258f73b852,4,4meta1,43,26514,26593,26557,26550
5e4258f73b852,meta1,meta10,36,381,456,417,420
5e4258f73b852,0,09,39,125,204,164,165
5e4258f73b852,9,97,40,178,257,218,217
5e4258f73b852,7,79,39,105,203,144,164
5e4258f73b852,9,92,59,297,413,356,354
5e4258f73b852,2,23,57,105,206,162,149
5e4258f73b852,3,36,44,176,261,220,217
5e4258f73b852,6,65,41,102,173,143,132
5e4258f73b852,5,52,30,174,248,204,218
5e4258f73b852,2,25,44,122,197,166,153
5e4258f73b852,5,5bksp,31,1324,1396,1355,1365
5e4258f73b852,bksp,bksp2,41,843,940,884,899
5e4258f73b852,2,24,56,128,221,184,165
5e4258f73b852,4,4meta1,37,25651,25724,25688,25687
5e4258f73b852,meta1,meta10,36,544,618,580,582
5e4258f73b852,0,09,38,114,203,152,165
5e4258f73b852,9,97,51,230,321,281,270
5e4258f73b852,7,79,40,121,220,161,180
5e4258f73b852,9,92,59,317,428,376,369
5e4258f73b852,2,23,52,111,200,163,148
5e4258f73b852,3,36,37,313,390,350,353
5e4258f73b852,6,65,40,547,649,587,609
5e4258f73b852,5,52,62,300,396,362,334
5e4258f73b852,2,24,34,112,171,146,137
5e4258f73b852,4,4meta1,25,28431,28494,28456,28469
5e4258f73b852,meta1,meta10,38,380,474,418,436
5e4258f73b852,0,09,56,162,270,218,214
5e4258f73b852,9,97,52,230,337,282,285
5e4258f73b852,7,79,55,163,254,218,199
5e4258f73b852,9,92,36,369,444,405,408
5e4258f73b852,2,23,39,156,226,195,187
5e4258f73b852,3,36,31,332,422,363,391
5e4258f73b852,6,65,59,128,223,187,164
5e4258f73b852,5,52,36,896,988,932,952
5e4258f73b852,2,24,56,276,365,332,309
5e4258f73b852,4,4meta1,33,24668,24756,24701,24723
5e4258f73b852,meta1,meta10,55,357,471,412,416
5e4258f73b852,0,09,59,114,227,173,168
5e4258f73b852,9,97,54,214,304,268,250
5e4258f73b852,7,79,36,122,219,158,183
5e4258f73b852,9,92,61,295,412,356,351
5e4258f73b852,2,23,56,143,238,199,182
5e4258f73b852,3,36,39,247,343,286,304
5e4258f73b852,6,65,57,126,220,183,163
5e4258f73b852,5,52,37,262,329,299,292
5e4258f73b852,2,24,30,138,204,168,174
5e4258f73b852,4,4meta1,36,-293317,-293208,-293281,-293244
5e4258f74eb31,meta1,meta10,73,412,588,485,515
5e4258f74eb31,0,08,103,266,454,369,351
5e4258f74eb31,8,88,85,114,284,199,199
5e4258f74eb31,8,88,85,147,317,232,232
5e4258f74eb31,8,87,85,179,336,264,251
5e4258f74eb31,7,73,72,279,440,351,368
5e4258f74eb31,3,35,89,246,437,335,348
5e4258f74eb31,5,55,102,112,267,214,165
5e4258f74eb31,5,59,53,244,388,297,335
5e4258f74eb31,9,90,91,112,275,203,184
5e4258f74eb31,0,0meta1,72,26067,26209,26139,26137
5e4258f74eb31,meta1,meta10,70,347,504,417,434
5e4258f74eb31,0,08,87,326,519,413,432
5e4258f74eb31,8,88,106,81,288,187,182
5e4258f74eb31,8,88,101,298,485,399,384
5e4258f74eb31,8,87,86,296,470,382,384
5e4258f74eb31,7,73,88,262,436,350,348
5e4258f74eb31,3,35,86,246,421,332,335
5e4258f74eb31,5,55,89,110,256,199,167
5e4258f74eb31,5,59,57,244,372,301,315
5e4258f74eb31,9,90,71,111,271,182,200
5e4258f74eb31,0,0meta1,89,31768,31944,31857,31855
5e4258f74eb31,meta1,meta18,87,799,952,886,865
5e4258f74eb31,8,88,66,128,266,194,200
5e4258f74eb31,8,88,72,132,288,204,216
5e4258f74eb31,8,87,84,167,336,251,252
5e4258f74eb31,7,73,85,279,451,364,366
5e4258f74eb31,3,35,87,199,388,286,301
5e4258f74eb31,5,55,102,72,249,174,147
5e4258f74eb31,5,59,75,202,358,277,283
5e4258f74eb31,9,90,81,168,332,249,251
5e4258f74eb31,0,0meta1,83,35523,35687,35606,35604
5e4258f74eb31,meta1,meta18,81,810,981,891,900
5e4258f74eb31,8,8bksp,90,1148,1304,1238,1214
5e4258f74eb31,bksp,bksp0,66,246,400,312,334
5e4258f74eb31,0,08,88,852,1022,940,934
5e4258f74eb31,8,88,82,103,267,185,185
5e4258f74eb31,8,88,82,105,283,187,201
5e4258f74eb31,8,87,96,345,511,441,415
5e4258f74eb31,7,73,70,365,523,435,453
5e4258f74eb31,3,35,88,224,401,312,313
5e4258f74eb31,5,55,89,92,244,181,155
5e4258f74eb31,5,59,63,224,359,287,296
5e4258f74eb31,9,90,72,145,288,217,216
5e4258f74eb31,0,0meta1,71,33913,34106,33984,34035
5e4258f74eb31,meta1,meta10,122,647,856,769,734
5e4258f74eb31,0,08,87,215,387,302,300
5e4258f74eb31,8,88,85,86,284,171,199
5e4258f74eb31,8,88,113,73,281,186,168
5e4258f74eb31,8,87,95,677,879,772,784
5e4258f74eb31,7,73,107,212,421,319,314
5e4258f74eb31,3,35,102,204,387,306,285
5e4258f74eb31,5,55,81,104,247,185,166
5e4258f74eb31,5,59,62,265,398,327,336
5e4258f74eb31,9,90,71,111,269,182,198
5e4258f74eb31,0,0meta1,87,52153,52338,52240,52251
5e4258f74eb31,meta1,meta10,98,674,865,772,767
5e4258f74eb31,0,08,93,267,459,360,366
5e4258f74eb31,8,88,99,105,284,204,185
5e4258f74eb31,8,88,80,89,246,169,166
5e4258f74eb31,8,87,77,448,579,525,502
5e4258f74eb31,7,73,54,297,438,351,384
5e4258f74eb31,3,36,87,176,353,263,266
5e4258f74eb31,6,65,90,828,972,918,882
5e4258f74eb31,5,55,54,346,506,400,452
5e4258f74eb31,5,50,106,143,341,249,235
5e4258f74eb31,0,05,92,3282,3453,3374,3361
5e4258f74eb31,5,55,79,107,281,186,202
5e4258f74eb31,5,59,95,75,246,170,151
5e4258f74eb31,9,90,76,112,277,188,201
5e4258f74eb31,0,0meta1,89,36247,36394,36336,36305
5e4258f74eb31,meta1,meta10,58,647,819,705,761
5e4258f74eb31,0,08,114,272,467,386,353
5e4258f74eb31,8,88,81,141,315,222,234
5e4258f74eb31,8,88,93,310,476,403,383
5e4258f74eb31,8,87,73,296,437,369,364
5e4258f74eb31,7,73,68,400,539,468,471
5e4258f74eb31,3,35,71,213,384,284,313
5e4258f74eb31,5,55,100,113,269,213,169
5e4258f74eb31,5,59,56,561,704,617,648
5e4258f74eb31,9,90,87,316,489,403,402
5e4258f74eb31,0,0meta1,86,33072,33287,33158,33201
5e4258f74eb31,meta1,meta10,129,448,697,577,568
5e4258f74eb31,0,08,120,315,525,435,405
5e4258f74eb31,8,88,90,93,301,183,211
5e4258f74eb31,8,88,118,74,284,192,166
5e4258f74eb31,8,87,92,429,610,521,518
5e4258f74eb31,7,73,89,279,439,368,350
5e4258f74eb31,3,35,71,229,386,300,315
5e4258f74eb31,5,55,86,88,236,174,150
5e4258f74eb31,5,59,62,234,381,296,319
5e4258f74eb31,9,90,85,180,332,265,247
5e4258f74eb31,0,0p,67,34188,34287,34255,34220
5e4258f74eb31,p,pbksp,32,347,467,379,435
5e4258f74eb31,bksp,bksp0,88,577,753,665,665
5e4258f74eb31,0,08,88,266,439,354,351
5e4258f74eb31,8,88,85,146,319,231,234
5e4258f74eb31,8,88,88,126,285,214,197
5e4258f74eb31,8,87,71,215,356,286,285
5e4258f74eb31,7,73,70,200,354,270,284
5e4258f74eb31,3,35,84,180,351,264,267
5e4258f74eb31,5,55,87,130,253,217,166
5e4258f74eb31,5,59,36,228,335,264,299
5e4258f74eb31,9,90,71,96,273,167,202
5e4258f74eb31,0,00,106,31264,31439,31370,31333
5e4258f74eb31,0,08,69,232,386,301,317
5e4258f74eb31,8,88,85,144,321,229,236
5e4258f74eb31,8,88,92,105,306,197,214
5e4258f74eb31,8,87,109,150,361,259,252
5e4258f74eb31,7,73,102,240,419,342,317
5e4258f74eb31,3,35,77,381,543,458,466
5e4258f74eb31,5,55,85,128,251,213,166
5e4258f74eb31,5,59,38,413,507,451,469
5e4258f74eb31,9,90,56,211,337,267,281
5e4258f74eb31,0,0meta1,70,97010,97135,97080,97065
5e425aa6a69a1,meta1,meta10,55,476,621,531,566
5e425aa6a69a1,0,08,90,230,407,320,317
5e425aa6a69a1,8,80,87,526,671,613,584
5e425aa6a69a1,0,02,58,1710,1829,1768,1771
5e425aa6a69a1,2,27,61,665,774,726,713
5e425aa6a69a1,7,73,48,544,700,592,652
5e425aa6a69a1,3,34,108,275,455,383,347
5e425aa6a69a1,4,45,72,378,561,450,489
5e425aa6a69a1,5,53,111,624,806,735,695
5e425aa6a69a1,3,35,71,127,286,198,215
5e425aa6a69a1,5,5bksp,88,1039,1191,1127,1103
5e425aa6a69a1,bksp,bksp6,64,779,930,843,866
5e425aa6a69a1,6,6meta1,87,55928,56092,56015,56005
5e425aa6a69a1,meta1,meta10,77,743,908,820,831
5e425aa6a69a1,0,08,88,329,456,417,368
5e425aa6a69a1,8,80,39,659,790,698,751
5e425aa6a69a1,0,02,92,1026,1190,1118,1098
5e425aa6a69a1,2,27,72,144,304,216,232
5e425aa6a69a1,7,73,88,743,922,831,834
5e425aa6a69a1,3,34,91,478,642,569,551
5e425aa6a69a1,4,45,73,777,944,850,871
5e425aa6a69a1,5,53,94,273,427,367,333
5e425aa6a69a1,3,36,60,122,208,182,148
5e425aa6a69a1,6,6meta1,26,51132,51216,51158,51190
5e425aa6a69a1,meta1,meta10,58,422,589,480,531
5e425aa6a69a1,0,08,109,154,357,263,248
5e425aa6a69a1,8,80,94,155,325,249,231
5e425aa6a69a1,0,02,76,663,795,739,719
5e425aa6a69a1,2,27,56,288,386,344,330
5e425aa6a69a1,7,73,42,272,395,314,353
5e425aa6a69a1,3,34,81,223,331,304,250
5e425aa6a69a1,4,45,27,378,464,405,437
5e425aa6a69a1,5,53,59,254,388,313,329
5e425aa6a69a1,3,36,75,158,258,233,183
5e425aa6a69a1,6,6meta1,25,39223,39319,39248,39294
5e425aa6a69a1,meta1,meta10,71,422,603,493,532
5e425aa6a69a1,0,08,110,194,358,304,248
5e425aa6a69a1,8,80,54,160,272,214,218
5e425aa6a69a1,0,02,58,589,741,647,683
5e425aa6a69a1,2,27,94,177,311,271,217
5e425aa6a69a1,7,73,40,642,807,682,767
5e425aa6a69a1,3,34,125,478,693,603,568
5e425aa6a69a1,4,45,90,425,573,515,483
5e425aa6a69a1,5,53,58,241,392,299,334
5e425aa6a69a1,3,36,93,68,209,161,116
5e425aa6a69a1,6,6meta1,48,41079,41177,41127,41129
5e425aa6a69a1,meta1,meta10,50,336,508,386,458
5e425aa6a69a1,0,08,122,160,352,282,230
5e425aa6a69a1,8,80,70,106,253,176,183
5e425aa6a69a1,0,02,77,565,750,642,673
5e425aa6a69a1,2,27,108,174,352,282,244
5e425aa6a69a1,7,73,70,598,758,668,688
5e425aa6a69a1,3,34,90,377,506,467,416
5e425aa6a69a1,4,45,39,508,622,547,583
5e425aa6a69a1,5,53,75,192,359,267,284
5e425aa6a69a1,3,36,92,81,237,173,145
5e425aa6a69a1,6,6meta1,64,44898,45052,44962,44988
5e425aa6a69a1,meta1,meta10,90,474,694,564,604
5e425aa6a69a1,0,08,130,203,395,333,265
5e425aa6a69a1,8,80,62,558,710,620,648
5e425aa6a69a1,0,02,90,606,774,696,684
5e425aa6a69a1,2,27,78,206,359,284,281
5e425aa6a69a1,7,73,75,612,794,687,719
5e425aa6a69a1,3,34,107,340,490,447,383
5e425aa6a69a1,4,45,43,339,444,382,401
5e425aa6a69a1,5,53,62,156,309,218,247
5e425aa6a69a1,3,36,91,55,207,146,116
5e425aa6a69a1,6,6meta1,61,34882,35034,34943,34973
5e425aa6a69a1,meta1,meta10,91,426,626,517,535
5e425aa6a69a1,0,08,109,179,322,288,213
5e425aa6a69a1,8,80,34,139,248,173,214
5e425aa6a69a1,0,02,75,696,846,771,771
5e425aa6a69a1,2,27,75,230,357,305,282
5e425aa6a69a1,7,73,52,678,802,730,750
5e425aa6a69a1,3,34,72,346,522,418,450
5e425aa6a69a1,4,45,104,262,437,366,333
5e425aa6a69a1,5,53,71,106,269,177,198
5e425aa6a69a1,3,36,92,693,845,785,753
5e425aa6a69a1,6,6meta1,60,36711,36847,36771,36787
5e425aa6a69a1,meta1,meta10,76,406,543,482,467
5e425aa6a69a1,0,08,61,253,362,314,301
5e425aa6a69a1,8,80,48,191,292,239,244
5e425aa6a69a1,0,02,53,564,707,617,654
5e425aa6a69a1,2,27,90,189,352,279,262
5e425aa6a69a1,7,73,73,697,861,770,788
5e425aa6a69a1,3,34,91,193,387,284,296
5e425aa6a69a1,4,45,103,279,473,382,370
5e425aa6a69a1,5,53,91,140,323,231,232
5e425aa6a69a1,3,36,92,37,225,129,133
5e425aa6a69a1,6,6meta1,96,45477,45637,45573,45541
5e425aa6a69a1,meta1,meta10,64,404,610,468,546
5e425aa6a69a1,0,08,142,144,394,286,252
5e425aa6a69a1,8,80,108,86,270,194,162
5e425aa6a69a1,0,02,76,513,679,589,603
5e425aa6a69a1,2,27,90,222,405,312,315
5e425aa6a69a1,7,73,93,107,308,200,215
5e425aa6a69a1,3,34,108,554,729,662,621
5e425aa6a69a1,4,45,67,694,834,761,767
5e425aa6a69a1,5,53,73,226,370,299,297
5e425aa6a69a1,3,36,71,147,288,218,217
5e425aa6a69a1,6,6meta1,70,46078,46202,46148,46132
5e425aa6a69a1,meta1,meta18,54,650,789,704,735
5e425aa6a69a1,8,80,85,115,254,200,169
5e425aa6a69a1,0,02,54,646,772,700,718
5e425aa6a69a1,2,26,72,159,286,231,214
5e425aa6a69a1,6,67,55,1679,1792,1734,1737
5e425aa6a69a1,7,73,58,443,557,501,499
5e425aa6a69a1,3,34,56,357,504,413,448
5e425aa6a69a1,4,45,91,607,793,698,702
5e425aa6a69a1,5,53,95,441,626,536,531
5e425aa6a69a1,3,36,90,111,242,201,152
5e425aa6a69a1,6,6meta1,41,-433700,-433570,-433659,-433611
5e425ac3a00ac,meta1,meta10,89,296,494,385,405
5e425ac3a00ac,0,06,109,473,640,582,531
5e425ac3a00ac,6,62,58,197,356,255,298
5e425ac3a00ac,2,20,101,248,469,349,368
5e425ac3a00ac,0,06,120,930,1120,1050,1000
5e425ac3a00ac,6,63,70,259,437,329,367
5e425ac3a00ac,3,36,108,245,455,353,347
5e425ac3a00ac,6,60,102,71,303,173,201
5e425ac3a00ac,0,06,130,57,263,187,133
5e425ac3a00ac,6,60,76,57,211,133,135
5e425ac3a00ac,0,0meta1,78,41147,41295,41225,41217
5e425ac3a00ac,meta1,meta10,70,295,452,365,382
5e425ac3a00ac,0,06,87,565,721,652,634
5e425ac3a00ac,6,62,69,112,300,181,231
5e425ac3a00ac,2,20,119,281,521,400,402
5e425ac3a00ac,0,06,121,228,436,349,315
5e425ac3a00ac,6,63,87,265,492,352,405
5e425ac3a00ac,3,36,140,354,601,494,461
5e425ac3a00ac,6,60,107,38,257,145,150
5e425ac3a00ac,0,06,112,34,211,146,99
5e425ac3a00ac,6,60,65,34,199,99,134
5e425ac3a00ac,0,00,100,507,701,607,601
5e425ac3a00ac,0,0meta1,94,36543,36710,36637,36616
5e425ac3a00ac,meta1,meta10,73,254,393,327,320
5e425ac3a00ac,0,06,66,507,617,573,551
5e425ac3a00ac,6,62,44,260,360,304,316
5e425ac3a00ac,2,20,56,293,439,349,383
5e425ac3a00ac,0,06,90,410,574,500,484
5e425ac3a00ac,6,63,74,146,291,220,217
5e425ac3a00ac,3,36,71,241,403,312,332
5e425ac3a00ac,6,60,91,53,240,144,149
5e425ac3a00ac,0,06,96,79,229,175,133
5e425ac3a00ac,6,60,54,74,207,128,153
5e425ac3a00ac,0,0meta1,79,34063,34198,34142,34119
5e425ac3a00ac,meta1,meta10,56,293,454,349,398
5e425ac3a00ac,0,06,105,495,673,600,568
5e425ac3a00ac,6,62,73,230,388,303,315
5e425ac3a00ac,2,20,85,204,403,289,318
5e425ac3a00ac,0,06,114,243,450,357,336
5e425ac3a00ac,6,63,93,194,357,287,264
5e425ac3a00ac,3,36,70,229,402,299,332
5e425ac3a00ac,6,60,103,93,286,196,183
5e425ac3a00ac,0,06,90,57,223,147,133
5e425ac3a00ac,6,60,76,39,209,115,133
5e425ac3a00ac,0,0meta1,94,56784,56967,56878,56873
5e425ac3a00ac,meta1,meta10,89,210,372,299,283
5e425ac3a00ac,0,06,73,364,523,437,450
5e425ac3a00ac,6,6-,86,96,219,182,133
5e425ac3a00ac,-,-bksp,37,1140,1255,1177,1218
5e425ac3a00ac,bksp,bkspbksp,78,112,226,190,148
5e425ac3a00ac,bksp,bksp2,36,466,571,502,535
5e425ac3a00ac,2,20,69,629,767,698,698
5e425ac3a00ac,0,06,69,531,657,600,588
5e425ac3a00ac,6,63,57,140,271,197,214
5e425ac3a00ac,3,36,74,329,492,403,418
5e425ac3a00ac,6,60,89,70,237,159,148
5e425ac3a00ac,0,06,78,72,227,150,149
5e425ac3a00ac,6,60,77,40,178,117,101
5e425ac3a00ac,0,0meta1,61,39348,39497,39409,39436
5e425ac3a00ac,meta1,meta10,88,247,437,335,349
5e425ac3a00ac,0,06,102,580,740,682,638
5e425ac3a00ac,6,62,58,211,341,269,283
5e425ac3a00ac,2,20,72,309,469,381,397
5e425ac3a00ac,0,06,88,243,420,331,332
5e425ac3a00ac,6,63,89,180,308,269,219
5e425ac3a00ac,3,36,39,192,320,231,281
5e425ac3a00ac,6,60,89,53,222,142,133
5e425ac3a00ac,0,06,80,58,230,138,150
5e425ac3a00ac,6,60,92,20,174,112,82
5e425ac3a00ac,0,0meta1,62,-176004,-175871,-175942,-175933
5e425af3b383c,meta1,meta10,71,364,521,435,450
5e425af3b383c,0,08,86,247,401,333,315
5e425af3b383c,8,89,68,382,518,450,450
5e425af3b383c,9,90,68,180,335,248,267
5e425af3b383c,0,02,87,195,354,282,267
5e425af3b383c,2,27,72,315,456,387,384
5e425af3b383c,7,77,69,126,236,195,167
5e425af3b383c,7,76,41,264,340,305,299
5e425af3b383c,6,63,35,597,667,632,632
5e425af3b383c,3,31,35,3378,3504,3413,3469
5e425af3b383c,1,1meta1,91,41549,41728,41640,41637
5e425af3b383c,meta1,meta10,88,479,653,567,565
5e425af3b383c,0,08,86,232,401,318,315
5e425af3b383c,8,81,83,217,384,300,301
5e425af3b383c,1,19,84,229,353,313,269
5e425af3b383c,9,93,40,931,1135,971,1095
5e425af3b383c,3,32,164,1085,1320,1249,1156
5e425af3b383c,2,27,71,456,603,527,532
5e425af3b383c,7,77,76,89,225,165,149
5e425af3b383c,7,76,60,198,326,258,266
5e425af3b383c,6,63,68,345,484,413,416
5e425af3b383c,3,3meta1,71,40692,40844,40763,40773
5e425af3b383c,meta1,meta10,81,331,494,412,413
5e425af3b383c,0,08,82,231,365,313,283
5e425af3b383c,8,81,52,148,323,200,271
5e425af3b383c,1,19,123,89,271,212,148
5e425af3b383c,9,90,59,157,307,216,248
5e425af3b383c,0,02,91,281,443,372,352
5e425af3b383c,2,27,71,486,653,557,582
5e425af3b383c,7,77,96,115,263,211,167
5e425af3b383c,7,76,52,262,370,314,318
5e425af3b383c,6,63,56,394,490,450,434
5e425af3b383c,3,3meta1,40,38431,38557,38471,38517
5e425af3b383c,meta1,meta10,86,277,472,363,386
5e425af3b383c,0,01,109,439,657,548,548
5e425af3b383c,1,19,109,153,290,262,181
5e425af3b383c,9,90,28,165,265,193,237
5e425af3b383c,0,01,72,135,318,207,246
5e425af3b383c,1,1bksp,111,1151,1346,1262,1235
5e425af3b383c,bksp,bksp2,84,523,684,607,600
5e425af3b383c,2,27,77,584,715,661,638
5e425af3b383c,7,77,54,91,185,145,131
5e425af3b383c,7,76,40,1178,1290,1218,1250
5e425af3b383c,6,62,72,314,457,386,385
5e425af3b383c,2,2bksp,71,1174,1317,1245,1246
5e425af3b383c,bksp,bksp3,72,398,524,470,452
5e425af3b383c,3,30,54,42114,42255,42168,42201
5e425af3b383c,0,08,87,230,423,317,336
5e425af3b383c,8,81,106,178,402,284,296
5e425af3b383c,1,19,118,59,285,177,167
5e425af3b383c,9,90,108,181,376,289,268
5e425af3b383c,0,02,87,132,302,219,215
5e425af3b383c,2,27,83,366,535,449,452
5e425af3b383c,7,77,86,116,241,202,155
5e425af3b383c,7,76,39,202,298,241,259
5e425af3b383c,6,63,57,514,610,571,553
5e425af3b383c,3,30,39,34882,35040,34921,35001
5e425af3b383c,0,08,119,380,572,499,453
5e425af3b383c,8,81,73,209,389,282,316
5e425af3b383c,1,19,107,125,307,232,200
5e425af3b383c,9,90,75,142,321,217,246
5e425af3b383c,0,02,104,147,338,251,234
5e425af3b383c,2,27,87,350,491,437,404
5e425af3b383c,7,77,54,121,218,175,164
5e425af3b383c,7,76,43,209,344,252,301
5e425af3b383c,6,63,92,313,479,405,387
5e425af3b383c,3,30,74,45564,45743,45638,45669
5e425af3b383c,0,01,105,658,869,763,764
5e425af3b383c,1,19,106,531,722,637,616
5e425af3b383c,9,90,85,127,301,212,216
5e425af3b383c,0,02,89,281,455,370,366
5e425af3b383c,2,27,85,364,504,449,419
5e425af3b383c,7,77,55,72,186,127,131
5e425af3b383c,7,76,59,446,577,505,518
5e425af3b383c,6,63,72,828,987,900,915
5e425af3b383c,3,3meta1,87,43970,44127,44057,44040
5e425af3b383c,meta1,meta10,70,278,433,348,363
5e425af3b383c,0,09,85,180,353,265,268
5e425af3b383c,9,91,88,147,354,235,266
5e425af3b383c,1,19,119,71,269,190,150
5e425af3b383c,9,9bksp,79,846,1014,925,935
5e425af3b383c,bksp,bkspbksp,89,73,252,162,163
5e425af3b383c,bksp,bkspbksp,90,323,524,413,434
5e425af3b383c,bksp,bksp8,111,318,532,429,421
5e425af3b383c,8,81,103,213,431,316,328
5e425af3b383c,1,19,115,107,317,222,202
5e425af3b383c,9,90,95,116,313,211,218
5e425af3b383c,0,02,102,181,385,283,283
5e425af3b383c,2,27,102,364,518,466,416
5e425af3b383c,7,77,52,55,184,107,132
5e425af3b383c,7,76,77,300,447,377,370
5e425af3b383c,6,63,70,644,754,714,684
5e425af3b383c,3,30,40,40594,40741,40634,40701
5e425af3b383c,0,08,107,228,424,335,317
5e425af3b383c,8,81,89,129,321,218,232
5e425af3b383c,1,19,103,74,252,177,149
5e425af3b383c,9,90,75,161,326,236,251
5e425af3b383c,0,02,90,461,661,551,571
5e425af3b383c,2,27,110,327,507,437,397
5e425af3b383c,7,77,70,73,220,143,150
5e425af3b383c,7,77,77,142,293,219,216
5e425af3b383c,7,73,74,395,526,469,452
5e425af3b383c,3,3bksp,57,811,958,868,901
5e425af3b383c,bksp,bkspbksp,90,91,254,181,164
5e425af3b383c,bksp,bkspbksp,73,73,240,146,167
5e425af3b383c,bksp,bksp7,94,866,1059,960,965
5e425af3b383c,7,77,99,257,452,356,353
5e425af3b383c,7,73,96,365,558,461,462
5e425af3b383c,3,3bksp,97,1555,1748,1652,1651
5e425af3b383c,bksp,bkspbksp,96,380,584,476,488
5e425af3b383c,bksp,bksp6,108,1660,1842,1768,1734
5e425af3b383c,6,63,74,644,791,718,717
5e425af3b383c,3,3k,73,42445,43041,42518,42968
5e425af3b383c,k,kbksp,523,543,1127,1066,604
5e425af3b383c,bksp,bkspmeta1,61,1639,1756,1700,1695
5e425af3b383c,meta1,meta10,56,794,939,850,883
5e425af3b383c,0,08,89,198,370,287,281
5e425af3b383c,8,81,83,162,335,245,252
5e425af3b383c,1,19,90,74,257,164,167
5e425af3b383c,9,90,93,147,327,240,234
5e425af3b383c,0,02,87,577,792,664,705
5e425af3b383c,2,27,128,548,738,676,610
5e425af3b383c,7,77,62,112,244,174,182
5e425af3b383c,7,76,70,317,455,387,385
5e425af3b383c,6,63,68,459,600,527,532
5e425af3b383c,3,3meta1,73,-1745,-1600,-1672,-1673
5e425ca155cff,meta1,meta10,72,261,385,333,313
5e425ca155cff,0,06,52,464,588,516,536
5e425ca155cff,6,62,72,219,351,291,279
5e425ca155cff,2,20,60,349,513,409,453
5e425ca155cff,0,06,104,495,656,599,552
5e425ca155cff,6,63,57,144,270,201,213
5e425ca155cff,3,36,69,249,403,318,334
5e425ca155cff,6,60,85,128,269,213,184
5e425ca155cff,0,06,56,112,221,168,165
5e425ca155cff,6,60,53,95,220,148,167
5e425ca155cff,0,0meta1,72,32097,32242,32169,32170
5e425ca155cff,meta1,meta10,73,249,406,322,333
5e425ca155cff,0,06,84,491,633,575,549
5e425ca155cff,6,62,58,230,390,288,332
5e425ca155cff,2,20,102,166,369,268,267
5e425ca155cff,0,06,101,262,419,363,318
5e425ca155cff,6,63,56,125,272,181,216
5e425ca155cff,3,36,91,197,410,288,319
5e425ca155cff,6,60,122,109,304,231,182
5e425ca155cff,0,06,73,73,207,146,134
5e425ca155cff,6,60,61,73,193,134,132
5e425ca155cff,0,0meta1,59,36619,36746,36678,36687
5e425ca155cff,meta1,meta10,68,182,350,250,282
5e425ca155cff,0,06,100,645,802,745,702
5e425ca155cff,6,62,57,261,430,318,373
5e425ca155cff,2,20,112,205,420,317,308
5e425ca155cff,0,06,103,216,427,319,324
5e425ca155cff,6,63,108,156,403,264,295
5e425ca155cff,3,36,139,456,744,595,605
5e425ca155cff,6,60,149,342,578,491,429
5e425ca155cff,0,06,87,127,254,214,167
5e425ca155cff,6,60,40,71,187,111,147
5e425ca155cff,0,0meta1,76,36951,37098,37027,37022
5e425ca155cff,meta1,meta10,71,279,402,350,331
5e425ca155cff,0,06,52,585,718,637,666
5e425ca155cff,6,62,81,171,369,252,288
5e425ca155cff,2,20,117,175,365,292,248
5e425ca155cff,0,06,73,232,371,305,298
5e425ca155cff,6,63,66,169,333,235,267
5e425ca155cff,3,36,98,224,454,322,356
5e425ca155cff,6,60,132,87,294,219,162
5e425ca155cff,0,06,75,111,258,186,183
5e425ca155cff,6,60,72,37,224,109,152
5e425ca155cff,0,0meta1,115,30855,31031,30970,30916
5e425ca155cff,meta1,meta10,61,194,312,255,251
5e425ca155cff,0,06,57,480,609,537,552
5e425ca155cff,6,62,72,196,319,268,247
5e425ca155cff,2,20,51,231,350,282,299
5e425ca155cff,0,06,68,249,386,317,318
5e425ca155cff,6,63,69,128,300,197,231
5e425ca155cff,3,36,103,215,420,318,317
5e425ca155cff,6,60,102,133,287,235,185
5e425ca155cff,0,06,52,74,238,126,186
5e425ca155cff,6,60,112,93,277,205,165
5e425ca155cff,0,0meta1,72,33651,33774,33723,33702
5e425ca155cff,meta1,meta10,51,179,300,230,249
5e425ca155cff,0,06,70,425,539,495,469
5e425ca155cff,6,62,44,211,307,255,263
5e425ca155cff,2,20,52,229,353,281,301
5e425ca155cff,0,06,72,214,358,286,286
5e425ca155cff,6,63,72,105,253,177,181
5e425ca155cff,3,36,76,211,378,287,302
5e425ca155cff,6,60,91,72,240,163,149
5e425ca155cff,0,06,77,72,209,149,132
5e425ca155cff,6,60,60,54,193,114,133
5e425ca155cff,0,0meta1,79,52248,52386,52327,52307
5e425ca155cff,meta1,meta10,59,209,356,268,297
5e425ca155cff,0,06,88,530,711,618,623
5e425ca155cff,6,62,93,171,370,264,277
5e425ca155cff,2,20,106,165,373,271,267
5e425ca155cff,0,06,102,231,402,333,300
5e425ca155cff,6,63,69,132,287,201,218
5e425ca155cff,3,36,86,308,501,394,415
5e425ca155cff,6,60,107,79,274,186,167
5e425ca155cff,0,06,88,94,240,182,152
5e425ca155cff,6,60,58,74,206,132,148
5e425ca155cff,0,0meta1,74,35219,35377,35293,35303
5e425ca155cff,meta1,meta10,84,190,384,274,300
5e425ca155cff,0,06,110,530,695,640,585
5e425ca155cff,6,62,55,214,335,269,280
5e425ca155cff,2,20,66,178,351,244,285
5e425ca155cff,0,03,107,462,656,569,549
5e425ca155cff,3,3bksp,87,1130,1289,1217,1202
5e425ca155cff,bksp,bkspbksp,72,110,222,182,150
5e425ca155cff,bksp,bksp6,40,866,988,906,948
5e425ca155cff,6,62,82,237,366,319,284
5e425ca155cff,2,2bksp,47,928,1065,975,1018
5e425ca155cff,bksp,bksp3,90,128,288,218,198
5e425ca155cff,3,36,70,762,905,832,835
5e425ca155cff,6,60,73,114,275,187,202
5e425ca155cff,0,06,88,93,219,181,131
5e425ca155cff,6,60,38,74,171,112,133
5e425ca155cff,0,0meta1,59,39810,39907,39869,39848
5e425ca155cff,meta1,meta10,38,252,359,290,321
5e425ca155cff,0,06,69,500,623,569,554
5e425ca155cff,6,62,54,277,387,331,333
5e425ca155cff,2,20,56,175,322,231,266
5e425ca155cff,0,06,91,248,420,339,329
5e425ca155cff,6,63,81,155,316,236,235
5e425ca155cff,3,36,80,495,649,575,569
5e425ca155cff,6,60,74,107,255,181,181
5e425ca155cff,0,06,74,94,240,168,166
5e425ca155cff,6,60,72,98,222,170,150
5e425ca155cff,0,0meta1,52,34931,35057,34983,35005
5e425ca155cff,meta1,meta10,74,244,371,318,297
5e425ca155cff,0,06,53,533,657,586,604
5e425ca155cff,6,62,71,345,541,416,470
5e425ca155cff,2,20,125,258,451,383,326
5e425ca155cff,0,06,68,664,787,732,719
5e425ca155cff,6,63,55,264,406,319,351
5e425ca155cff,3,36,87,376,569,463,482
5e425ca155cff,6,60,106,56,271,162,165
5e425ca155cff,0,06,109,79,259,188,150
5e425ca155cff,6,60,71,37,205,108,134
5e425ca155cff,0,0meta1,97,-52862,-52708,-52765,-52805
5e425dd5a33c0,meta1,meta10,57,1374,1469,1431,1412
5e425dd5a33c0,0,08,38,681,772,719,734
5e425dd5a33c0,8,81,53,193,286,246,233
5e425dd5a33c0,1,12,40,282,358,322,318
5e425dd5a33c0,2,28,36,464,554,500,518
5e425dd5a33c0,8,85,54,875,999,929,945
5e425dd5a33c0,5,55,70,58,205,128,135
5e425dd5a33c0,5,52,77,243,361,320,284
5e425dd5a33c0,2,28,41,186,257,227,216
5e425dd5a33c0,8,84,30,381,462,411,432
5e425dd5a33c0,4,4meta1,51,29483,29590,29534,29539
5e425dd5a33c0,meta1,meta10,56,313,410,369,354
5e425dd5a33c0,0,08,41,257,332,298,291
5e425dd5a33c0,8,81,34,93,203,127,169
5e425dd5a33c0,1,12,76,179,309,255,233
5e425dd5a33c0,2,28,54,91,173,145,119
5e425dd5a33c0,8,85,28,379,476,407,448
5e425dd5a33c0,5,55,69,114,235,183,166
5e425dd5a33c0,5,52,52,75,202,127,150
5e425dd5a33c0,2,28,75,92,209,167,134
5e425dd5a33c0,8,84,42,109,209,151,167
5e425dd5a33c0,4,4meta1,58,26072,26197,26130,26139
5e425dd5a33c0,meta1,meta10,67,191,313,258,246
5e425dd5a33c0,0,08,55,1531,1625,1586,1570
5e425dd5a33c0,8,81,39,175,253,214,214
5e425dd5a33c0,1,12,39,230,298,269,259
5e425dd5a33c0,2,28,29,169,238,198,209
5e425dd5a33c0,8,85,40,348,424,388,384
5e425dd5a33c0,5,55,36,91,185,127,149
5e425dd5a33c0,5,52,58,72,188,130,130
5e425dd5a33c0,2,28,58,109,193,167,135
5e425dd5a33c0,8,84,26,113,164,139,138
5e425dd5a33c0,4,4meta1,25,34406,34490,34431,34465
5e425dd5a33c0,meta1,meta10,59,255,357,314,298
5e425dd5a33c0,0,08,43,253,346,296,303
5e425dd5a33c0,8,81,50,179,252,229,202
5e425dd5a33c0,1,12,23,191,254,214,231
5e425dd5a33c0,2,28,40,181,255,221,215
5e425dd5a33c0,8,85,34,799,888,833,854
5e425dd5a33c0,5,55,55,88,203,143,148
5e425dd5a33c0,5,52,60,92,193,152,133
5e425dd5a33c0,2,28,41,141,206,182,165
5e425dd5a33c0,8,84,24,195,243,219,219
5e425dd5a33c0,4,4meta1,24,31818,31890,31842,31866
5e425dd5a33c0,meta1,meta10,48,228,331,276,283
5e425dd5a33c0,0,08,55,232,356,287,301
5e425dd5a33c0,8,81,69,88,220,157,151
5e425dd5a33c0,1,12,63,181,280,244,217
5e425dd5a33c0,2,28,36,106,186,142,150
5e425dd5a33c0,8,85,44,295,396,339,352
5e425dd5a33c0,5,55,57,129,221,186,164
5e425dd5a33c0,5,52,35,90,168,125,133
5e425dd5a33c0,2,28,43,128,196,171,153
5e425dd5a33c0,8,84,25,143,204,168,179
5e425dd5a33c0,4,4meta1,36,28465,28555,28501,28519
5e425dd5a33c0,meta1,meta10,54,628,741,682,687
5e425dd5a33c0,0,08,59,228,324,287,265
5e425dd5a33c0,8,81,37,194,256,231,219
5e425dd5a33c0,1,12,25,212,262,237,237
5e425dd5a33c0,2,28,25,144,201,169,176
5e425dd5a33c0,8,85,32,362,450,394,418
5e425dd5a33c0,5,55,56,90,221,146,165
5e425dd5a33c0,5,52,75,72,194,147,119
5e425dd5a33c0,2,28,47,165,239,212,192
5e425dd5a33c0,8,84,27,98,184,125,157
5e425dd5a33c0,4,4meta1,59,25166,25274,25225,25215
5e425dd5a33c0,meta1,meta10,49,325,411,374,362
5e425dd5a33c0,0,08,37,191,292,228,255
5e425dd5a33c0,8,81,64,136,264,200,200
5e425dd5a33c0,1,12,64,189,315,253,251
5e425dd5a33c0,2,28,62,115,215,177,153
5e425dd5a33c0,8,85,38,313,384,351,346
5e425dd5a33c0,5,55,33,93,187,126,154
5e425dd5a33c0,5,52,61,69,211,130,150
5e425dd5a33c0,2,28,81,120,224,201,143
5e425dd5a33c0,8,84,23,151,199,174,176
5e425dd5a33c0,4,4meta1,25,27514,27595,27539,27570
5e425dd5a33c0,meta1,meta10,56,207,300,263,244
5e425dd5a33c0,0,08,37,363,439,400,402
5e425dd5a33c0,8,81,39,111,188,150,149
5e425dd5a33c0,1,12,38,230,297,268,259
5e425dd5a33c0,2,28,29,207,263,236,234
5e425dd5a33c0,8,85,27,487,552,514,525
5e425dd5a33c0,5,55,38,130,204,168,166
5e425dd5a33c0,5,52,36,111,201,147,165
5e425dd5a33c0,2,28,54,122,196,176,142
5e425dd5a33c0,8,84,20,133,195,153,175
5e425dd5a33c0,4,4meta1,42,25783,25881,25825,25839
5e425dd5a33c0,meta1,meta10,56,207,319,263,263
5e425dd5a33c0,0,08,56,250,339,306,283
5e425dd5a33c0,8,81,33,298,366,331,333
5e425dd5a33c0,1,18,35,425,504,460,469
5e425dd5a33c0,8,85,44,465,564,509,520
5e425dd5a33c0,5,55,55,90,199,145,144
5e425dd5a33c0,5,52,54,90,204,144,150
5e425dd5a33c0,2,28,60,126,211,186,151
5e425dd5a33c0,8,84,25,130,191,155,166
5e425dd5a33c0,4,4meta1,36,20925,20996,20961,20960
5e425dd5a33c0,meta1,meta10,35,174,259,209,224
5e425dd5a33c0,0,08,50,264,353,314,303
5e425dd5a33c0,8,81,39,247,324,286,285
5e425dd5a33c0,1,12,38,196,270,234,232
5e425dd5a33c0,2,28,36,179,241,215,205
5e425dd5a33c0,8,85,26,425,522,451,496
5e425dd5a33c0,5,55,71,129,251,200,180
5e425dd5a33c0,5,52,51,98,186,149,135
5e425dd5a33c0,2,28,37,145,219,182,182
5e425dd5a33c0,8,84,37,123,203,160,166
5e425dd5a33c0,4,4meta1,43,-267083,-266950,-267040,-266993
5e425de61c7b0,meta1,meta19,90,748,922,838,832
5e425de61c7b0,9,92,84,428,620,512,536
5e425de61c7b0,2,22,108,141,338,249,230
5e425de61c7b0,2,26,89,231,423,320,334
5e425de61c7b0,6,69,103,745,954,848,851
5e425de61c7b0,9,90,106,159,371,265,265
5e425de61c7b0,0,06,106,480,690,586,584
5e425de61c7b0,6,63,104,225,437,329,333
5e425de61c7b0,3,39,108,227,481,335,373
5e425de61c7b0,9,9meta1,146,50682,50927,50828,50781
5e425de61c7b0,meta1,meta19,99,562,735,661,636
5e425de61c7b0,9,92,74,275,457,349,383
5e425de61c7b0,2,22,108,163,320,271,212
5e425de61c7b0,2,26,49,214,333,263,284
5e425de61c7b0,6,69,70,259,422,329,352
5e425de61c7b0,9,90,93,141,361,234,268
5e425de61c7b0,0,06,127,407,610,534,483
5e425de61c7b0,6,63,76,306,508,382,432
5e425de61c7b0,3,39,126,161,312,287,186
5e425de61c7b0,9,9meta1,25,31596,31723,31621,31698
5e425de61c7b0,meta1,meta19,102,677,869,779,767
5e425de61c7b0,9,92,90,696,927,786,837
5e425de61c7b0,2,22,141,108,320,249,179
5e425de61c7b0,2,26,71,230,356,301,285
5e425de61c7b0,6,69,55,294,439,349,384
5e425de61c7b0,9,90,90,125,305,215,215
5e425de61c7b0,0,06,90,813,992,903,902
5e425de61c7b0,6,63,89,429,621,518,532
5e425de61c7b0,3,39,103,243,437,346,334
5e425de61c7b0,9,9meta1,91,42384,42533,42475,42442
5e425de61c7b0,meta1,meta19,58,596,733,654,675
5e425de61c7b0,9,92,79,262,449,341,370
5e425de61c7b0,2,22,108,350,573,458,465
5e425de61c7b0,2,26,115,310,480,425,365
5e425de61c7b0,6,69,55,263,422,318,367
5e425de61c7b0,9,90,104,141,354,245,250
5e425de61c7b0,0,06,109,380,561,489,452
5e425de61c7b0,6,63,72,229,422,301,350
5e425de61c7b0,3,39,121,112,319,233,198
5e425de61c7b0,9,9p,86,32178,32392,32264,32306
5e425de61c7b0,p,pi,128,245,444,373,316
5e425de61c7b0,i,ibksp,71,925,1088,996,1017
5e425de61c7b0,bksp,bkspbksp,92,125,260,217,168
5e425de61c7b0,bksp,bkspmeta1,43,458,590,501,547
5e425de61c7b0,meta1,meta19,89,761,940,850,851
5e425de61c7b0,9,92,90,560,740,650,650
5e425de61c7b0,2,22,90,109,290,199,200
5e425de61c7b0,2,26,91,229,387,320,296
5e425de61c7b0,6,69,67,281,440,348,373
5e425de61c7b0,9,90,92,173,323,265,231
5e425de61c7b0,0,06,58,427,574,485,516
5e425de61c7b0,6,63,89,195,407,284,318
5e425de61c7b0,3,39,123,125,305,248,182
5e425de61c7b0,9,9meta1,57,35013,35174,35070,35117
5e425de61c7b0,meta1,meta10,104,428,647,532,543
5e425de61c7b0,0,09,115,185,373,300,258
5e425de61c7b0,9,92,73,263,441,336,368
5e425de61c7b0,2,22,105,108,319,213,214
5e425de61c7b0,2,26,106,245,457,351,351
5e425de61c7b0,6,69,106,745,922,851,816
5e425de61c7b0,9,90,71,164,320,235,249
5e425de61c7b0,0,06,85,578,769,663,684
5e425de61c7b0,6,63,106,181,388,287,282
5e425de61c7b0,3,39,101,97,271,198,170
5e425de61c7b0,9,9p,73,38571,38819,38644,38746
5e425de61c7b0,p,pbksp,175,542,822,717,647
5e425de61c7b0,bksp,bkspmeta1,105,55,270,160,165
5e425de61c7b0,meta1,meta10,110,162,347,272,237
5e425de61c7b0,0,09,75,518,690,593,615
5e425de61c7b0,9,92,97,729,933,826,836
5e425de61c7b0,2,22,107,142,360,249,253
5e425de61c7b0,2,26,111,464,656,575,545
5e425de61c7b0,6,69,81,292,464,373,383
5e425de61c7b0,9,90,91,141,341,232,250
5e425de61c7b0,0,06,109,728,927,837,818
5e425de61c7b0,6,63,90,228,423,318,333
5e425de61c7b0,3,39,105,158,369,263,264
5e425de61c7b0,9,9meta1,106,33794,33990,33900,33884
5e425de61c7b0,meta1,meta10,90,298,489,388,399
5e425de61c7b0,0,09,101,197,383,298,282
5e425de61c7b0,9,92,85,296,495,381,410
5e425de61c7b0,2,22,114,101,304,215,190
5e425de61c7b0,2,26,89,178,322,267,233
5e425de61c7b0,6,69,55,244,390,299,335
5e425de61c7b0,9,90,91,147,323,238,232
5e425de61c7b0,0,06,85,435,619,520,534
5e425de61c7b0,6,63,99,195,433,294,334
5e425de61c7b0,3,39,139,52,289,191,150
5e425de61c7b0,9,9meta1,98,28805,29000,28903,28902
5e425de61c7b0,meta1,meta10,97,327,531,424,434
5e425de61c7b0,0,09,107,180,373,287,266
5e425de61c7b0,9,92,86,364,538,450,452
5e425de61c7b0,2,22,88,86,286,174,198
5e425de61c7b0,2,26,112,145,344,257,232
5e425de61c7b0,6,69,87,263,437,350,350
5e425de61c7b0,9,90,87,129,304,216,217
5e425de61c7b0,0,06,88,365,526,453,438
5e425de61c7b0,6,63,73,291,486,364,413
5e425de61c7b0,3,39,122,72,288,194,166
5e425de61c7b0,9,9meta1,94,27399,27547,27493,27453
5e425de61c7b0,meta1,meta10,54,345,491,399,437
5e425de61c7b0,0,09,92,139,338,231,246
5e425de61c7b0,9,92,107,193,389,300,282
5e425de61c7b0,2,22,89,92,271,181,182
5e425de61c7b0,2,26,90,198,375,288,285
5e425de61c7b0,6,69,87,180,355,267,268
5e425de61c7b0,9,90,88,126,287,214,199
5e425de61c7b0,0,06,73,289,442,362,369
5e425de61c7b0,6,63,80,240,426,320,346
5e425de61c7b0,3,39,106,76,242,182,136
5e425de61c7b0,9,9meta1,60,-362295,-362160,-362235,-362220
5e425de6cae49,meta1,meta10,75,367,526,442,451
5e425de6cae49,0,09,84,202,383,286,299
5e425de6cae49,9,98,97,171,365,268,268
5e425de6cae49,8,82,97,426,581,523,484
5e425de6cae49,2,26,58,389,523,447,465
5e425de6cae49,6,65,76,483,593,559,517
5e425de6cae49,5,55,34,85,167,119,133
5e425de6cae49,5,52,48,559,699,607,651
5e425de6cae49,2,2meta1,92,38486,38626,38578,38534
5e425de6cae49,meta1,meta10,48,238,368,286,320
5e425de6cae49,0,09,82,193,346,275,264
5e425de6cae49,9,98,71,211,356,282,285
5e425de6cae49,8,82,74,276,422,350,348
5e425de6cae49,2,21,72,119,290,191,218
5e425de6cae49,1,16,99,147,331,246,232
5e425de6cae49,6,65,85,164,321,249,236
5e425de6cae49,5,55,72,53,205,125,133
5e425de6cae49,5,51,80,86,245,166,165
5e425de6cae49,1,12,79,223,379,302,300
5e425de6cae49,2,2meta1,77,37294,37447,37371,37370
5e425de6cae49,meta1,meta10,76,364,526,440,450
5e425de6cae49,0,09,86,230,384,316,298
5e425de6cae49,9,98,68,143,303,211,235
5e425de6cae49,8,82,92,262,426,354,334
5e425de6cae49,2,21,72,159,338,231,266
5e425de6cae49,1,16,107,344,543,451,436
5e425de6cae49,6,65,92,355,541,447,449
5e425de6cae49,5,55,94,51,225,145,131
5e425de6cae49,5,51,80,157,314,237,234
5e425de6cae49,1,12,77,280,427,357,350
5e425de6cae49,2,2meta1,70,38052,38192,38122,38122
5e425de6cae49,meta1,meta10,70,290,468,360,398
5e425de6cae49,0,09,108,196,371,304,263
5e425de6cae49,9,98,67,187,334,254,267
5e425de6cae49,8,82,80,228,401,308,321
5e425de6cae49,2,21,93,148,344,241,251
5e425de6cae49,1,16,103,204,383,307,280
5e425de6cae49,6,65,76,174,326,250,250
5e425de6cae49,5,55,76,87,224,163,148
5e425de6cae49,5,52,61,530,716,591,655
5e425de6cae49,2,2meta1,125,42127,42359,42252,42234
5e425de6cae49,meta1,meta10,107,201,390,308,283
5e425de6cae49,0,09,82,152,315,234,233
5e425de6cae49,9,98,81,208,364,289,283
5e425de6cae49,8,82,75,211,356,286,281
5e425de6cae49,2,21,70,107,275,177,205
5e425de6cae49,1,16,98,143,344,241,246
5e425de6cae49,6,65,103,146,319,249,216
5e425de6cae49,5,55,70,72,205,142,135
5e425de6cae49,5,51,63,140,282,203,219
5e425de6cae49,1,12,79,311,429,390,350
5e425de6cae49,2,2meta1,39,44526,44629,44565,44590
5e425de6cae49,meta1,meta10,64,285,409,349,345
5e425de6cae49,0,09,60,242,375,302,315
5e425de6cae49,9,98,73,154,305,227,232
5e425de6cae49,8,82,78,226,380,304,302
5e425de6cae49,2,21,76,124,276,200,200
5e425de6cae49,1,16,76,328,492,404,416
5e425de6cae49,6,65,88,281,439,369,351
5e425de6cae49,5,55,70,88,219,158,149
5e425de6cae49,5,51,61,179,330,240,269
5e425de6cae49,1,12,90,279,443,369,353
5e425de6cae49,2,2meta1,74,42618,42775,42692,42701
5e425de6cae49,meta1,meta10,83,208,365,291,282
5e425de6cae49,0,09,74,211,355,285,281
5e425de6cae49,9,98,70,182,336,252,266
5e425de6cae49,8,82,84,333,503,417,419
5e425de6cae49,2,21,86,114,319,200,233
5e425de6cae49,1,16,119,127,354,246,235
5e425de6cae49,6,65,108,190,388,298,280
5e425de6cae49,5,55,90,96,241,186,151
5e425de6cae49,5,51,55,263,389,318,334
5e425de6cae49,1,12,71,275,436,346,365
5e425de6cae49,2,2meta1,90,30331,30509,30421,30419
5e425de6cae49,meta1,meta10,88,164,335,252,247
5e425de6cae49,0,09,83,174,353,257,270
5e425de6cae49,9,98,96,183,346,279,250
5e425de6cae49,8,82,67,140,282,207,215
5e425de6cae49,2,21,75,134,313,209,238
5e425de6cae49,1,16,104,146,334,250,230
5e425de6cae49,6,65,84,166,316,250,232
5e425de6cae49,5,55,66,75,218,141,152
5e425de6cae49,5,51,77,244,413,321,336
5e425de6cae49,1,12,92,208,357,300,265
5e425de6cae49,2,2meta1,57,31628,31758,31685,31701
5e425de6cae49,meta1,meta10,73,242,403,315,330
5e425de6cae49,0,09,88,174,338,262,250
5e425de6cae49,9,98,76,160,312,236,236
5e425de6cae49,8,82,76,191,343,267,267
5e425de6cae49,2,21,76,133,309,209,233
5e425de6cae49,1,16,100,160,333,260,233
5e425de6cae49,6,65,73,247,390,320,317
5e425de6cae49,5,55,70,88,219,158,149
5e425de6cae49,5,51,61,1081,1249,1142,1188
5e425de6cae49,1,12,107,260,404,367,297
5e425de6cae49,2,2meta1,37,31878,31988,31915,31951
5e425de6cae49,meta1,meta10,73,209,371,282,298
5e425de6cae49,0,09,89,185,324,274,235
5e425de6cae49,9,98,50,160,303,210,253
5e425de6cae49,8,82,93,177,340,270,247
5e425de6cae49,2,21,70,158,336,228,266
5e425de6cae49,1,16,108,247,425,355,317
5e425de6cae49,6,65,70,184,320,254,250
5e425de6cae49,5,55,66,69,231,135,165
5e425de6cae49,5,52,96,531,683,627,587
5e425de6cae49,2,2meta1,56,-200904,-200783,-200848,-200839
5e425e7126679,meta1,meta10,65,366,506,431,441
5e425e7126679,0,08,75,344,494,419,419
5e425e7126679,8,89,75,124,255,199,180
5e425e7126679,9,94,56,877,975,933,919
5e425e7126679,4,49,42,421,527,463,485
5e425e7126679,9,96,64,490,647,554,583
5e425e7126679,6,65,93,159,323,252,230
5e425e7126679,5,57,71,179,303,250,232
5e425e7126679,7,74,53,277,389,330,336
5e425e7126679,4,47,59,191,275,250,216
5e425e7126679,7,7meta1,25,51619,51699,51644,51674
5e425e7126679,meta1,meta10,55,489,617,544,562
5e425e7126679,0,08,73,264,405,337,332
5e425e7126679,8,89,68,113,233,181,165
5e425e7126679,9,94,52,485,590,537,538
5e425e7126679,4,49,53,209,301,262,248
5e425e7126679,9,96,39,430,523,469,484
5e425e7126679,6,65,54,379,503,433,449
5e425e7126679,5,57,70,133,268,203,198
5e425e7126679,7,77,65,581,699,646,634
5e425e7126679,7,7.,53,947,1057,1000,1004
5e425e7126679,.,.bksp,57,643,772,700,715
5e425e7126679,bksp,bkspbksp,72,146,286,218,214
5e425e7126679,bksp,bksp4,68,1373,1503,1441,1435
5e425e7126679,4,47,62,215,344,277,282
5e425e7126679,7,7meta1,67,40223,40330,40290,40263
5e425e7126679,meta1,meta10,40,371,450,411,410
5e425e7126679,0,08,39,295,388,334,349
5e425e7126679,8,89,54,131,237,185,183
5e425e7126679,9,94,52,698,788,750,736
5e425e7126679,4,49,38,325,419,363,381
5e425e7126679,9,96,56,495,622,551,566
5e425e7126679,6,65,71,166,320,237,249
5e425e7126679,5,57,83,162,299,245,216
5e425e7126679,7,74,54,213,306,267,252
5e425e7126679,4,47,39,161,239,200,200
5e425e7126679,7,7meta1,39,43215,43315,43254,43276
5e425e7126679,meta1,meta10,61,388,521,449,460
5e425e7126679,0,08,72,397,522,469,450
5e425e7126679,8,89,53,120,235,173,182
5e425e7126679,9,94,62,400,501,462,439
5e425e7126679,4,49,39,224,316,263,277
5e425e7126679,9,96,53,448,572,501,519
5e425e7126679,6,65,71,148,286,219,215
5e425e7126679,5,57,67,144,283,211,216
5e425e7126679,7,74,72,175,323,247,251
5e425e7126679,4,47,76,103,260,179,184
5e425e7126679,7,7meta1,81,40847,40968,40928,40887
5e425e7126679,meta1,meta10,40,396,491,436,451
5e425e7126679,0,07,55,213,335,268,280
5e425e7126679,7,79,67,115,235,182,168
5e425e7126679,9,98,53,2617,2752,2670,2699
5e425e7126679,8,89,82,119,283,201,201
5e425e7126679,9,94,82,455,598,537,516
5e425e7126679,4,49,61,380,498,441,437
5e425e7126679,9,96,57,512,658,569,601
5e425e7126679,6,65,89,174,336,263,247
5e425e7126679,5,57,73,164,273,237,200
5e425e7126679,7,74,36,278,386,314,350
5e425e7126679,4,47,72,131,270,203,198
5e425e7126679,7,7meta1,67,39219,39355,39286,39288
5e425e7126679,meta1,meta10,69,292,436,361,367
5e425e7126679,0,08,75,294,425,369,350
5e425e7126679,8,89,56,363,489,419,433
5e425e7126679,9,94,70,461,589,531,519
5e425e7126679,4,49,58,360,491,418,433
5e425e7126679,9,96,73,564,741,637,668
5e425e7126679,6,65,104,237,415,341,311
5e425e7126679,5,57,74,168,293,242,219
5e425e7126679,7,75,51,210,333,261,282
5e425e7126679,5,57,72,128,241,200,169
5e425e7126679,7,7bksp,41,1031,1156,1072,1115
5e425e7126679,bksp,bkspbksp,84,113,266,197,182
5e425e7126679,bksp,bksp4,69,860,990,929,921
5e425e7126679,4,47,61,342,474,403,413
5e425e7126679,7,7meta1,71,43649,43774,43720,43703
5e425e7126679,meta1,meta10,54,333,440,387,386
5e425e7126679,0,08,53,278,402,331,349
5e425e7126679,8,89,71,110,238,181,167
5e425e7126679,9,94,57,694,807,751,750
5e425e7126679,4,49,56,281,403,337,347
5e425e7126679,9,96,66,384,537,450,471
5e425e7126679,6,65,87,145,300,232,213
5e425e7126679,5,57,68,142,285,210,217
5e425e7126679,7,74,75,215,343,290,268
5e425e7126679,4,47,53,146,235,199,182
5e425e7126679,7,7meta1,36,36785,36882,36821,36846
5e425e7126679,meta1,meta10,61,355,503,416,442
5e425e7126679,0,08,87,228,370,315,283
5e425e7126679,8,89,55,106,254,161,199
5e425e7126679,9,94,93,515,661,608,568
5e425e7126679,4,49,53,259,370,312,317
5e425e7126679,9,96,58,398,525,456,467
5e425e7126679,6,65,69,143,283,212,214
5e425e7126679,5,57,71,128,256,199,185
5e425e7126679,7,74,57,212,323,269,266
5e425e7126679,4,47,54,147,252,201,198
5e425e7126679,7,7meta1,51,37103,37206,37154,37155
5e425e7126679,meta1,meta10,52,314,403,366,351
5e425e7126679,0,08,37,396,486,433,449
5e425e7126679,8,89,53,113,234,166,181
5e425e7126679,9,94,68,465,573,533,505
5e425e7126679,4,49,40,277,387,317,347
5e425e7126679,9,96,70,399,536,469,466
5e425e7126679,6,65,67,135,269,202,202
5e425e7126679,5,57,67,132,266,199,199
5e425e7126679,7,74,67,196,316,263,249
5e425e7126679,4,47,53,165,269,218,216
5e425e7126679,7,7meta1,51,36769,36877,36820,36826
5e425e7126679,meta1,meta10,57,293,435,350,378
5e425e7126679,0,08,85,245,384,330,299
5e425e7126679,8,89,54,108,220,162,166
5e425e7126679,9,94,58,517,614,575,556
5e425e7126679,4,49,39,260,352,299,313
5e425e7126679,9,96,53,431,539,484,486
5e425e7126679,6,65,55,141,267,196,212
5e425e7126679,5,57,71,152,271,223,200
5e425e7126679,7,74,48,182,298,230,250
5e425e7126679,4,47,68,149,285,217,217
5e425e7126679,7,7meta1,68,-198022,-197866,-197954,-197934
5e425f5dac2ce,meta1,meta10,88,479,639,567,551
5e425f5dac2ce,0,09,72,246,372,318,300
5e425f5dac2ce,9,97,54,578,704,632,650
5e425f5dac2ce,7,70,72,414,553,486,481
5e425f5dac2ce,0,02,67,630,752,697,685
5e425f5dac2ce,2,27,55,674,788,729,733
5e425f5dac2ce,7,79,59,898,1027,957,968
5e425f5dac2ce,9,90,70,213,368,283,298
5e425f5dac2ce,0,09,85,262,420,347,335
5e425f5dac2ce,9,94,73,711,823,784,750
5e425f5dac2ce,4,4meta1,39,37681,37773,37720,37734
5e425f5dac2ce,meta1,meta10,53,439,588,492,535
5e425f5dac2ce,0,09,96,198,377,294,281
5e425f5dac2ce,9,97,83,216,351,299,268
5e425f5dac2ce,7,70,52,511,634,563,582
5e425f5dac2ce,0,02,71,407,541,478,470
5e425f5dac2ce,2,27,63,664,796,727,733
5e425f5dac2ce,7,79,69,658,785,727,716
5e425f5dac2ce,9,90,58,247,377,305,319
5e425f5dac2ce,0,09,72,159,318,231,246
5e425f5dac2ce,9,94,87,446,590,533,503
5e425f5dac2ce,4,4meta1,57,41831,41943,41888,41886
5e425f5dac2ce,meta1,meta10,55,681,822,736,767
5e425f5dac2ce,0,0bksp,86,1603,1751,1689,1665
5e425f5dac2ce,bksp,bksp9,62,749,848,811,786
5e425f5dac2ce,9,97,37,677,787,714,750
5e425f5dac2ce,7,70,73,526,671,599,598
5e425f5dac2ce,0,02,72,567,690,639,618
5e425f5dac2ce,2,27,51,1328,1420,1379,1369
5e425f5dac2ce,7,79,41,978,1076,1019,1035
5e425f5dac2ce,9,90,57,275,387,332,330
5e425f5dac2ce,0,09,55,226,351,281,296
5e425f5dac2ce,9,94,70,632,756,702,686
5e425f5dac2ce,4,4meta1,54,43397,43524,43451,43470
5e425f5dac2ce,meta1,meta10,73,513,672,586,599
5e425f5dac2ce,0,09,86,396,521,482,435
5e425f5dac2ce,9,97,39,330,438,369,399
5e425f5dac2ce,7,70,69,593,736,662,667
5e425f5dac2ce,0,02,74,495,626,569,552
5e425f5dac2ce,2,27,57,392,489,449,432
5e425f5dac2ce,7,79,40,979,1089,1019,1049
5e425f5dac2ce,9,90,70,249,368,319,298
5e425f5dac2ce,0,09,49,213,317,262,268
5e425f5dac2ce,9,94,55,428,554,483,499
5e425f5dac2ce,4,4meta1,71,49990,50118,50061,50047
5e425f5dac2ce,meta1,meta10,57,624,754,681,697
5e425f5dac2ce,0,09,73,414,541,487,468
5e425f5dac2ce,9,97,54,659,770,713,716
5e425f5dac2ce,7,70,57,501,619,558,562
5e425f5dac2ce,0,02,61,677,795,738,734
5e425f5dac2ce,2,27,57,715,826,772,769
5e425f5dac2ce,7,79,54,646,770,700,716
5e425f5dac2ce,9,90,70,331,435,401,365
5e425f5dac2ce,0,09,34,279,386,313,352
5e425f5dac2ce,9,94,73,546,689,619,616
5e425f5dac2ce,4,4meta1,70,41469,41596,41539,41526
5e425f5dac2ce,meta1,meta10,57,494,585,551,528
5e425f5dac2ce,0,09,34,183,300,217,266
5e425f5dac2ce,9,97,83,281,435,364,352
5e425f5dac2ce,7,70,71,446,588,517,517
5e425f5dac2ce,0,02,71,444,586,515,515
5e425f5dac2ce,2,27,71,264,407,335,336
5e425f5dac2ce,7,79,72,778,920,850,848
5e425f5dac2ce,9,90,70,245,386,315,316
5e425f5dac2ce,0,09,71,198,353,269,282
5e425f5dac2ce,9,94,84,433,588,517,504
5e425f5dac2ce,4,4meta1,71,36963,37086,37034,37015
5e425f5dac2ce,meta1,meta10,52,465,589,517,537
5e425f5dac2ce,0,09,72,378,488,450,416
5e425f5dac2ce,9,97,38,1263,1338,1301,1300
5e425f5dac2ce,7,72,37,1200,1301,1237,1264
5e425f5dac2ce,2,27,64,287,430,351,366
5e425f5dac2ce,7,7bksp,79,1433,1601,1512,1522
5e425f5dac2ce,bksp,bksp0,89,928,1088,1017,999
5e425f5dac2ce,0,02,71,311,455,382,384
5e425f5dac2ce,2,27,73,346,490,419,417
5e425f5dac2ce,7,79,71,660,820,731,749
5e425f5dac2ce,9,90,89,279,421,368,332
5e425f5dac2ce,0,09,53,247,370,300,317
5e425f5dac2ce,9,94,70,491,687,561,617
5e425f5dac2ce,4,4meta1,126,39867,40045,39993,39919
5e425f5dac2ce,meta1,meta10,52,497,619,549,567
5e425f5dac2ce,0,09,70,180,303,250,233
5e425f5dac2ce,9,97,53,298,388,351,335
5e425f5dac2ce,7,70,37,494,587,531,550
5e425f5dac2ce,0,02,56,443,556,499,500
5e425f5dac2ce,2,27,57,653,770,710,713
5e425f5dac2ce,7,79,60,366,479,426,419
5e425f5dac2ce,9,90,53,180,303,233,250
5e425f5dac2ce,0,09,70,169,286,239,216
5e425f5dac2ce,9,94,47,650,750,697,703
5e425f5dac2ce,4,4meta1,53,39483,39596,39536,39543
5e425f5dac2ce,meta1,meta10,60,424,566,484,506
5e425f5dac2ce,0,07,82,482,616,564,534
5e425f5dac2ce,7,72,52,1117,1220,1169,1168
5e425f5dac2ce,2,27,51,461,553,512,502
5e425f5dac2ce,7,79,41,378,457,419,416
5e425f5dac2ce,9,90,38,211,286,249,248
5e425f5dac2ce,0,09,37,205,285,242,248
5e425f5dac2ce,9,94,43,429,529,472,486
5e425f5dac2ce,4,4meta1,57,46563,46679,46620,46622
5e425f5dac2ce,meta1,meta10,59,398,537,457,478
5e425f5dac2ce,0,09,80,270,412,350,332
5e425f5dac2ce,9,97,62,920,1050,982,988
5e425f5dac2ce,7,70,68,991,1133,1059,1065
5e425f5dac2ce,0,02,74,287,441,361,367
5e425f5dac2ce,2,27,80,235,380,315,300
5e425f5dac2ce,7,79,65,386,530,451,465
5e425f5dac2ce,9,90,79,546,699,625,620
5e425f5dac2ce,0,09,74,487,640,561,566
5e425f5dac2ce,9,95,79,447,615,526,536
5e425f5dac2ce,5,54,89,1575,1718,1664,1629
5e425f5dac2ce,4,4meta1,54,-367004,-366867,-366950,-366921
5e425fa2719d9,meta1,meta10,83,792,964,875,881
5e425fa2719d9,0,09,89,242,424,331,335
5e425fa2719d9,9,94,93,544,743,637,650
5e425fa2719d9,4,49,106,342,556,448,450
5e425fa2719d9,9,96,108,257,472,365,364
5e425fa2719d9,6,63,107,811,1025,918,918
5e425fa2719d9,3,39,107,292,494,399,387
5e425fa2719d9,9,93,95,455,663,550,568
5e425fa2719d9,3,30,113,187,408,300,295
5e425fa2719d9,0,09,108,144,342,252,234
5e425fa2719d9,9,9meta1,90,69631,69774,69721,69684
5e425fa2719d9,meta1,meta10,53,314,439,367,386
5e425fa2719d9,0,09,72,296,459,368,387
5e425fa2719d9,9,94,91,272,460,363,369
5e425fa2719d9,4,49,97,120,340,217,243
5e425fa2719d9,9,93,123,498,728,621,605
5e425fa2719d9,3,3bksp,107,974,1171,1081,1064
5e425fa2719d9,bksp,bksp6,90,273,423,363,333
5e425fa2719d9,6,63,60,322,474,382,414
5e425fa2719d9,3,39,92,1458,1612,1550,1520
5e425fa2719d9,9,93,62,1038,1175,1100,1113
5e425fa2719d9,3,30,75,336,525,411,450
5e425fa2719d9,0,09,114,278,466,392,352
5e425fa2719d9,9,9meta1,74,49111,49276,49185,49202
5e425fa2719d9,meta1,meta10,91,290,489,381,398
5e425fa2719d9,0,09,108,143,359,251,251
5e425fa2719d9,9,94,108,446,645,554,537
5e425fa2719d9,4,49,91,527,690,618,599
5e425fa2719d9,9,96,72,907,1039,979,967
5e425fa2719d9,6,63,60,556,711,616,651
5e425fa2719d9,3,39,95,419,624,514,529
5e425fa2719d9,9,93,110,413,613,523,503
5e425fa2719d9,3,30,90,272,453,362,363
5e425fa2719d9,0,09,91,314,477,405,386
5e425fa2719d9,9,9meta1,72,38023,38192,38095,38120
5e425fa2719d9,meta1,meta10,97,329,497,426,400
5e425fa2719d9,0,09,71,192,351,263,280
5e425fa2719d9,9,94,88,280,442,368,354
5e425fa2719d9,4,49,74,425,605,499,531
5e425fa2719d9,9,96,106,664,827,770,721
5e425fa2719d9,6,63,57,489,635,546,578
5e425fa2719d9,3,39,89,378,574,467,485
5e425fa2719d9,9,93,107,424,625,531,518
5e425fa2719d9,3,30,94,187,411,281,317
5e425fa2719d9,0,09,130,240,443,370,313
5e425fa2719d9,9,9meta1,73,50382,50545,50455,50472
5e425fa2719d9,meta1,meta10,90,260,440,350,350
5e425fa2719d9,0,09,90,329,505,419,415
5e425fa2719d9,9,94,86,309,485,395,399
5e425fa2719d9,4,49,90,668,841,758,751
5e425fa2719d9,9,96,83,709,883,792,800
5e425fa2719d9,6,63,91,725,925,816,834
5e425fa2719d9,3,39,109,543,759,652,650
5e425fa2719d9,9,93,107,694,890,801,783
5e425fa2719d9,3,30,89,445,639,534,550
5e425fa2719d9,0,09,105,220,421,325,316
5e425fa2719d9,9,9meta1,96,33365,33524,33461,33428
5e425fa2719d9,meta1,meta10,63,303,456,366,393
5e425fa2719d9,0,09,90,311,489,401,399
5e425fa2719d9,9,94,88,382,538,470,450
5e425fa2719d9,4,49,68,461,619,529,551
5e425fa2719d9,9,96,90,542,707,632,617
5e425fa2719d9,6,63,75,412,573,487,498
5e425fa2719d9,3,39,86,327,522,413,436
5e425fa2719d9,9,93,109,519,723,628,614
5e425fa2719d9,3,30,95,226,413,321,318
5e425fa2719d9,0,09,92,190,391,282,299
5e425fa2719d9,9,9meta1,109,38861,39030,38970,38921
5e425fa2719d9,meta1,meta10,60,390,541,450,481
5e425fa2719d9,0,09,91,177,339,268,248
5e425fa2719d9,9,94,71,262,440,333,369
5e425fa2719d9,4,49,107,143,322,250,215
5e425fa2719d9,9,96,72,627,791,699,719
5e425fa2719d9,6,63,92,346,526,438,434
5e425fa2719d9,3,39,88,337,501,425,413
5e425fa2719d9,9,93,76,207,379,283,303
5e425fa2719d9,3,30,96,157,363,253,267
5e425fa2719d9,0,09,110,176,375,286,265
5e425fa2719d9,9,9meta1,89,38050,38211,38139,38122
5e425fa2719d9,meta1,meta10,72,309,470,381,398
5e425fa2719d9,0,09,89,247,387,336,298
5e425fa2719d9,9,94,51,428,552,479,501
5e425fa2719d9,4,49,73,557,724,630,651
5e425fa2719d9,9,96,94,443,608,537,514
5e425fa2719d9,6,63,71,281,441,352,370
5e425fa2719d9,3,39,89,154,336,243,247
5e425fa2719d9,9,93,93,543,728,636,635
5e425fa2719d9,3,30,92,88,294,180,202
5e425fa2719d9,0,09,114,188,379,302,265
5e425fa2719d9,9,9meta1,77,37907,38078,37984,38001
5e425fa2719d9,meta1,meta10,94,296,476,390,382
5e425fa2719d9,0,09,86,164,338,250,252
5e425fa2719d9,9,94,88,330,488,418,400
5e425fa2719d9,4,49,70,261,424,331,354
5e425fa2719d9,9,96,93,377,556,470,463
5e425fa2719d9,6,63,86,263,451,349,365
5e425fa2719d9,3,39,102,662,872,764,770
5e425fa2719d9,9,93,108,243,471,351,363
5e425fa2719d9,3,30,120,97,305,217,185
5e425fa2719d9,0,09,88,181,354,269,266
5e425fa2719d9,9,9meta1,85,38764,38972,38849,38887
5e425fa2719d9,meta1,meta10,123,330,591,453,468
5e425fa2719d9,0,09,138,304,538,442,400
5e425fa2719d9,9,94,96,606,810,702,714
5e425fa2719d9,4,49,108,441,626,549,518
5e425fa2719d9,9,96,77,634,776,711,699
5e425fa2719d9,6,63,65,525,682,590,617
5e425fa2719d9,3,39,92,175,357,267,265
5e425fa2719d9,9,93,90,462,660,552,570
5e425fa2719d9,3,30,108,103,321,211,213
5e425fa2719d9,0,09,110,191,379,301,269
5e425fa2719d9,9,90,78,77584,77718,77662,77640
5e42619fe1920,0,09,56,249,371,305,315
5e42619fe1920,9,93,66,497,671,563,605
5e42619fe1920,3,34,108,160,370,268,262
5e42619fe1920,4,41,102,249,454,351,352
5e42619fe1920,1,12,103,164,352,267,249
5e42619fe1920,2,20,85,2285,2401,2370,2316
5e42619fe1920,0,09,31,203,331,234,300
5e42619fe1920,9,91,97,38,265,135,168
5e42619fe1920,1,17,130,415,629,545,499
5e42619fe1920,7,7meta1,84,50118,50305,50202,50221
5e42619fe1920,meta1,meta10,103,413,587,516,484
5e42619fe1920,0,09,71,211,370,282,299
5e42619fe1920,9,93,88,612,805,700,717
5e42619fe1920,3,34,105,481,672,586,567
5e42619fe1920,4,41,86,246,451,332,365
5e42619fe1920,1,12,119,315,489,434,370
5e42619fe1920,2,20,55,611,721,666,666
5e42619fe1920,0,09,55,197,334,252,279
5e42619fe1920,9,91,82,88,269,170,187
5e42619fe1920,1,17,99,561,732,660,633
5e42619fe1920,7,7meta1,72,40903,41040,40975,40968
5e42619fe1920,meta1,meta10,65,547,702,612,637
5e42619fe1920,0,09,90,179,387,269,297
5e42619fe1920,9,93,118,832,1037,950,919
5e42619fe1920,3,34,87,145,319,232,232
5e42619fe1920,4,41,87,263,440,350,353
5e42619fe1920,1,12,90,210,422,300,332
5e42619fe1920,2,20,122,166,384,288,262
5e42619fe1920,0,09,96,167,347,263,251
5e42619fe1920,9,91,84,114,301,198,217
5e42619fe1920,1,17,103,317,489,420,386
5e42619fe1920,7,7meta1,69,48464,48622,48533,48553
5e42619fe1920,meta1,meta10,89,379,523,468,434
5e42619fe1920,0,09,55,235,349,290,294
5e42619fe1920,9,93,59,851,1015,910,956
5e42619fe1920,3,34,105,345,538,450,433
5e42619fe1920,4,41,88,243,453,331,365
5e42619fe1920,1,12,122,279,524,401,402
5e42619fe1920,2,20,123,176,371,299,248
5e42619fe1920,0,09,72,196,354,268,282
5e42619fe1920,9,97,86,556,719,642,633
5e42619fe1920,7,7meta1,77,65575,65732,65652,65655
5e42619fe1920,meta1,meta10,80,530,682,610,602
5e42619fe1920,0,09,72,198,353,270,281
5e42619fe1920,9,93,83,685,867,768,784
5e42619fe1920,3,34,99,360,587,459,488
5e42619fe1920,4,41,128,211,472,339,344
5e42619fe1920,1,12,133,199,434,332,301
5e42619fe1920,2,20,102,178,385,280,283
5e42619fe1920,0,09,105,164,372,269,267
5e42619fe1920,9,91,103,74,256,177,153
5e42619fe1920,1,17,79,208,359,287,280
5e42619fe1920,7,7w,72,45635,45793,45707,45721
5e42619fe1920,w,wbksp,86,2353,2485,2439,2399
5e42619fe1920,bksp,bkspspace,46,314,449,360,403
5e42619fe1920,space,spacemeta1,89,1475,1653,1564,1564
5e42619fe1920,meta1,meta10,89,283,457,372,368
5e42619fe1920,0,09,85,279,450,364,365
5e42619fe1920,9,93,86,814,955,900,869
5e42619fe1920,3,34,55,196,357,251,302
5e42619fe1920,4,41,106,245,454,351,348
5e42619fe1920,1,12,103,177,386,280,283
5e42619fe1920,2,20,106,261,438,367,332
5e42619fe1920,0,09,71,348,489,419,418
5e42619fe1920,9,91,70,362,508,432,438
5e42619fe1920,1,17,76,545,703,621,627
5e42619fe1920,7,7meta1,82,67351,67523,67433,67441
5e42619fe1920,meta1,meta10,90,422,586,512,496
5e42619fe1920,0,09,74,150,308,224,234
5e42619fe1920,9,93,84,366,538,450,454
5e42619fe1920,3,34,88,443,604,531,516
5e42619fe1920,4,41,73,263,424,336,351
5e42619fe1920,1,12,88,226,437,314,349
5e42619fe1920,2,29,123,414,656,537,533
5e42619fe1920,9,91,119,113,318,232,199
5e42619fe1920,1,17,86,163,317,249,231
5e42619fe1920,7,7meta1,68,43020,43173,43088,43105
5e42619fe1920,meta1,meta10,85,329,518,414,433
5e42619fe1920,0,09,104,146,337,250,233
5e42619fe1920,9,93,87,213,388,300,301
5e42619fe1920,3,34,88,231,404,319,316
5e42619fe1920,4,43,85,457,653,542,568
5e42619fe1920,3,3bksp,111,864,1031,975,920
5e42619fe1920,bksp,bksp2,56,219,387,275,331
5e42619fe1920,2,20,112,495,696,607,584
5e42619fe1920,0,09,89,161,369,250,280
5e42619fe1920,9,91,119,149,372,268,253
5e42619fe1920,1,17,104,178,350,282,246
5e42619fe1920,7,7meta1,68,48655,48791,48723,48723
5e42619fe1920,meta1,meta10,68,579,716,647,648
5e42619fe1920,0,09,69,120,302,189,233
5e42619fe1920,9,93,113,298,499,411,386
5e42619fe1920,3,34,88,263,454,351,366
5e42619fe1920,4,41,103,209,440,312,337
5e42619fe1920,1,12,128,173,373,301,245
5e42619fe1920,2,20,72,163,321,235,249
5e42619fe1920,0,09,86,147,336,233,250
5e42619fe1920,9,91,103,114,321,217,218
5e42619fe1920,1,17,104,161,304,265,200
5e42619fe1920,7,7meta1,39,40049,40173,40088,40134
5e42619fe1920,meta1,meta10,85,314,471,399,386
5e42619fe1920,0,09,72,166,355,238,283
5e42619fe1920,9,93,117,364,606,481,489
5e42619fe1920,3,34,125,243,471,368,346
5e42619fe1920,4,41,103,247,451,350,348
5e42619fe1920,1,13,101,175,366,276,265
5e42619fe1920,3,3bksp,90,1049,1223,1139,1133
5e42619fe1920,bksp,bksp2,84,165,339,249,255
5e42619fe1920,2,20,90,260,438,350,348
5e42619fe1920,0,09,88,248,403,336,315
5e42619fe1920,9,91,67,195,289,262,222
5e42619fe1920,1,"1""",27,1243,1323,1270,1296
5e42619fe1920,"""","""bksp",53,996,1137,1049,1084
5e42619fe1920,bksp,bkspbksp,88,162,339,250,251
5e42619fe1920,bksp,bkspbksp,89,112,272,201,183
5e42619fe1920,bksp,bkspbksp,71,446,588,517,517
5e42619fe1920,bksp,bksp7,71,580,734,651,663
5e42619fe1920,7,7meta1,83,-498944,-498774,-498861,-498857
5e4261ad192dc,meta1,meta10,87,244,437,331,350
5e4261ad192dc,0,09,106,131,319,237,213
5e4261ad192dc,9,91,82,139,352,221,270
5e4261ad192dc,1,14,131,4966,5149,5097,5018
5e4261ad192dc,4,46,52,199,317,251,265
5e4261ad192dc,6,61,66,22,219,88,153
5e4261ad192dc,1,15,131,244,428,375,297
5e4261ad192dc,5,52,53,91,252,144,199
5e4261ad192dc,2,23,108,167,358,275,250
5e4261ad192dc,3,30,83,383,536,466,453
5e4261ad192dc,0,0bksp,70,2826,2994,2896,2924
5e4261ad192dc,bksp,bkspbksp,98,88,273,186,175
5e4261ad192dc,bksp,bkspbksp,87,95,269,182,182
5e4261ad192dc,bksp,bkspbksp,87,88,270,175,183
5e4261ad192dc,bksp,bksp1,95,766,989,861,894
5e4261ad192dc,1,15,128,286,469,414,341
5e4261ad192dc,5,52,55,145,322,200,267
5e4261ad192dc,2,23,122,179,428,301,306
5e4261ad192dc,3,30,127,108,306,235,179
5e4261ad192dc,0,0meta1,71,32927,33136,32998,33065
5e4261ad192dc,meta1,meta10,138,267,507,405,369
5e4261ad192dc,0,09,102,179,369,281,267
5e4261ad192dc,9,91,88,40,274,128,186
5e4261ad192dc,1,14,146,926,1176,1072,1030
5e4261ad192dc,4,46,104,146,303,250,199
5e4261ad192dc,6,61,53,116,287,169,234
5e4261ad192dc,1,15,118,695,885,813,767
5e4261ad192dc,5,52,72,108,346,180,274
5e4261ad192dc,2,23,166,185,458,351,292
5e4261ad192dc,3,30,107,19,243,126,136
5e4261ad192dc,0,0meta1,117,30469,30682,30586,30565
5e4261ad192dc,meta1,meta10,96,240,433,336,337
5e4261ad192dc,0,09,97,144,345,241,248
5e4261ad192dc,9,91,104,36,293,140,189
5e4261ad192dc,1,14,153,671,880,824,727
5e4261ad192dc,4,46,56,179,322,235,266
5e4261ad192dc,6,61,87,58,258,145,171
5e4261ad192dc,1,15,113,134,309,247,196
5e4261ad192dc,5,51,62,72,298,134,236
5e4261ad192dc,1,13,164,237,426,401,262
5e4261ad192dc,3,30,25,53,109,78,84
5e4261ad192dc,0,0bksp,31,1552,1684,1583,1653
5e4261ad192dc,bksp,bkspbksp,101,530,724,631,623
5e4261ad192dc,bksp,bksp2,93,1140,1370,1233,1277
5e4261ad192dc,2,22,137,350,618,487,481
5e4261ad192dc,2,20,131,104,331,235,200
5e4261ad192dc,0,0bksp,96,1262,1464,1358,1368
5e4261ad192dc,bksp,bkspbksp,106,263,456,369,350
5e4261ad192dc,bksp,bksp3,87,631,857,718,770
5e4261ad192dc,3,30,139,561,802,700,663
5e4261ad192dc,0,0meta1,102,32201,32421,32303,32319
5e4261ad192dc,meta1,meta10,118,280,489,398,371
5e4261ad192dc,0,09,91,209,354,300,263
5e4261ad192dc,9,91,54,91,271,145,217
5e4261ad192dc,1,14,126,679,860,805,734
5e4261ad192dc,4,46,55,245,372,300,317
5e4261ad192dc,6,61,72,78,273,150,201
5e4261ad192dc,1,15,123,228,387,351,264
5e4261ad192dc,5,52,36,196,354,232,318
5e4261ad192dc,2,23,122,313,560,435,438
5e4261ad192dc,3,30,125,526,720,651,595
5e4261ad192dc,0,0meta1,69,38401,38573,38470,38504
5e4261ad192dc,meta1,meta10,103,342,534,445,431
5e4261ad192dc,0,09,89,179,355,268,266
5e4261ad192dc,9,94,87,1449,1590,1536,1503
5e4261ad192dc,4,46,54,215,334,269,280
5e4261ad192dc,6,61,65,77,250,142,185
5e4261ad192dc,1,15,108,232,391,340,283
5e4261ad192dc,5,53,51,616,786,667,735
5e4261ad192dc,3,30,119,95,266,214,147
5e4261ad192dc,0,0meta1,52,30418,30572,30470,30520
5e4261ad192dc,meta1,meta10,102,481,724,583,622
5e4261ad192dc,0,09,141,158,369,299,228
5e4261ad192dc,9,91,70,21,220,91,150
5e4261ad192dc,1,11,129,468,677,597,548
5e4261ad192dc,1,14,80,550,681,630,601
5e4261ad192dc,4,46,51,217,304,268,253
5e4261ad192dc,6,61,36,17,184,53,148
5e4261ad192dc,1,15,131,300,483,431,352
5e4261ad192dc,5,52,52,70,201,122,149
5e4261ad192dc,2,23,79,229,418,308,339
5e4261ad192dc,3,31,110,1557,1794,1667,1684
5e4261ad192dc,1,15,127,773,977,900,850
5e4261ad192dc,5,52,77,291,505,368,428
5e4261ad192dc,2,23,137,340,574,477,437
5e4261ad192dc,3,30,97,253,476,350,379
5e4261ad192dc,0,0meta1,126,29399,29644,29525,29518
5e4261ad192dc,meta1,meta10,119,280,505,399,386
5e4261ad192dc,0,09,106,158,359,264,253
5e4261ad192dc,9,91,95,8,237,103,142
5e4261ad192dc,1,14,134,678,870,812,736
5e4261ad192dc,4,46,58,264,394,322,336
5e4261ad192dc,6,61,72,177,428,249,356
5e4261ad192dc,1,15,179,333,588,512,409
5e4261ad192dc,5,52,76,94,294,170,218
5e4261ad192dc,2,23,124,259,508,383,384
5e4261ad192dc,3,30,125,109,323,234,198
5e4261ad192dc,0,0meta1,89,31929,32105,32018,32016
5e4261ad192dc,meta1,meta10,87,309,489,396,402
5e4261ad192dc,0,09,93,208,409,301,316
5e4261ad192dc,9,91,108,19,258,127,150
5e4261ad192dc,1,14,131,666,867,797,736
5e4261ad192dc,4,46,70,225,369,295,299
5e4261ad192dc,6,61,74,94,291,168,217
5e4261ad192dc,1,15,123,178,371,301,248
5e4261ad192dc,5,52,70,98,289,168,219
5e4261ad192dc,2,23,121,198,455,319,334
5e4261ad192dc,3,30,136,263,424,399,288
5e4261ad192dc,0,0meta1,25,33665,33823,33690,33798
5e4261ad192dc,meta1,meta10,133,543,770,676,637
5e4261ad192dc,0,09,94,238,424,332,330
5e4261ad192dc,9,91,92,36,273,128,181
5e4261ad192dc,1,14,145,664,863,809,718
5e4261ad192dc,4,46,54,296,404,350,350
5e4261ad192dc,6,61,54,66,254,120,200
5e4261ad192dc,1,15,134,245,432,379,298
5e4261ad192dc,5,52,53,179,371,232,318
5e4261ad192dc,2,23,139,279,523,418,384
5e4261ad192dc,3,30,105,144,337,249,232
5e4261ad192dc,0,0meta1,88,31264,31474,31352,31386
5e4261ad192dc,meta1,meta10,122,331,538,453,416
5e4261ad192dc,0,09,85,198,354,283,269
5e4261ad192dc,9,91,71,55,251,126,180
5e4261ad192dc,1,14,125,632,826,757,701
5e4261ad192dc,4,46,69,248,401,317,332
5e4261ad192dc,6,61,84,55,269,139,185
5e4261ad192dc,1,15,130,176,379,306,249
5e4261ad192dc,5,52,73,165,341,238,268
5e4261ad192dc,2,23,103,196,403,299,300
5e4261ad192dc,3,30,104,78,269,182,165
5e4261ad192dc,0,0meta1,87,-336193,-336007,-336106,-336094
5e4261c2072a0,meta1,meta10,99,299,485,398,386
5e4261c2072a0,0,08,87,385,506,472,419
5e4261c2072a0,8,84,34,578,716,612,682
5e4261c2072a0,4,43,104,482,670,586,566
5e4261c2072a0,3,39,84,481,652,565,568
5e4261c2072a0,9,92,87,299,483,386,396
5e4261c2072a0,2,21,97,274,501,371,404
5e4261c2072a0,1,16,130,466,679,596,549
5e4261c2072a0,6,68,83,480,651,563,568
5e4261c2072a0,8,84,88,549,674,637,586
5e4261c2072a0,4,4meta1,37,38177,38317,38214,38280
5e4261c2072a0,meta1,meta10,103,336,571,439,468
5e4261c2072a0,0,08,132,331,547,463,415
5e4261c2072a0,8,84,84,233,406,317,322
5e4261c2072a0,4,43,89,442,636,531,547
5e4261c2072a0,3,39,105,397,603,502,498
5e4261c2072a0,9,92,101,266,467,367,366
5e4261c2072a0,2,21,100,220,418,320,318
5e4261c2072a0,1,16,98,238,432,336,334
5e4261c2072a0,6,68,96,347,515,443,419
5e4261c2072a0,8,84,72,149,303,221,231
5e4261c2072a0,4,4meta1,82,37780,37966,37862,37884
5e4261c2072a0,meta1,meta10,104,232,442,336,338
5e4261c2072a0,0,08,106,383,537,489,431
5e4261c2072a0,8,84,48,226,380,274,332
5e4261c2072a0,4,43,106,217,422,323,316
5e4261c2072a0,3,39,99,283,435,382,336
5e4261c2072a0,9,92,53,229,368,282,315
5e4261c2072a0,2,21,86,239,437,325,351
5e4261c2072a0,1,16,112,250,447,362,335
5e4261c2072a0,6,68,85,277,484,362,399
5e4261c2072a0,8,84,122,189,387,311,265
5e4261c2072a0,4,4meta1,76,37721,37878,37797,37802
5e4261c2072a0,meta1,meta10,81,368,547,449,466
5e4261c2072a0,0,08,98,417,598,515,500
5e4261c2072a0,8,84,83,247,401,330,318
5e4261c2072a0,4,43,71,197,337,268,266
5e4261c2072a0,3,39,69,231,385,300,316
5e4261c2072a0,9,92,85,229,402,314,317
5e4261c2072a0,2,21,88,198,389,286,301
5e4261c2072a0,1,16,103,448,651,551,548
5e4261c2072a0,6,68,100,467,637,567,537
5e4261c2072a0,8,84,70,300,449,370,379
5e4261c2072a0,4,4meta1,79,42837,43000,42916,42921
5e4261c2072a0,meta1,meta10,84,296,487,380,403
5e4261c2072a0,0,08,107,360,554,467,447
5e4261c2072a0,8,84,87,887,1039,974,952
5e4261c2072a0,4,43,65,297,445,362,380
5e4261c2072a0,3,39,83,417,585,500,502
5e4261c2072a0,9,92,85,347,520,432,435
5e4261c2072a0,2,21,88,280,487,368,399
5e4261c2072a0,1,16,119,413,603,532,484
5e4261c2072a0,6,68,71,349,487,420,416
5e4261c2072a0,8,84,67,514,668,581,601
5e4261c2072a0,4,4meta1,87,31949,32105,32036,32018
5e4261c2072a0,meta1,meta10,69,279,466,348,397
5e4261c2072a0,0,08,118,280,501,398,383
5e4261c2072a0,8,84,103,301,523,404,420
5e4261c2072a0,4,43,119,232,451,351,332
5e4261c2072a0,3,39,100,361,550,461,450
5e4261c2072a0,9,92,89,249,405,338,316
5e4261c2072a0,2,21,67,385,550,452,483
5e4261c2072a0,1,16,98,450,614,548,516
5e4261c2072a0,6,68,66,316,468,382,402
5e4261c2072a0,8,84,86,229,369,315,283
5e4261c2072a0,4,4meta1,54,32384,32539,32438,32485
5e4261c2072a0,meta1,meta10,101,246,451,347,350
5e4261c2072a0,0,08,104,279,453,383,349
5e4261c2072a0,8,84,70,267,421,337,351
5e4261c2072a0,4,43,84,229,418,313,334
5e4261c2072a0,3,39,105,350,536,455,431
5e4261c2072a0,9,92,81,286,450,367,369
5e4261c2072a0,2,21,83,245,450,328,367
5e4261c2072a0,1,16,122,397,621,519,499
5e4261c2072a0,6,68,102,347,536,449,434
5e4261c2072a0,8,84,87,431,602,518,515
5e4261c2072a0,4,4meta1,84,33088,33287,33172,33203
5e4261c2072a0,meta1,meta10,115,246,482,361,367
5e4261c2072a0,0,08,121,448,688,569,567
5e4261c2072a0,8,84,119,381,602,500,483
5e4261c2072a0,4,43,102,297,485,399,383
5e4261c2072a0,3,39,86,334,501,420,415
5e4261c2072a0,9,92,81,263,450,344,369
5e4261c2072a0,2,21,106,330,525,436,419
5e4261c2072a0,1,16,89,425,586,514,497
5e4261c2072a0,6,68,72,395,539,467,467
5e4261c2072a0,8,84,72,251,370,323,298
5e4261c2072a0,4,4meta1,47,36101,36268,36148,36221
5e4261c2072a0,meta1,meta10,120,311,555,431,435
5e4261c2072a0,0,08,124,263,470,387,346
5e4261c2072a0,8,84,83,498,685,581,602
5e4261c2072a0,4,43,104,314,504,418,400
5e4261c2072a0,3,39,86,327,504,413,418
5e4261c2072a0,9,92,91,278,455,369,364
5e4261c2072a0,2,21,86,282,474,368,388
5e4261c2072a0,1,16,106,426,606,532,500
5e4261c2072a0,6,68,74,376,504,450,430
5e4261c2072a0,8,84,54,963,1089,1017,1035
5e4261c2072a0,4,4meta1,72,32031,32256,32103,32184
5e4261c2072a0,meta1,meta10,153,364,621,517,468
5e4261c2072a0,0,08,104,329,536,433,432
5e4261c2072a0,8,84,103,217,415,320,312
5e4261c2072a0,4,43,95,189,398,284,303
5e4261c2072a0,3,39,114,293,449,407,335
5e4261c2072a0,9,92,42,296,395,338,353
5e4261c2072a0,2,21,57,243,405,300,348
5e4261c2072a0,1,16,105,332,519,437,414
5e4261c2072a0,6,68,82,381,552,463,470
5e4261c2072a0,8,84,89,392,554,481,465
5e4261c2072a0,4,4p,73,-299267,-299090,-299194,-299163
5e4261f864e2a,p,pbksp,104,376,586,480,482
5e4261f864e2a,bksp,bkspmeta1,106,179,356,285,250
5e4261f864e2a,meta1,meta10,71,481,640,552,569
5e4261f864e2a,0,09,88,175,351,263,263
5e4261f864e2a,9,90,88,180,355,268,267
5e4261f864e2a,0,09,87,180,353,267,266
5e4261f864e2a,9,98,86,397,572,483,486
5e4261f864e2a,8,8bksp,89,662,839,751,750
5e4261f864e2a,bksp,bksp7,88,564,752,652,664
5e4261f864e2a,7,73,100,580,786,680,686
5e4261f864e2a,3,34,106,213,403,319,297
5e4261f864e2a,4,41,84,265,452,349,368
5e4261f864e2a,1,13,103,428,621,531,518
5e4261f864e2a,3,36,90,579,740,669,650
5e4261f864e2a,6,6meta1,71,36011,36206,36082,36135
5e4261f864e2a,meta1,meta10,124,381,591,505,467
5e4261f864e2a,0,09,86,378,553,464,467
5e4261f864e2a,9,90,89,179,353,268,264
5e4261f864e2a,0,07,85,1415,1571,1500,1486
5e4261f864e2a,7,73,71,499,688,570,617
5e4261f864e2a,3,34,118,194,399,312,281
5e4261f864e2a,4,41,87,181,373,268,286
5e4261f864e2a,1,13,105,1258,1438,1363,1333
5e4261f864e2a,3,36,75,514,671,589,596
5e4261f864e2a,6,6meta1,82,33168,33353,33250,33271
5e4261f864e2a,meta1,meta10,103,308,503,411,400
5e4261f864e2a,0,09,92,186,361,278,269
5e4261f864e2a,9,90,83,174,349,257,266
5e4261f864e2a,0,09,92,123,309,215,217
5e4261f864e2a,9,97,94,371,559,465,465
5e4261f864e2a,7,73,94,428,612,522,518
5e4261f864e2a,3,34,90,195,371,285,281
5e4261f864e2a,4,41,86,160,339,246,253
5e4261f864e2a,1,13,93,225,390,318,297
5e4261f864e2a,3,36,72,447,593,519,521
5e4261f864e2a,6,6meta1,74,40861,41010,40935,40936
5e4261f864e2a,meta1,meta10,75,291,456,366,381
5e4261f864e2a,0,09,90,178,354,268,264
5e4261f864e2a,9,90,86,130,304,216,218
5e4261f864e2a,0,09,88,142,337,230,249
5e4261f864e2a,9,97,107,462,640,569,533
5e4261f864e2a,7,73,71,408,588,479,517
5e4261f864e2a,3,34,109,176,377,285,268
5e4261f864e2a,4,41,92,149,294,241,202
5e4261f864e2a,1,13,53,193,333,246,280
5e4261f864e2a,3,36,87,426,587,513,500
5e4261f864e2a,6,6meta1,74,42653,42795,42727,42721
5e4261f864e2a,meta1,meta10,68,341,519,409,451
5e4261f864e2a,0,09,110,159,360,269,250
5e4261f864e2a,9,90,91,140,339,231,248
5e4261f864e2a,0,09,108,139,342,247,234
5e4261f864e2a,9,97,95,497,697,592,602
5e4261f864e2a,7,73,105,342,552,447,447
5e4261f864e2a,3,34,105,177,371,282,266
5e4261f864e2a,4,41,89,162,358,251,269
5e4261f864e2a,1,13,107,260,458,367,351
5e4261f864e2a,3,36,91,441,625,532,534
5e4261f864e2a,6,6meta1,93,32606,32772,32699,32679
5e4261f864e2a,meta1,meta10,73,216,393,289,320
5e4261f864e2a,0,09,104,178,354,282,250
5e4261f864e2a,9,90,72,148,324,220,252
5e4261f864e2a,0,09,104,136,353,240,249
5e4261f864e2a,9,97,113,545,746,658,633
5e4261f864e2a,7,73,88,366,553,454,465
5e4261f864e2a,3,34,99,196,382,295,283
5e4261f864e2a,4,41,87,107,305,194,218
5e4261f864e2a,1,13,111,396,578,507,467
5e4261f864e2a,3,36,71,511,690,582,619
5e4261f864e2a,6,6meta1,108,38779,38974,38887,38866
5e4261f864e2a,meta1,meta10,87,244,436,331,349
5e4261f864e2a,0,09,105,177,373,282,268
5e4261f864e2a,9,90,91,144,325,235,234
5e4261f864e2a,0,09,90,161,339,251,249
5e4261f864e2a,9,97,88,480,655,568,567
5e4261f864e2a,7,73,87,313,488,400,401
5e4261f864e2a,3,34,88,194,368,282,280
5e4261f864e2a,4,41,86,146,325,232,239
5e4261f864e2a,1,13,93,191,356,284,263
5e4261f864e2a,3,36,72,294,439,366,367
5e4261f864e2a,6,6p,73,35361,35509,35434,35436
5e4261f864e2a,p,pbksp,75,311,493,386,418
5e4261f864e2a,bksp,bkspmeta1,107,106,317,213,210
5e4261f864e2a,meta1,meta10,104,332,529,436,425
5e4261f864e2a,0,09,93,135,341,228,248
5e4261f864e2a,9,90,113,122,345,235,232
5e4261f864e2a,0,09,110,140,341,250,231
5e4261f864e2a,9,97,91,242,425,333,334
5e4261f864e2a,7,73,92,387,576,479,484
5e4261f864e2a,3,34,97,160,330,257,233
5e4261f864e2a,4,41,73,122,291,195,218
5e4261f864e2a,1,13,96,140,343,236,247
5e4261f864e2a,3,36,107,391,610,498,503
5e4261f864e2a,6,6meta1,112,34492,34682,34604,34570
5e4261f864e2a,meta1,meta10,78,276,440,354,362
5e4261f864e2a,0,09,86,191,371,277,285
5e4261f864e2a,9,90,94,139,343,233,249
5e4261f864e2a,0,09,110,144,343,254,233
5e4261f864e2a,9,97,89,292,494,381,405
5e4261f864e2a,7,73,113,224,427,337,314
5e4261f864e2a,3,34,90,123,321,213,231
5e4261f864e2a,4,41,108,55,275,163,167
5e4261f864e2a,1,13,112,175,366,287,254
5e4261f864e2a,3,36,79,1940,2094,2019,2015
5e4261f864e2a,6,6meta1,75,37474,37677,37549,37602
5e4261f864e2a,meta1,meta10,128,248,461,376,333
5e4261f864e2a,0,09,85,163,336,248,251
5e4261f864e2a,9,90,88,121,303,209,215
5e4261f864e2a,0,09,94,129,311,223,217
5e4261f864e2a,9,97,88,262,439,350,351
5e4261f864e2a,7,73,89,279,472,368,383
5e4261f864e2a,3,34,104,127,303,231,199
5e4261f864e2a,4,41,72,129,305,201,233
5e4261f864e2a,1,13,104,163,339,267,235
5e4261f864e2a,3,36,72,325,469,397,397
5e4261f864e2a,6,6meta1,72,-262861,-262709,-262789,-262781
5e42626881591,meta1,meta10,80,284,448,364,368
5e42626881591,0,09,84,184,348,268,264
5e42626881591,9,90,80,140,296,220,216
5e42626881591,0,03,76,730,878,806,802
5e42626881591,3,36,72,215,353,287,281
5e42626881591,6,68,66,233,351,299,285
5e42626881591,8,82,52,562,720,614,668
5e42626881591,2,29,106,293,470,399,364
5e42626881591,9,93,71,429,625,500,554
5e42626881591,3,34,125,99,305,224,180
5e42626881591,4,4meta1,81,33615,33783,33696,33702
5e42626881591,meta1,meta10,87,245,420,332,333
5e42626881591,0,09,88,143,323,231,235
5e42626881591,9,90,92,112,257,204,165
5e42626881591,0,03,53,648,804,701,751
5e42626881591,3,36,103,164,335,267,232
5e42626881591,6,68,68,197,336,265,268
5e42626881591,8,82,71,397,555,468,484
5e42626881591,2,29,87,162,303,249,216
5e42626881591,9,93,54,497,638,551,584
5e42626881591,3,34,87,113,269,200,182
5e42626881591,4,4meta1,69,31450,31623,31519,31554
5e42626881591,meta1,meta10,104,227,435,331,331
5e42626881591,0,09,104,165,353,269,249
5e42626881591,9,90,84,110,266,194,182
5e42626881591,0,03,72,712,908,784,836
5e42626881591,3,36,124,143,341,267,217
5e42626881591,6,68,74,212,356,286,282
5e42626881591,8,82,70,445,604,515,534
5e42626881591,2,29,89,159,321,248,232
5e42626881591,9,93,73,395,574,468,501
5e42626881591,3,34,106,157,307,263,201
5e42626881591,4,4meta1,44,36960,37097,37004,37053
5e42626881591,meta1,meta10,93,180,359,273,266
5e42626881591,0,09,86,177,319,263,233
5e42626881591,9,90,56,104,222,160,166
5e42626881591,0,03,62,564,713,626,651
5e42626881591,3,36,87,245,420,332,333
5e42626881591,6,68,88,194,354,282,266
5e42626881591,8,89,72,214,355,286,283
5e42626881591,9,92,69,1082,1220,1151,1151
5e42626881591,2,29,69,161,301,230,232
5e42626881591,9,93,71,442,603,513,532
5e42626881591,3,34,90,107,274,197,184
5e42626881591,4,4meta1,77,35129,35281,35206,35204
5e42626881591,meta1,meta10,75,265,424,340,349
5e42626881591,0,09,84,180,317,264,233
5e42626881591,9,90,53,107,221,160,168
5e42626881591,0,03,61,597,747,658,686
5e42626881591,3,36,89,194,368,283,279
5e42626881591,6,68,85,232,370,317,285
5e42626881591,8,82,53,480,620,533,567
5e42626881591,2,29,87,148,321,235,234
5e42626881591,9,93,86,427,619,513,533
5e42626881591,3,34,106,95,272,201,166
5e42626881591,4,4meta1,71,27549,27707,27620,27636
5e42626881591,meta1,meta10,87,230,400,317,313
5e42626881591,0,09,83,148,301,231,218
5e42626881591,9,90,70,74,220,144,150
5e42626881591,0,03,76,480,675,556,599
5e42626881591,3,36,119,150,337,269,218
5e42626881591,6,68,68,281,435,349,367
5e42626881591,8,82,86,646,836,732,750
5e42626881591,2,29,104,232,372,336,268
5e42626881591,9,93,36,363,486,399,450
5e42626881591,3,34,87,110,270,197,183
5e42626881591,4,4meta1,73,30778,30940,30851,30867
5e42626881591,meta1,meta10,89,178,391,267,302
5e42626881591,0,09,124,145,324,269,200
5e42626881591,9,90,55,69,205,124,150
5e42626881591,0,03,81,609,798,690,717
5e42626881591,3,36,108,160,342,268,234
5e42626881591,6,68,74,176,322,250,248
5e42626881591,8,82,72,328,489,400,417
5e42626881591,2,29,89,179,303,268,214
5e42626881591,9,93,35,514,605,549,570
5e42626881591,3,34,56,132,271,188,215
5e42626881591,4,4meta1,83,35331,35475,35414,35392
5e42626881591,meta1,meta10,61,226,339,287,278
5e42626881591,0,09,52,148,252,200,200
5e42626881591,9,90,52,106,216,158,164
5e42626881591,0,03,58,897,1046,955,988
5e42626881591,3,36,91,209,354,300,263
5e42626881591,6,68,54,197,306,251,252
5e42626881591,8,82,55,331,506,386,451
5e42626881591,2,29,120,88,300,208,180
5e42626881591,9,93,92,195,393,287,301
5e42626881591,3,34,106,113,306,219,200
5e42626881591,4,4meta1,87,33664,33838,33751,33751
5e42626881591,meta1,meta10,87,182,340,269,253
5e42626881591,0,09,71,163,267,234,196
5e42626881591,9,90,33,113,217,146,184
5e42626881591,0,03,71,516,690,587,619
5e42626881591,3,36,103,147,302,250,199
5e42626881591,6,68,52,216,334,268,282
5e42626881591,8,82,66,366,520,432,454
5e42626881591,2,29,88,66,219,154,131
5e42626881591,9,93,65,362,517,427,452
5e42626881591,3,34,90,130,287,220,197
5e42626881591,4,4meta1,67,32064,32219,32131,32152
5e42626881591,meta1,meta10,88,244,440,332,352
5e42626881591,0,09,108,146,321,254,213
5e42626881591,9,90,67,89,235,156,168
5e42626881591,0,03,79,453,644,532,565
5e42626881591,3,36,112,190,398,302,286
5e42626881591,6,68,96,224,379,320,283
5e42626881591,8,82,59,448,609,507,550
5e42626881591,2,29,102,162,319,264,217
5e42626881591,9,93,55,477,639,532,584
5e42626881591,3,34,107,112,305,219,198
5e42626881591,4,4meta1,86,-101512,-101338,-101426,-101424
5e426359f0327,meta1,meta10,88,348,554,436,466
5e426359f0327,0,09,118,196,368,314,250
5e426359f0327,9,99,54,90,220,144,166
5e426359f0327,9,90,76,165,342,241,266
5e426359f0327,0,09,101,132,320,233,219
5e426359f0327,9,96,87,383,583,470,496
5e426359f0327,6,65,113,172,383,285,270
5e426359f0327,5,54,98,157,314,255,216
5e426359f0327,4,41,59,181,377,240,318
5e426359f0327,1,15,137,56,253,193,116
5e426359f0327,5,5meta1,60,26850,26977,26910,26917
5e426359f0327,meta1,meta10,67,352,518,419,451
5e426359f0327,0,09,99,280,486,379,387
5e426359f0327,9,99,107,92,288,199,181
5e426359f0327,9,90,89,143,321,232,232
5e426359f0327,0,09,89,111,290,200,201
5e426359f0327,9,96,90,262,457,352,367
5e426359f0327,6,65,105,149,353,254,248
5e426359f0327,5,54,99,182,347,281,248
5e426359f0327,4,41,66,93,304,159,238
5e426359f0327,1,15,145,-16,192,129,47
5e426359f0327,5,50,63,26756,26932,26819,26869
5e426359f0327,0,09,113,163,362,276,249
5e426359f0327,9,99,86,77,251,163,165
5e426359f0327,9,90,88,141,325,229,237
5e426359f0327,0,09,96,90,295,186,199
5e426359f0327,9,96,109,263,460,372,351
5e426359f0327,6,65,88,149,302,237,214
5e426359f0327,5,54,65,167,316,232,251
5e426359f0327,4,41,84,79,296,163,212
5e426359f0327,1,1meta1,133,34105,34341,34238,34208
5e426359f0327,meta1,meta10,103,282,492,385,389
5e426359f0327,0,09,107,157,335,264,228
5e426359f0327,9,99,71,70,254,141,183
5e426359f0327,9,90,113,164,364,277,251
5e426359f0327,0,09,87,131,302,218,215
5e426359f0327,9,96,84,267,420,351,336
5e426359f0327,6,65,69,181,333,250,264
5e426359f0327,5,54,83,418,568,501,485
5e426359f0327,4,41,67,196,423,263,356
5e426359f0327,1,15,160,150,352,310,192
5e426359f0327,5,5meta1,42,26070,26212,26112,26170
5e426359f0327,meta1,meta10,100,253,467,353,367
5e426359f0327,0,09,114,167,362,281,248
5e426359f0327,9,99,81,55,233,136,152
5e426359f0327,9,90,97,180,377,277,280
5e426359f0327,0,09,100,127,335,227,235
5e426359f0327,9,96,108,215,463,323,355
5e426359f0327,6,65,140,310,539,450,399
5e426359f0327,5,54,89,142,301,231,212
5e426359f0327,4,41,70,76,270,146,200
5e426359f0327,1,15,124,21,209,145,85
5e426359f0327,5,5meta1,64,26716,26899,26780,26835
5e426359f0327,meta1,meta10,119,311,554,430,435
5e426359f0327,0,09,124,164,373,288,249
5e426359f0327,9,99,85,73,250,158,165
5e426359f0327,9,90,92,130,344,222,252
5e426359f0327,0,09,122,103,337,225,215
5e426359f0327,9,96,112,110,329,222,217
5e426359f0327,6,65,107,283,477,390,370
5e426359f0327,5,54,87,195,334,282,247
5e426359f0327,4,41,52,108,304,160,252
5e426359f0327,1,15,144,23,208,167,64
5e426359f0327,5,5meta1,41,27266,27394,27307,27353
5e426359f0327,meta1,meta10,87,262,453,349,366
5e426359f0327,0,09,104,165,354,269,250
5e426359f0327,9,99,85,55,233,140,148
5e426359f0327,9,90,93,180,361,273,268
5e426359f0327,0,09,88,165,339,253,251
5e426359f0327,9,96,86,197,386,283,300
5e426359f0327,6,65,103,329,537,432,434
5e426359f0327,5,54,105,132,303,237,198
5e426359f0327,4,41,66,93,290,159,224
5e426359f0327,1,15,131,991,1211,1122,1080
5e426359f0327,5,5meta1,89,24199,24390,24288,24301
5e426359f0327,meta1,meta10,102,297,501,399,399
5e426359f0327,0,09,102,162,367,264,265
5e426359f0327,9,99,103,78,272,181,169
5e426359f0327,9,90,91,196,389,287,298
5e426359f0327,0,09,102,111,318,213,216
5e426359f0327,9,96,105,214,424,319,319
5e426359f0327,6,65,105,141,336,246,231
5e426359f0327,5,54,90,164,325,254,235
5e426359f0327,4,41,71,129,377,200,306
5e426359f0327,1,15,177,908,1121,1085,944
5e426359f0327,5,5meta1,36,24102,24237,24138,24201
5e426359f0327,meta1,meta10,99,279,484,378,385
5e426359f0327,0,09,106,162,354,268,248
5e426359f0327,9,99,86,72,220,158,134
5e426359f0327,9,90,62,165,328,227,266
5e426359f0327,0,09,101,113,301,214,200
5e426359f0327,9,96,87,250,423,337,336
5e426359f0327,6,65,86,147,316,233,230
5e426359f0327,5,54,83,332,484,415,401
5e426359f0327,4,41,69,91,287,160,218
5e426359f0327,1,15,127,37,207,164,80
5e426359f0327,5,5P,43,24284,24449,24327,24406
5e426359f0327,P,Pmeta1,122,866,1101,988,979
5e426359f0327,meta1,meta10,113,451,667,564,554
5e426359f0327,0,09,103,180,352,283,249
5e426359f0327,9,99,69,70,236,139,167
5e426359f0327,9,90,97,162,364,259,267
5e426359f0327,0,09,105,127,336,232,231
5e426359f0327,9,96,104,270,470,374,366
5e426359f0327,6,65,96,187,380,283,284
5e426359f0327,5,54,97,140,332,237,235
5e426359f0327,4,41,95,88,316,183,221
5e426359f0327,1,15,133,-17,210,116,77
5e426359f0327,5,5meta1,94,2332352865,2332353051,2332352959,2332352957
5e65fb23b6d2f,meta1,meta10,92,265,477,357,385
5e65fb23b6d2f,0,09,120,589,795,709,675
5e65fb23b6d2f,9,98,86,218,375,304,289
5e65fb23b6d2f,8,81,71,283,465,354,394
5e65fb23b6d2f,1,14,111,331,519,442,408
5e65fb23b6d2f,4,45,77,190,352,267,275
5e65fb23b6d2f,5,55,85,289,452,374,367
5e65fb23b6d2f,5,59,78,263,436,341,358
5e65fb23b6d2f,9,99,95,122,327,217,232
5e65fb23b6d2f,9,92,110,190,419,300,309
5e65fb23b6d2f,2,2meta1,119,30381,30618,30500,30499
5e65fb23b6d2f,meta1,meta10,118,197,427,315,309
5e65fb23b6d2f,0,09,112,222,445,334,333
5e65fb23b6d2f,9,98,111,122,327,233,216
5e65fb23b6d2f,8,81,94,181,386,275,292
5e65fb23b6d2f,1,14,111,239,444,350,333
5e65fb23b6d2f,4,45,94,156,353,250,259
5e65fb23b6d2f,5,55,103,205,394,308,291
5e65fb23b6d2f,5,59,86,196,386,282,300
5e65fb23b6d2f,9,99,104,122,304,226,200
5e65fb23b6d2f,9,92,78,198,386,276,308
5e65fb23b6d2f,2,2meta1,110,26422,26633,26532,26523
5e65fb23b6d2f,meta1,meta10,101,206,419,307,318
5e65fb23b6d2f,0,09,112,247,462,359,350
5e65fb23b6d2f,9,98,103,131,312,234,209
5e65fb23b6d2f,8,81,78,238,419,316,341
5e65fb23b6d2f,1,14,103,264,444,367,341
5e65fb23b6d2f,4,45,77,206,369,283,292
5e65fb23b6d2f,5,55,86,221,394,307,308
5e65fb23b6d2f,5,59,87,196,395,283,308
5e65fb23b6d2f,9,99,112,113,304,225,192
5e65fb23b6d2f,9,92,79,123,320,202,241
5e65fb23b6d2f,2,2n,118,32780,33010,32898,32892
5e65fb23b6d2f,n,ni,112,321,519,433,407
5e65fb23b6d2f,i,il,86,214,402,300,316
5e65fb23b6d2f,l,lo,102,181,377,283,275
5e65fb23b6d2f,o,ob,94,281,470,375,376
5e65fb23b6d2f,b,bo,95,220,419,315,324
5e65fb23b6d2f,o,on,104,155,371,259,267
5e65fb23b6d2f,n,nspace,112,348,537,460,425
5e65fb23b6d2f,space,spacen,77,497,660,574,583
5e65fb23b6d2f,n,na,86,123,345,209,259
5e65fb23b6d2f,a,an,136,104,361,240,225
5e65fb23b6d2f,n,ng,121,164,353,285,232
5e65fb23b6d2f,g,gl,68,189,344,257,276
5e65fb23b6d2f,l,la,87,55,253,142,166
5e65fb23b6d2f,a,ae,111,181,394,292,283
5e65fb23b6d2f,e,emeta1,102,33314,33577,33416,33475
5e65fb23b6d2f,meta1,meta10,161,224,511,385,350
5e65fb23b6d2f,0,09,126,163,408,289,282
5e65fb23b6d2f,9,98,119,131,343,250,224
5e65fb23b6d2f,8,81,93,516,728,609,635
5e65fb23b6d2f,1,14,119,272,477,391,358
5e65fb23b6d2f,4,45,86,189,377,275,291
5e65fb23b6d2f,5,55,102,237,436,339,334
5e65fb23b6d2f,5,59,97,222,421,319,324
5e65fb23b6d2f,9,99,102,105,286,207,184
5e65fb23b6d2f,9,92,79,147,354,226,275
5e65fb23b6d2f,2,2meta1,128,27929,28174,28057,28046
5e65fb23b6d2f,meta1,meta10,117,207,445,324,328
5e65fb23b6d2f,0,09,121,147,379,268,258
5e65fb23b6d2f,9,98,111,139,336,250,225
5e65fb23b6d2f,8,81,86,439,635,525,549
5e65fb23b6d2f,1,14,110,232,461,342,351
5e65fb23b6d2f,4,45,119,131,335,250,216
5e65fb23b6d2f,5,55,85,222,394,307,309
5e65fb23b6d2f,5,59,87,215,394,302,307
5e65fb23b6d2f,9,99,92,114,292,206,200
5e65fb23b6d2f,9,92,86,107,328,193,242
5e65fb23b6d2f,2,2meta1,135,29461,29701,29596,29566
5e65fb23b6d2f,meta1,meta10,105,170,405,275,300
5e65fb23b6d2f,0,09,130,272,521,402,391
5e65fb23b6d2f,9,98,119,140,343,259,224
5e65fb23b6d2f,8,81,84,199,427,283,343
5e65fb23b6d2f,1,14,144,214,452,358,308
5e65fb23b6d2f,4,45,94,173,369,267,275
5e65fb23b6d2f,5,55,102,188,377,290,275
5e65fb23b6d2f,5,59,87,230,386,317,299
5e65fb23b6d2f,9,99,69,114,252,183,183
5e65fb23b6d2f,9,92,69,132,329,201,260
5e65fb23b6d2f,2,2meta1,128,27971,28217,28099,28089
5e65fb23b6d2f,meta1,meta10,118,174,428,292,310
5e65fb23b6d2f,0,09,136,171,443,307,307
5e65fb23b6d2f,9,98,136,123,352,259,216
5e65fb23b6d2f,8,81,93,424,644,517,551
5e65fb23b6d2f,1,14,127,264,485,391,358
5e65fb23b6d2f,4,45,94,139,336,233,242
5e65fb23b6d2f,5,55,103,388,588,491,485
5e65fb23b6d2f,5,59,97,220,420,317,323
5e65fb23b6d2f,9,99,103,122,311,225,208
5e65fb23b6d2f,9,92,86,156,378,242,292
5e65fb23b6d2f,2,2meta1,136,25838,26118,25974,25982
5e65fb23b6d2f,meta1,meta10,144,137,419,281,275
5e65fb23b6d2f,0,09,138,314,571,452,433
5e65fb23b6d2f,9,98,119,115,336,234,217
5e65fb23b6d2f,8,81,102,164,428,266,326
5e65fb23b6d2f,1,14,162,172,428,334,266
5e65fb23b6d2f,4,45,94,139,319,233,225
5e65fb23b6d2f,5,55,86,204,385,290,299
5e65fb23b6d2f,5,59,95,214,404,309,309
5e65fb23b6d2f,9,99,95,96,286,191,191
5e65fb23b6d2f,9,92,95,106,328,201,233
5e65fb23b6d2f,2,2meta1,127,26239,26519,26366,26392
5e65fb23b6d2f,meta1,meta10,153,213,493,366,340
5e65fb23b6d2f,0,09,127,148,403,275,276
5e65fb23b6d2f,9,98,128,131,353,259,225
5e65fb23b6d2f,8,81,94,180,419,274,325
5e65fb23b6d2f,1,14,145,181,412,326,267
5e65fb23b6d2f,4,45,86,155,345,241,259
5e65fb23b6d2f,5,55,104,204,411,308,307
5e65fb23b6d2f,5,59,103,204,419,307,316
5e65fb23b6d2f,9,99,112,97,303,209,191
5e65fb23b6d2f,9,92,94,82,303,176,209
5e65fb23b6d2f,2,2meta1,127,162331,162561,162458,162434
5e65fcfa36c6d,meta1,meta10,103,231,459,334,356
5e65fcfa36c6d,0,09,125,191,433,316,308
5e65fcfa36c6d,9,98,117,124,333,241,216
5e65fcfa36c6d,8,81,92,465,723,557,631
5e65fcfa36c6d,1,14,166,241,489,407,323
5e65fcfa36c6d,4,45,82,150,314,232,232
5e65fcfa36c6d,5,55,82,201,365,283,283
5e65fcfa36c6d,5,59,82,433,606,515,524
5e65fcfa36c6d,9,99,91,100,281,191,190
5e65fcfa36c6d,9,92,90,242,439,332,349
5e65fcfa36c6d,2,2meta1,107,26589,26796,26696,26689
5e65fcfa36c6d,meta1,meta10,100,184,375,284,275
5e65fcfa36c6d,0,09,91,143,340,234,249
5e65fcfa36c6d,9,98,106,117,305,223,199
5e65fcfa36c6d,8,81,82,234,457,316,375
5e65fcfa36c6d,1,14,141,191,431,332,290
5e65fcfa36c6d,4,45,99,125,331,224,232
5e65fcfa36c6d,5,55,107,688,881,795,774
5e65fcfa36c6d,5,59,86,241,409,327,323
5e65fcfa36c6d,9,99,82,92,282,174,200
5e65fcfa36c6d,9,92,108,100,335,208,227
5e65fcfa36c6d,2,2meta1,127,25946,26199,26073,26072
5e65fcfa36c6d,meta1,meta10,126,175,425,301,299
5e65fcfa36c6d,0,09,124,125,365,249,241
5e65fcfa36c6d,9,98,116,100,324,216,208
5e65fcfa36c6d,8,81,108,175,423,283,315
5e65fcfa36c6d,1,14,140,225,465,365,325
5e65fcfa36c6d,4,45,100,141,332,241,232
5e65fcfa36c6d,5,55,91,217,398,308,307
5e65fcfa36c6d,5,59,90,217,397,307,307
5e65fcfa36c6d,9,99,90,110,282,200,192
5e65fcfa36c6d,9,92,82,109,305,191,223
5e65fcfa36c6d,2,2meta1,114,25317,25545,25431,25431
5e65fcfa36c6d,meta1,meta10,114,166,387,280,273
5e65fcfa36c6d,0,09,107,143,365,250,258
5e65fcfa36c6d,9,98,115,100,314,215,199
5e65fcfa36c6d,8,81,99,167,399,266,300
5e65fcfa36c6d,1,14,133,224,449,357,316
5e65fcfa36c6d,4,45,92,132,316,224,224
5e65fcfa36c6d,5,55,92,201,384,293,292
5e65fcfa36c6d,5,59,91,216,398,307,307
5e65fcfa36c6d,9,99,91,83,265,174,174
5e65fcfa36c6d,9,92,91,67,283,158,192
5e65fcfa36c6d,2,2meta1,125,26292,26520,26417,26395
5e65fcfa36c6d,meta1,meta10,103,199,410,302,307
5e65fcfa36c6d,0,09,108,116,339,224,231
5e65fcfa36c6d,9,98,115,118,307,233,192
5e65fcfa36c6d,8,81,74,225,440,299,366
5e65fcfa36c6d,1,14,141,174,406,315,265
5e65fcfa36c6d,4,45,91,133,323,224,232
5e65fcfa36c6d,5,55,99,201,399,300,300
5e65fcfa36c6d,5,59,99,200,388,299,289
5e65fcfa36c6d,9,99,89,94,257,183,168
5e65fcfa36c6d,9,92,74,67,256,141,182
5e65fcfa36c6d,2,2n,115,28790,29000,28905,28885
5e65fcfa36c6d,n,ni,95,191,385,286,290
5e65fcfa36c6d,i,il,99,241,431,340,332
5e65fcfa36c6d,l,lo,91,109,291,200,200
5e65fcfa36c6d,o,ob,91,166,357,257,266
5e65fcfa36c6d,b,bo,100,175,366,275,266
5e65fcfa36c6d,o,on,91,125,298,216,207
5e65fcfa36c6d,n,nspace,82,720,904,802,822
5e65fcfa36c6d,space,spacen,102,175,385,277,283
5e65fcfa36c6d,n,na,108,117,365,225,257
5e65fcfa36c6d,a,an,140,134,398,274,258
5e65fcfa36c6d,n,ng,124,200,407,324,283
5e65fcfa36c6d,g,gl,83,340,524,423,441
5e65fcfa36c6d,l,la,101,382,606,483,505
5e65fcfa36c6d,a,ae,123,226,439,349,316
5e65fcfa36c6d,e,emeta1,90,27861,28062,27951,27972
5e65fcfa36c6d,meta1,meta10,111,448,666,559,555
5e65fcfa36c6d,0,09,107,118,339,225,232
5e65fcfa36c6d,9,98,114,118,332,232,218
5e65fcfa36c6d,8,81,100,233,465,333,365
5e65fcfa36c6d,1,14,132,581,788,713,656
5e65fcfa36c6d,4,45,75,200,374,275,299
5e65fcfa36c6d,5,55,99,217,398,316,299
5e65fcfa36c6d,5,59,82,273,440,355,358
5e65fcfa36c6d,9,99,85,92,267,177,182
5e65fcfa36c6d,9,92,90,117,331,207,241
5e65fcfa36c6d,2,2meta1,124,89852,90096,89976,89972
5e65fe0c09aaa,meta1,meta10,120,207,443,327,323
5e65fe0c09aaa,0,09,116,142,372,258,256
5e65fe0c09aaa,9,98,114,118,332,232,218
5e65fe0c09aaa,8,81,100,150,466,250,366
5e65fe0c09aaa,1,14,216,240,547,456,331
5e65fe0c09aaa,4,45,91,175,357,266,266
5e65fe0c09aaa,5,55,91,299,473,390,382
5e65fe0c09aaa,5,59,83,424,589,507,506
5e65fe0c09aaa,9,99,82,84,265,166,183
5e65fe0c09aaa,9,92,99,84,291,183,192
5e65fe0c09aaa,2,2meta1,108,26819,27037,26927,26929
5e65fe0c09aaa,meta1,meta10,110,174,399,284,289
5e65fe0c09aaa,0,09,115,151,381,266,266
5e65fe0c09aaa,9,98,115,126,340,241,225
5e65fe0c09aaa,8,81,99,208,457,307,358
5e65fe0c09aaa,1,14,150,291,507,441,357
5e65fe0c09aaa,4,45,66,166,331,232,265
5e65fe0c09aaa,5,55,99,184,365,283,266
5e65fe0c09aaa,5,59,82,217,398,299,316
5e65fe0c09aaa,9,99,99,84,273,183,174
5e65fe0c09aaa,9,92,90,59,282,149,192
5e65fe0c09aaa,2,2meta1,133,65024,65307,65157,65174
5e65fe0c09aaa,meta1,meta10,150,167,416,317,266
5e65fe0c09aaa,0,09,99,133,358,232,259
5e65fe0c09aaa,9,98,126,99,316,225,190
5e65fe0c09aaa,8,81,91,225,465,316,374
5e65fe0c09aaa,1,14,149,217,455,366,306
5e65fe0c09aaa,4,45,89,134,314,223,225
5e65fe0c09aaa,5,55,91,283,465,374,374
5e65fe0c09aaa,5,59,91,217,408,308,317
5e65fe0c09aaa,9,99,100,91,282,191,182
5e65fe0c09aaa,9,92,91,92,306,183,215
5e65fe0c09aaa,2,2meta1,123,25725,25926,25848,25803
5e65fe0c09aaa,meta1,meta10,78,448,626,526,548
5e65fe0c09aaa,0,09,100,316,523,416,423
5e65fe0c09aaa,9,98,107,117,314,224,207
5e65fe0c09aaa,8,81,90,547,756,637,666
5e65fe0c09aaa,1,14,119,199,410,318,291
5e65fe0c09aaa,4,45,92,133,307,225,215
5e65fe0c09aaa,5,55,82,200,356,282,274
5e65fe0c09aaa,5,59,74,209,382,283,308
5e65fe0c09aaa,9,99,99,75,265,174,166
5e65fe0c09aaa,9,92,91,34,241,125,150
5e65fe0c09aaa,2,2meta1,116,24968,25202,25084,25086
5e65fe0c09aaa,meta1,meta10,118,218,442,336,324
5e65fe0c09aaa,0,09,106,117,356,223,250
5e65fe0c09aaa,9,98,133,92,316,225,183
5e65fe0c09aaa,8,81,91,166,381,257,290
5e65fe0c09aaa,1,14,124,192,406,316,282
5e65fe0c09aaa,4,45,90,134,315,224,225
5e65fe0c09aaa,5,55,91,200,381,291,290
5e65fe0c09aaa,5,59,90,234,413,324,323
5e65fe0c09aaa,9,99,89,77,264,166,175
5e65fe0c09aaa,9,92,98,84,273,182,175
5e65fe0c09aaa,2,2meta1,91,32219,32437,32310,32346
5e65fe0c09aaa,meta1,meta10,127,157,399,284,272
5e65fe0c09aaa,0,09,115,118,364,233,249
5e65fe0c09aaa,9,98,131,101,332,232,201
5e65fe0c09aaa,8,81,100,166,382,266,282
5e65fe0c09aaa,1,14,116,473,664,589,548
5e65fe0c09aaa,4,45,75,150,307,225,232
5e65fe0c09aaa,5,55,82,217,398,299,316
5e65fe0c09aaa,5,59,99,216,390,315,291
5e65fe0c09aaa,9,99,75,91,257,166,182
5e65fe0c09aaa,9,92,91,59,265,150,174
5e65fe0c09aaa,2,2meta1,115,32953,33194,33068,33079
5e65fe0c09aaa,meta1,meta10,126,157,398,283,272
5e65fe0c09aaa,0,09,115,159,397,274,282
5e65fe0c09aaa,9,98,123,110,331,233,208
5e65fe0c09aaa,8,81,98,450,680,548,582
5e65fe0c09aaa,1,14,132,208,423,340,291
5e65fe0c09aaa,4,45,83,141,315,224,232
5e65fe0c09aaa,5,55,91,217,390,308,299
5e65fe0c09aaa,5,59,82,217,380,299,298
5e65fe0c09aaa,9,99,81,76,257,157,176
5e65fe0c09aaa,9,92,100,58,273,158,173
5e65fe0c09aaa,2,2meta1,115,346369,346603,346484,346488
5e66004c72402,meta1,meta10,119,157,393,276,274
5e66004c72402,0,09,117,124,341,241,224
5e66004c72402,9,98,100,124,323,224,223
5e66004c72402,8,81,99,175,390,274,291
5e66004c72402,1,14,116,200,416,316,300
5e66004c72402,4,45,100,141,340,241,240
5e66004c72402,5,55,99,183,381,282,282
5e66004c72402,5,59,99,217,414,316,315
5e66004c72402,9,99,98,101,281,199,183
5e66004c72402,9,92,82,59,258,141,176
5e66004c72402,2,2meta1,117,27643,27904,27760,27787
5e66004c72402,meta1,meta10,144,217,467,361,323
5e66004c72402,0,09,106,125,341,231,235
5e66004c72402,9,98,110,132,340,242,230
5e66004c72402,8,81,98,193,414,291,316
5e66004c72402,1,14,123,485,689,608,566
5e66004c72402,4,45,81,241,404,322,323
5e66004c72402,5,55,82,209,373,291,291
5e66004c72402,5,59,82,217,398,299,316
5e66004c72402,9,99,99,100,272,199,173
5e66004c72402,9,92,73,109,307,182,234
5e66004c72402,2,2meta1,125,28154,28381,28279,28256
5e66004c72402,meta1,meta10,102,214,432,316,330
5e66004c72402,0,09,116,125,350,241,234
5e66004c72402,9,98,109,124,332,233,223
5e66004c72402,8,81,99,201,415,300,316
5e66004c72402,1,14,115,258,456,373,341
5e66004c72402,4,45,83,141,315,224,232
5e66004c72402,5,55,91,217,407,308,316
5e66004c72402,5,59,99,233,422,332,323
5e66004c72402,9,99,90,93,275,183,185
5e66004c72402,9,92,92,107,315,199,223
5e66004c72402,2,2meta1,116,36705,36914,36821,36798
5e66004c72402,meta1,meta10,93,226,434,319,341
5e66004c72402,0,09,115,117,341,232,226
5e66004c72402,9,98,109,107,307,216,198
5e66004c72402,8,81,91,192,415,283,324
5e66004c72402,1,14,132,200,432,332,300
5e66004c72402,4,45,100,149,323,249,223
5e66004c72402,5,55,74,192,348,266,274
5e66004c72402,5,59,82,217,390,299,308
5e66004c72402,9,99,91,100,273,191,182
5e66004c72402,9,92,82,101,324,183,242
5e66004c72402,2,2meta1,141,32525,32807,32666,32666
5e66004c72402,meta1,meta10,141,191,440,332,299
5e66004c72402,0,09,108,158,366,266,258
5e66004c72402,9,98,100,124,297,224,197
5e66004c72402,8,81,73,210,432,283,359
5e66004c72402,1,14,149,174,416,323,267
5e66004c72402,4,45,93,132,316,225,223
5e66004c72402,5,55,91,216,398,307,307
5e66004c72402,5,59,91,200,390,291,299
5e66004c72402,9,99,99,92,291,191,192
5e66004c72402,9,92,100,75,290,175,190
5e66004c72402,2,2meta1,115,32654,32871,32769,32756
5e66004c72402,meta1,meta10,102,299,410,401,308
5e66004c72402,0,09,9,117,240,126,231
5e66004c72402,9,98,114,101,306,215,192
5e66004c72402,8,81,91,192,439,283,348
5e66004c72402,1,14,156,274,522,430,366
5e66004c72402,4,45,92,134,317,226,225
5e66004c72402,5,55,91,183,339,274,248
5e66004c72402,5,59,65,217,390,282,325
5e66004c72402,9,99,108,83,290,191,182
5e66004c72402,9,92,99,25,257,124,158
5e66004c72402,2,2meta1,133,36271,36506,36404,36373
5e66004c72402,meta1,meta10,102,201,410,303,308
5e66004c72402,0,09,107,133,339,240,232
5e66004c72402,9,98,99,117,299,216,200
5e66004c72402,8,81,83,150,381,233,298
5e66004c72402,1,14,148,266,489,414,341
5e66004c72402,4,45,75,142,291,217,216
5e66004c72402,5,55,74,192,356,266,282
5e66004c72402,5,59,90,218,373,308,283
5e66004c72402,9,99,65,92,256,157,191
5e66004c72402,9,92,99,51,283,150,184
5e66004c72402,2,2meta1,133,33404,33695,33537,33562
5e66004c72402,meta1,meta10,158,166,449,324,291
5e66004c72402,0,09,125,116,365,241,240
5e66004c72402,9,98,124,83,298,207,174
5e66004c72402,8,81,91,176,398,267,307
5e66004c72402,1,14,131,176,398,307,267
5e66004c72402,4,45,91,134,306,225,215
5e66004c72402,5,55,81,201,364,282,283
5e66004c72402,5,59,82,183,364,265,282
5e66004c72402,9,99,99,92,282,191,183
5e66004c72402,9,92,91,34,259,125,168
5e66004c72402,2,2meta1,134,29760,30037,29894,29903
5e66004c72402,meta1,meta10,143,199,441,342,298
5e66004c72402,0,09,99,125,314,224,215
5e66004c72402,9,98,90,110,290,200,200
5e66004c72402,8,81,90,217,465,307,375
5e66004c72402,1,14,158,199,448,357,290
5e66004c72402,4,45,91,133,306,224,215
5e66004c72402,5,55,82,184,374,266,292
5e66004c72402,5,59,108,191,407,299,299
5e66004c72402,9,99,108,83,274,191,166
5e66004c72402,9,92,83,33,248,116,165
5e66004c72402,2,2meta1,132,31430,31682,31562,31550
5e66004c72402,meta1,meta10,120,242,478,362,358
5e66004c72402,0,09,116,133,364,249,248
5e66004c72402,9,98,115,101,314,216,199
5e66004c72402,8,81,98,218,474,316,376
5e66004c72402,1,14,158,158,407,316,249
5e66004c72402,4,45,91,149,331,240,240
5e66004c72402,5,56,91,167,349,258,258
5e66004c72402,6,69,91,208,381,299,290
5e66004c72402,9,99,82,84,274,166,192
5e66004c72402,9,92,108,33,265,141,157
5e66004c72402,2,2meta1,124,66746570,66746789,66746694,66746665
5e6706422bb28,meta1,meta10,95,190,397,285,302
5e6706422bb28,0,09,112,148,370,260,258
5e6706422bb28,9,98,110,131,344,241,234
5e6706422bb28,8,81,103,181,401,284,298
5e6706422bb28,1,14,117,216,401,333,284
5e6706422bb28,4,45,68,157,318,225,250
5e6706422bb28,5,55,93,191,359,284,266
5e6706422bb28,5,59,75,198,359,273,284
5e6706422bb28,9,99,86,108,261,194,175
5e6706422bb28,9,92,67,115,284,182,217
5e6706422bb28,2,2meta1,102,25339,25515,25441,25413
5e6706422bb28,meta1,meta10,74,255,426,329,352
5e6706422bb28,0,09,97,157,331,254,234
5e6706422bb28,9,98,77,123,285,200,208
5e6706422bb28,8,81,85,132,334,217,249
5e6706422bb28,1,14,117,193,383,310,266
5e6706422bb28,4,45,73,159,324,232,251
5e6706422bb28,5,55,92,181,352,273,260
5e6706422bb28,5,59,79,197,362,276,283
5e6706422bb28,9,99,86,97,259,183,173
5e6706422bb28,9,92,76,81,253,157,177
5e6706422bb28,2,2meta1,96,32079,32292,32175,32196
5e6706422bb28,meta1,meta10,117,199,443,316,326
5e6706422bb28,0,09,127,149,402,276,275
5e6706422bb28,9,98,126,116,345,242,219
5e6706422bb28,8,81,103,146,350,249,247
5e6706422bb28,1,14,101,250,434,351,333
5e6706422bb28,4,45,83,141,325,224,242
5e6706422bb28,5,55,101,165,361,266,260
5e6706422bb28,5,59,95,188,393,283,298
5e6706422bb28,9,99,110,83,278,193,168
5e6706422bb28,9,92,85,45,251,130,166
5e6706422bb28,2,2meta1,121,25290,25519,25411,25398
5e6706422bb28,meta1,meta10,108,205,450,313,342
5e6706422bb28,0,09,137,132,380,269,243
5e6706422bb28,9,98,111,115,326,226,215
5e6706422bb28,8,81,100,199,426,299,326
5e6706422bb28,1,14,127,248,461,375,334
5e6706422bb28,4,45,86,156,344,242,258
5e6706422bb28,5,55,102,198,376,300,274
5e6706422bb28,5,59,76,214,385,290,309
5e6706422bb28,9,99,95,81,270,176,175
5e6706422bb28,9,92,94,98,303,192,209
5e6706422bb28,2,2meta1,111,25829,26040,25940,25929
5e6706422bb28,meta1,meta10,100,222,435,322,335
5e6706422bb28,0,09,113,157,387,270,274
5e6706422bb28,9,98,117,125,342,242,225
5e6706422bb28,8,81,100,167,368,267,268
5e6706422bb28,1,14,101,265,459,366,358
5e6706422bb28,4,45,93,132,318,225,225
5e6706422bb28,5,55,93,215,410,308,317
5e6706422bb28,5,59,102,214,409,316,307
5e6706422bb28,9,99,93,82,269,175,176
5e6706422bb28,9,92,94,123,303,217,209
5e6706422bb28,2,2meta1,86,25456,25631,25542,25545
5e6706422bb28,meta1,meta10,89,209,417,298,328
5e6706422bb28,0,09,119,141,368,260,249
5e6706422bb28,9,98,108,108,309,216,201
5e6706422bb28,8,81,93,149,351,242,258
5e6706422bb28,1,14,109,216,401,325,292
5e6706422bb28,4,45,76,157,334,233,258
5e6706422bb28,5,56,101,174,369,275,268
5e6706422bb28,6,69,94,180,376,274,282
5e6706422bb28,9,99,102,80,268,182,166
5e6706422bb28,9,92,86,83,279,169,193
5e6706422bb28,2,2meta1,110,24539,24742,24649,24632
5e6706422bb28,meta1,meta10,93,196,417,289,324
5e6706422bb28,0,09,128,174,412,302,284
5e6706422bb28,9,98,110,115,327,225,217
5e6706422bb28,8,81,102,164,401,266,299
5e6706422bb28,1,14,135,224,461,359,326
5e6706422bb28,4,45,102,165,376,267,274
5e6706422bb28,5,55,109,231,451,340,342
5e6706422bb28,5,59,111,231,435,342,324
5e6706422bb28,9,99,93,81,261,174,168
5e6706422bb28,9,92,87,148,345,235,258
5e6706422bb28,2,2meta1,110,26634,26824,26744,26714
5e6706422bb28,meta1,meta10,80,390,607,470,527
5e6706422bb28,0,09,137,123,386,260,249
5e6706422bb28,9,98,126,98,327,224,201
5e6706422bb28,8,81,103,98,318,201,215
5e6706422bb28,1,14,117,233,435,350,318
5e6706422bb28,4,45,85,156,334,241,249
5e6706422bb28,5,55,93,257,443,350,350
5e6706422bb28,5,59,93,206,394,299,301
5e6706422bb28,9,99,95,80,269,175,174
5e6706422bb28,9,92,94,90,303,184,209
5e6706422bb28,2,2meta1,119,24740,24975,24859,24856
5e6706422bb28,meta1,meta10,116,222,466,338,350
5e6706422bb28,0,09,128,141,386,269,258
5e6706422bb28,9,98,117,116,335,233,218
5e6706422bb28,8,81,102,265,510,367,408
5e6706422bb28,1,14,143,273,501,416,358
5e6706422bb28,4,45,85,156,351,241,266
5e6706422bb28,5,55,110,282,494,392,384
5e6706422bb28,5,59,102,223,419,325,317
5e6706422bb28,9,99,94,89,286,183,192
5e6706422bb28,9,92,103,89,319,192,216
5e6706422bb28,2,2meta1,127,26847,27082,26974,26955
5e6706422bb28,meta1,meta10,108,191,419,299,311
5e6706422bb28,0,09,120,148,386,268,266
5e6706422bb28,9,98,118,115,325,233,207
5e6706422bb28,8,81,92,142,360,234,268
5e6706422bb28,1,14,126,207,425,333,299
5e6706422bb28,4,45,92,142,326,234,234
5e6706422bb28,5,55,92,214,401,306,309
5e6706422bb28,5,59,95,206,394,301,299
5e6706422bb28,9,99,93,89,277,182,184
5e6706422bb28,9,92,95,73,302,168,207
5e6706422bb28,2,2meta1,134,32043116,32043346,32043250,32043212
5e67847495322,meta1,meta10,96,240,452,336,356
5e67847495322,0,09,116,134,365,250,249
5e67847495322,9,98,115,134,348,249,233
5e67847495322,8,81,99,134,348,233,249
5e67847495322,1,14,115,217,414,332,299
5e67847495322,4,45,82,159,341,241,259
5e67847495322,5,55,100,199,390,299,290
5e67847495322,5,59,91,192,374,283,283
5e67847495322,9,99,91,92,265,183,174
5e67847495322,9,92,82,142,332,224,250
5e67847495322,2,2meta1,108,24836,25037,24944,24929
5e67847495322,meta1,meta10,93,258,458,351,365
5e67847495322,0,09,107,134,356,241,249
5e67847495322,9,98,115,110,307,225,192
5e67847495322,8,81,82,142,349,224,267
5e67847495322,1,14,125,232,449,357,324
5e67847495322,4,45,92,165,349,257,257
5e67847495322,5,55,92,192,374,284,282
5e67847495322,5,59,90,208,380,298,290
5e67847495322,9,99,82,93,257,175,175
5e67847495322,9,92,82,58,266,140,184
5e67847495322,2,2meta1,126,24729,24967,24855,24841
5e67847495322,meta1,meta10,112,207,443,319,331
5e67847495322,0,09,124,134,374,258,250
5e67847495322,9,98,116,108,315,224,199
5e67847495322,8,81,91,142,373,233,282
5e67847495322,1,14,140,292,531,432,391
5e67847495322,4,45,99,126,341,225,242
5e67847495322,5,55,116,191,398,307,282
5e67847495322,5,59,91,225,397,316,306
5e67847495322,9,99,81,93,265,174,184
5e67847495322,9,92,91,92,307,183,216
5e67847495322,2,2meta1,124,25082,25317,25206,25193
5e67847495322,meta1,meta10,111,191,418,302,307
5e67847495322,0,09,116,141,373,257,257
5e67847495322,9,98,116,109,324,225,208
5e67847495322,8,81,99,133,382,232,283
5e67847495322,1,14,150,200,449,350,299
5e67847495322,4,45,99,166,365,265,266
5e67847495322,5,55,100,183,373,283,273
5e67847495322,5,59,90,251,440,341,350
5e67847495322,9,99,99,74,282,173,183
5e67847495322,9,92,109,99,316,208,207
5e67847495322,2,2meta1,108,25414,25636,25522,25528
5e67847495322,meta1,meta10,114,193,413,307,299
5e67847495322,0,09,106,135,365,241,259
5e67847495322,9,98,124,92,323,216,199
5e67847495322,8,81,107,109,349,216,242
5e67847495322,1,14,133,158,382,291,249
5e67847495322,4,45,91,132,331,223,240
5e67847495322,5,55,108,192,390,300,282
5e67847495322,5,59,90,209,390,299,300
5e67847495322,9,99,91,67,265,158,174
5e67847495322,9,92,107,51,299,158,192
5e67847495322,2,2meta1,141,29449,29675,29590,29534
5e67847495322,meta1,meta10,85,292,477,377,392
5e67847495322,0,09,100,124,339,224,239
5e67847495322,9,98,115,93,307,208,192
5e67847495322,8,81,99,125,389,224,290
5e67847495322,1,14,165,159,415,324,250
5e67847495322,4,45,91,158,348,249,257
5e67847495322,5,55,99,191,399,290,300
5e67847495322,5,59,109,207,407,316,298
5e67847495322,9,99,91,83,265,174,174
5e67847495322,9,92,91,117,323,208,232
5e67847495322,2,2meta1,115,27549,27791,27664,27676
5e67847495322,meta1,meta10,127,167,402,294,275
5e67847495322,0,09,108,133,373,241,265
5e67847495322,9,98,132,100,322,232,190
5e67847495322,8,81,90,118,357,208,267
5e67847495322,1,14,149,175,414,324,265
5e67847495322,4,45,90,159,349,249,259
5e67847495322,5,55,100,191,382,291,282
5e67847495322,5,59,91,192,382,283,291
5e67847495322,9,99,99,67,264,166,165
5e67847495322,9,92,98,43,282,141,184
5e67847495322,2,2meta1,141,24046,24306,24187,24165
5e67847495322,meta1,meta10,119,182,426,301,307
5e67847495322,0,09,125,125,359,250,234
5e67847495322,9,98,109,107,306,216,197
5e67847495322,8,81,90,109,340,199,250
5e67847495322,1,14,141,166,415,307,274
5e67847495322,4,45,108,125,341,233,233
5e67847495322,5,55,108,200,390,308,282
5e67847495322,5,59,82,216,373,298,291
5e67847495322,9,99,75,75,250,150,175
5e67847495322,9,92,100,50,282,150,182
5e67847495322,2,2meta1,132,27309,27564,27441,27432
5e67847495322,meta1,meta10,123,207,421,330,298
5e67847495322,0,09,91,125,323,216,232
5e67847495322,9,98,107,101,289,208,182
5e67847495322,8,81,81,143,372,224,291
5e67847495322,1,14,148,201,440,349,292
5e67847495322,4,45,91,166,357,257,266
5e67847495322,5,55,100,233,407,333,307
5e67847495322,5,59,74,192,374,266,300
5e67847495322,9,99,108,74,281,182,173
5e67847495322,9,92,99,51,274,150,175
5e67847495322,2,2meta1,124,24140,24373,24264,24249
5e67847495322,meta1,meta10,109,176,393,285,284
5e67847495322,0,09,108,116,340,224,232
5e67847495322,9,98,116,92,306,208,190
5e67847495322,8,81,98,118,365,216,267
5e67847495322,1,14,149,167,398,316,249
5e67847495322,4,45,82,158,323,240,241
5e67847495322,5,55,83,234,399,317,316
5e67847495322,5,59,82,200,372,282,290
5e67847495322,9,99,90,67,265,157,175
5e67847495322,9,92,108,50,283,158,175
5e67847495322,2,2meta1,125,165180480,165180686,165180605,165180561
5e6a0ab42169b,meta1,meta10,81,520,700,601,619
5e6a0ab42169b,0,09,99,128,329,227,230
5e6a0ab42169b,9,98,102,604,771,706,669
5e6a0ab42169b,8,81,65,352,588,417,523
5e6a0ab42169b,1,14,171,153,429,324,258
5e6a0ab42169b,4,45,105,172,354,277,249
5e6a0ab42169b,5,55,77,232,396,309,319
5e6a0ab42169b,5,59,87,234,387,321,300
5e6a0ab42169b,9,99,66,92,249,158,183
5e6a0ab42169b,9,92,91,90,292,181,201
5e6a0ab42169b,2,2meta1,111,26705,26912,26816,26801
5e6a0ab42169b,meta1,meta10,96,204,414,300,318
5e6a0ab42169b,0,09,114,160,380,274,266
5e6a0ab42169b,9,98,106,117,307,223,201
5e6a0ab42169b,8,81,84,486,703,570,619
5e6a0ab42169b,1,14,133,180,412,313,279
5e6a0ab42169b,4,45,99,169,349,268,250
5e6a0ab42169b,5,55,81,200,333,281,252
5e6a0ab42169b,5,59,52,217,350,269,298
5e6a0ab42169b,9,99,81,95,248,176,167
5e6a0ab42169b,9,92,72,111,257,183,185
5e6a0ab42169b,2,2meta1,74,27970,28126,28044,28052
5e6a0ab42169b,meta1,meta10,82,176,381,258,299
5e6a0ab42169b,0,09,123,148,373,271,250
5e6a0ab42169b,9,98,102,134,301,236,199
5e6a0ab42169b,8,81,65,205,425,270,360
5e6a0ab42169b,1,14,155,205,451,360,296
5e6a0ab42169b,4,45,91,168,351,259,260
5e6a0ab42169b,5,55,92,199,377,291,285
5e6a0ab42169b,5,59,86,233,384,319,298
5e6a0ab42169b,9,99,65,91,232,156,167
5e6a0ab42169b,9,92,76,152,312,228,236
5e6a0ab42169b,2,2meta1,84,26620,26803,26704,26719
5e6a0ab42169b,meta1,meta10,99,179,397,278,298
5e6a0ab42169b,0,09,119,136,373,255,254
5e6a0ab42169b,9,98,118,124,332,242,214
5e6a0ab42169b,8,81,90,167,390,257,300
5e6a0ab42169b,1,14,133,183,416,316,283
5e6a0ab42169b,4,45,100,167,349,267,249
5e6a0ab42169b,5,55,82,183,349,265,267
5e6a0ab42169b,5,59,84,217,385,301,301
5e6a0ab42169b,9,99,84,91,268,175,184
5e6a0ab42169b,9,92,93,109,309,202,216
5e6a0ab42169b,2,2meta1,107,26848,27041,26955,26934
5e6a0ab42169b,meta1,meta10,86,183,385,269,299
5e6a0ab42169b,0,09,116,136,352,252,236
5e6a0ab42169b,9,98,100,117,314,217,214
5e6a0ab42169b,8,81,97,408,650,505,553
5e6a0ab42169b,1,14,145,215,476,360,331
5e6a0ab42169b,4,45,116,170,366,286,250
5e6a0ab42169b,5,55,80,200,365,280,285
5e6a0ab42169b,5,59,85,217,368,302,283
5e6a0ab42169b,9,99,66,88,248,154,182
5e6a0ab42169b,9,92,94,89,279,183,185
5e6a0ab42169b,2,2meta1,96,25063,25216,25159,25120
5e6a0ab42169b,meta1,meta10,57,175,355,232,298
5e6a0ab42169b,0,09,123,132,372,255,249
5e6a0ab42169b,9,98,117,119,317,236,200
5e6a0ab42169b,8,81,81,383,603,464,522
5e6a0ab42169b,1,14,139,201,448,340,309
5e6a0ab42169b,4,45,108,163,360,271,252
5e6a0ab42169b,5,55,89,224,356,313,267
5e6a0ab42169b,5,59,43,235,359,278,316
5e6a0ab42169b,9,99,81,93,247,174,166
5e6a0ab42169b,9,92,73,96,292,169,219
5e6a0ab42169b,2,2meta1,123,32334,32558,32457,32435
5e6a0ab42169b,meta1,meta10,101,210,451,311,350
5e6a0ab42169b,0,09,140,116,391,256,251
5e6a0ab42169b,9,98,135,154,349,289,214
5e6a0ab42169b,8,81,60,170,385,230,325
5e6a0ab42169b,1,14,155,369,616,524,461
5e6a0ab42169b,4,45,92,166,324,258,232
5e6a0ab42169b,5,55,66,231,382,297,316
5e6a0ab42169b,5,59,85,198,368,283,283
5e6a0ab42169b,9,99,85,74,254,159,169
5e6a0ab42169b,9,92,95,93,293,188,198
5e6a0ab42169b,2,2meta1,105,25722,25925,25827,25820
5e6a0ab42169b,meta1,meta10,98,174,399,272,301
5e6a0ab42169b,0,09,127,147,377,274,250
5e6a0ab42169b,9,98,103,134,317,237,214
5e6a0ab42169b,8,81,80,128,384,208,304
5e6a0ab42169b,1,14,176,174,438,350,262
5e6a0ab42169b,4,45,88,142,321,230,233
5e6a0ab42169b,5,55,91,181,361,272,270
5e6a0ab42169b,5,59,89,199,370,288,281
5e6a0ab42169b,9,99,82,94,250,176,168
5e6a0ab42169b,9,92,74,108,291,182,217
5e6a0ab42169b,2,2meta1,109,24866,25062,24975,24953
5e6a0ab42169b,meta1,meta10,87,172,386,259,299
5e6a0ab42169b,0,09,127,147,393,274,266
5e6a0ab42169b,9,98,119,94,319,213,200
5e6a0ab42169b,8,81,106,399,657,505,551
5e6a0ab42169b,1,14,152,170,448,322,296
5e6a0ab42169b,4,45,126,143,362,269,236
5e6a0ab42169b,5,55,93,283,462,376,369
5e6a0ab42169b,5,59,86,227,418,313,332
5e6a0ab42169b,9,99,105,74,271,179,166
5e6a0ab42169b,9,92,92,95,293,187,201
5e6a0ab42169b,2,2meta1,106,25021,25222,25127,25116
5e6a0ab42169b,meta1,meta10,95,170,347,265,252
5e6a0ab42169b,0,09,82,167,349,249,267
5e6a0ab42169b,9,98,100,110,299,210,199
5e6a0ab42169b,8,81,89,377,608,466,519
5e6a0ab42169b,1,14,142,232,456,374,314
5e6a0ab42169b,4,45,82,169,314,251,232
5e6a0ab42169b,5,55,63,303,448,366,385
5e6a0ab42169b,5,59,82,249,400,331,318
5e6a0ab42169b,9,99,69,114,251,183,182
5e6a0ab42169b,9,92,68,95,252,163,184
5e6a0ab42169b,2,2meta1,89,59262,59440,59351,59351
5e6a0bff7e21c,meta1,meta10,89,192,388,281,299
5e6a0bff7e21c,0,00,107,182,392,289,285
5e6a0bff7e21c,0,08,103,167,350,270,247
5e6a0bff7e21c,8,8bksp,80,965,1131,1045,1051
5e6a0bff7e21c,bksp,bkspbksp,86,93,288,179,202
5e6a0bff7e21c,bksp,bksp0,109,1045,1241,1154,1132
5e6a0bff7e21c,0,0bksp,87,864,1057,951,970
5e6a0bff7e21c,bksp,bksp9,106,315,522,421,416
5e6a0bff7e21c,9,98,101,179,349,280,248
5e6a0bff7e21c,8,81,69,233,440,302,371
5e6a0bff7e21c,1,14,138,212,432,350,294
5e6a0bff7e21c,4,45,82,204,366,286,284
5e6a0bff7e21c,5,55,80,245,399,325,319
5e6a0bff7e21c,5,59,74,212,373,286,299
5e6a0bff7e21c,9,99,87,94,269,181,182
5e6a0bff7e21c,9,92,88,74,272,162,184
5e6a0bff7e21c,2,2meta1,110,34838,35030,34948,34920
5e6a0bff7e21c,meta1,meta10,82,212,396,294,314
5e6a0bff7e21c,0,08,102,440,636,542,534
5e6a0bff7e21c,8,84,94,778,962,872,868
5e6a0bff7e21c,4,45,90,211,388,301,298
5e6a0bff7e21c,5,55,87,335,525,422,438
5e6a0bff7e21c,5,5bksp,103,1547,1733,1650,1630
5e6a0bff7e21c,bksp,bkspbksp,83,108,299,191,216
5e6a0bff7e21c,bksp,bkspbksp,108,109,308,217,200
5e6a0bff7e21c,bksp,bksp1,91,488,743,579,652
5e6a0bff7e21c,1,14,164,156,411,320,247
5e6a0bff7e21c,4,45,91,174,376,265,285
5e6a0bff7e21c,5,55,111,257,445,368,334
5e6a0bff7e21c,5,59,77,246,392,323,315
5e6a0bff7e21c,9,99,69,93,252,162,183
5e6a0bff7e21c,9,92,90,104,273,194,183
5e6a0bff7e21c,2,2meta1,79,25421,25617,25500,25538
5e6a0bff7e21c,meta1,meta10,117,233,450,350,333
5e6a0bff7e21c,0,09,100,160,366,260,266
5e6a0bff7e21c,9,98,106,116,306,222,200
5e6a0bff7e21c,8,84,84,786,965,870,881
5e6a0bff7e21c,4,45,95,150,346,245,251
5e6a0bff7e21c,5,59,101,508,703,609,602
5e6a0bff7e21c,9,99,94,91,259,185,165
5e6a0bff7e21c,9,92,74,57,241,131,167
5e6a0bff7e21c,2,2meta1,110,26966,27129,27076,27019
5e6a0bff7e21c,meta1,meta10,53,263,419,316,366
5e6a0bff7e21c,0,09,103,161,354,264,251
5e6a0bff7e21c,9,98,90,133,306,223,216
5e6a0bff7e21c,8,81,83,117,341,200,258
5e6a0bff7e21c,1,14,141,183,414,324,273
5e6a0bff7e21c,4,45,90,153,324,243,234
5e6a0bff7e21c,5,55,81,312,482,393,401
5e6a0bff7e21c,5,59,89,198,390,287,301
5e6a0bff7e21c,9,99,103,92,269,195,166
5e6a0bff7e21c,9,92,74,57,241,131,167
5e6a0bff7e21c,2,2meta1,110,28388,28594,28498,28484
5e6a0bff7e21c,meta1,meta10,96,300,499,396,403
5e6a0bff7e21c,0,09,103,144,370,247,267
5e6a0bff7e21c,9,98,123,131,320,254,197
5e6a0bff7e21c,8,81,66,502,701,568,635
5e6a0bff7e21c,1,14,133,221,449,354,316
5e6a0bff7e21c,4,45,95,165,362,260,267
5e6a0bff7e21c,5,55,102,227,419,329,317
5e6a0bff7e21c,5,59,90,199,373,289,283
5e6a0bff7e21c,9,99,84,90,266,174,182
5e6a0bff7e21c,9,92,92,90,275,182,183
5e6a0bff7e21c,2,2meta1,93,25514,25696,25607,25603
5e6a0bff7e21c,meta1,meta10,89,231,421,320,332
5e6a0bff7e21c,0,00,101,133,352,234,251
5e6a0bff7e21c,0,08,118,134,335,252,217
5e6a0bff7e21c,8,8bksp,83,817,983,900,900
5e6a0bff7e21c,bksp,bkspbksp,83,96,282,179,199
5e6a0bff7e21c,bksp,bksp9,103,1399,1587,1502,1484
5e6a0bff7e21c,9,98,85,133,285,218,200
5e6a0bff7e21c,8,81,67,502,707,569,640
5e6a0bff7e21c,1,14,138,201,448,339,310
5e6a0bff7e21c,4,45,109,98,325,207,216
5e6a0bff7e21c,5,55,118,368,570,486,452
5e6a0bff7e21c,5,59,84,232,399,316,315
5e6a0bff7e21c,9,99,83,75,250,158,167
5e6a0bff7e21c,9,92,92,56,276,148,184
5e6a0bff7e21c,2,2meta1,128,27703,27944,27831,27816
5e6a0bff7e21c,meta1,meta10,113,184,396,297,283
5e6a0bff7e21c,0,09,99,143,368,242,269
5e6a0bff7e21c,9,98,126,133,342,259,216
5e6a0bff7e21c,8,81,83,397,635,480,552
5e6a0bff7e21c,1,14,155,315,586,470,431
5e6a0bff7e21c,4,45,116,147,367,263,251
5e6a0bff7e21c,5,55,104,481,690,585,586
5e6a0bff7e21c,5,59,105,208,403,313,298
5e6a0bff7e21c,9,99,90,90,255,180,165
5e6a0bff7e21c,9,92,75,111,309,186,234
5e6a0bff7e21c,2,2meta1,123,29103,29342,29226,29219
5e6a0bff7e21c,meta1,meta10,116,234,465,350,349
5e6a0bff7e21c,0,09,115,118,363,233,248
5e6a0bff7e21c,9,98,130,104,347,234,217
5e6a0bff7e21c,8,81,113,403,663,516,550
5e6a0bff7e21c,1,14,147,203,448,350,301
5e6a0bff7e21c,4,45,98,136,347,234,249
5e6a0bff7e21c,5,55,113,222,380,335,267
5e6a0bff7e21c,5,50,45,202,345,247,300
5e6a0bff7e21c,0,09,98,85,283,183,185
5e6a0bff7e21c,9,92,100,19,233,119,133
5e6a0bff7e21c,2,2bksp,114,902,1130,1016,1016
5e6a0bff7e21c,bksp,bkspbksp,114,85,348,199,234
5e6a0bff7e21c,bksp,bkspbksp,149,234,500,383,351
5e6a0bff7e21c,bksp,bkspbksp,117,783,999,900,882
5e6a0bff7e21c,bksp,bksp5,99,1336,1533,1435,1434
5e6a0bff7e21c,5,59,98,234,432,332,334
5e6a0bff7e21c,9,99,100,84,283,184,183
5e6a0bff7e21c,9,92,99,51,266,150,167
5e6a0bff7e21c,2,2meta1,116,27521,27737,27637,27621
5e6a0bff7e21c,meta1,meta10,100,190,413,290,313
5e6a0bff7e21c,0,09,123,130,359,253,236
5e6a0bff7e21c,9,98,106,117,304,223,198
5e6a0bff7e21c,8,81,81,433,647,514,566
5e6a0bff7e21c,1,14,133,187,417,320,284
5e6a0bff7e21c,4,45,97,141,348,238,251
5e6a0bff7e21c,5,55,110,217,409,327,299
5e6a0bff7e21c,5,59,82,188,381,270,299
5e6a0bff7e21c,9,99,111,93,276,204,165
5e6a0bff7e21c,9,92,72,37,258,109,186
5e6a0bff7e21c,2,2meta1,149,32140,32401,32289,32252
5e6a0bff7e21c,meta1,meta10,112,194,411,306,299
5e6a0bff7e21c,0,09,105,141,372,246,267
5e6a0bff7e21c,9,98,126,116,326,242,200
5e6a0bff7e21c,8,81,84,371,603,455,519
5e6a0bff7e21c,1,14,148,225,444,373,296
5e6a0bff7e21c,4,45,71,175,356,246,285
5e6a0bff7e21c,5,55,110,231,428,341,318
5e6a0bff7e21c,5,59,87,216,368,303,281
5e6a0bff7e21c,9,99,65,72,233,137,168
5e6a0bff7e21c,9,92,96,56,263,152,167
5e6a0bff7e21c,2,2meta1,111,49350110,49350322,49350221,49350211
5e6acdf59a953,meta1,meta10,101,383,616,484,515
5e6acdf59a953,0,09,132,141,395,273,263
5e6acdf59a953,9,98,122,111,340,233,218
5e6acdf59a953,8,81,107,134,381,241,274
5e6acdf59a953,1,14,140,183,431,323,291
5e6acdf59a953,4,45,108,133,357,241,249
5e6acdf59a953,5,55,116,192,406,308,290
5e6acdf59a953,5,59,98,176,381,274,283
5e6acdf59a953,9,99,107,83,279,190,172
5e6acdf59a953,9,92,89,44,240,133,151
5e6acdf59a953,2,2meta1,107,24930,25145,25037,25038
5e6acdf59a953,meta1,meta10,108,185,423,293,315
5e6acdf59a953,0,09,130,144,397,274,267
5e6acdf59a953,9,98,123,109,331,232,208
5e6acdf59a953,8,81,99,142,389,241,290
5e6acdf59a953,1,14,148,159,423,307,275
5e6acdf59a953,4,45,116,125,365,241,249
5e6acdf59a953,5,55,124,192,406,316,282
5e6acdf59a953,5,59,90,208,390,298,300
5e6acdf59a953,9,99,92,66,256,158,164
5e6acdf59a953,9,92,98,52,264,150,166
5e6acdf59a953,2,2meta1,114,24759,24982,24873,24868
5e6acdf59a953,meta1,meta10,109,399,607,508,498
5e6acdf59a953,0,09,99,150,372,249,273
5e6acdf59a953,9,98,123,102,323,225,200
5e6acdf59a953,8,81,98,134,388,232,290
5e6acdf59a953,1,14,156,144,415,300,259
5e6acdf59a953,4,45,115,100,330,215,215
5e6acdf59a953,5,55,115,193,390,308,275
5e6acdf59a953,5,59,82,233,397,315,315
5e6acdf59a953,9,99,82,84,248,166,166
5e6acdf59a953,9,91,82,93,281,175,199
5e6acdf59a953,1,1bksp,106,946,1137,1052,1031
5e6acdf59a953,bksp,bksp2,85,159,350,244,265
5e6acdf59a953,2,2meta1,106,24682,24908,24788,24802
5e6acdf59a953,meta1,meta10,120,158,402,278,282
5e6acdf59a953,0,09,124,126,373,250,249
5e6acdf59a953,9,98,123,93,323,216,200
5e6acdf59a953,8,81,107,133,389,240,282
5e6acdf59a953,1,14,149,184,448,333,299
5e6acdf59a953,4,45,115,109,348,224,233
5e6acdf59a953,5,55,124,166,389,290,265
5e6acdf59a953,5,59,99,217,415,316,316
5e6acdf59a953,9,99,99,59,264,158,165
5e6acdf59a953,9,92,106,26,247,132,141
5e6acdf59a953,2,2meta1,115,24361,24595,24476,24480
5e6acdf59a953,meta1,meta10,119,167,409,286,290
5e6acdf59a953,0,09,123,126,372,249,249
5e6acdf59a953,9,98,123,93,322,216,199
5e6acdf59a953,8,81,106,93,373,199,267
5e6acdf59a953,1,14,174,167,455,341,281
5e6acdf59a953,4,45,114,126,364,240,250
5e6acdf59a953,5,55,124,168,398,292,274
5e6acdf59a953,5,59,106,193,406,299,300
5e6acdf59a953,9,99,107,58,264,165,157
5e6acdf59a953,9,92,99,10,240,109,141
5e6acdf59a953,2,2meta1,131,24665,24919,24796,24788
5e6acdf59a953,meta1,meta10,123,142,387,265,264
5e6acdf59a953,0,09,122,127,372,249,250
5e6acdf59a953,9,98,123,101,323,224,200
5e6acdf59a953,8,81,99,109,348,208,249
5e6acdf59a953,1,14,140,151,389,291,249
5e6acdf59a953,4,45,98,159,380,257,282
5e6acdf59a953,5,55,123,184,406,307,283
5e6acdf59a953,5,59,99,209,406,308,307
5e6acdf59a953,9,99,98,76,272,174,174
5e6acdf59a953,9,92,98,44,273,142,175
5e6acdf59a953,2,2meta1,131,24561,24776,24692,24645
5e6acdf59a953,meta1,meta10,84,227,425,311,341
5e6acdf59a953,0,09,114,134,364,248,250
5e6acdf59a953,9,98,116,92,315,208,199
5e6acdf59a953,8,81,107,101,373,208,266
5e6acdf59a953,1,14,165,143,397,308,232
5e6acdf59a953,4,45,89,143,331,232,242
5e6acdf59a953,5,55,99,158,355,257,256
5e6acdf59a953,5,59,98,201,397,299,299
5e6acdf59a953,9,99,98,60,257,158,159
5e6acdf59a953,9,92,99,34,248,133,149
5e6acdf59a953,2,2meta1,115,24015,24248,24130,24133
5e6acdf59a953,meta1,meta10,118,192,409,310,291
5e6acdf59a953,0,09,99,150,388,249,289
5e6acdf59a953,9,98,139,102,331,241,192
5e6acdf59a953,8,81,90,450,673,540,583
5e6acdf59a953,1,14,133,224,465,357,332
5e6acdf59a953,4,45,108,166,390,274,282
5e6acdf59a953,5,55,116,507,705,623,589
5e6acdf59a953,5,59,82,234,414,316,332
5e6acdf59a953,9,99,98,85,264,183,166
5e6acdf59a953,9,92,81,77,290,158,209
5e6acdf59a953,2,2meta1,132,23407,23618,23539,23486
5e6acdf59a953,meta1,meta10,79,201,402,280,323
5e6acdf59a953,0,09,122,119,347,241,225
5e6acdf59a953,9,98,106,118,322,224,216
5e6acdf59a953,8,81,98,118,364,216,266
5e6acdf59a953,1,14,148,135,381,283,233
5e6acdf59a953,4,45,98,126,331,224,233
5e6acdf59a953,5,55,107,234,448,341,341
5e6acdf59a953,5,59,107,234,430,341,323
5e6acdf59a953,9,99,89,76,272,165,183
5e6acdf59a953,9,92,107,59,273,166,166
5e6acdf59a953,2,2meta1,107,24118,24336,24225,24229
5e6acdf59a953,meta1,meta10,111,208,433,319,322
5e6acdf59a953,0,09,114,135,364,249,250
5e6acdf59a953,9,98,115,102,315,217,200
5e6acdf59a953,8,81,98,101,348,199,250
5e6acdf59a953,1,14,149,108,348,257,199
5e6acdf59a953,4,45,91,142,348,233,257
5e6acdf59a953,5,55,115,185,389,300,274
5e6acdf59a953,5,59,89,201,397,290,308
5e6acdf59a953,9,99,107,59,273,166,166
5e6acdf59a953,9,92,107,42,265,149,158
5e6acdf59a953,2,2meta1,116,98596924,98597181,98597040,98597065
5e6c4ffb84dc5,meta1,meta10,141,466,805,607,664
5e6c4ffb84dc5,0,08,198,226,626,424,428
5e6c4ffb84dc5,8,81,202,408,797,610,595
5e6c4ffb84dc5,1,19,187,530,903,717,716
5e6c4ffb84dc5,9,91,186,379,765,565,579
5e6c4ffb84dc5,1,15,200,359,760,559,560
5e6c4ffb84dc5,5,56,201,214,624,415,423
5e6c4ffb84dc5,6,65,209,177,553,386,344
5e6c4ffb84dc5,5,56,167,281,609,448,442
5e6c4ffb84dc5,6,65,161,200,568,361,407
5e6c4ffb84dc5,5,5meta1,207,39564,39905,39771,39698
5e6c4ffb84dc5,meta1,meta10,134,398,734,532,600
5e6c4ffb84dc5,0,08,202,204,586,406,384
5e6c4ffb84dc5,8,81,180,341,712,521,532
5e6c4ffb84dc5,1,19,191,501,853,692,662
5e6c4ffb84dc5,9,91,161,353,691,514,530
5e6c4ffb84dc5,1,15,177,358,727,535,550
5e6c4ffb84dc5,5,56,192,192,570,384,378
5e6c4ffb84dc5,6,65,186,177,532,363,346
5e6c4ffb84dc5,5,56,169,208,537,377,368
5e6c4ffb84dc5,6,65,160,174,570,334,410
5e6c4ffb84dc5,5,5meta1,236,38487,38891,38723,38655
5e6c4ffb84dc5,meta1,meta10,168,415,770,583,602
5e6c4ffb84dc5,0,08,187,220,576,407,389
5e6c4ffb84dc5,8,81,169,367,712,536,543
5e6c4ffb84dc5,1,19,176,482,845,658,669
5e6c4ffb84dc5,9,91,187,354,684,541,497
5e6c4ffb84dc5,1,15,143,349,651,492,508
5e6c4ffb84dc5,5,56,159,265,633,424,474
5e6c4ffb84dc5,6,65,209,195,627,404,418
5e6c4ffb84dc5,5,56,223,186,589,409,366
5e6c4ffb84dc5,6,65,180,205,587,385,407
5e6c4ffb84dc5,5,5meta1,202,37518,37881,37720,37679
5e6c4ffb84dc5,meta1,meta10,161,447,844,608,683
5e6c4ffb84dc5,0,08,236,239,659,475,423
5e6c4ffb84dc5,8,81,184,409,793,593,609
5e6c4ffb84dc5,1,19,200,499,915,699,715
5e6c4ffb84dc5,9,91,216,482,916,698,700
5e6c4ffb84dc5,1,15,218,1700,2118,1918,1900
5e6c4ffb84dc5,5,56,200,266,683,466,483
5e6c4ffb84dc5,6,65,217,206,634,423,417
5e6c4ffb84dc5,5,56,211,204,586,415,375
5e6c4ffb84dc5,6,65,171,215,595,386,424
5e6c4ffb84dc5,5,5meta1,209,36940,37300,37149,37091
5e6c4ffb84dc5,meta1,meta10,151,481,841,632,690
5e6c4ffb84dc5,0,08,209,258,693,467,484
5e6c4ffb84dc5,8,81,226,382,762,608,536
5e6c4ffb84dc5,1,19,154,497,843,651,689
5e6c4ffb84dc5,9,91,192,439,793,631,601
5e6c4ffb84dc5,1,15,162,406,768,568,606
5e6c4ffb84dc5,5,56,200,214,617,414,417
5e6c4ffb84dc5,6,65,203,190,581,393,378
5e6c4ffb84dc5,5,56,188,185,535,373,347
5e6c4ffb84dc5,6,65,162,182,520,344,358
5e6c4ffb84dc5,5,5meta1,176,37907,38258,38083,38082
5e6c4ffb84dc5,meta1,meta10,175,407,757,582,582
5e6c4ffb84dc5,0,08,175,251,591,426,416
5e6c4ffb84dc5,8,81,165,451,808,616,643
5e6c4ffb84dc5,1,19,192,492,876,684,684
5e6c4ffb84dc5,9,91,192,389,750,581,558
5e6c4ffb84dc5,1,15,169,358,735,527,566
5e6c4ffb84dc5,5,56,208,188,608,396,400
5e6c4ffb84dc5,6,65,212,148,554,360,342
5e6c4ffb84dc5,5,56,194,178,511,372,317
5e6c4ffb84dc5,6,65,139,181,475,320,336
5e6c4ffb84dc5,5,5meta1,155,36560,36922,36715,36767
5e6c4ffb84dc5,meta1,meta10,207,460,852,667,645
5e6c4ffb84dc5,0,08,185,223,599,408,414
5e6c4ffb84dc5,8,81,191,384,764,575,573
5e6c4ffb84dc5,1,19,189,521,901,710,712
5e6c4ffb84dc5,9,91,191,415,797,606,606
5e6c4ffb84dc5,1,15,191,419,818,610,627
5e6c4ffb84dc5,5,56,208,197,609,405,401
5e6c4ffb84dc5,6,65,204,170,570,374,366
5e6c4ffb84dc5,5,56,196,196,555,392,359
5e6c4ffb84dc5,6,65,163,181,552,344,389
5e6c4ffb84dc5,5,5meta1,208,37225,37555,37433,37347
5e6c4ffb84dc5,meta1,meta10,122,434,758,556,636
5e6c4ffb84dc5,0,08,202,205,569,407,367
5e6c4ffb84dc5,8,81,162,458,763,620,601
5e6c4ffb84dc5,1,19,143,490,800,633,657
5e6c4ffb84dc5,9,91,167,439,763,606,596
5e6c4ffb84dc5,1,15,157,354,678,511,521
5e6c4ffb84dc5,5,56,167,216,581,383,414
5e6c4ffb84dc5,6,65,198,183,576,381,378
5e6c4ffb84dc5,5,56,195,190,553,385,358
5e6c4ffb84dc5,6,65,168,165,550,333,382
5e6c4ffb84dc5,5,5meta1,217,36423,36807,36640,36590
5e6c4ffb84dc5,meta1,meta10,167,400,760,567,593
5e6c4ffb84dc5,0,08,193,212,575,405,382
5e6c4ffb84dc5,8,81,170,367,724,537,554
5e6c4ffb84dc5,1,19,187,522,908,709,721
5e6c4ffb84dc5,9,91,199,338,717,537,518
5e6c4ffb84dc5,1,15,180,324,729,504,549
5e6c4ffb84dc5,5,56,225,198,625,423,400
5e6c4ffb84dc5,6,65,202,170,552,372,350
5e6c4ffb84dc5,5,56,180,173,515,353,335
5e6c4ffb84dc5,6,65,162,155,543,317,381
5e6c4ffb84dc5,5,5meta1,226,35291,35657,35517,35431
5e6c4ffb84dc5,meta1,meta10,140,394,750,534,610
5e6c4ffb84dc5,0,08,216,249,654,465,438
5e6c4ffb84dc5,8,81,189,402,759,591,570
5e6c4ffb84dc5,1,19,168,415,742,583,574
5e6c4ffb84dc5,9,91,159,382,717,541,558
5e6c4ffb84dc5,1,15,176,325,676,501,500
5e6c4ffb84dc5,5,56,175,176,525,351,350
5e6c4ffb84dc5,6,65,174,174,539,348,365
5e6c4ffb84dc5,5,56,191,173,514,364,323
5e6c4ffb84dc5,6,65,150,143,505,293,355
5e6c4ffb84dc5,5,5meta1,212,67907058256,67907058566,67907058468,67907058354
62787f7a3163b,meta1,meta10,98,242,457,340,359
62787f7a3163b,0,09,117,200,408,317,291
62787f7a3163b,9,98,91,174,366,265,275
62787f7a3163b,8,81,101,291,501,392,400
62787f7a3163b,1,14,109,283,493,392,384
62787f7a3163b,4,45,101,198,401,299,300
62787f7a3163b,5,55,102,840,1026,942,924
62787f7a3163b,5,59,84,223,410,307,326
62787f7a3163b,9,99,103,98,295,201,192
62787f7a3163b,9,92,94,291,460,385,366
62787f7a3163b,2,2meta1,75,33591,33763,33666,33688
62787f7a3163b,meta1,meta10,97,269,479,366,382
62787f7a3163b,0,09,113,187,408,300,295
62787f7a3163b,9,98,108,149,350,257,242
62787f7a3163b,8,81,93,190,409,283,316
62787f7a3163b,1,14,126,302,501,428,375
62787f7a3163b,4,45,73,174,323,247,250
62787f7a3163b,5,55,76,290,469,366,393
62787f7a3163b,5,59,103,246,427,349,324
62787f7a3163b,9,99,78,99,261,177,183
62787f7a3163b,9,92,84,150,318,234,234
62787f7a3163b,2,2meta1,84,28940,29131,29024,29047
62787f7a3163b,meta1,meta10,107,217,433,324,326
62787f7a3163b,0,09,109,175,377,284,268
62787f7a3163b,9,98,93,140,342,233,249
62787f7a3163b,8,81,109,174,410,283,301
62787f7a3163b,1,14,127,223,460,350,333
62787f7a3163b,4,45,110,123,334,233,224
62787f7a3163b,5,55,101,233,411,334,310
62787f7a3163b,5,59,77,230,401,307,324
62787f7a3163b,9,99,94,82,277,176,183
62787f7a3163b,9,92,101,775,976,876,875
62787f7a3163b,2,2meta1,100,26466,26684,26566,26584
62787f7a3163b,meta1,meta10,118,149,393,267,275
62787f7a3163b,0,09,126,166,383,292,257
62787f7a3163b,9,98,91,158,342,249,251
62787f7a3163b,8,81,93,183,394,276,301
62787f7a3163b,1,14,118,215,416,333,298
62787f7a3163b,4,45,83,125,292,208,209
62787f7a3163b,5,55,84,266,435,350,351
62787f7a3163b,5,59,85,239,427,324,342
62787f7a3163b,9,99,103,81,277,184,174
62787f7a3163b,9,92,93,190,394,283,301
62787f7a3163b,2,2meta1,111,29006,29224,29117,29113
62787f7a3163b,meta1,meta10,107,250,469,357,362
62787f7a3163b,0,09,112,155,368,267,256
62787f7a3163b,9,98,101,159,334,260,233
62787f7a3163b,8,81,74,199,432,273,358
62787f7a3163b,1,14,159,217,441,376,282
62787f7a3163b,4,45,65,159,308,224,243
62787f7a3163b,5,55,84,283,459,367,375
62787f7a3163b,5,59,92,240,425,332,333
62787f7a3163b,9,99,93,83,269,176,176
62787f7a3163b,9,92,93,124,334,217,241
62787f7a3163b,2,2meta1,117,32906,33140,33023,33023
62787f7a3163b,meta1,meta10,117,149,368,266,251
62787f7a3163b,0,09,102,158,360,260,258
62787f7a3163b,9,98,100,157,360,257,260
62787f7a3163b,8,81,103,173,418,276,315
62787f7a3163b,1,14,142,191,417,333,275
62787f7a3163b,4,45,84,125,283,209,199
62787f7a3163b,5,55,74,266,424,340,350
62787f7a3163b,5,59,84,204,385,288,301
62787f7a3163b,9,99,97,82,272,179,175
62787f7a3163b,9,92,93,107,326,200,233
62787f7a3163b,2,2meta1,126,28333,28575,28459,28449
62787f7a3163b,meta1,meta10,116,257,499,373,383
62787f7a3163b,0,09,126,233,475,359,349
62787f7a3163b,9,98,116,191,394,307,278
62787f7a3163b,8,81,87,414,628,501,541
62787f7a3163b,1,14,127,206,417,333,290
62787f7a3163b,4,45,84,141,301,225,217
62787f7a3163b,5,55,76,223,384,299,308
62787f7a3163b,5,59,85,233,409,318,324
62787f7a3163b,9,99,91,91,275,182,184
62787f7a3163b,9,92,93,133,360,226,267
62787f7a3163b,2,2meta1,134,28757,29024,28891,28890
62787f7a3163b,meta1,meta10,133,191,441,324,308
62787f7a3163b,0,09,117,209,434,326,317
62787f7a3163b,9,98,108,141,351,249,243
62787f7a3163b,8,81,102,430,684,532,582
62787f7a3163b,1,14,152,232,478,384,326
62787f7a3163b,4,45,94,124,328,218,234
62787f7a3163b,5,55,110,230,425,340,315
62787f7a3163b,5,59,85,223,401,308,316
62787f7a3163b,9,99,93,99,286,192,193
62787f7a3163b,9,92,94,123,351,217,257
62787f7a3163b,2,2meta1,134,27574,27833,27708,27699
62787f7a3163b,meta1,meta10,125,158,409,283,284
62787f7a3163b,0,09,126,193,426,319,300
62787f7a3163b,9,98,107,134,356,241,249
62787f7a3163b,8,81,115,149,415,264,300
62787f7a3163b,1,14,151,392,651,543,500
62787f7a3163b,4,45,108,150,359,258,251
62787f7a3163b,5,55,101,298,514,399,413
62787f7a3163b,5,59,115,219,428,334,313
62787f7a3163b,9,99,94,97,293,191,199
62787f7a3163b,9,92,102,116,352,218,250
62787f7a3163b,2,2meta1,134,27481,27714,27615,27580
62787f7a3163b,meta1,meta10,99,209,443,308,344
62787f7a3163b,0,09,135,154,410,289,275
62787f7a3163b,9,98,121,114,337,235,216
62787f7a3163b,8,81,102,141,410,243,308
62787f7a3163b,1,14,167,205,468,372,301
62787f7a3163b,4,45,96,123,312,219,216
62787f7a3163b,5,55,93,239,418,332,325
62787f7a3163b,5,59,86,222,402,308,316
62787f7a3163b,9,99,94,91,287,185,193
62787f7a3163b,9,92,102,106,333,208,231
62787f7a3163b,2,2meta1,125,635434786,635435026,635434911,635434901
628232cd66eaf,meta1,meta10,115,207,424,322,309
628232cd66eaf,0,09,102,174,368,276,266
628232cd66eaf,9,98,92,141,326,233,234
628232cd66eaf,8,81,93,199,435,292,342
628232cd66eaf,1,14,143,274,509,417,366
628232cd66eaf,4,45,92,140,325,232,233
628232cd66eaf,5,55,93,240,417,333,324
628232cd66eaf,5,59,84,242,425,326,341
628232cd66eaf,9,99,99,92,293,191,194
628232cd66eaf,9,92,102,148,360,250,258
628232cd66eaf,2,2meta1,110,28873,29105,28983,28995
628232cd66eaf,meta1,meta10,122,152,382,274,260
628232cd66eaf,0,09,108,151,350,259,242
628232cd66eaf,9,98,91,125,316,216,225
628232cd66eaf,8,81,100,167,400,267,300
628232cd66eaf,1,14,133,216,425,349,292
628232cd66eaf,4,45,76,141,300,217,224
628232cd66eaf,5,55,83,241,408,324,325
628232cd66eaf,5,59,84,223,401,307,317
628232cd66eaf,9,99,94,90,270,184,176
628232cd66eaf,9,92,86,140,327,226,241
628232cd66eaf,2,2meta1,101,28024,28222,28125,28121
628232cd66eaf,meta1,meta10,97,194,399,291,302
628232cd66eaf,0,09,108,168,375,276,267
628232cd66eaf,9,98,99,141,325,240,226
628232cd66eaf,8,81,85,456,650,541,565
628232cd66eaf,1,14,109,208,393,317,284
628232cd66eaf,4,45,76,149,301,225,225
628232cd66eaf,5,59,76,530,709,606,633
628232cd66eaf,9,99,103,85,294,188,191
628232cd66eaf,9,92,106,125,348,231,242
628232cd66eaf,2,2meta1,117,27285,27467,27402,27350
628232cd66eaf,meta1,meta10,65,190,363,255,298
628232cd66eaf,0,09,108,158,351,266,243
628232cd66eaf,9,98,85,141,318,226,233
628232cd66eaf,8,81,92,132,366,224,274
628232cd66eaf,1,14,142,208,425,350,283
628232cd66eaf,4,45,75,184,342,259,267
628232cd66eaf,5,55,83,190,375,273,292
628232cd66eaf,5,59,102,215,402,317,300
628232cd66eaf,9,99,85,91,268,176,183
628232cd66eaf,9,92,92,117,326,209,234
628232cd66eaf,2,2meta1,117,28265,28522,28382,28405
628232cd66eaf,meta1,meta10,140,293,550,433,410
628232cd66eaf,0,09,117,149,375,266,258
628232cd66eaf,9,98,109,133,343,242,234
628232cd66eaf,8,81,101,424,650,525,549
628232cd66eaf,1,14,125,258,484,383,359
628232cd66eaf,4,45,101,124,332,225,231
628232cd66eaf,5,55,107,200,408,307,301
628232cd66eaf,5,59,101,215,417,316,316
628232cd66eaf,9,99,101,92,286,193,185
628232cd66eaf,9,92,93,116,308,209,215
628232cd66eaf,2,2meta1,99,29324,29514,29423,29415
628232cd66eaf,meta1,meta10,91,192,392,283,301
628232cd66eaf,0,09,109,191,409,300,300
628232cd66eaf,9,98,109,150,334,259,225
628232cd66eaf,8,81,75,523,750,598,675
628232cd66eaf,1,14,152,216,460,368,308
628232cd66eaf,4,45,92,158,341,250,249
628232cd66eaf,5,55,91,242,441,333,350
628232cd66eaf,5,59,108,258,434,366,326
628232cd66eaf,9,99,68,119,293,187,225
628232cd66eaf,9,92,106,174,414,280,308
628232cd66eaf,2,2meta1,134,29774,30033,29908,29899
628232cd66eaf,meta1,meta10,125,198,450,323,325
628232cd66eaf,0,09,127,158,402,285,275
628232cd66eaf,9,98,117,242,459,359,342
628232cd66eaf,8,81,100,232,474,332,374
628232cd66eaf,1,14,142,192,443,334,301
628232cd66eaf,4,45,109,190,400,299,291
628232cd66eaf,5,55,101,373,583,474,482
628232cd66eaf,5,59,109,251,468,360,359
628232cd66eaf,9,99,108,107,308,215,200
628232cd66eaf,9,92,93,174,393,267,300
628232cd66eaf,2,2meta1,126,27932,28181,28058,28055
628232cd66eaf,meta1,meta10,123,175,410,298,287
628232cd66eaf,0,09,112,140,368,252,256
628232cd66eaf,9,98,116,126,335,242,219
628232cd66eaf,8,81,93,524,758,617,665
628232cd66eaf,1,14,141,250,475,391,334
628232cd66eaf,4,45,84,165,349,249,265
628232cd66eaf,5,59,100,566,759,666,659
628232cd66eaf,9,99,93,98,293,191,200
628232cd66eaf,9,92,102,183,411,285,309
628232cd66eaf,2,2meta1,126,28122,28364,28248,28238
628232cd66eaf,meta1,meta10,116,183,410,299,294
628232cd66eaf,0,09,111,166,385,277,274
628232cd66eaf,9,98,108,133,342,241,234
628232cd66eaf,8,81,101,433,677,534,576
628232cd66eaf,1,14,143,190,408,333,265
628232cd66eaf,4,45,75,174,342,249,267
628232cd66eaf,5,55,93,240,426,333,333
628232cd66eaf,5,59,93,239,425,332,332
628232cd66eaf,9,99,93,100,294,193,201
628232cd66eaf,9,92,101,166,392,267,291
628232cd66eaf,2,2meta1,125,29242,29464,29367,29339
628232cd66eaf,meta1,meta10,97,184,374,281,277
628232cd66eaf,0,09,93,183,375,276,282
628232cd66eaf,9,98,99,133,326,232,227
628232cd66eaf,8,81,94,507,744,601,650
628232cd66eaf,1,14,143,199,426,342,283
628232cd66eaf,4,45,84,166,341,250,257
628232cd66eaf,5,55,91,240,426,331,335
628232cd66eaf,5,59,95,239,435,334,340
628232cd66eaf,9,99,101,108,310,209,209
628232cd66eaf,9,92,101,198,434,299,333
628232cd66eaf,2,2meta1,135,66541628,66541848,66541763,66541713
628337da2cd41,meta1,meta10,85,440,603,525,518
628337da2cd41,0,08,78,211,361,289,283
628337da2cd41,8,86,72,140,289,212,217
628337da2cd41,6,69,77,207,361,284,284
628337da2cd41,9,99,77,105,260,182,183
628337da2cd41,9,91,78,56,229,134,151
628337da2cd41,1,12,95,140,345,235,250
628337da2cd41,2,26,110,121,310,231,200
628337da2cd41,6,62,79,56,195,135,116
628337da2cd41,2,26,60,39,160,99,100
628337da2cd41,6,66,61,1006,1129,1067,1068
628337da2cd41,6,6meta1,62,36291,36428,36353,36366
628337da2cd41,meta1,meta10,75,340,526,415,451
628337da2cd41,0,08,111,157,345,268,234
628337da2cd41,8,86,77,172,310,249,233
628337da2cd41,6,69,61,190,328,251,267
628337da2cd41,9,99,77,88,244,165,167
628337da2cd41,9,91,79,56,229,135,150
628337da2cd41,1,12,94,156,361,250,267
628337da2cd41,2,26,111,105,295,216,184
628337da2cd41,6,62,79,55,212,134,133
628337da2cd41,2,26,78,19,178,97,100
628337da2cd41,6,66,81,756,915,837,834
628337da2cd41,6,6meta1,78,33254,33425,33332,33347
628337da2cd41,meta1,meta10,93,373,560,466,467
628337da2cd41,0,08,94,157,328,251,234
628337da2cd41,8,86,77,172,293,249,216
628337da2cd41,6,69,44,190,312,234,268
628337da2cd41,9,99,78,71,244,149,166
628337da2cd41,9,91,95,57,246,152,151
628337da2cd41,1,12,94,189,361,283,267
628337da2cd41,2,26,78,138,294,216,216
628337da2cd41,6,62,78,39,178,117,100
628337da2cd41,2,26,61,55,178,116,117
628337da2cd41,6,6shift,62,33054,33175,33116,33113
628337da2cd41,shift,shiftmeta1,59,391,560,450,501
628337da2cd41,meta1,meta10,110,290,494,400,384
628337da2cd41,0,08,94,206,394,300,300
628337da2cd41,8,86,94,199,361,293,267
628337da2cd41,6,69,68,190,335,258,267
628337da2cd41,9,99,77,88,244,165,167
628337da2cd41,9,91,79,90,246,169,167
628337da2cd41,1,12,77,173,327,250,250
628337da2cd41,2,26,77,89,261,166,184
628337da2cd41,6,62,95,38,194,133,99
628337da2cd41,2,26,61,56,195,117,134
628337da2cd41,6,6shift,78,31715,31856,31793,31778
628337da2cd41,shift,shiftmeta1,63,322,498,385,435
628337da2cd41,meta1,meta10,113,291,514,404,401
628337da2cd41,0,08,110,156,360,266,250
628337da2cd41,8,86,94,174,327,268,233
628337da2cd41,6,61,59,341,493,400,434
628337da2cd41,1,19,93,907,1094,1000,1001
628337da2cd41,9,99,94,823,995,917,901
628337da2cd41,9,91,78,206,378,284,300
628337da2cd41,1,12,94,425,628,519,534
628337da2cd41,2,26,109,206,392,315,283
628337da2cd41,6,62,77,139,277,216,200
628337da2cd41,2,26,61,106,228,167,167
628337da2cd41,6,6shift,61,31398,31488,31459,31427
628337da2cd41,shift,shiftmeta1,29,808,897,837,868
628337da2cd41,meta1,meta10,60,273,411,333,351
628337da2cd41,0,08,78,206,379,284,301
628337da2cd41,8,86,95,156,327,251,232
628337da2cd41,6,69,76,274,427,350,351
628337da2cd41,9,99,77,105,261,182,184
628337da2cd41,9,91,79,139,312,218,233
628337da2cd41,1,12,94,423,611,517,517
628337da2cd41,2,26,94,189,378,283,284
628337da2cd41,6,62,95,71,245,166,150
628337da2cd41,2,26,79,89,229,168,150
628337da2cd41,6,6meta1,61,28878,29019,28939,28958
628337da2cd41,meta1,meta10,80,223,397,303,317
628337da2cd41,0,08,94,224,411,318,317
628337da2cd41,8,86,93,156,327,249,234
628337da2cd41,6,69,78,190,345,268,267
628337da2cd41,9,99,77,88,260,165,183
628337da2cd41,9,91,95,72,245,167,150
628337da2cd41,1,12,78,173,329,251,251
628337da2cd41,2,26,78,121,278,199,200
628337da2cd41,6,62,79,56,195,135,116
628337da2cd41,2,26,60,56,160,116,100
628337da2cd41,6,6meta1,44,33053,33173,33097,33129
628337da2cd41,meta1,meta10,76,390,561,466,485
628337da2cd41,0,08,95,189,361,284,266
628337da2cd41,8,86,77,157,311,234,234
628337da2cd41,6,69,77,209,360,286,283
628337da2cd41,9,99,74,72,241,146,167
628337da2cd41,9,91,95,123,278,218,183
628337da2cd41,1,12,60,224,378,284,318
628337da2cd41,2,26,94,155,328,249,234
628337da2cd41,6,62,79,107,228,186,149
628337da2cd41,2,26,42,55,159,97,117
628337da2cd41,6,66,62,656,797,718,735
628337da2cd41,6,6meta1,79,27909,28069,27988,27990
628337da2cd41,meta1,meta10,81,323,482,404,401
628337da2cd41,0,08,78,153,311,231,233
628337da2cd41,8,86,80,321,464,401,384
628337da2cd41,6,68,63,339,463,402,400
628337da2cd41,8,89,61,1058,1195,1119,1134
628337da2cd41,9,99,76,507,677,583,601
628337da2cd41,9,91,94,157,344,251,250
628337da2cd41,1,12,93,474,644,567,551
628337da2cd41,2,26,77,223,360,300,283
628337da2cd41,6,62,60,89,210,149,150
628337da2cd41,2,26,61,73,178,134,117
628337da2cd41,6,6meta1,44,26823,26965,26867,26921
628337da2cd41,meta1,meta10,98,324,533,422,435
628337da2cd41,0,08,111,156,361,267,250
628337da2cd41,8,86,94,157,310,251,216
628337da2cd41,6,69,59,174,310,233,251
628337da2cd41,9,99,77,89,243,166,166
628337da2cd41,9,91,77,124,295,201,218
628337da2cd41,1,12,94,207,394,301,300
628337da2cd41,2,26,93,189,360,282,267
628337da2cd41,6,62,78,140,278,218,200
628337da2cd41,2,26,60,72,210,132,150
628337da2cd41,6,6meta1,78,2059784,2059932,2059862,2059854
628340faa6589,meta1,meta10,70,315,463,385,393
628340faa6589,0,06,78,458,585,536,507
628340faa6589,6,64,49,217,327,266,278
628340faa6589,4,41,61,173,324,234,263
628340faa6589,1,19,90,97,265,187,175
628340faa6589,9,95,78,282,421,360,343
628340faa6589,5,59,61,275,385,336,324
628340faa6589,9,91,49,182,316,231,267
628340faa6589,1,14,85,193,311,278,226
628340faa6589,4,43,33,142,223,175,190
628340faa6589,3,3meta1,48,35657,35777,35705,35729
628340faa6589,meta1,meta10,72,291,407,363,335
628340faa6589,0,06,44,493,599,537,555
628340faa6589,6,64,62,270,402,332,340
628340faa6589,4,41,70,312,486,382,416
628340faa6589,1,19,104,189,350,293,246
628340faa6589,9,95,57,285,391,342,334
628340faa6589,5,59,49,508,607,557,558
628340faa6589,9,91,50,226,364,276,314
628340faa6589,1,14,88,193,339,281,251
628340faa6589,4,43,58,117,250,175,192
628340faa6589,3,3meta1,75,28176,28323,28251,28248
628340faa6589,meta1,meta10,72,176,340,248,268
628340faa6589,0,06,92,300,469,392,377
628340faa6589,6,63,77,392,543,469,466
628340faa6589,3,34,74,1918,2058,1992,1984
628340faa6589,4,41,66,241,409,307,343
628340faa6589,1,19,102,91,309,193,207
628340faa6589,9,95,116,448,616,564,500
628340faa6589,5,59,52,418,552,470,500
628340faa6589,9,91,82,184,353,266,271
628340faa6589,1,14,87,154,289,241,202
628340faa6589,4,43,48,125,260,173,212
628340faa6589,3,3meta1,87,29203,29374,29290,29287
628340faa6589,meta1,meta10,84,251,437,335,353
628340faa6589,0,06,102,287,452,389,350
628340faa6589,6,64,63,260,394,323,331
628340faa6589,4,41,71,224,398,295,327
628340faa6589,1,19,103,193,354,296,251
628340faa6589,9,95,58,291,425,349,367
628340faa6589,5,59,76,348,517,424,441
628340faa6589,9,91,93,192,360,285,267
628340faa6589,1,14,75,175,317,250,242
628340faa6589,4,43,67,125,284,192,217
628340faa6589,3,3meta1,92,29476,29659,29568,29567
628340faa6589,meta1,meta10,91,251,392,342,301
628340faa6589,0,06,50,973,1090,1023,1040
628340faa6589,6,64,67,313,397,380,330
628340faa6589,4,41,17,954,1051,971,1034
628340faa6589,1,19,80,127,308,207,228
628340faa6589,9,95,101,233,409,334,308
628340faa6589,5,59,75,343,517,418,442
628340faa6589,9,91,99,161,354,260,255
628340faa6589,1,14,94,128,299,222,205
628340faa6589,4,43,77,158,293,235,216
628340faa6589,3,3meta1,58,44729,44859,44787,44801
628340faa6589,meta1,meta10,72,265,395,337,323
628340faa6589,0,06,58,251,383,309,325
628340faa6589,6,64,74,186,324,260,250
628340faa6589,4,41,64,184,339,248,275
628340faa6589,1,19,91,126,332,217,241
628340faa6589,9,95,115,208,374,323,259
628340faa6589,5,59,51,190,302,241,251
628340faa6589,9,91,61,105,236,166,175
628340faa6589,1,14,70,691,794,761,724
628340faa6589,4,43,33,125,224,158,191
628340faa6589,3,3meta1,66,40075,40230,40141,40164
628340faa6589,meta1,meta10,89,235,380,324,291
628340faa6589,0,06,56,258,389,314,333
628340faa6589,6,64,75,204,344,279,269
628340faa6589,4,41,65,223,389,288,324
628340faa6589,1,19,101,161,317,262,216
628340faa6589,9,95,55,235,357,290,302
628340faa6589,5,59,67,356,496,423,429
628340faa6589,9,91,73,126,307,199,234
628340faa6589,1,14,108,111,270,219,162
628340faa6589,4,43,51,124,233,175,182
628340faa6589,3,3meta1,58,29002,29132,29060,29074
628340faa6589,meta1,meta10,72,248,367,320,295
628340faa6589,0,06,47,453,563,500,516
628340faa6589,6,64,63,290,387,353,324
628340faa6589,4,41,34,265,392,299,358
628340faa6589,1,19,93,167,335,260,242
628340faa6589,9,95,75,251,376,326,301
628340faa6589,5,59,50,322,415,372,365
628340faa6589,9,91,43,183,306,226,263
628340faa6589,1,14,80,172,307,252,227
628340faa6589,4,43,55,169,247,224,192
628340faa6589,3,3meta1,23,36469,36566,36492,36543
628340faa6589,meta1,meta10,74,255,396,329,322
628340faa6589,0,06,67,382,492,449,425
628340faa6589,6,64,43,332,441,375,398
628340faa6589,4,41,66,318,483,384,417
628340faa6589,1,19,99,201,389,300,290
628340faa6589,9,95,89,270,413,359,324
628340faa6589,5,59,54,218,322,272,268
628340faa6589,9,94,50,835,926,885,876
628340faa6589,4,43,41,159,256,200,215
628340faa6589,3,3meta1,56,32773,32904,32829,32848
628340faa6589,meta1,meta10,75,416,549,491,474
628340faa6589,0,06,58,265,389,323,331
628340faa6589,6,64,66,236,365,302,299
628340faa6589,4,41,63,179,366,242,303
628340faa6589,1,19,124,97,280,221,156
628340faa6589,9,95,59,278,392,337,333
628340faa6589,5,59,55,287,416,342,361
628340faa6589,9,91,74,114,296,188,222
628340faa6589,1,14,108,136,310,244,202
628340faa6589,4,43,66,148,262,214,196
628340faa6589,3,3meta1,48,3225070,3225294,3225118,3225246
62834f0d690a9,meta1,meta10,176,205,476,381,300
62834f0d690a9,0,08,95,273,461,368,366
62834f0d690a9,8,86,93,273,443,366,350
62834f0d690a9,6,68,77,272,410,349,333
62834f0d690a9,8,89,61,141,262,202,201
62834f0d690a9,9,93,60,423,610,483,550
62834f0d690a9,3,38,127,371,577,498,450
62834f0d690a9,8,81,79,323,562,402,483
62834f0d690a9,1,15,160,207,443,367,283
62834f0d690a9,5,55,76,122,260,198,184
62834f0d690a9,5,5meta1,62,27594,27797,27656,27735
62834f0d690a9,meta1,meta10,141,274,525,415,384
62834f0d690a9,0,08,110,173,393,283,283
62834f0d690a9,8,86,110,189,377,299,267
62834f0d690a9,6,68,78,221,394,299,316
62834f0d690a9,8,89,95,107,244,202,149
62834f0d690a9,9,93,42,292,460,334,418
62834f0d690a9,3,38,126,255,476,381,350
62834f0d690a9,8,81,95,256,495,351,400
62834f0d690a9,1,15,144,190,411,334,267
62834f0d690a9,5,55,77,83,226,160,149
62834f0d690a9,5,5meta1,66,39594,39769,39660,39703
62834f0d690a9,meta1,meta10,109,290,510,399,401
62834f0d690a9,0,08,111,606,810,717,699
62834f0d690a9,8,86,93,275,460,368,367
62834f0d690a9,6,68,92,422,558,514,466
62834f0d690a9,8,89,44,141,245,185,201
62834f0d690a9,9,93,60,356,543,416,483
62834f0d690a9,3,38,127,356,561,483,434
62834f0d690a9,8,81,78,439,678,517,600
62834f0d690a9,1,15,161,207,461,368,300
62834f0d690a9,5,55,93,121,259,214,166
62834f0d690a9,5,5meta1,45,38540,38711,38585,38666
62834f0d690a9,meta1,meta10,126,274,492,400,366
62834f0d690a9,0,08,92,274,476,366,384
62834f0d690a9,8,86,110,206,393,316,283
62834f0d690a9,6,68,77,338,527,415,450
62834f0d690a9,8,89,112,108,295,220,183
62834f0d690a9,9,93,75,440,609,515,534
62834f0d690a9,3,38,94,323,510,417,416
62834f0d690a9,8,81,93,340,544,433,451
62834f0d690a9,1,15,111,223,427,334,316
62834f0d690a9,5,55,93,108,277,201,184
62834f0d690a9,5,5meta1,76,32526,32677,32602,32601
62834f0d690a9,meta1,meta10,75,411,559,486,484
62834f0d690a9,0,08,73,224,373,297,300
62834f0d690a9,8,86,76,193,343,269,267
62834f0d690a9,6,68,74,271,441,345,367
62834f0d690a9,8,89,96,125,278,221,182
62834f0d690a9,9,93,57,374,492,431,435
62834f0d690a9,3,38,61,507,627,568,566
62834f0d690a9,8,81,59,524,659,583,600
62834f0d690a9,1,15,76,726,876,802,800
62834f0d690a9,5,55,74,118,222,192,148
62834f0d690a9,5,5meta1,30,39340,39510,39370,39480
62834f0d690a9,meta1,meta10,140,240,524,380,384
62834f0d690a9,0,08,144,256,510,400,366
62834f0d690a9,8,86,110,223,410,333,300
62834f0d690a9,6,68,77,355,544,432,467
62834f0d690a9,8,89,112,89,262,201,150
62834f0d690a9,9,93,61,489,677,550,616
62834f0d690a9,3,38,127,442,677,569,550
62834f0d690a9,8,81,108,175,409,283,301
62834f0d690a9,1,15,126,341,542,467,416
62834f0d690a9,5,55,75,75,225,150,150
62834f0d690a9,5,5meta1,75,50886,51087,50961,51012
62834f0d690a9,meta1,meta10,126,290,543,416,417
62834f0d690a9,0,08,127,259,460,386,333
62834f0d690a9,8,86,74,225,357,299,283
62834f0d690a9,6,68,58,372,508,430,450
62834f0d690a9,8,89,78,123,244,201,166
62834f0d690a9,9,93,43,460,594,503,551
62834f0d690a9,3,38,91,506,675,597,584
62834f0d690a9,8,81,78,208,411,286,333
62834f0d690a9,1,15,125,325,491,450,366
62834f0d690a9,5,55,41,674,792,715,751
62834f0d690a9,5,5meta1,77,44690,44859,44767,44782
62834f0d690a9,meta1,meta10,92,557,775,649,683
62834f0d690a9,0,08,126,206,410,332,284
62834f0d690a9,8,86,78,207,361,285,283
62834f0d690a9,6,68,76,339,509,415,433
62834f0d690a9,8,89,94,106,261,200,167
62834f0d690a9,9,93,61,473,594,534,533
62834f0d690a9,3,38,60,523,644,583,584
62834f0d690a9,8,81,61,640,761,701,700
62834f0d690a9,1,15,60,491,660,551,600
62834f0d690a9,5,55,109,205,393,314,284
62834f0d690a9,5,5meta1,79,39425,39580,39504,39501
62834f0d690a9,meta1,meta10,76,408,594,484,518
62834f0d690a9,0,08,110,140,326,250,216
62834f0d690a9,8,86,76,173,326,249,250
62834f0d690a9,6,68,77,238,394,315,317
62834f0d690a9,8,89,79,106,246,185,167
62834f0d690a9,9,93,61,373,511,434,450
62834f0d690a9,3,38,77,456,593,533,516
62834f0d690a9,8,81,60,639,761,699,701
62834f0d690a9,1,15,62,557,678,619,616
62834f0d690a9,5,55,59,139,209,198,150
62834f0d690a9,5,5meta1,11,39561,39630,39572,39619
62834f0d690a9,meta1,meta10,58,491,692,549,634
62834f0d690a9,0,08,143,190,460,333,317
62834f0d690a9,8,86,127,172,360,299,233
62834f0d690a9,6,68,61,306,444,367,383
62834f0d690a9,8,89,77,107,261,184,184
62834f0d690a9,9,94,77,406,526,483,449
62834f0d690a9,4,43,43,1391,1510,1434,1467
62834f0d690a9,3,38,76,405,560,481,484
62834f0d690a9,8,81,79,474,595,553,516
62834f0d690a9,1,15,42,608,726,650,684
62834f0d690a9,5,55,76,123,259,199,183
62834f0d690a9,5,5meta1,60,21907791,21907885,21907851,21907825
6283a5e92820c,meta1,meta10,34,633,719,667,685
6283a5e92820c,0,09,52,465,542,517,490
6283a5e92820c,9,96,25,628,701,653,676
6283a5e92820c,6,69,48,329,404,377,356
6283a5e92820c,9,94,27,526,604,553,577
6283a5e92820c,4,45,51,183,302,234,251
6283a5e92820c,5,56,68,179,282,247,214
6283a5e92820c,6,69,35,335,396,370,361
6283a5e92820c,9,92,26,540,594,566,568
6283a5e92820c,2,29,28,1104,1156,1132,1128
6283a5e92820c,9,9meta1,24,78463,78553,78487,78529
6283a5e92820c,meta1,meta10,66,401,587,467,521
6283a5e92820c,0,09,120,145,334,265,214
6283a5e92820c,9,96,69,531,685,600,616
6283a5e92820c,6,64,85,682,816,767,731
6283a5e92820c,4,45,49,168,269,217,220
6283a5e92820c,5,56,52,146,266,198,214
6283a5e92820c,6,69,68,267,368,335,300
6283a5e92820c,9,92,33,417,483,450,450
6283a5e92820c,2,29,33,368,452,401,419
6283a5e92820c,9,9meta1,51,42399,42552,42450,42501
6283a5e92820c,meta1,meta10,102,399,568,501,466
6283a5e92820c,0,09,67,316,417,383,350
6283a5e92820c,9,96,34,332,391,366,357
6283a5e92820c,6,69,25,290,351,315,326
6283a5e92820c,9,94,36,399,469,435,433
6283a5e92820c,4,45,34,249,333,283,299
6283a5e92820c,5,56,50,198,334,248,284
6283a5e92820c,6,69,86,331,470,417,384
6283a5e92820c,9,92,53,434,537,487,484
6283a5e92820c,2,2meta1,50,51951,52033,52001,51983
6283a5e92820c,meta1,meta10,32,583,682,615,650
6283a5e92820c,0,09,67,567,667,634,600
6283a5e92820c,9,96,33,417,501,450,468
6283a5e92820c,6,69,51,316,419,367,368
6283a5e92820c,9,94,52,664,783,716,731
6283a5e92820c,4,45,67,249,385,316,318
6283a5e92820c,5,56,69,232,385,301,316
6283a5e92820c,6,69,84,266,437,350,353
6283a5e92820c,9,92,87,546,666,633,579
6283a5e92820c,2,29,33,483,584,516,551
6283a5e92820c,9,9meta1,68,34678,34803,34746,34735
6283a5e92820c,meta1,meta10,57,532,656,589,599
6283a5e92820c,0,09,67,368,468,435,401
6283a5e92820c,9,96,33,333,416,366,383
6283a5e92820c,6,69,50,275,384,325,334
6283a5e92820c,9,94,59,2533,2642,2592,2583
6283a5e92820c,4,45,50,183,320,233,270
6283a5e92820c,5,56,87,163,302,250,215
6283a5e92820c,6,69,52,261,350,313,298
6283a5e92820c,9,92,37,468,553,505,516
6283a5e92820c,2,29,48,519,598,567,550
6283a5e92820c,9,9meta1,31,55186,55264,55217,55233
6283a5e92820c,meta1,meta19,47,569,649,616,602
6283a5e92820c,9,99,33,583,665,616,632
6283a5e92820c,9,96,49,601,701,650,652
6283a5e92820c,6,68,51,364,467,415,416
6283a5e92820c,8,84,52,399,502,451,450
6283a5e92820c,4,45,51,182,317,233,266
6283a5e92820c,5,56,84,185,352,269,268
6283a5e92820c,6,62,83,682,816,765,733
6283a5e92820c,2,28,51,350,433,401,382
6283a5e92820c,8,8meta1,32,34519,34618,34551,34586
6283a5e92820c,meta1,meta10,67,382,517,449,450
6283a5e92820c,0,09,68,218,350,286,282
6283a5e92820c,9,96,64,800,931,864,867
6283a5e92820c,6,69,67,248,368,315,301
6283a5e92820c,9,94,53,432,552,485,499
6283a5e92820c,4,45,67,549,668,616,601
6283a5e92820c,5,56,52,164,269,216,217
6283a5e92820c,6,69,53,265,370,318,317
6283a5e92820c,9,92,52,449,551,501,499
6283a5e92820c,2,29,50,365,469,415,419
6283a5e92820c,9,9meta1,54,57231,57335,57285,57281
6283a5e92820c,meta1,meta10,50,467,568,517,518
6283a5e92820c,0,09,51,499,582,550,531
6283a5e92820c,9,96,32,387,447,419,415
6283a5e92820c,6,69,28,267,349,295,321
6283a5e92820c,9,94,54,498,579,552,525
6283a5e92820c,4,45,27,190,252,217,225
6283a5e92820c,5,56,35,229,319,264,284
6283a5e92820c,6,69,55,323,419,378,364
6283a5e92820c,9,92,41,385,449,426,408
6283a5e92820c,2,29,23,443,493,466,470
6283a5e92820c,9,9meta1,27,33689,33768,33716,33741
6283a5e92820c,meta1,meta10,52,399,502,451,450
6283a5e92820c,0,09,51,332,435,383,384
6283a5e92820c,9,96,52,331,435,383,383
6283a5e92820c,6,69,52,248,369,300,317
6283a5e92820c,9,94,69,398,534,467,465
6283a5e92820c,4,45,67,182,319,249,252
6283a5e92820c,5,56,70,165,303,235,233
6283a5e92820c,6,69,68,314,418,382,350
6283a5e92820c,9,92,36,415,503,451,467
6283a5e92820c,2,29,52,481,567,533,515
6283a5e92820c,9,9meta1,34,35035,35154,35069,35120
6283a5e92820c,meta1,meta10,85,413,532,498,447
6283a5e92820c,0,08,34,350,417,384,383
6283a5e92820c,8,86,33,300,400,333,367
6283a5e92820c,6,69,67,282,385,349,318
6283a5e92820c,9,94,36,548,636,584,600
6283a5e92820c,4,45,52,181,303,233,251
6283a5e92820c,5,56,70,213,388,283,318
6283a5e92820c,6,69,105,279,436,384,331
6283a5e92820c,9,92,52,566,650,618,598
6283a5e92820c,2,29,32,515,583,547,551
6283a5e92820c,9,9meta1,36,16428135,16428248,16428171,16428212
6283e8254c6ae,meta1,meta10,77,274,467,351,390
6283e8254c6ae,0,09,116,170,387,286,271
6283e8254c6ae,9,97,101,248,449,349,348
6283e8254c6ae,7,73,100,642,868,742,768
6283e8254c6ae,3,3bksp,126,1612,1855,1738,1729
6283e8254c6ae,bksp,bksp4,117,627,820,744,703
6283e8254c6ae,4,42,76,151,322,227,246
6283e8254c6ae,2,26,95,421,595,516,500
6283e8254c6ae,6,69,79,483,649,562,570
6283e8254c6ae,9,94,87,476,655,563,568
6283e8254c6ae,4,47,92,215,410,307,318
6283e8254c6ae,7,75,103,1087,1268,1190,1165
6283e8254c6ae,5,5bksp,78,1403,1581,1481,1503
6283e8254c6ae,bksp,bkspbksp,100,813,1010,913,910
6283e8254c6ae,bksp,bksp4,97,992,1170,1089,1073
6283e8254c6ae,4,46,81,573,759,654,678
6283e8254c6ae,6,65,105,101,286,206,181
6283e8254c6ae,5,5meta1,80,60076,60218,60156,60138
6283e8254c6ae,meta1,meta10,62,324,491,386,429
6283e8254c6ae,0,09,105,169,381,274,276
6283e8254c6ae,9,97,107,244,463,351,356
6283e8254c6ae,7,74,112,370,595,482,483
6283e8254c6ae,4,42,113,190,379,303,266
6283e8254c6ae,2,26,76,540,741,616,665
6283e8254c6ae,6,69,125,442,659,567,534
6283e8254c6ae,9,94,92,443,608,535,516
6283e8254c6ae,4,46,73,165,339,238,266
6283e8254c6ae,6,65,101,99,285,200,184
6283e8254c6ae,5,5meta1,85,48535,48667,48620,48582
6283e8254c6ae,meta1,meta10,47,377,514,424,467
6283e8254c6ae,0,09,90,182,375,272,285
6283e8254c6ae,9,97,103,288,491,391,388
6283e8254c6ae,7,73,100,986,1149,1086,1049
6283e8254c6ae,3,3bksp,63,1452,1625,1515,1562
6283e8254c6ae,bksp,bksp4,110,639,834,749,724
6283e8254c6ae,4,42,85,175,313,260,228
6283e8254c6ae,2,26,53,455,591,508,538
6283e8254c6ae,6,69,83,273,447,356,364
6283e8254c6ae,9,94,91,266,475,357,384
6283e8254c6ae,4,46,118,477,706,595,588
6283e8254c6ae,6,65,111,87,253,198,142
6283e8254c6ae,5,5meta1,55,45921,46025,45976,45970
6283e8254c6ae,meta1,meta10,49,417,557,466,508
6283e8254c6ae,0,09,91,156,351,247,260
6283e8254c6ae,9,97,104,247,462,351,358
6283e8254c6ae,7,75,111,547,739,658,628
6283e8254c6ae,5,5bksp,81,2271,2448,2352,2367
6283e8254c6ae,bksp,bksp4,96,695,877,791,781
6283e8254c6ae,4,42,86,169,324,255,238
6283e8254c6ae,2,26,69,514,679,583,610
6283e8254c6ae,6,69,96,339,539,435,443
6283e8254c6ae,9,94,104,341,536,445,432
6283e8254c6ae,4,46,91,215,399,306,308
6283e8254c6ae,6,65,93,122,286,215,193
6283e8254c6ae,5,5meta1,71,41365,41493,41436,41422
6283e8254c6ae,meta1,meta10,57,306,475,363,418
6283e8254c6ae,0,09,112,199,412,311,300
6283e8254c6ae,9,97,101,223,430,324,329
6283e8254c6ae,7,74,106,533,741,639,635
6283e8254c6ae,4,42,102,233,419,335,317
6283e8254c6ae,2,26,84,384,568,468,484
6283e8254c6ae,6,69,100,357,583,457,483
6283e8254c6ae,9,94,126,362,575,488,449
6283e8254c6ae,4,46,87,190,382,277,295
6283e8254c6ae,6,65,105,119,289,224,184
6283e8254c6ae,5,5meta1,65,38313,38402,38378,38337
6283e8254c6ae,meta1,meta10,24,356,508,380,484
6283e8254c6ae,0,09,128,172,392,300,264
6283e8254c6ae,9,97,92,457,632,549,540
6283e8254c6ae,7,74,83,435,616,518,533
6283e8254c6ae,4,42,98,177,350,275,252
6283e8254c6ae,2,26,75,547,715,622,640
6283e8254c6ae,6,69,93,1559,1781,1652,1688
6283e8254c6ae,9,94,129,320,545,449,416
6283e8254c6ae,4,46,96,154,367,250,271
6283e8254c6ae,6,65,117,98,284,215,167
6283e8254c6ae,5,5meta1,69,48044,48139,48113,48070
6283e8254c6ae,meta1,meta10,26,429,512,455,486
6283e8254c6ae,0,09,57,184,320,241,263
6283e8254c6ae,9,97,79,221,378,300,299
6283e8254c6ae,7,74,78,449,600,527,522
6283e8254c6ae,4,42,73,199,349,272,276
6283e8254c6ae,2,26,77,384,543,461,466
6283e8254c6ae,6,69,82,355,536,437,454
6283e8254c6ae,9,94,99,362,548,461,449
6283e8254c6ae,4,46,87,187,371,274,284
6283e8254c6ae,6,65,97,108,280,205,183
6283e8254c6ae,5,5meta1,75,33854,33976,33929,33901
6283e8254c6ae,meta1,meta10,47,434,549,481,502
6283e8254c6ae,0,09,68,330,480,398,412
6283e8254c6ae,9,97,82,228,405,310,323
6283e8254c6ae,7,74,95,331,502,426,407
6283e8254c6ae,4,42,76,232,366,308,290
6283e8254c6ae,2,26,58,368,504,426,446
6283e8254c6ae,6,69,78,398,565,476,487
6283e8254c6ae,9,94,89,377,551,466,462
6283e8254c6ae,4,46,85,167,355,252,270
6283e8254c6ae,6,65,103,224,397,327,294
6283e8254c6ae,5,5meta1,70,37621,37741,37691,37671
6283e8254c6ae,meta1,meta10,50,455,559,505,509
6283e8254c6ae,0,09,54,233,362,287,308
6283e8254c6ae,9,97,75,368,513,443,438
6283e8254c6ae,7,74,70,431,573,501,503
6283e8254c6ae,4,42,72,192,325,264,253
6283e8254c6ae,2,26,61,363,493,424,432
6283e8254c6ae,6,69,69,415,566,484,497
6283e8254c6ae,9,94,82,320,485,402,403
6283e8254c6ae,4,46,83,314,481,397,398
6283e8254c6ae,6,65,84,116,267,200,183
6283e8254c6ae,5,5meta1,67,40878,40993,40945,40926
6283e8254c6ae,meta1,meta10,48,444,565,492,517
6283e8254c6ae,0,09,73,198,357,271,284
6283e8254c6ae,9,97,86,238,410,324,324
6283e8254c6ae,7,74,86,486,661,572,575
6283e8254c6ae,4,42,89,265,435,354,346
6283e8254c6ae,2,26,81,427,617,508,536
6283e8254c6ae,6,69,109,509,704,618,595
6283e8254c6ae,9,94,86,397,568,483,482
6283e8254c6ae,4,46,85,188,388,273,303
6283e8254c6ae,6,65,115,117,302,232,187
6283e8254c6ae,5,5meta1,70,56883909,56884086,56883979,56884016
6284c81ddc106,meta1,meta10,107,390,624,497,517
6284c81ddc106,0,08,127,108,360,235,233
6284c81ddc106,8,84,125,309,492,434,367
6284c81ddc106,4,44,58,223,308,281,250
6284c81ddc106,4,44,27,107,245,134,218
6284c81ddc106,4,48,111,89,311,200,200
6284c81ddc106,8,82,111,124,277,235,166
6284c81ddc106,2,28,42,124,226,166,184
6284c81ddc106,8,88,60,107,227,167,167
6284c81ddc106,8,87,60,124,260,184,200
6284c81ddc106,7,7meta1,76,505342,505459,505418,505383
6284c81ddc106,meta1,meta10,41,408,542,449,501
6284c81ddc106,0,08,93,158,344,251,251
6284c81ddc106,8,84,93,290,442,383,349
6284c81ddc106,4,44,59,238,375,297,316
6284c81ddc106,4,44,78,106,280,184,202
6284c81ddc106,4,48,96,120,313,216,217
6284c81ddc106,8,82,97,170,347,267,250
6284c81ddc106,2,28,80,123,263,203,183
6284c81ddc106,8,88,60,140,226,200,166
6284c81ddc106,8,87,26,292,377,318,351
6284c81ddc106,7,7meta1,59,90454,90604,90513,90545
6284c81ddc106,meta1,meta10,91,291,543,382,452
6284c81ddc106,0,08,161,199,493,360,332
6284c81ddc106,8,84,133,224,433,357,300
6284c81ddc106,4,44,76,206,360,282,284
6284c81ddc106,4,44,78,89,261,167,183
6284c81ddc106,4,48,94,156,344,250,250
6284c81ddc106,8,82,94,191,395,285,301
6284c81ddc106,2,28,110,139,310,249,200
6284c81ddc106,8,88,61,106,262,167,201
6284c81ddc106,8,87,95,135,328,230,233
6284c81ddc106,7,7meta1,98,35896,36096,35994,35998
6284c81ddc106,meta1,meta10,102,275,520,377,418
6284c81ddc106,0,08,143,208,477,351,334
6284c81ddc106,8,84,126,307,526,433,400
6284c81ddc106,4,44,93,623,794,716,701
6284c81ddc106,4,44,78,106,278,184,200
6284c81ddc106,4,48,94,205,427,299,333
6284c81ddc106,8,82,128,158,395,286,267
6284c81ddc106,2,28,109,190,376,299,267
6284c81ddc106,8,88,77,106,294,183,217
6284c81ddc106,8,87,111,140,377,251,266
6284c81ddc106,7,70,126,37758,38010,37884,37884
6284c81ddc106,0,08,126,325,543,451,417
6284c81ddc106,8,84,92,291,459,383,367
6284c81ddc106,4,44,76,254,426,330,350
6284c81ddc106,4,44,96,123,313,219,217
6284c81ddc106,4,48,94,507,745,601,651
6284c81ddc106,8,82,144,191,444,335,300
6284c81ddc106,2,28,109,290,508,399,399
6284c81ddc106,8,88,109,123,277,232,168
6284c81ddc106,8,87,45,450,610,495,565
6284c81ddc106,7,7meta1,115,32840,33045,32955,32930
6284c81ddc106,meta1,meta10,90,441,708,531,618
6284c81ddc106,0,08,177,257,576,434,399
6284c81ddc106,8,84,142,191,426,333,284
6284c81ddc106,4,44,93,239,376,332,283
6284c81ddc106,4,44,44,90,278,134,234
6284c81ddc106,4,48,144,206,510,350,366
6284c81ddc106,8,82,160,174,444,334,284
6284c81ddc106,2,28,110,206,410,316,300
6284c81ddc106,8,88,94,107,312,201,218
6284c81ddc106,8,87,111,140,361,251,250
6284c81ddc106,7,7meta1,110,49014,49249,49124,49139
6284c81ddc106,meta1,meta10,125,492,777,617,652
6284c81ddc106,0,08,160,258,543,418,383
6284c81ddc106,8,84,125,274,492,399,367
6284c81ddc106,4,44,93,457,660,550,567
6284c81ddc106,4,44,110,89,310,199,200
6284c81ddc106,4,48,111,190,445,301,334
6284c81ddc106,8,82,144,224,460,368,316
6284c81ddc106,2,28,92,240,443,332,351
6284c81ddc106,8,88,111,107,329,218,218
6284c81ddc106,8,87,111,140,360,251,249
6284c81ddc106,7,7meta1,109,97570,97788,97679,97679
6284c81ddc106,meta1,meta10,109,274,526,383,417
6284c81ddc106,0,08,143,223,526,366,383
6284c81ddc106,8,84,160,466,724,626,564
6284c81ddc106,4,44,98,559,768,657,670
6284c81ddc106,4,44,111,105,310,216,199
6284c81ddc106,4,48,94,205,462,299,368
6284c81ddc106,8,82,163,191,479,354,316
6284c81ddc106,2,28,125,206,459,331,334
6284c81ddc106,8,88,128,72,311,200,183
6284c81ddc106,8,87,111,141,345,252,234
6284c81ddc106,7,7meta1,93,61846,62046,61939,61953
6284c81ddc106,meta1,meta10,107,405,657,512,550
6284c81ddc106,0,08,145,208,480,353,335
6284c81ddc106,8,84,127,241,445,368,318
6284c81ddc106,4,44,77,239,395,316,318
6284c81ddc106,4,44,79,106,295,185,216
6284c81ddc106,4,48,110,191,445,301,335
6284c81ddc106,8,82,144,693,963,837,819
6284c81ddc106,2,28,126,190,410,316,284
6284c81ddc106,8,88,94,90,278,184,184
6284c81ddc106,8,87,94,141,312,235,218
6284c81ddc106,7,7meta1,77,33824,33993,33901,33916
6284c81ddc106,meta1,meta10,92,208,461,300,369
6284c81ddc106,0,08,161,391,712,552,551
6284c81ddc106,8,84,160,258,511,418,351
6284c81ddc106,4,44,93,273,444,366,351
6284c81ddc106,4,44,78,105,312,183,234
6284c81ddc106,4,48,129,322,629,451,500
6284c81ddc106,8,82,178,393,697,571,519
6284c81ddc106,2,28,126,155,377,281,251
6284c81ddc106,8,88,96,90,295,186,199
6284c81ddc106,8,87,109,143,345,252,236
6284c81ddc106,7,7meta1,93,62677738,62677956,62677831,62677863
6285c0a0686b8,meta1,meta10,125,1039,1274,1164,1149
6285c0a0686b8,0,09,110,273,493,383,383
6285c0a0686b8,9,92,110,372,626,482,516
6285c0a0686b8,2,24,144,2204,2491,2348,2347
6285c0a0686b8,4,44,143,88,343,231,200
6285c0a0686b8,4,46,112,589,795,701,683
6285c0a0686b8,6,66,94,304,493,398,399
6285c0a0686b8,6,61,95,239,495,334,400
6285c0a0686b8,1,16,161,124,377,285,216
6285c0a0686b8,6,66,92,104,241,196,149
6285c0a0686b8,6,6meta1,45,53582,53768,53627,53723
6285c0a0686b8,meta1,meta10,141,623,874,764,733
6285c0a0686b8,0,09,110,256,459,366,349
6285c0a0686b8,9,92,93,522,760,615,667
6285c0a0686b8,2,24,145,521,777,666,632
6285c0a0686b8,4,44,111,87,310,198,199
6285c0a0686b8,4,46,112,156,346,268,234
6285c0a0686b8,6,66,78,804,976,882,898
6285c0a0686b8,6,61,94,291,511,385,417
6285c0a0686b8,1,16,126,89,326,215,200
6285c0a0686b8,6,66,111,87,260,198,149
6285c0a0686b8,6,6meta1,62,53790,53987,53852,53925
6285c0a0686b8,meta1,meta10,135,589,834,724,699
6285c0a0686b8,0,09,110,257,476,367,366
6285c0a0686b8,9,92,109,223,459,332,350
6285c0a0686b8,2,24,127,1076,1326,1203,1199
6285c0a0686b8,4,44,123,121,339,244,216
6285c0a0686b8,4,46,95,339,545,434,450
6285c0a0686b8,6,66,111,421,627,532,516
6285c0a0686b8,6,61,95,405,644,500,549
6285c0a0686b8,1,16,144,372,611,516,467
6285c0a0686b8,6,66,95,138,277,233,182
6285c0a0686b8,6,6meta1,44,51316,51485,51360,51441
6285c0a0686b8,meta1,meta10,125,3453,3705,3578,3580
6285c0a0686b8,0,09,127,240,460,367,333
6285c0a0686b8,9,92,93,982,1209,1075,1116
6285c0a0686b8,2,24,134,589,833,723,699
6285c0a0686b8,4,44,110,88,276,198,166
6285c0a0686b8,4,46,78,223,395,301,317
6285c0a0686b8,6,66,94,487,660,581,566
6285c0a0686b8,6,61,79,189,445,268,366
6285c0a0686b8,1,16,177,239,477,416,300
6285c0a0686b8,6,66,61,88,227,149,166
6285c0a0686b8,6,6meta1,78,39364,39602,39442,39524
6285c0a0686b8,meta1,meta10,160,556,860,716,700
6285c0a0686b8,0,09,144,272,543,416,399
6285c0a0686b8,9,92,127,655,959,782,832
6285c0a0686b8,2,24,177,323,660,500,483
6285c0a0686b8,4,44,160,71,360,231,200
6285c0a0686b8,4,46,129,225,445,354,316
6285c0a0686b8,6,66,91,288,457,379,366
6285c0a0686b8,6,61,78,189,395,267,317
6285c0a0686b8,1,16,128,89,311,217,183
6285c0a0686b8,6,66,94,88,244,182,150
6285c0a0686b8,6,6meta1,62,48171,48375,48233,48313
6285c0a0686b8,meta1,meta10,142,473,758,615,616
6285c0a0686b8,0,09,143,190,459,333,316
6285c0a0686b8,9,92,126,522,842,648,716
6285c0a0686b8,2,24,194,489,794,683,600
6285c0a0686b8,4,44,111,87,327,198,216
6285c0a0686b8,4,46,129,222,462,351,333
6285c0a0686b8,6,66,111,188,377,299,266
6285c0a0686b8,6,61,78,139,378,217,300
6285c0a0686b8,1,16,161,88,328,249,167
6285c0a0686b8,6,66,79,87,228,166,149
6285c0a0686b8,6,6meta1,62,51081,51268,51143,51206
6285c0a0686b8,meta1,meta10,125,506,758,631,633
6285c0a0686b8,0,09,127,190,427,317,300
6285c0a0686b8,9,92,110,372,626,482,516
6285c0a0686b8,2,24,144,373,643,517,499
6285c0a0686b8,4,44,126,71,326,197,200
6285c0a0686b8,4,46,129,306,528,435,399
6285c0a0686b8,6,66,93,688,892,781,799
6285c0a0686b8,6,61,111,589,861,700,750
6285c0a0686b8,1,16,161,221,493,382,332
6285c0a0686b8,6,66,111,88,294,199,183
6285c0a0686b8,6,6meta1,95,45551,45720,45646,45625
6285c0a0686b8,meta1,meta10,74,739,958,813,884
6285c0a0686b8,0,09,145,239,510,384,365
6285c0a0686b8,9,92,126,706,926,832,800
6285c0a0686b8,2,24,94,788,958,882,864
6285c0a0686b8,4,44,76,105,243,181,167
6285c0a0686b8,4,46,62,389,528,451,466
6285c0a0686b8,6,66,77,222,394,299,317
6285c0a0686b8,6,61,95,471,627,566,532
6285c0a0686b8,1,16,61,355,494,416,433
6285c0a0686b8,6,66,78,121,261,199,183
6285c0a0686b8,6,6meta1,62,56568,56739,56630,56677
6285c0a0686b8,meta1,meta10,109,539,791,648,682
6285c0a0686b8,0,09,143,174,443,317,300
6285c0a0686b8,9,92,126,555,758,681,632
6285c0a0686b8,2,24,77,872,1043,949,966
6285c0a0686b8,4,44,94,121,277,215,183
6285c0a0686b8,4,46,62,406,544,468,482
6285c0a0686b8,6,66,76,173,343,249,267
6285c0a0686b8,6,61,94,589,776,683,682
6285c0a0686b8,1,16,93,356,509,449,416
6285c0a0686b8,6,66,60,122,260,182,200
6285c0a0686b8,6,6meta1,78,118294,118500,118372,118422
6285c2f892a99,meta1,meta10,128,706,978,834,850
6285c2f892a99,0,09,144,755,993,899,849
6285c2f892a99,9,92,94,688,959,782,865
6285c2f892a99,2,24,177,339,627,516,450
6285c2f892a99,4,44,111,86,294,197,183
6285c2f892a99,4,46,97,157,330,254,233
6285c2f892a99,6,66,76,404,558,480,482
6285c2f892a99,6,61,78,140,362,218,284
6285c2f892a99,1,16,144,55,294,199,150
6285c2f892a99,6,66,95,71,228,166,133
6285c2f892a99,6,6meta1,62,42220,42391,42282,42329
6285c2f892a99,meta1,meta10,109,1057,1291,1166,1182
6285c2f892a99,0,09,125,356,591,481,466
6285c2f892a99,9,92,110,605,809,715,699
6285c2f892a99,2,24,94,437,610,531,516
6285c2f892a99,4,44,79,105,262,184,183
6285c2f892a99,4,46,78,323,511,401,433
6285c2f892a99,6,66,110,255,476,365,366
6285c2f892a99,6,61,111,455,660,566,549
6285c2f892a99,1,16,94,372,561,466,467
6285c2f892a99,6,66,95,88,261,183,166
6285c2f892a99,6,6meta1,78,44550,44720,44628,44642
6285c2f892a99,meta1,meta10,92,573,792,665,700
6285c2f892a99,0,09,127,206,476,333,349
6285c2f892a99,9,92,143,623,876,766,733
6285c2f892a99,2,24,110,439,643,549,533
6285c2f892a99,4,44,94,105,293,199,199
6285c2f892a99,4,46,94,239,427,333,333
6285c2f892a99,6,66,94,221,427,315,333
6285c2f892a99,6,61,112,323,562,435,450
6285c2f892a99,1,16,127,289,509,416,382
6285c2f892a99,6,66,93,105,260,198,167
6285c2f892a99,6,6meta1,62,40823,40961,40885,40899
6285c2f892a99,meta1,meta10,76,573,793,649,717
6285c2f892a99,0,09,144,157,443,301,299
6285c2f892a99,9,92,142,540,758,682,616
6285c2f892a99,2,24,76,906,1075,982,999
6285c2f892a99,4,44,93,105,276,198,183
6285c2f892a99,4,46,78,290,461,368,383
6285c2f892a99,6,66,93,222,410,315,317
6285c2f892a99,6,61,95,455,643,550,548
6285c2f892a99,1,16,93,305,493,398,400
6285c2f892a99,6,66,95,88,261,183,166
6285c2f892a99,6,6meta1,78,39276,39429,39354,39351
6285c2f892a99,meta1,meta10,75,640,875,715,800
6285c2f892a99,0,09,160,172,493,332,333
6285c2f892a99,9,92,161,639,877,800,716
6285c2f892a99,2,24,77,622,776,699,699
6285c2f892a99,4,44,77,121,260,198,183
6285c2f892a99,4,46,62,305,444,367,382
6285c2f892a99,6,66,77,205,394,282,317
6285c2f892a99,6,61,112,405,594,517,482
6285c2f892a99,1,16,77,322,460,399,383
6285c2f892a99,6,66,61,104,261,165,200
6285c2f892a99,6,6meta1,96,41664,41858,41760,41762
6285c2f892a99,meta1,meta10,98,572,829,670,731
6285c2f892a99,0,09,159,240,509,399,350
6285c2f892a99,9,92,110,606,826,716,716
6285c2f892a99,2,24,110,372,559,482,449
6285c2f892a99,4,44,77,89,260,166,183
6285c2f892a99,4,46,94,339,527,433,433
6285c2f892a99,6,66,94,188,377,282,283
6285c2f892a99,6,61,95,355,527,450,432
6285c2f892a99,1,16,77,289,427,366,350
6285c2f892a99,6,66,61,121,261,182,200
6285c2f892a99,6,6meta1,79,39271,39425,39350,39346
6285c2f892a99,meta1,meta10,75,622,858,697,783
6285c2f892a99,0,09,161,173,494,334,333
6285c2f892a99,9,92,160,522,776,682,616
6285c2f892a99,2,24,94,688,893,782,799
6285c2f892a99,4,44,111,104,277,215,166
6285c2f892a99,4,46,62,306,461,368,399
6285c2f892a99,6,66,93,172,360,265,267
6285c2f892a99,6,61,95,356,544,451,449
6285c2f892a99,1,16,93,305,459,398,366
6285c2f892a99,6,66,61,104,228,165,167
6285c2f892a99,6,6meta1,63,41813,41970,41876,41907
6285c2f892a99,meta1,meta10,94,723,977,817,883
6285c2f892a99,0,09,160,172,459,332,299
6285c2f892a99,9,92,127,572,793,699,666
6285c2f892a99,2,24,94,539,710,633,616
6285c2f892a99,4,44,77,121,259,198,182
6285c2f892a99,4,46,61,373,527,434,466
6285c2f892a99,6,66,93,189,393,282,300
6285c2f892a99,6,61,111,339,544,450,433
6285c2f892a99,1,16,94,271,427,365,333
6285c2f892a99,6,66,62,121,227,183,165
6285c2f892a99,6,6meta1,44,37608,37795,37652,37751
6285c2f892a99,meta1,meta10,143,589,894,732,751
6285c2f892a99,0,09,162,338,611,500,449
6285c2f892a99,9,92,111,688,976,799,865
6285c2f892a99,2,24,177,340,627,517,450
6285c2f892a99,4,44,110,88,309,198,199
6285c2f892a99,4,46,111,257,410,368,299
6285c2f892a99,6,66,42,306,426,348,384
6285c2f892a99,6,61,78,189,411,267,333
6285c2f892a99,1,16,144,36,277,180,133
6285c2f892a99,6,66,97,71,263,168,166
6285c2f892a99,6,6meta1,95,38292,38563,38387,38468
6285c2f892a99,meta1,meta10,176,721,1008,897,832
6285c2f892a99,0,09,111,189,411,300,300
6285c2f892a99,9,92,111,572,860,683,749
6285c2f892a99,2,24,177,422,693,599,516
6285c2f892a99,4,44,94,104,310,198,216
6285c2f892a99,4,46,112,139,345,251,233
6285c2f892a99,6,66,94,272,460,366,366
6285c2f892a99,6,61,94,173,412,267,318
6285c2f892a99,1,16,145,87,343,232,198
6285c2f892a99,6,66,111,88,261,199,150
6285c2f892a99,6,6meta1,62,18199375,18199525,18199437,18199463
62860bac1feef,meta1,meta10,88,541,739,629,651
62860bac1feef,0,09,110,158,377,268,267
62860bac1feef,9,97,109,189,409,298,300
62860bac1feef,7,74,111,324,513,435,402
62860bac1feef,4,42,78,223,392,301,314
62860bac1feef,2,26,91,256,442,347,351
62860bac1feef,6,69,95,258,428,353,333
62860bac1feef,9,99,75,121,275,196,200
62860bac1feef,9,96,79,222,363,301,284
62860bac1feef,6,65,62,207,379,269,317
62860bac1feef,5,5meta1,110,43701,43920,43811,43810
62860bac1feef,meta1,meta10,109,308,542,417,433
62860bac1feef,0,09,125,108,359,233,234
62860bac1feef,9,97,126,222,426,348,300
62860bac1feef,7,74,78,706,844,784,766
62860bac1feef,4,42,60,224,377,284,317
62860bac1feef,2,26,93,306,460,399,367
62860bac1feef,6,69,61,255,411,316,350
62860bac1feef,9,99,95,104,261,199,166
62860bac1feef,9,96,62,477,596,539,534
62860bac1feef,6,65,57,141,273,198,216
62860bac1feef,5,5meta1,75,31635,31819,31710,31744
62860bac1feef,meta1,meta10,109,308,542,417,433
62860bac1feef,0,09,125,126,375,251,250
62860bac1feef,9,97,124,210,441,334,317
62860bac1feef,7,74,107,310,508,417,401
62860bac1feef,4,42,91,225,440,316,349
62860bac1feef,2,26,124,226,441,350,317
62860bac1feef,6,69,91,255,424,346,333
62860bac1feef,9,99,78,105,278,183,200
62860bac1feef,9,96,95,242,362,337,267
62860bac1feef,6,65,25,126,208,151,183
62860bac1feef,5,5meta1,57,35062,35226,35119,35169
62860bac1feef,meta1,meta10,107,307,524,414,417
62860bac1feef,0,09,110,156,360,266,250
62860bac1feef,9,97,94,223,427,317,333
62860bac1feef,7,74,110,291,510,401,400
62860bac1feef,4,42,109,223,442,332,333
62860bac1feef,2,26,110,158,360,268,250
62860bac1feef,6,69,92,256,442,348,350
62860bac1feef,9,99,94,139,328,233,234
62860bac1feef,9,96,95,239,413,334,318
62860bac1feef,6,65,79,137,311,216,232
62860bac1feef,5,5meta1,95,37860,38064,37955,37969
62860bac1feef,meta1,meta10,109,256,459,365,350
62860bac1feef,0,09,94,175,377,269,283
62860bac1feef,9,97,108,223,442,331,334
62860bac1feef,7,74,111,574,777,685,666
62860bac1feef,4,42,92,273,459,365,367
62860bac1feef,2,26,94,225,428,319,334
62860bac1feef,6,69,109,254,441,363,332
62860bac1feef,9,99,78,106,295,184,217
62860bac1feef,9,96,111,225,428,336,317
62860bac1feef,6,65,92,122,308,214,216
62860bac1feef,5,5meta1,94,29278,29463,29372,29369
62860bac1feef,meta1,meta10,91,224,425,315,334
62860bac1feef,0,09,110,223,426,333,316
62860bac1feef,9,97,93,240,426,333,333
62860bac1feef,7,74,93,673,843,766,750
62860bac1feef,4,42,77,207,361,284,284
62860bac1feef,2,26,77,157,327,234,250
62860bac1feef,6,69,93,255,426,348,333
62860bac1feef,9,99,78,122,278,200,200
62860bac1feef,9,96,78,241,395,319,317
62860bac1feef,6,65,76,174,309,250,233
62860bac1feef,5,5meta1,59,31328,31477,31387,31418
62860bac1feef,meta1,meta10,90,244,441,334,351
62860bac1feef,0,09,107,175,407,282,300
62860bac1feef,9,97,125,239,475,364,350
62860bac1feef,7,74,111,258,478,369,367
62860bac1feef,4,42,109,191,408,300,299
62860bac1feef,2,26,108,156,359,264,251
62860bac1feef,6,69,95,271,495,366,400
62860bac1feef,9,99,129,106,345,235,216
62860bac1feef,9,96,110,240,444,350,334
62860bac1feef,6,65,94,140,343,234,249
62860bac1feef,5,5meta1,109,35729,35928,35838,35819
62860bac1feef,meta1,meta10,90,325,524,415,434
62860bac1feef,0,09,109,173,375,282,266
62860bac1feef,9,97,93,207,427,300,334
62860bac1feef,7,74,127,289,477,416,350
62860bac1feef,4,42,61,223,394,284,333
62860bac1feef,2,26,110,156,360,266,250
62860bac1feef,6,69,94,258,461,352,367
62860bac1feef,9,99,109,141,359,250,250
62860bac1feef,9,96,109,256,442,365,333
62860bac1feef,6,65,77,205,394,282,317
62860bac1feef,5,5meta1,112,39232,39402,39344,39290
62860bac1feef,meta1,meta10,58,477,642,535,584
62860bac1feef,0,09,107,175,407,282,300
62860bac1feef,9,97,125,1458,1692,1583,1567
62860bac1feef,7,74,109,1873,2059,1982,1950
62860bac1feef,4,42,77,190,343,267,266
62860bac1feef,2,27,76,273,443,349,367
62860bac1feef,7,79,94,773,961,867,867
62860bac1feef,9,99,94,106,327,200,233
62860bac1feef,9,96,127,226,427,353,300
62860bac1feef,6,6meta1,74,31744,31925,31818,31851
62860bac1feef,meta1,meta10,107,293,507,400,400
62860bac1feef,0,09,107,177,374,284,267
62860bac1feef,9,97,90,223,423,313,333
62860bac1feef,7,74,110,275,493,385,383
62860bac1feef,4,42,108,223,408,331,300
62860bac1feef,2,26,77,190,361,267,284
62860bac1feef,6,69,94,305,477,399,383
62860bac1feef,9,99,78,155,328,233,250
62860bac1feef,9,96,95,308,495,403,400
62860bac1feef,6,65,92,208,409,300,317
62860bac1feef,5,5meta1,109,13711015,13711180,13711124,13711071
6286428fd32f8,meta1,meta10,56,386,517,442,461
6286428fd32f8,0,09,75,176,369,251,294
6286428fd32f8,9,95,118,284,467,402,349
6286428fd32f8,5,55,65,156,291,221,226
6286428fd32f8,5,50,70,249,396,319,326
6286428fd32f8,0,04,77,327,477,404,400
6286428fd32f8,4,42,73,169,316,242,243
6286428fd32f8,2,26,74,277,416,351,342
6286428fd32f8,6,66,65,97,241,162,176
6286428fd32f8,6,69,79,233,371,312,292
6286428fd32f8,9,9bksp,59,2833,2967,2892,2908
6286428fd32f8,bksp,bkspbksp,75,71,233,146,158
6286428fd32f8,bksp,bkspbksp,87,74,238,161,151
6286428fd32f8,bksp,bkspbksp,77,89,244,166,167
6286428fd32f8,bksp,bkspbksp,78,105,261,183,183
6286428fd32f8,bksp,bkspbksp,78,131,279,209,201
6286428fd32f8,bksp,bksp9,70,858,1014,928,944
6286428fd32f8,9,94,86,300,478,386,392
6286428fd32f8,4,42,92,276,462,368,370
6286428fd32f8,2,26,94,416,577,510,483
6286428fd32f8,6,66,67,106,250,173,183
6286428fd32f8,6,69,77,211,344,288,267
6286428fd32f8,9,9meta1,56,33273,33378,33329,33322
6286428fd32f8,meta1,meta10,49,320,465,369,416
6286428fd32f8,0,09,96,209,363,305,267
6286428fd32f8,9,95,58,284,434,342,376
6286428fd32f8,5,55,92,165,351,257,259
6286428fd32f8,5,59,94,625,796,719,702
6286428fd32f8,9,94,77,310,470,387,393
6286428fd32f8,4,42,83,214,383,297,300
6286428fd32f8,2,26,86,344,487,430,401
6286428fd32f8,6,66,57,114,232,171,175
6286428fd32f8,6,69,61,282,395,343,334
6286428fd32f8,9,9meta1,52,30619,30743,30671,30691
6286428fd32f8,meta1,meta10,72,369,536,441,464
6286428fd32f8,0,09,95,205,385,300,290
6286428fd32f8,9,95,85,296,459,381,374
6286428fd32f8,5,55,78,170,336,248,258
6286428fd32f8,5,59,88,293,465,381,377
6286428fd32f8,9,94,84,419,586,503,502
6286428fd32f8,4,42,83,257,409,340,326
6286428fd32f8,2,26,69,493,637,562,568
6286428fd32f8,6,66,75,149,301,224,226
6286428fd32f8,6,69,77,274,410,351,333
6286428fd32f8,9,9meta1,59,28264,28386,28323,28327
6286428fd32f8,meta1,meta10,63,343,498,406,435
6286428fd32f8,0,09,92,217,384,309,292
6286428fd32f8,9,95,75,284,418,359,343
6286428fd32f8,5,55,59,224,359,283,300
6286428fd32f8,5,59,76,501,644,577,568
6286428fd32f8,9,94,67,536,668,603,601
6286428fd32f8,4,42,65,252,392,317,327
6286428fd32f8,2,26,75,660,801,735,726
6286428fd32f8,6,66,66,143,285,209,219
6286428fd32f8,6,69,76,281,400,357,324
6286428fd32f8,9,9meta1,43,28539,28670,28582,28627
6286428fd32f8,meta1,meta10,88,519,691,607,603
6286428fd32f8,0,09,84,200,358,284,274
6286428fd32f8,9,95,74,259,400,333,326
6286428fd32f8,5,55,67,190,316,257,249
6286428fd32f8,5,59,59,268,404,327,345
6286428fd32f8,9,94,77,360,476,437,399
6286428fd32f8,4,42,39,203,317,242,278
6286428fd32f8,2,26,75,317,450,392,375
6286428fd32f8,6,66,58,134,249,192,191
6286428fd32f8,6,69,57,267,383,324,326
6286428fd32f8,9,9meta1,59,35192,35286,35251,35227
6286428fd32f8,meta1,meta10,35,411,539,446,504
6286428fd32f8,0,09,93,182,368,275,275
6286428fd32f8,9,95,93,291,460,384,367
6286428fd32f8,5,55,76,139,285,215,209
6286428fd32f8,5,59,70,316,462,386,392
6286428fd32f8,9,94,76,319,460,395,384
6286428fd32f8,4,42,65,235,374,300,309
6286428fd32f8,2,26,74,575,709,649,635
6286428fd32f8,6,66,60,114,244,174,184
6286428fd32f8,6,69,70,275,395,345,325
6286428fd32f8,9,9meta1,50,37686,37808,37736,37758
6286428fd32f8,meta1,meta10,72,303,485,375,413
6286428fd32f8,0,09,110,157,352,267,242
6286428fd32f8,9,94,85,427,609,512,524
6286428fd32f8,4,4@,97,337,507,434,410
6286428fd32f8,@,@bksp,73,1446,1593,1519,1520
6286428fd32f8,bksp,bkspbksp,74,97,241,171,167
6286428fd32f8,bksp,bkspbksp,70,89,238,159,168
6286428fd32f8,bksp,bkspbksp,79,231,396,310,317
6286428fd32f8,bksp,bksp5,86,444,629,530,543
6286428fd32f8,5,55,99,258,433,357,334
6286428fd32f8,5,59,76,400,543,476,467
6286428fd32f8,9,94,67,351,484,418,417
6286428fd32f8,4,42,66,237,394,303,328
6286428fd32f8,2,26,91,393,550,484,459
6286428fd32f8,6,66,66,96,243,162,177
6286428fd32f8,6,69,81,263,405,344,324
6286428fd32f8,9,9meta1,61,27818,27928,27879,27867
6286428fd32f8,meta1,meta10,49,292,442,341,393
6286428fd32f8,0,09,101,209,385,310,284
6286428fd32f8,9,95,75,359,508,434,433
6286428fd32f8,5,55,74,239,384,313,310
6286428fd32f8,5,59,71,308,429,379,358
6286428fd32f8,9,94,50,311,427,361,377
6286428fd32f8,4,42,66,234,367,300,301
6286428fd32f8,2,26,67,435,559,502,492
6286428fd32f8,6,66,57,125,258,182,201
6286428fd32f8,6,69,76,216,369,292,293
6286428fd32f8,9,9meta1,77,28833,28970,28910,28893
6286428fd32f8,meta1,meta10,60,477,638,537,578
6286428fd32f8,0,09,101,165,352,266,251
6286428fd32f8,9,95,86,425,603,511,517
6286428fd32f8,5,55,92,185,366,277,274
6286428fd32f8,5,59,89,327,474,416,385
6286428fd32f8,9,94,58,427,560,485,502
6286428fd32f8,4,42,75,267,417,342,342
6286428fd32f8,2,26,75,352,493,427,418
6286428fd32f8,6,66,66,114,259,180,193
6286428fd32f8,6,69,79,241,387,320,308
6286428fd32f8,9,9meta1,67,32131,32262,32198,32195
6286428fd32f8,meta1,meta10,64,302,491,366,427
6286428fd32f8,0,09,125,227,433,352,308
6286428fd32f8,9,95,81,294,449,375,368
6286428fd32f8,5,55,74,208,358,282,284
6286428fd32f8,5,59,76,444,610,520,534
6286428fd32f8,9,94,90,428,591,518,501
6286428fd32f8,4,42,73,302,450,375,377
6286428fd32f8,2,26,75,426,566,501,491
6286428fd32f8,6,66,65,108,242,173,177
6286428fd32f8,6,69,69,249,386,318,317
6286428fd32f8,9,9meta1,68,7739893,7740052,7739961,7739984
6286620c76e34,meta1,meta10,91,416,585,507,494
6286620c76e34,0,09,78,164,317,242,239
6286620c76e34,9,94,75,475,608,550,533
6286620c76e34,4,44,58,88,207,146,149
6286620c76e34,4,49,61,96,261,157,200
6286620c76e34,9,98,104,141,304,245,200
6286620c76e34,8,80,59,158,325,217,266
6286620c76e34,0,09,108,106,301,214,193
6286620c76e34,9,99,87,64,203,151,116
6286620c76e34,9,91,52,89,227,141,175
6286620c76e34,1,1meta1,86,41149,41318,41235,41232
6286620c76e34,meta1,meta10,83,351,543,434,460
6286620c76e34,0,09,109,191,408,300,299
6286620c76e34,9,94,108,567,775,675,667
6286620c76e34,4,44,100,73,267,173,167
6286620c76e34,4,49,94,105,301,199,207
6286620c76e34,9,98,102,125,286,227,184
6286620c76e34,8,80,59,148,293,207,234
6286620c76e34,0,09,86,130,311,216,225
6286620c76e34,9,99,95,65,261,160,166
6286620c76e34,9,91,101,108,293,209,192
6286620c76e34,1,1meta1,84,44001,44122,44085,44038
6286620c76e34,meta1,meta10,37,294,422,331,385
6286620c76e34,0,09,91,252,442,343,351
6286620c76e34,9,94,99,340,516,439,417
6286620c76e34,4,44,77,97,252,174,175
6286620c76e34,4,49,78,130,317,208,239
6286620c76e34,9,98,109,143,328,252,219
6286620c76e34,8,80,76,181,367,257,291
6286620c76e34,0,09,110,636,843,746,733
6286620c76e34,9,99,97,82,263,179,166
6286620c76e34,9,91,84,167,343,251,259
6286620c76e34,1,1meta1,92,39290,39449,39382,39357
6286620c76e34,meta1,meta10,67,293,460,360,393
6286620c76e34,0,09,100,233,416,333,316
6286620c76e34,9,94,83,382,558,465,475
6286620c76e34,4,44,93,80,251,173,158
6286620c76e34,4,49,78,89,278,167,200
6286620c76e34,9,98,111,115,310,226,199
6286620c76e34,8,80,84,132,310,216,226
6286620c76e34,0,09,94,130,319,224,225
6286620c76e34,9,99,95,65,261,160,166
6286620c76e34,9,91,101,125,318,226,217
6286620c76e34,1,1meta1,92,36990,37171,37082,37079
6286620c76e34,meta1,meta10,89,342,510,431,421
6286620c76e34,0,09,79,216,387,295,308
6286620c76e34,9,94,92,315,484,407,392
6286620c76e34,4,44,77,71,227,148,150
6286620c76e34,4,49,79,88,278,167,199
6286620c76e34,9,98,111,99,287,210,176
6286620c76e34,8,80,77,155,326,232,249
6286620c76e34,0,09,94,114,294,208,200
6286620c76e34,9,99,86,74,227,160,141
6286620c76e34,9,91,67,99,277,166,210
6286620c76e34,1,1meta1,111,41782,41982,41893,41871
6286620c76e34,meta1,meta10,89,267,441,356,352
6286620c76e34,0,09,85,291,475,376,390
6286620c76e34,9,94,99,484,658,583,559
6286620c76e34,4,44,75,90,251,165,176
6286620c76e34,4,49,86,96,293,182,207
6286620c76e34,9,98,111,124,328,235,217
6286620c76e34,8,80,93,157,319,250,226
6286620c76e34,0,09,69,139,285,208,216
6286620c76e34,9,99,77,73,218,150,141
6286620c76e34,9,91,68,199,360,267,292
6286620c76e34,1,1meta1,93,46643,46773,46736,46680
6286620c76e34,meta1,meta10,37,594,698,631,661
6286620c76e34,0,09,67,224,333,291,266
6286620c76e34,9,94,42,608,674,650,632
6286620c76e34,4,44,24,108,191,132,167
6286620c76e34,4,49,59,357,494,416,435
6286620c76e34,9,98,78,140,293,218,215
6286620c76e34,8,80,75,157,283,232,208
6286620c76e34,0,09,51,140,242,191,191
6286620c76e34,9,99,51,98,183,149,132
6286620c76e34,9,9meta1,34,37869,38001,37903,37967
6286620c76e34,meta1,meta10,98,242,450,340,352
6286620c76e34,0,09,110,216,427,326,317
6286620c76e34,9,94,101,265,443,366,342
6286620c76e34,4,44,77,81,243,158,166
6286620c76e34,4,49,85,139,335,224,250
6286620c76e34,9,98,111,249,477,360,366
6286620c76e34,8,80,117,208,425,325,308
6286620c76e34,0,09,100,123,308,223,208
6286620c76e34,9,99,85,75,227,160,142
6286620c76e34,9,91,67,57,218,124,151
6286620c76e34,1,1meta1,94,36141,36307,36235,36213
6286620c76e34,meta1,meta10,72,437,599,509,527
6286620c76e34,0,09,90,175,349,265,259
6286620c76e34,9,94,84,282,424,366,340
6286620c76e34,4,44,58,98,217,156,159
6286620c76e34,4,49,61,98,253,159,192
6286620c76e34,9,98,94,115,278,209,184
6286620c76e34,8,80,69,147,293,216,224
6286620c76e34,0,09,77,106,261,183,184
6286620c76e34,9,99,78,82,252,160,174
6286620c76e34,9,91,92,58,217,150,125
6286620c76e34,1,1meta1,67,36325,36440,36392,36373
6286620c76e34,meta1,meta10,48,251,383,299,335
6286620c76e34,0,09,84,226,392,310,308
6286620c76e34,9,94,82,858,998,940,916
6286620c76e34,4,44,58,98,216,156,158
6286620c76e34,4,49,60,148,286,208,226
6286620c76e34,9,98,78,124,269,202,191
6286620c76e34,8,80,67,173,334,240,267
6286620c76e34,0,09,94,115,303,209,209
6286620c76e34,9,99,94,74,260,168,166
6286620c76e34,9,91,92,83,259,175,167
6286620c76e34,1,1meta1,84,54472940,54473096,54473024,54473012
628738751e222,meta1,meta10,72,185,358,257,286
628738751e222,0,06,101,499,685,600,584
628738751e222,6,65,85,113,266,198,181
628738751e222,5,52,68,158,309,226,241
628738751e222,2,22,83,79,233,162,150
628738751e222,2,28,71,113,262,184,191
628738751e222,8,89,78,133,285,211,207
628738751e222,9,93,74,243,390,317,316
628738751e222,3,39,73,90,248,163,175
628738751e222,9,91,85,40,203,125,118
628738751e222,1,1meta1,78,40230,40389,40308,40311
628738751e222,meta1,meta10,81,233,406,314,325
628738751e222,0,05,92,515,674,607,582
628738751e222,5,5bksp,67,799,966,866,899
628738751e222,bksp,bksp6,100,342,523,442,423
628738751e222,6,65,81,114,264,195,183
628738751e222,5,52,69,193,346,262,277
628738751e222,2,22,84,78,233,162,149
628738751e222,2,28,71,93,237,164,166
628738751e222,8,89,73,142,288,215,215
628738751e222,9,93,73,160,316,233,243
628738751e222,3,39,83,79,240,162,157
628738751e222,9,91,78,40,205,118,127
628738751e222,1,10,87,46048,46227,46135,46140
628738751e222,0,06,92,982,1158,1074,1066
628738751e222,6,65,84,223,366,307,282
628738751e222,5,52,59,341,475,400,416
628738751e222,2,22,75,105,233,180,158
628738751e222,2,28,53,250,378,303,325
628738751e222,8,89,75,265,407,340,332
628738751e222,9,93,67,275,401,342,334
628738751e222,3,39,59,165,291,224,232
628738751e222,9,91,67,152,312,219,245
628738751e222,1,1meta1,93,33809,33976,33902,33883
628738751e222,meta1,meta10,74,284,459,358,385
628738751e222,0,06,101,724,900,825,799
628738751e222,6,65,75,142,282,217,207
628738751e222,5,52,65,266,416,331,351
628738751e222,2,22,85,72,242,157,157
628738751e222,2,28,85,158,318,243,233
628738751e222,8,89,75,316,466,391,391
628738751e222,9,93,75,232,392,307,317
628738751e222,3,39,85,189,350,274,265
628738751e222,9,91,76,166,333,242,257
628738751e222,1,1shift,91,31278,31432,31369,31341
628738751e222,shift,shiftmeta1,63,591,728,654,665
628738751e222,meta1,meta10,74,376,550,450,476
628738751e222,0,06,100,691,873,791,773
628738751e222,6,65,82,234,383,316,301
628738751e222,5,52,67,283,433,350,366
628738751e222,2,22,83,79,241,162,158
628738751e222,2,28,79,292,445,371,366
628738751e222,8,89,74,191,341,265,267
628738751e222,9,93,76,266,425,342,349
628738751e222,3,39,83,113,266,196,183
628738751e222,9,91,70,106,261,176,191
628738751e222,1,1meta1,85,29342,29500,29427,29415
628738751e222,meta1,meta10,73,251,409,324,336
628738751e222,0,06,85,714,876,799,791
628738751e222,6,65,77,173,315,250,238
628738751e222,5,52,65,267,424,332,359
628738751e222,2,22,92,71,250,163,158
628738751e222,2,28,87,225,387,312,300
628738751e222,8,89,75,217,349,292,274
628738751e222,9,93,57,317,448,374,391
628738751e222,3,39,74,166,315,240,241
628738751e222,9,91,75,126,293,201,218
628738751e222,1,1meta1,92,30308,30464,30400,30372
628738751e222,meta1,meta10,64,242,399,306,335
628738751e222,0,06,93,566,725,659,632
628738751e222,6,65,66,114,240,180,174
628738751e222,5,52,60,200,360,260,300
628738751e222,2,22,100,63,251,163,151
628738751e222,2,28,88,165,327,253,239
628738751e222,8,89,74,151,301,225,227
628738751e222,9,93,76,191,350,267,274
628738751e222,3,39,83,63,223,146,140
628738751e222,9,91,77,115,269,192,192
628738751e222,1,1meta1,77,30741,30889,30818,30812
628738751e222,meta1,meta10,71,194,357,265,286
628738751e222,0,06,92,391,559,483,467
628738751e222,6,65,76,165,307,241,231
628738751e222,5,52,66,242,392,308,326
628738751e222,2,22,84,87,249,171,165
628738751e222,2,28,78,81,245,159,167
628738751e222,8,89,86,158,327,244,241
628738751e222,9,93,83,317,467,400,384
628738751e222,3,39,67,113,257,180,190
628738751e222,9,91,77,73,236,150,159
628738751e222,1,1meta1,86,34978,35137,35064,35051
628738751e222,meta1,meta10,73,241,416,314,343
628738751e222,0,06,102,798,974,900,872
628738751e222,6,65,74,134,257,208,183
628738751e222,5,52,49,159,291,208,242
628738751e222,2,22,83,113,258,196,175
628738751e222,2,28,62,259,403,321,341
628738751e222,8,89,82,217,382,299,300
628738751e222,9,93,83,242,407,325,324
628738751e222,3,39,82,98,264,180,182
628738751e222,9,91,84,148,319,232,235
628738751e222,1,1meta1,87,33253,33439,33340,33352
628738751e222,meta1,meta10,99,217,400,316,301
628738751e222,0,06,84,574,758,658,674
628738751e222,6,65,100,124,290,224,190
628738751e222,5,52,66,200,358,266,292
628738751e222,2,22,92,79,242,171,150
628738751e222,2,28,71,124,279,195,208
628738751e222,8,89,84,191,350,275,266
628738751e222,9,93,75,217,384,292,309
628738751e222,3,39,92,79,248,171,156
628738751e222,9,91,77,90,253,167,176
628738751e222,1,1meta1,86,530902327,530902519,530902413,530902433
628f53a3a04f9,meta1,meta10,106,249,479,355,373
628f53a3a04f9,0,09,124,118,351,242,227
628f53a3a04f9,9,98,109,140,349,249,240
628f53a3a04f9,8,81,100,183,408,283,308
628f53a3a04f9,1,14,125,258,468,383,343
628f53a3a04f9,4,45,85,115,285,200,200
628f53a3a04f9,5,55,85,197,359,282,274
628f53a3a04f9,5,59,77,232,418,309,341
628f53a3a04f9,9,99,109,83,301,192,192
628f53a3a04f9,9,92,109,74,301,183,192
628f53a3a04f9,2,2meta1,118,26610,26833,26728,26715
628f53a3a04f9,meta1,meta10,105,199,414,304,309
628f53a3a04f9,0,09,110,124,336,234,226
628f53a3a04f9,9,98,102,131,326,233,224
628f53a3a04f9,8,81,93,150,393,243,300
628f53a3a04f9,1,14,150,275,507,425,357
628f53a3a04f9,4,45,82,141,300,223,218
628f53a3a04f9,5,55,77,398,534,475,457
628f53a3a04f9,5,59,59,330,477,389,418
628f53a3a04f9,9,99,88,90,279,178,191
628f53a3a04f9,9,92,101,125,318,226,217
628f53a3a04f9,2,2meta1,92,26040,26248,26132,26156
628f53a3a04f9,meta1,meta10,116,199,416,315,300
628f53a3a04f9,0,09,101,117,319,218,218
628f53a3a04f9,9,98,101,132,325,233,224
628f53a3a04f9,8,81,92,143,384,235,292
628f53a3a04f9,1,14,149,241,482,390,333
628f53a3a04f9,4,45,92,133,300,225,208
628f53a3a04f9,5,55,75,207,341,282,266
628f53a3a04f9,5,59,59,249,393,308,334
628f53a3a04f9,9,99,85,66,252,151,167
628f53a3a04f9,9,92,101,91,301,192,200
628f53a3a04f9,2,2meta1,109,26932,27164,27041,27055
628f53a3a04f9,meta1,meta10,123,152,393,275,270
628f53a3a04f9,0,09,118,122,351,240,233
628f53a3a04f9,9,98,111,115,326,226,215
628f53a3a04f9,8,81,100,150,383,250,283
628f53a3a04f9,1,14,133,251,475,384,342
628f53a3a04f9,4,45,91,108,283,199,192
628f53a3a04f9,5,55,84,257,417,341,333
628f53a3a04f9,5,59,76,266,418,342,342
628f53a3a04f9,9,99,76,91,259,167,183
628f53a3a04f9,9,92,92,91,291,183,199
628f53a3a04f9,2,2meta1,108,26465,26674,26573,26566
628f53a3a04f9,meta1,meta10,101,174,385,275,284
628f53a3a04f9,0,09,110,109,335,219,225
628f53a3a04f9,9,98,116,107,323,223,207
628f53a3a04f9,8,81,100,100,359,200,259
628f53a3a04f9,1,14,159,225,468,384,309
628f53a3a04f9,4,45,84,116,291,200,207
628f53a3a04f9,5,55,91,200,367,291,276
628f53a3a04f9,5,59,76,215,384,291,308
628f53a3a04f9,9,99,93,83,268,176,175
628f53a3a04f9,9,92,92,66,283,158,191
628f53a3a04f9,2,2meta1,125,25614,25849,25739,25724
628f53a3a04f9,meta1,meta10,110,158,386,268,276
628f53a3a04f9,0,09,118,108,326,226,208
628f53a3a04f9,9,98,100,741,916,841,816
628f53a3a04f9,8,81,75,467,692,542,617
628f53a3a04f9,1,15,150,1084,1325,1234,1175
628f53a3a04f9,5,55,91,140,324,231,233
628f53a3a04f9,5,55,93,182,361,275,268
628f53a3a04f9,5,59,86,215,392,301,306
628f53a3a04f9,9,99,91,83,268,174,177
628f53a3a04f9,9,92,94,113,318,207,224
628f53a3a04f9,2,2meta1,111,25790,26001,25901,25890
628f53a3a04f9,meta1,meta10,100,174,368,274,268
628f53a3a04f9,0,09,94,132,327,226,233
628f53a3a04f9,9,98,101,124,310,225,209
628f53a3a04f9,8,81,85,148,367,233,282
628f53a3a04f9,1,14,134,258,468,392,334
628f53a3a04f9,4,45,76,123,283,199,207
628f53a3a04f9,5,55,84,225,392,309,308
628f53a3a04f9,5,59,83,216,393,299,310
628f53a3a04f9,9,99,94,82,277,176,183
628f53a3a04f9,9,92,101,99,310,200,209
628f53a3a04f9,2,2meta1,110,34487,34707,34597,34597
628f53a3a04f9,meta1,meta10,110,182,395,292,285
628f53a3a04f9,0,09,103,124,328,227,225
628f53a3a04f9,9,98,101,123,316,224,215
628f53a3a04f9,8,81,92,166,386,258,294
628f53a3a04f9,1,14,128,234,441,362,313
628f53a3a04f9,4,45,79,117,281,196,202
628f53a3a04f9,5,55,85,240,400,325,315
628f53a3a04f9,5,59,75,199,368,274,293
628f53a3a04f9,9,99,94,81,270,175,176
628f53a3a04f9,9,92,95,81,277,176,182
628f53a3a04f9,2,2meta1,101,28315,28533,28416,28432
628f53a3a04f9,meta1,meta10,117,131,359,248,242
628f53a3a04f9,0,09,111,141,354,252,243
628f53a3a04f9,9,98,102,122,308,224,206
628f53a3a04f9,8,81,84,175,376,259,292
628f53a3a04f9,1,14,117,250,441,367,324
628f53a3a04f9,4,45,74,134,264,208,190
628f53a3a04f9,5,55,56,209,341,265,285
628f53a3a04f9,5,59,76,216,377,292,301
628f53a3a04f9,9,99,85,82,261,167,176
628f53a3a04f9,9,92,94,81,276,175,182
628f53a3a04f9,2,2meta1,101,25040,25257,25141,25156
628f53a3a04f9,meta1,meta10,116,133,342,249,226
628f53a3a04f9,0,09,93,125,327,218,234
628f53a3a04f9,9,98,109,116,317,225,208
628f53a3a04f9,8,81,92,166,400,258,308
628f53a3a04f9,1,14,142,199,450,341,308
628f53a3a04f9,4,45,109,108,309,217,200
628f53a3a04f9,5,55,92,207,384,299,292
628f53a3a04f9,5,59,85,214,384,299,299
628f53a3a04f9,9,99,85,83,261,168,176
628f53a3a04f9,9,92,93,107,293,200,200
628f53a3a04f9,2,2meta1,93,56805846,56806013,56805939,56805920
629032823d046,meta1,meta10,74,342,519,416,445
629032823d046,0,08,103,157,369,260,266
629032823d046,8,80,109,157,351,266,242
629032823d046,0,05,85,492,680,577,595
629032823d046,5,59,103,81,293,184,190
629032823d046,9,98,109,156,385,265,276
629032823d046,8,89,120,240,478,360,358
629032823d046,9,95,118,106,343,224,225
629032823d046,5,55,119,107,311,226,192
629032823d046,5,59,85,129,301,214,216
629032823d046,9,9meta1,87,29936,30088,30023,30001
629032823d046,meta1,meta10,65,218,349,283,284
629032823d046,0,08,66,159,318,225,252
629032823d046,8,80,93,157,334,250,241
629032823d046,0,05,84,183,334,267,250
629032823d046,5,59,67,92,260,159,193
629032823d046,9,98,101,115,293,216,192
629032823d046,8,89,77,124,294,201,217
629032823d046,9,95,93,125,309,218,216
629032823d046,5,55,91,75,258,166,167
629032823d046,5,59,92,149,342,241,250
629032823d046,9,9meta1,101,28768,28958,28869,28857
629032823d046,meta1,meta10,89,210,400,299,311
629032823d046,0,08,101,199,394,300,293
629032823d046,8,80,94,156,344,250,250
629032823d046,0,05,94,341,545,435,451
629032823d046,5,59,110,48,276,158,166
629032823d046,9,98,118,115,327,233,209
629032823d046,8,89,94,107,303,201,209
629032823d046,9,95,102,47,242,149,140
629032823d046,5,55,93,109,285,202,192
629032823d046,5,59,83,150,325,233,242
629032823d046,9,9meta1,92,41831,42004,41923,41912
629032823d046,meta1,meta10,81,268,450,349,369
629032823d046,0,08,101,142,318,243,217
629032823d046,8,80,75,174,334,249,259
629032823d046,0,05,85,108,294,193,209
629032823d046,5,59,101,107,318,208,217
629032823d046,9,98,110,98,319,208,209
629032823d046,8,89,111,98,319,209,208
629032823d046,9,95,110,73,269,183,159
629032823d046,5,55,86,73,261,159,175
629032823d046,5,59,102,123,319,225,217
629032823d046,9,9meta1,94,29692,29860,29786,29766
629032823d046,meta1,meta10,74,276,460,350,386
629032823d046,0,08,110,675,879,785,769
629032823d046,8,80,94,147,342,241,248
629032823d046,0,05,101,92,286,193,185
629032823d046,5,59,93,49,243,142,150
629032823d046,9,98,101,148,343,249,242
629032823d046,8,89,94,158,354,252,260
629032823d046,9,95,102,89,293,191,191
629032823d046,5,55,102,73,278,175,176
629032823d046,5,59,103,205,386,308,283
629032823d046,9,90,78,29578,29762,29656,29684
629032823d046,0,08,106,124,332,230,226
629032823d046,8,80,102,165,368,267,266
629032823d046,0,05,101,117,275,218,174
629032823d046,5,59,57,118,259,175,202
629032823d046,9,98,84,132,309,216,225
629032823d046,8,89,93,106,319,199,226
629032823d046,9,95,120,36,253,156,133
629032823d046,5,55,97,140,272,237,175
629032823d046,5,59,35,517,609,552,574
629032823d046,9,9meta1,57,27233,27371,27290,27314
629032823d046,meta1,meta10,81,243,418,324,337
629032823d046,0,08,94,165,349,259,255
629032823d046,8,80,90,159,336,249,246
629032823d046,0,05,87,190,351,277,264
629032823d046,5,59,74,118,267,192,193
629032823d046,9,98,75,132,285,207,210
629032823d046,8,89,78,131,294,209,216
629032823d046,9,95,85,65,226,150,141
629032823d046,5,55,76,125,293,201,217
629032823d046,5,59,92,141,317,233,225
629032823d046,9,9meta1,84,30796,30936,30880,30852
629032823d046,meta1,meta10,56,231,365,287,309
629032823d046,0,08,78,149,306,227,228
629032823d046,8,80,79,146,320,225,241
629032823d046,0,05,95,116,296,211,201
629032823d046,5,59,85,91,286,176,201
629032823d046,9,98,110,123,334,233,224
629032823d046,8,89,101,107,335,208,234
629032823d046,9,95,127,28,253,155,126
629032823d046,5,55,98,115,315,213,217
629032823d046,5,59,102,130,300,232,198
629032823d046,9,9meta1,68,29517,29683,29585,29615
629032823d046,meta1,meta10,98,184,368,282,270
629032823d046,0,08,86,165,352,251,266
629032823d046,8,80,101,157,333,258,232
629032823d046,0,05,75,101,269,176,194
629032823d046,5,59,93,74,268,167,175
629032823d046,9,98,101,114,310,215,209
629032823d046,8,89,95,140,320,235,225
629032823d046,9,95,85,81,252,166,167
629032823d046,5,55,86,123,294,209,208
629032823d046,5,59,85,106,269,191,184
629032823d046,9,9meta1,78,27071,27230,27149,27152
629032823d046,meta1,meta10,81,246,424,327,343
629032823d046,0,08,97,159,332,256,235
629032823d046,8,80,76,147,327,223,251
629032823d046,0,05,104,116,303,220,199
629032823d046,5,59,83,117,292,200,209
629032823d046,9,98,92,115,301,207,209
629032823d046,8,89,94,123,311,217,217
629032823d046,9,95,94,17,211,111,117
629032823d046,5,55,100,115,300,215,200
629032823d046,5,59,85,97,233,182,148
629032823d046,9,9meta1,51,1661568,1661691,1661619,1661640
62903a289da17,meta1,meta10,72,574,790,646,718
62903a289da17,0,08,144,187,460,331,316
62903a289da17,8,84,129,242,463,371,334
62903a289da17,4,44,92,307,425,399,333
62903a289da17,4,44,26,140,226,166,200
62903a289da17,4,48,60,158,328,218,268
62903a289da17,8,82,110,558,761,668,651
62903a289da17,2,28,93,373,560,466,467
62903a289da17,8,88,94,89,261,183,167
62903a289da17,8,87,78,141,295,219,217
62903a289da17,7,7meta1,76,30862,31011,30938,30935
62903a289da17,meta1,meta10,73,389,575,462,502
62903a289da17,0,08,113,174,396,287,283
62903a289da17,8,84,109,221,393,330,284
62903a289da17,4,44,63,256,380,319,317
62903a289da17,4,44,61,106,244,167,183
62903a289da17,4,48,77,157,344,234,267
62903a289da17,8,82,110,191,377,301,267
62903a289da17,2,28,76,223,360,299,284
62903a289da17,8,88,61,107,227,168,166
62903a289da17,8,87,59,158,276,217,217
62903a289da17,7,7meta1,59,41160,41310,41219,41251
62903a289da17,meta1,meta10,91,626,826,717,735
62903a289da17,0,08,109,208,426,317,317
62903a289da17,8,84,109,241,408,350,299
62903a289da17,4,44,58,625,760,683,702
62903a289da17,4,44,77,124,294,201,217
62903a289da17,4,48,93,456,644,549,551
62903a289da17,8,82,95,324,495,419,400
62903a289da17,2,28,76,273,409,349,333
62903a289da17,8,88,60,134,275,194,215
62903a289da17,8,87,81,153,315,234,234
62903a289da17,7,7meta1,81,34125,34296,34206,34215
62903a289da17,meta1,meta10,90,359,592,449,502
62903a289da17,0,08,143,208,460,351,317
62903a289da17,8,84,109,240,443,349,334
62903a289da17,4,44,94,323,494,417,400
62903a289da17,4,44,77,90,261,167,184
62903a289da17,4,48,94,256,477,350,383
62903a289da17,8,82,127,192,394,319,267
62903a289da17,2,28,75,240,375,315,300
62903a289da17,8,88,60,124,278,184,218
62903a289da17,8,87,94,157,310,251,216
62903a289da17,7,7meta1,59,33308,33446,33367,33387
62903a289da17,meta1,meta10,79,411,648,490,569
62903a289da17,0,08,158,208,475,366,317
62903a289da17,8,84,109,275,476,384,367
62903a289da17,4,44,92,323,492,415,400
62903a289da17,4,44,77,107,277,184,200
62903a289da17,4,48,93,191,410,284,317
62903a289da17,8,82,126,225,427,351,301
62903a289da17,2,28,76,223,376,299,300
62903a289da17,8,88,77,107,243,184,166
62903a289da17,8,87,59,191,310,250,251
62903a289da17,7,7meta1,60,37054,37189,37114,37129
62903a289da17,meta1,meta10,75,492,709,567,634
62903a289da17,0,08,142,192,443,334,301
62903a289da17,8,84,109,307,509,416,400
62903a289da17,4,44,93,457,627,550,534
62903a289da17,4,44,77,106,277,183,200
62903a289da17,4,48,94,240,445,334,351
62903a289da17,8,82,111,225,411,336,300
62903a289da17,2,28,75,241,392,316,317
62903a289da17,8,88,76,124,277,200,201
62903a289da17,8,87,77,158,275,235,198
62903a289da17,7,7meta1,40,39410,39541,39450,39501
62903a289da17,meta1,meta10,91,409,625,500,534
62903a289da17,0,08,125,188,408,313,283
62903a289da17,8,84,95,276,382,371,287
62903a289da17,4,44,11,605,675,616,664
62903a289da17,4,44,59,90,227,149,168
62903a289da17,4,48,78,156,328,234,250
62903a289da17,8,82,94,274,444,368,350
62903a289da17,2,28,76,207,360,283,284
62903a289da17,8,88,77,90,244,167,167
62903a289da17,8,87,77,141,294,218,217
62903a289da17,7,7meta1,76,34858,35009,34934,34933
62903a289da17,meta1,meta10,75,391,593,466,518
62903a289da17,0,08,127,225,460,352,333
62903a289da17,8,84,108,258,459,366,351
62903a289da17,4,44,93,256,427,349,334
62903a289da17,4,44,78,123,278,201,200
62903a289da17,4,48,77,173,361,250,284
62903a289da17,8,82,111,191,411,302,300
62903a289da17,2,28,109,207,393,316,284
62903a289da17,8,88,77,105,261,182,184
62903a289da17,8,87,79,141,278,220,199
62903a289da17,7,7meta1,58,28663,28814,28721,28756
62903a289da17,meta1,meta10,93,340,577,433,484
62903a289da17,0,08,144,191,444,335,300
62903a289da17,8,84,109,225,426,334,317
62903a289da17,4,44,92,206,376,298,284
62903a289da17,4,44,78,90,245,168,167
62903a289da17,4,48,77,156,343,233,266
62903a289da17,8,82,110,209,428,319,318
62903a289da17,2,28,109,206,375,315,266
62903a289da17,8,88,60,108,261,168,201
62903a289da17,8,87,93,157,326,250,233
62903a289da17,7,7meta1,76,25431,25599,25507,25523
62903a289da17,meta1,meta10,92,308,511,400,419
62903a289da17,0,08,111,220,443,331,332
62903a289da17,8,84,112,273,463,385,351
62903a289da17,4,44,78,256,412,334,334
62903a289da17,4,44,78,107,262,185,184
62903a289da17,4,48,77,155,361,232,284
62903a289da17,8,82,129,174,412,303,283
62903a289da17,2,28,109,157,343,266,234
62903a289da17,8,88,77,107,278,184,201
62903a289da17,8,87,94,157,360,251,266
62903a289da17,7,7meta1,109,788362,788537,788471,788428
62903e8a125c5,meta1,meta10,66,328,527,394,461
62903e8a125c5,0,09,133,284,524,417,391
62903e8a125c5,9,92,107,215,424,322,317
62903e8a125c5,2,22,102,141,327,243,225
62903e8a125c5,2,24,84,477,660,561,576
62903e8a125c5,4,46,99,267,465,366,366
62903e8a125c5,6,61,99,76,299,175,200
62903e8a125c5,1,15,124,85,299,209,175
62903e8a125c5,5,51,90,51,249,141,159
62903e8a125c5,1,16,108,37,224,145,116
62903e8a125c5,6,6meta1,79,32866,33016,32945,32937
62903e8a125c5,meta1,meta10,71,337,523,408,452
62903e8a125c5,0,09,115,114,332,229,217
62903e8a125c5,9,92,103,93,295,196,192
62903e8a125c5,2,22,99,158,340,257,241
62903e8a125c5,2,24,83,93,267,176,184
62903e8a125c5,4,46,91,134,325,225,234
62903e8a125c5,6,61,100,39,264,139,164
62903e8a125c5,1,15,125,-10,234,115,109
62903e8a125c5,5,51,119,31,263,150,144
62903e8a125c5,1,16,113,799,985,912,872
62903e8a125c5,6,6meta1,73,34095,34238,34168,34165
62903e8a125c5,meta1,meta10,70,362,557,432,487
62903e8a125c5,0,09,125,877,1109,1002,984
62903e8a125c5,9,92,107,184,406,291,299
62903e8a125c5,2,22,115,209,424,324,309
62903e8a125c5,2,24,100,143,325,243,225
62903e8a125c5,4,46,82,185,374,267,292
62903e8a125c5,6,61,107,117,348,224,241
62903e8a125c5,1,15,124,135,358,259,234
62903e8a125c5,5,51,99,76,290,175,191
62903e8a125c5,1,16,115,48,265,163,150
62903e8a125c5,6,6meta1,102,35569,35771,35671,35669
62903e8a125c5,meta1,meta10,100,325,536,425,436
62903e8a125c5,0,09,111,122,329,233,218
62903e8a125c5,9,92,96,134,339,230,243
62903e8a125c5,2,22,109,190,401,299,292
62903e8a125c5,2,24,102,133,317,235,215
62903e8a125c5,4,46,82,168,332,250,250
62903e8a125c5,6,61,82,94,306,176,224
62903e8a125c5,1,15,130,59,281,189,151
62903e8a125c5,5,51,92,40,242,132,150
62903e8a125c5,1,16,110,29,218,139,108
62903e8a125c5,6,6meta1,79,34332,34492,34411,34413
62903e8a125c5,meta1,meta10,81,395,567,476,486
62903e8a125c5,0,09,91,160,341,251,250
62903e8a125c5,9,92,90,410,615,500,525
62903e8a125c5,2,22,115,125,350,240,235
62903e8a125c5,2,24,110,134,351,244,241
62903e8a125c5,4,46,107,334,531,441,424
62903e8a125c5,6,61,90,169,390,259,300
62903e8a125c5,1,15,131,59,298,190,167
62903e8a125c5,5,51,108,40,258,148,150
62903e8a125c5,1,16,110,47,268,157,158
62903e8a125c5,6,6meta1,111,52185,52367,52296,52256
62903e8a125c5,meta1,meta10,71,345,556,416,485
62903e8a125c5,0,09,140,127,366,267,226
62903e8a125c5,9,92,99,118,332,217,233
62903e8a125c5,2,22,115,133,341,248,226
62903e8a125c5,2,24,93,125,326,218,233
62903e8a125c5,4,46,108,201,399,309,291
62903e8a125c5,6,61,90,143,349,233,259
62903e8a125c5,1,15,116,57,283,173,167
62903e8a125c5,5,51,110,50,267,160,157
62903e8a125c5,1,16,107,82,283,189,176
62903e8a125c5,6,6meta1,94,31313,31468,31407,31374
62903e8a125c5,meta1,meta10,61,321,489,382,428
62903e8a125c5,0,09,107,119,325,226,218
62903e8a125c5,9,92,99,192,374,291,275
62903e8a125c5,2,22,83,225,384,308,301
62903e8a125c5,2,24,76,242,426,318,350
62903e8a125c5,4,46,108,201,416,309,308
62903e8a125c5,6,61,107,201,449,308,342
62903e8a125c5,1,15,141,160,382,301,241
62903e8a125c5,5,51,81,185,355,266,274
62903e8a125c5,1,16,89,302,508,391,419
62903e8a125c5,6,6meta1,117,26785,27000,26902,26883
62903e8a125c5,meta1,meta10,98,261,467,359,369
62903e8a125c5,0,09,108,109,308,217,200
62903e8a125c5,9,92,91,101,291,192,200
62903e8a125c5,2,22,99,150,323,249,224
62903e8a125c5,2,24,74,135,283,209,209
62903e8a125c5,4,46,74,201,391,275,317
62903e8a125c5,6,61,116,101,349,217,233
62903e8a125c5,1,15,132,67,307,199,175
62903e8a125c5,5,51,108,17,233,125,125
62903e8a125c5,1,16,108,41,250,149,142
62903e8a125c5,6,6meta1,101,25927,26136,26028,26035
62903e8a125c5,meta1,meta10,108,225,449,333,341
62903e8a125c5,0,09,116,98,300,214,184
62903e8a125c5,9,92,86,76,286,162,200
62903e8a125c5,2,22,124,142,367,266,243
62903e8a125c5,2,24,101,108,291,209,190
62903e8a125c5,4,46,82,160,341,242,259
62903e8a125c5,6,61,99,76,283,175,184
62903e8a125c5,1,15,108,37,240,145,132
62903e8a125c5,5,51,95,22,236,117,141
62903e8a125c5,1,16,119,24,244,143,125
62903e8a125c5,6,6meta1,101,28095,28312,28196,28211
62903e8a125c5,meta1,meta10,116,201,424,317,308
62903e8a125c5,0,09,107,115,323,222,216
62903e8a125c5,9,92,101,127,310,228,209
62903e8a125c5,2,22,82,134,316,216,234
62903e8a125c5,2,24,100,109,317,209,217
62903e8a125c5,4,46,108,293,492,401,384
62903e8a125c5,6,61,91,117,331,208,240
62903e8a125c5,1,15,123,24,241,147,118
62903e8a125c5,5,51,94,20,211,114,117
62903e8a125c5,1,16,97,27,213,124,116
62903e8a125c5,6,6meta1,89,6512041,6512201,6512130,6512112
6290593ba68a4,meta1,meta10,71,478,640,549,569
6290593ba68a4,0,09,91,226,409,317,318
6290593ba68a4,9,91,92,392,608,484,516
6290593ba68a4,1,10,124,559,810,683,686
6290593ba68a4,0,07,127,375,611,502,484
6290593ba68a4,7,79,109,207,442,316,333
6290593ba68a4,9,92,126,393,610,519,484
6290593ba68a4,2,20,91,525,793,616,702
6290593ba68a4,0,04,177,459,727,636,550
6290593ba68a4,4,47,91,283,473,374,382
6290593ba68a4,7,7meta1,99,69760,69965,69859,69866
6290593ba68a4,meta1,meta10,106,558,774,664,668
6290593ba68a4,0,09,110,226,444,336,334
6290593ba68a4,9,91,108,408,657,516,549
6290593ba68a4,1,10,141,642,910,783,769
6290593ba68a4,0,07,127,442,677,569,550
6290593ba68a4,7,79,108,307,543,415,435
6290593ba68a4,9,92,128,559,795,687,667
6290593ba68a4,2,20,108,591,843,699,735
6290593ba68a4,0,04,144,426,695,570,551
6290593ba68a4,4,47,125,340,559,465,434
6290593ba68a4,7,7meta1,94,46733,46900,46827,46806
6290593ba68a4,meta1,meta10,73,460,658,533,585
6290593ba68a4,0,09,125,192,408,317,283
6290593ba68a4,9,91,91,409,626,500,535
6290593ba68a4,1,10,126,523,776,649,650
6290593ba68a4,0,07,127,392,628,519,501
6290593ba68a4,7,79,109,307,526,416,417
6290593ba68a4,9,92,110,493,728,603,618
6290593ba68a4,2,20,125,508,760,633,635
6290593ba68a4,0,04,127,427,661,554,534
6290593ba68a4,4,47,107,324,524,431,417
6290593ba68a4,7,7meta1,93,39394,39577,39487,39484
6290593ba68a4,meta1,meta10,90,459,659,549,569
6290593ba68a4,0,09,110,258,476,368,366
6290593ba68a4,9,91,108,376,593,484,485
6290593ba68a4,1,10,109,590,826,699,717
6290593ba68a4,0,07,127,342,561,469,434
6290593ba68a4,7,79,92,240,425,332,333
6290593ba68a4,9,92,93,442,661,535,568
6290593ba68a4,2,20,126,520,777,646,651
6290593ba68a4,0,04,131,409,632,540,501
6290593ba68a4,4,47,92,307,509,399,417
6290593ba68a4,7,7meta1,110,45044,45232,45154,45122
6290593ba68a4,meta1,meta10,78,477,664,555,586
6290593ba68a4,0,09,109,209,426,318,317
6290593ba68a4,9,91,108,593,809,701,701
6290593ba68a4,1,10,108,775,1009,883,901
6290593ba68a4,0,07,126,293,561,419,435
6290593ba68a4,7,79,142,207,459,349,317
6290593ba68a4,9,92,110,409,644,519,534
6290593ba68a4,2,20,125,475,760,600,635
6290593ba68a4,0,04,160,492,744,652,584
6290593ba68a4,4,47,92,657,893,749,801
6290593ba68a4,7,7meta1,144,42337,42539,42481,42395
6290593ba68a4,meta1,meta10,58,575,726,633,668
6290593ba68a4,0,09,93,243,427,336,334
6290593ba68a4,9,91,91,460,675,551,584
6290593ba68a4,1,10,124,508,776,632,652
6290593ba68a4,0,07,144,342,561,486,417
6290593ba68a4,7,79,75,240,459,315,384
6290593ba68a4,9,92,144,543,795,687,651
6290593ba68a4,2,20,108,468,758,576,650
6290593ba68a4,0,04,182,462,752,644,570
6290593ba68a4,4,47,108,357,559,465,451
6290593ba68a4,7,7meta1,94,41943,42128,42037,42034
6290593ba68a4,meta1,meta10,91,410,626,501,535
6290593ba68a4,0,09,125,209,443,334,318
6290593ba68a4,9,91,109,392,627,501,518
6290593ba68a4,1,10,126,458,760,584,634
6290593ba68a4,0,07,176,308,610,484,434
6290593ba68a4,7,79,126,207,460,333,334
6290593ba68a4,9,92,127,543,762,670,635
6290593ba68a4,2,20,92,541,760,633,668
6290593ba68a4,0,04,127,744,962,871,835
6290593ba68a4,4,47,91,324,508,415,417
6290593ba68a4,7,7meta1,93,43807,44029,43900,43936
6290593ba68a4,meta1,meta10,129,407,647,536,518
6290593ba68a4,0,09,111,222,428,333,317
6290593ba68a4,9,91,95,376,563,471,468
6290593ba68a4,1,10,92,474,692,566,600
6290593ba68a4,0,07,126,811,1028,937,902
6290593ba68a4,7,79,91,340,558,431,467
6290593ba68a4,9,92,127,527,762,654,635
6290593ba68a4,2,20,108,457,709,565,601
6290593ba68a4,0,04,144,627,862,771,718
6290593ba68a4,4,47,91,341,525,432,434
6290593ba68a4,7,7meta1,93,40710,40881,40803,40788
6290593ba68a4,meta1,meta10,78,445,580,523,502
6290593ba68a4,0,09,57,243,392,300,335
6290593ba68a4,9,91,92,342,559,434,467
6290593ba68a4,1,10,125,408,660,533,535
6290593ba68a4,0,07,127,343,560,470,433
6290593ba68a4,7,79,90,342,508,432,418
6290593ba68a4,9,92,76,509,677,585,601
6290593ba68a4,2,20,92,491,727,583,635
6290593ba68a4,0,04,144,928,1146,1072,1002
6290593ba68a4,4,47,74,307,458,381,384
6290593ba68a4,7,7meta1,77,40821,40989,40898,40912
6290593ba68a4,meta1,meta10,91,543,743,634,652
6290593ba68a4,0,09,109,225,426,334,317
6290593ba68a4,9,91,92,393,576,485,484
6290593ba68a4,1,10,91,474,710,565,619
6290593ba68a4,0,07,145,291,545,436,400
6290593ba68a4,7,79,109,190,410,299,301
6290593ba68a4,9,92,111,410,629,521,518
6290593ba68a4,2,20,108,541,810,649,702
6290593ba68a4,0,04,161,394,662,555,501
6290593ba68a4,4,47,107,340,507,447,400
6290593ba68a4,7,7meta1,60,98679120,98679237,98679180,98679177
6291dc307b948,meta1,meta11,57,2708,2858,2765,2801
6291dc307b948,1,14,93,241,393,334,300
6291dc307b948,4,41,59,238,392,297,333
6291dc307b948,1,15,95,424,579,519,484
6291dc307b948,5,55,60,3257,3393,3317,3333
6291dc307b948,5,57,76,175,310,251,234
6291dc307b948,7,70,59,207,342,266,283
6291dc307b948,0,09,76,123,293,199,217
6291dc307b948,9,90,94,141,294,235,200
6291dc307b948,0,00,59,89,209,148,150
6291dc307b948,0,09,61,89,228,150,167
6291dc307b948,9,9meta1,78,35564,35699,35642,35621
6291dc307b948,meta1,meta11,57,475,608,532,551
6291dc307b948,1,14,76,207,342,283,266
6291dc307b948,4,41,59,190,343,249,284
6291dc307b948,1,15,94,107,277,201,183
6291dc307b948,5,55,76,424,576,500,500
6291dc307b948,5,57,76,174,326,250,250
6291dc307b948,7,70,76,208,360,284,284
6291dc307b948,0,09,76,124,276,200,200
6291dc307b948,9,90,76,157,293,233,217
6291dc307b948,0,00,60,88,226,148,166
6291dc307b948,0,09,78,106,261,184,183
6291dc307b948,9,9meta1,77,35446,35580,35523,35503
6291dc307b948,meta1,meta11,57,308,425,365,368
6291dc307b948,1,14,60,441,560,501,500
6291dc307b948,4,41,59,239,392,298,333
6291dc307b948,1,15,94,225,378,319,284
6291dc307b948,5,55,59,222,342,281,283
6291dc307b948,5,57,61,157,311,218,250
6291dc307b948,7,79,93,274,409,367,316
6291dc307b948,9,9bksp,42,925,1026,967,984
6291dc307b948,bksp,bksp0,59,208,342,267,283
6291dc307b948,0,09,75,139,275,214,200
6291dc307b948,9,90,61,139,261,200,200
6291dc307b948,0,00,61,89,228,150,167
6291dc307b948,0,09,78,106,261,184,183
6291dc307b948,9,9meta1,77,30426,30562,30503,30485
6291dc307b948,meta1,meta11,59,324,476,383,417
6291dc307b948,1,14,93,291,476,384,383
6291dc307b948,4,41,92,207,392,299,300
6291dc307b948,1,15,93,225,393,318,300
6291dc307b948,5,55,75,273,409,348,334
6291dc307b948,5,57,61,541,694,602,633
6291dc307b948,7,70,92,258,409,350,317
6291dc307b948,0,09,59,257,409,316,350
6291dc307b948,9,90,93,173,326,266,233
6291dc307b948,0,00,60,107,244,167,184
6291dc307b948,0,09,77,172,293,249,216
6291dc307b948,9,9meta1,44,25310,25427,25354,25383
6291dc307b948,meta1,meta11,73,308,474,381,401
6291dc307b948,1,14,93,274,443,367,350
6291dc307b948,4,41,76,240,393,316,317
6291dc307b948,1,15,77,158,294,235,217
6291dc307b948,5,55,59,239,375,298,316
6291dc307b948,5,57,77,508,661,585,584
6291dc307b948,7,70,76,257,426,333,350
6291dc307b948,0,09,93,191,359,284,266
6291dc307b948,9,90,75,191,325,266,250
6291dc307b948,0,00,59,90,226,149,167
6291dc307b948,0,09,77,156,310,233,233
6291dc307b948,9,9meta1,77,26826,26960,26903,26883
6291dc307b948,meta1,meta11,57,275,408,332,351
6291dc307b948,1,14,76,274,425,350,349
6291dc307b948,4,41,75,190,359,265,284
6291dc307b948,1,15,94,106,277,200,183
6291dc307b948,5,55,77,156,310,233,233
6291dc307b948,5,57,77,174,328,251,251
6291dc307b948,7,70,77,191,360,268,283
6291dc307b948,0,09,92,124,292,216,200
6291dc307b948,9,90,76,190,343,266,267
6291dc307b948,0,00,77,89,243,166,166
6291dc307b948,0,09,77,123,261,200,184
6291dc307b948,9,9meta1,61,27342,27460,27403,27399
6291dc307b948,meta1,meta11,57,309,441,366,384
6291dc307b948,1,14,75,324,459,399,384
6291dc307b948,4,41,60,223,376,283,316
6291dc307b948,1,15,93,125,277,218,184
6291dc307b948,5,55,59,189,309,248,250
6291dc307b948,5,57,61,173,311,234,250
6291dc307b948,7,70,77,207,377,284,300
6291dc307b948,0,09,93,140,293,233,200
6291dc307b948,9,90,60,207,326,267,266
6291dc307b948,0,00,59,106,226,165,167
6291dc307b948,0,09,61,122,227,183,166
6291dc307b948,9,9meta1,44,37391,37509,37435,37465
6291dc307b948,meta1,meta11,74,275,424,349,350
6291dc307b948,1,14,75,358,509,433,434
6291dc307b948,4,41,76,205,359,281,283
6291dc307b948,1,15,78,274,428,352,350
6291dc307b948,5,55,76,140,259,216,183
6291dc307b948,5,57,43,173,293,216,250
6291dc307b948,7,70,77,158,310,235,233
6291dc307b948,0,08,75,124,275,199,200
6291dc307b948,8,80,76,157,310,233,234
6291dc307b948,0,00,77,89,243,166,166
6291dc307b948,0,0bksp,77,1007,1177,1084,1100
6291dc307b948,bksp,bkspbksp,93,889,1060,982,967
6291dc307b948,bksp,bkspbksp,78,156,328,234,250
6291dc307b948,bksp,bksp9,94,524,694,618,600
6291dc307b948,9,90,76,173,292,249,216
6291dc307b948,0,00,43,106,210,149,167
6291dc307b948,0,09,61,156,277,217,216
6291dc307b948,9,9meta1,60,101548,101666,101608,101606
6291ddf212a3f,meta1,meta10,58,523,642,581,584
6291ddf212a3f,0,08,61,240,394,301,333
6291ddf212a3f,8,85,93,357,527,450,434
6291ddf212a3f,5,54,77,1273,1410,1350,1333
6291ddf212a3f,4,48,60,521,626,581,566
6291ddf212a3f,8,89,45,407,512,452,467
6291ddf212a3f,9,91,60,1240,1343,1300,1283
6291ddf212a3f,1,11,43,105,210,148,167
6291ddf212a3f,1,15,62,422,528,484,466
6291ddf212a3f,5,52,44,392,494,436,450
6291ddf212a3f,2,2meta1,58,42768,42884,42826,42826
6291ddf212a3f,meta1,meta10,58,524,659,582,601
6291ddf212a3f,0,08,77,1139,1277,1216,1200
6291ddf212a3f,8,85,61,357,477,418,416
6291ddf212a3f,5,54,59,1989,2109,2048,2050
6291ddf212a3f,4,48,61,455,610,516,549
6291ddf212a3f,8,89,94,324,478,418,384
6291ddf212a3f,9,91,60,490,610,550,550
6291ddf212a3f,1,11,60,121,226,181,166
6291ddf212a3f,1,15,45,473,562,518,517
6291ddf212a3f,5,52,44,257,361,301,317
6291ddf212a3f,2,2meta1,60,40868,40986,40928,40926
6291ddf212a3f,meta1,meta10,58,440,592,498,534
6291ddf212a3f,0,08,94,290,444,384,350
6291ddf212a3f,8,85,60,856,976,916,916
6291ddf212a3f,5,54,60,1641,1760,1701,1700
6291ddf212a3f,4,48,59,1439,1576,1498,1517
6291ddf212a3f,8,89,78,91,244,169,166
6291ddf212a3f,9,91,75,474,642,549,567
6291ddf212a3f,1,11,93,122,259,215,166
6291ddf212a3f,1,15,44,374,478,418,434
6291ddf212a3f,5,52,60,241,343,301,283
6291ddf212a3f,2,2meta1,42,48553,48651,48595,48609
6291ddf212a3f,meta1,meta10,56,474,624,530,568
6291ddf212a3f,0,08,94,307,477,401,383
6291ddf212a3f,8,85,76,623,759,699,683
6291ddf212a3f,5,54,60,791,910,851,850
6291ddf212a3f,4,48,59,589,709,648,650
6291ddf212a3f,8,89,61,340,461,401,400
6291ddf212a3f,9,91,60,440,543,500,483
6291ddf212a3f,1,11,43,106,210,149,167
6291ddf212a3f,1,15,61,389,493,450,432
6291ddf212a3f,5,52,43,258,343,301,300
6291ddf212a3f,2,2meta1,42,47633,47733,47675,47691
6291ddf212a3f,meta1,meta10,58,424,575,482,517
6291ddf212a3f,0,08,93,273,443,366,350
6291ddf212a3f,8,85,77,339,477,416,400
6291ddf212a3f,5,54,61,807,928,868,867
6291ddf212a3f,4,48,60,455,559,515,499
6291ddf212a3f,8,89,44,173,294,217,250
6291ddf212a3f,9,91,77,990,1110,1067,1033
6291ddf212a3f,1,11,43,106,210,149,167
6291ddf212a3f,1,15,61,373,494,434,433
6291ddf212a3f,5,52,60,208,327,268,267
6291ddf212a3f,2,2meta1,59,46964,47080,47023,47021
6291ddf212a3f,meta1,meta10,57,407,574,464,517
6291ddf212a3f,0,08,110,240,427,350,317
6291ddf212a3f,8,85,77,406,526,483,449
6291ddf212a3f,5,54,43,891,1027,934,984
6291ddf212a3f,4,48,93,438,609,531,516
6291ddf212a3f,8,89,78,257,428,335,350
6291ddf212a3f,9,91,93,373,527,466,434
6291ddf212a3f,1,11,61,105,210,166,149
6291ddf212a3f,1,15,44,507,594,551,550
6291ddf212a3f,5,52,43,241,343,284,300
6291ddf212a3f,2,20,59,37802,37954,37861,37895
6291ddf212a3f,0,08,93,256,442,349,349
6291ddf212a3f,8,85,93,574,743,667,650
6291ddf212a3f,5,54,76,1140,1292,1216,1216
6291ddf212a3f,4,48,76,388,560,464,484
6291ddf212a3f,8,89,96,155,329,251,233
6291ddf212a3f,9,91,78,506,644,584,566
6291ddf212a3f,1,11,60,71,211,131,151
6291ddf212a3f,1,15,80,271,413,351,333
6291ddf212a3f,5,52,62,273,378,335,316
6291ddf212a3f,2,2meta1,43,41602,41703,41645,41660
6291ddf212a3f,meta1,meta10,58,490,608,548,550
6291ddf212a3f,0,08,60,190,327,250,267
6291ddf212a3f,8,85,77,557,710,634,633
6291ddf212a3f,5,54,76,1457,1592,1533,1516
6291ddf212a3f,4,48,59,322,476,381,417
6291ddf212a3f,8,89,95,107,244,202,149
6291ddf212a3f,9,91,42,1057,1142,1099,1100
6291ddf212a3f,1,11,43,107,210,150,167
6291ddf212a3f,1,15,60,740,877,800,817
6291ddf212a3f,5,52,77,174,293,251,216
6291ddf212a3f,2,2meta1,42,35949,36033,35991,35991
6291ddf212a3f,meta1,meta19,42,441,543,483,501
6291ddf212a3f,9,9bksp,60,2073,2209,2133,2149
6291ddf212a3f,bksp,bksp0,76,240,393,316,317
6291ddf212a3f,0,08,77,1122,1277,1199,1200
6291ddf212a3f,8,85,78,1406,1577,1484,1499
6291ddf212a3f,5,54,93,174,343,267,250
6291ddf212a3f,4,48,76,388,526,464,450
6291ddf212a3f,8,89,62,105,245,167,183
6291ddf212a3f,9,91,78,407,545,485,467
6291ddf212a3f,1,11,60,71,210,131,150
6291ddf212a3f,1,15,79,338,495,417,416
6291ddf212a3f,5,52,78,223,344,301,266
6291ddf212a3f,2,2meta1,43,49379,49479,49422,49436
6291ddf212a3f,meta1,meta10,57,790,924,847,867
6291ddf212a3f,0,08,77,223,377,300,300
6291ddf212a3f,8,85,77,322,460,399,383
6291ddf212a3f,5,54,61,990,1128,1051,1067
6291ddf212a3f,4,46,77,222,377,299,300
6291ddf212a3f,6,69,78,989,1110,1067,1032
6291ddf212a3f,9,9@,43,1141,1209,1184,1166
6291ddf212a3f,@,@bksp,25,591,693,616,668
6291ddf212a3f,bksp,bkspbksp,77,139,310,216,233
6291ddf212a3f,bksp,bkspbksp,94,121,310,215,216
6291ddf212a3f,bksp,bkspbksp,95,421,595,516,500
6291ddf212a3f,bksp,bksp4,79,922,1079,1001,1000
6291ddf212a3f,4,48,78,805,961,883,883
6291ddf212a3f,8,89,78,256,411,334,333
6291ddf212a3f,9,91,77,457,545,534,468
6291ddf212a3f,1,11,11,87,160,98,149
6291ddf212a3f,1,15,62,338,445,400,383
6291ddf212a3f,5,52,45,275,361,320,316
6291ddf212a3f,2,2bksp,41,1989,2108,2030,2067
6291ddf212a3f,bksp,bkspbksp,78,139,294,217,216
6291ddf212a3f,bksp,bksp1,77,955,1094,1032,1017
6291ddf212a3f,1,15,62,488,628,550,566
6291ddf212a3f,5,52,78,205,328,283,250
6291ddf212a3f,2,2meta1,45,97038,97139,97083,97094
6291e02a8f936,meta1,meta10,56,456,621,512,565
6291e02a8f936,0,08,109,241,442,350,333
6291e02a8f936,8,86,92,641,825,733,733
6291e02a8f936,6,67,92,175,342,267,250
6291e02a8f936,7,77,75,73,259,148,184
6291e02a8f936,7,72,111,258,444,369,333
6291e02a8f936,2,29,75,291,475,366,400
6291e02a8f936,9,94,109,356,558,465,449
6291e02a8f936,4,44,93,91,277,184,184
6291e02a8f936,4,47,93,189,359,282,266
6291e02a8f936,7,7meta1,77,35577,35744,35654,35667
6291e02a8f936,meta1,meta10,90,473,674,563,584
6291e02a8f936,0,08,111,290,494,401,383
6291e02a8f936,8,86,93,340,526,433,433
6291e02a8f936,6,67,93,156,326,249,233
6291e02a8f936,7,77,77,106,277,183,200
6291e02a8f936,7,72,94,290,477,384,383
6291e02a8f936,2,29,93,290,493,383,400
6291e02a8f936,9,94,110,490,660,600,550
6291e02a8f936,4,44,60,106,260,166,200
6291e02a8f936,4,47,94,955,1126,1049,1032
6291e02a8f936,7,7meta1,77,40941,41107,41018,41030
6291e02a8f936,meta1,meta10,89,473,656,562,567
6291e02a8f936,0,08,94,241,444,335,350
6291e02a8f936,8,86,109,324,526,433,417
6291e02a8f936,6,67,93,157,326,250,233
6291e02a8f936,7,77,76,89,259,165,183
6291e02a8f936,7,72,94,291,461,385,367
6291e02a8f936,2,29,76,273,442,349,366
6291e02a8f936,9,94,93,441,593,534,500
6291e02a8f936,4,44,59,90,259,149,200
6291e02a8f936,4,47,110,172,343,282,233
6291e02a8f936,7,7meta1,61,32877,33029,32938,32968
6291e02a8f936,meta1,meta10,91,375,558,466,467
6291e02a8f936,0,08,92,309,509,401,417
6291e02a8f936,8,86,108,291,491,399,383
6291e02a8f936,6,67,92,140,325,232,233
6291e02a8f936,7,77,93,89,276,182,183
6291e02a8f936,7,72,94,640,827,734,733
6291e02a8f936,2,29,93,674,860,767,767
6291e02a8f936,9,94,93,456,626,549,533
6291e02a8f936,4,44,77,73,244,150,167
6291e02a8f936,4,47,94,205,376,299,282
6291e02a8f936,7,7meta1,77,39024,39175,39101,39098
6291e02a8f936,meta1,meta10,74,408,575,482,501
6291e02a8f936,0,08,93,424,609,517,516
6291e02a8f936,8,86,92,474,676,566,584
6291e02a8f936,6,67,110,156,342,266,232
6291e02a8f936,7,77,76,106,276,182,200
6291e02a8f936,7,72,94,324,511,418,417
6291e02a8f936,2,29,93,291,493,384,400
6291e02a8f936,9,94,109,472,658,581,549
6291e02a8f936,4,44,77,108,277,185,200
6291e02a8f936,4,47,92,189,359,281,267
6291e02a8f936,7,7meta1,78,30060,30179,30138,30101
6291e02a8f936,meta1,meta10,41,425,542,466,501
6291e02a8f936,0,08,76,240,392,316,316
6291e02a8f936,8,86,76,373,509,449,433
6291e02a8f936,6,67,60,107,260,167,200
6291e02a8f936,7,77,93,88,259,181,166
6291e02a8f936,7,72,78,225,379,303,301
6291e02a8f936,2,29,76,274,442,350,366
6291e02a8f936,9,94,92,357,508,449,416
6291e02a8f936,4,44,59,90,243,149,184
6291e02a8f936,4,47,94,172,344,266,250
6291e02a8f936,7,7meta1,78,32394,32546,32472,32468
6291e02a8f936,meta1,meta10,74,640,808,714,734
6291e02a8f936,0,08,94,241,410,335,316
6291e02a8f936,8,86,75,407,558,482,483
6291e02a8f936,6,67,76,140,293,216,217
6291e02a8f936,7,77,77,89,260,166,183
6291e02a8f936,7,72,94,241,427,335,333
6291e02a8f936,2,29,92,291,475,383,383
6291e02a8f936,9,94,92,358,509,450,417
6291e02a8f936,4,44,59,106,259,165,200
6291e02a8f936,4,47,94,169,344,263,250
6291e02a8f936,7,7meta1,81,31178,31333,31259,31252
6291e02a8f936,meta1,meta10,74,374,525,448,451
6291e02a8f936,0,08,77,240,393,317,316
6291e02a8f936,8,86,76,291,443,367,367
6291e02a8f936,6,67,76,140,293,216,217
6291e02a8f936,7,77,77,105,276,182,199
6291e02a8f936,7,72,94,258,428,352,334
6291e02a8f936,2,29,76,341,492,417,416
6291e02a8f936,9,94,75,407,542,482,467
6291e02a8f936,4,44,60,123,260,183,200
6291e02a8f936,4,47,77,188,327,265,250
6291e02a8f936,7,7meta1,62,28915,29067,28977,29005
6291e02a8f936,meta1,meta10,90,391,574,481,484
6291e02a8f936,0,08,93,241,427,334,334
6291e02a8f936,8,86,93,289,475,382,382
6291e02a8f936,6,67,93,141,327,234,234
6291e02a8f936,7,77,93,89,259,182,166
6291e02a8f936,7,72,77,257,427,334,350
6291e02a8f936,2,29,93,257,460,350,367
6291e02a8f936,9,94,110,390,560,500,450
6291e02a8f936,4,44,60,105,243,165,183
6291e02a8f936,4,47,78,206,344,284,266
6291e02a8f936,7,7meta1,60,29733,29868,29793,29808
6291e02a8f936,meta1,meta10,75,390,559,465,484
6291e02a8f936,0,08,94,373,577,467,483
6291e02a8f936,8,86,110,339,543,449,433
6291e02a8f936,6,67,94,141,327,235,233
6291e02a8f936,7,77,92,89,275,181,183
6291e02a8f936,7,72,94,240,428,334,334
6291e02a8f936,2,20,94,305,493,399,399
6291e02a8f936,0,04,94,341,494,435,400
6291e02a8f936,4,44,59,123,277,182,218
6291e02a8f936,4,47,95,188,360,283,265
6291e02a8f936,7,7,77,-1653727660030,-1653727659953,-1653727659953,-1653727660030
